yyyy/mm/dd hh:mm,Water level(m)
2014/12/1 0:00,9.058
2014/12/1 0:10,9.058
2014/12/1 0:20,9.057
2014/12/1 0:30,9.053
2014/12/1 0:40,9.057
2014/12/1 0:50,9.056
2014/12/1 1:00,9.055
2014/12/1 1:10,9.057
2014/12/1 1:20,9.058
2014/12/1 1:30,9.058
2014/12/1 1:40,9.055
2014/12/1 1:50,9.055
2014/12/1 2:00,9.068
2014/12/1 2:10,9.091
2014/12/1 2:20,9.101
2014/12/1 2:30,9.094
2014/12/1 2:40,9.099
2014/12/1 2:50,9.103
2014/12/1 3:00,9.106
2014/12/1 3:10,9.109
2014/12/1 3:20,9.111
2014/12/1 3:30,9.11
2014/12/1 3:40,9.111
2014/12/1 3:50,9.109
2014/12/1 4:00,9.111
2014/12/1 4:10,9.112
2014/12/1 4:20,9.111
2014/12/1 4:30,9.113
2014/12/1 4:40,9.11
2014/12/1 4:50,9.108
2014/12/1 5:00,9.109
2014/12/1 5:10,9.11
2014/12/1 5:20,9.115
2014/12/1 5:30,9.112
2014/12/1 5:40,9.11
2014/12/1 5:50,9.109
2014/12/1 6:00,9.11
2014/12/1 6:10,9.11
2014/12/1 6:20,9.109
2014/12/1 6:30,9.11
2014/12/1 6:40,9.11
2014/12/1 6:50,9.111
2014/12/1 7:00,9.111
2014/12/1 7:10,9.111
2014/12/1 7:20,9.112
2014/12/1 7:30,9.111
2014/12/1 7:40,9.111
2014/12/1 7:50,9.111
2014/12/1 8:00,9.11
2014/12/1 8:10,9.112
2014/12/1 8:20,9.114
2014/12/1 8:30,9.114
2014/12/1 8:40,9.114
2014/12/1 8:50,9.114
2014/12/1 9:00,9.113
2014/12/1 9:10,9.111
2014/12/1 9:20,9.109
2014/12/1 9:30,9.113
2014/12/1 9:40,9.112
2014/12/1 9:50,9.112
2014/12/1 10:00,9.111
2014/12/1 10:10,9.112
2014/12/1 10:20,9.113
2014/12/1 10:30,9.112
2014/12/1 10:40,9.113
2014/12/1 10:50,9.112
2014/12/1 11:00,9.11
2014/12/1 11:10,9.111
2014/12/1 11:20,9.11
2014/12/1 11:30,9.11
2014/12/1 11:40,9.111
2014/12/1 11:50,9.11
2014/12/1 12:00,9.11
2014/12/1 12:10,9.109
2014/12/1 12:20,9.112
2014/12/1 12:30,9.109
2014/12/1 12:40,9.109
2014/12/1 12:50,9.107
2014/12/1 13:00,9.105
2014/12/1 13:10,9.106
2014/12/1 13:20,9.107
2014/12/1 13:30,9.107
2014/12/1 13:40,9.104
2014/12/1 13:50,9.107
2014/12/1 14:00,9.106
2014/12/1 14:10,9.106
2014/12/1 14:20,9.106
2014/12/1 14:30,9.104
2014/12/1 14:40,9.103
2014/12/1 14:50,9.103
2014/12/1 15:00,9.104
2014/12/1 15:10,9.102
2014/12/1 15:20,9.103
2014/12/1 15:30,9.103
2014/12/1 15:40,9.102
2014/12/1 15:50,9.102
2014/12/1 16:00,9.103
2014/12/1 16:10,9.103
2014/12/1 16:20,9.102
2014/12/1 16:30,9.102
2014/12/1 16:40,9.103
2014/12/1 16:50,9.103
2014/12/1 17:00,9.103
2014/12/1 17:10,9.104
2014/12/1 17:20,9.103
2014/12/1 17:30,9.102
2014/12/1 17:40,9.101
2014/12/1 17:50,9.102
2014/12/1 18:00,9.103
2014/12/1 18:10,9.103
2014/12/1 18:20,9.102
2014/12/1 18:30,9.101
2014/12/1 18:40,9.101
2014/12/1 18:50,9.101
2014/12/1 19:00,9.101
2014/12/1 19:10,9.102
2014/12/1 19:20,9.102
2014/12/1 19:30,9.103
2014/12/1 19:40,9.103
2014/12/1 19:50,9.102
2014/12/1 20:00,9.1
2014/12/1 20:10,9.098
2014/12/1 20:20,9.101
2014/12/1 20:30,9.1
2014/12/1 20:40,9.101
2014/12/1 20:50,9.101
2014/12/1 21:00,9.101
2014/12/1 21:10,9.1
2014/12/1 21:20,9.101
2014/12/1 21:30,9.099
2014/12/1 21:40,9.098
2014/12/1 21:50,9.099
2014/12/1 22:00,9.1
2014/12/1 22:10,9.099
2014/12/1 22:20,9.098
2014/12/1 22:30,9.098
2014/12/1 22:40,9.099
2014/12/1 22:50,9.097
2014/12/1 23:00,9.096
2014/12/1 23:10,9.096
2014/12/1 23:20,9.097
2014/12/1 23:30,9.099
2014/12/1 23:40,9.097
2014/12/1 23:50,9.097
2014/12/2 0:00,9.098
2014/12/2 0:10,9.095
2014/12/2 0:20,9.097
2014/12/2 0:30,9.098
2014/12/2 0:40,9.095
2014/12/2 0:50,9.099
2014/12/2 1:00,9.097
2014/12/2 1:10,9.095
2014/12/2 1:20,9.098
2014/12/2 1:30,9.097
2014/12/2 1:40,9.095
2014/12/2 1:50,9.096
2014/12/2 2:00,9.096
2014/12/2 2:10,9.096
2014/12/2 2:20,9.096
2014/12/2 2:30,9.098
2014/12/2 2:40,9.099
2014/12/2 2:50,9.097
2014/12/2 3:00,9.097
2014/12/2 3:10,9.097
2014/12/2 3:20,9.093
2014/12/2 3:30,9.093
2014/12/2 3:40,9.093
2014/12/2 3:50,9.094
2014/12/2 4:00,9.093
2014/12/2 4:10,9.093
2014/12/2 4:20,9.093
2014/12/2 4:30,9.092
2014/12/2 4:40,9.092
2014/12/2 4:50,9.092
2014/12/2 5:00,9.093
2014/12/2 5:10,9.093
2014/12/2 5:20,9.091
2014/12/2 5:30,9.09
2014/12/2 5:40,9.092
2014/12/2 5:50,9.093
2014/12/2 6:00,9.095
2014/12/2 6:10,9.093
2014/12/2 6:20,9.092
2014/12/2 6:30,9.089
2014/12/2 6:40,9.088
2014/12/2 6:50,9.091
2014/12/2 7:00,9.091
2014/12/2 7:10,9.09
2014/12/2 7:20,9.091
2014/12/2 7:30,9.091
2014/12/2 7:40,9.091
2014/12/2 7:50,9.09
2014/12/2 8:00,9.088
2014/12/2 8:10,9.088
2014/12/2 8:20,9.089
2014/12/2 8:30,9.088
2014/12/2 8:40,9.088
2014/12/2 8:50,9.087
2014/12/2 9:00,9.088
2014/12/2 9:10,9.088
2014/12/2 9:20,9.089
2014/12/2 9:30,9.088
2014/12/2 9:40,9.088
2014/12/2 9:50,9.088
2014/12/2 10:00,9.087
2014/12/2 10:10,9.086
2014/12/2 10:20,9.086
2014/12/2 10:30,9.085
2014/12/2 10:40,9.084
2014/12/2 10:50,9.084
2014/12/2 11:00,9.084
2014/12/2 11:10,9.084
2014/12/2 11:20,9.084
2014/12/2 11:30,9.085
2014/12/2 11:40,9.084
2014/12/2 11:50,9.084
2014/12/2 12:00,9.081
2014/12/2 12:10,9.081
2014/12/2 12:20,9.081
2014/12/2 12:30,9.08
2014/12/2 12:40,9.081
2014/12/2 12:50,9.081
2014/12/2 13:00,9.081
2014/12/2 13:10,9.081
2014/12/2 13:20,9.079
2014/12/2 13:30,9.081
2014/12/2 13:40,9.081
2014/12/2 13:50,9.079
2014/12/2 14:00,9.078
2014/12/2 14:10,9.081
2014/12/2 14:20,9.079
2014/12/2 14:30,9.08
2014/12/2 14:40,9.08
2014/12/2 14:50,9.08
2014/12/2 15:00,9.079
2014/12/2 15:10,9.08
2014/12/2 15:20,9.081
2014/12/2 15:30,9.081
2014/12/2 15:40,9.082
2014/12/2 15:50,9.08
2014/12/2 16:00,9.081
2014/12/2 16:10,9.079
2014/12/2 16:20,9.079
2014/12/2 16:30,9.079
2014/12/2 16:40,9.08
2014/12/2 16:50,9.078
2014/12/2 17:00,9.08
2014/12/2 17:10,9.078
2014/12/2 17:20,9.079
2014/12/2 17:30,9.079
2014/12/2 17:40,9.077
2014/12/2 17:50,9.076
2014/12/2 18:00,9.077
2014/12/2 18:10,9.076
2014/12/2 18:20,9.075
2014/12/2 18:30,9.076
2014/12/2 18:40,9.077
2014/12/2 18:50,9.076
2014/12/2 19:00,9.078
2014/12/2 19:10,9.075
2014/12/2 19:20,9.075
2014/12/2 19:30,9.073
2014/12/2 19:40,9.073
2014/12/2 19:50,9.075
2014/12/2 20:00,9.074
2014/12/2 20:10,9.076
2014/12/2 20:20,9.075
2014/12/2 20:30,9.077
2014/12/2 20:40,9.075
2014/12/2 20:50,9.073
2014/12/2 21:00,9.074
2014/12/2 21:10,9.072
2014/12/2 21:20,9.073
2014/12/2 21:30,9.073
2014/12/2 21:40,9.073
2014/12/2 21:50,9.073
2014/12/2 22:00,9.075
2014/12/2 22:10,9.074
2014/12/2 22:20,9.075
2014/12/2 22:30,9.074
2014/12/2 22:40,9.073
2014/12/2 22:50,9.074
2014/12/2 23:00,9.073
2014/12/2 23:10,9.071
2014/12/2 23:20,9.071
2014/12/2 23:30,9.074
2014/12/2 23:40,9.073
2014/12/2 23:50,9.073
2014/12/3 0:00,9.073
2014/12/3 0:10,9.073
2014/12/3 0:20,9.071
2014/12/3 0:30,9.072
2014/12/3 0:40,9.07
2014/12/3 0:50,9.07
2014/12/3 1:00,9.07
2014/12/3 1:10,9.07
2014/12/3 1:20,9.069
2014/12/3 1:30,9.071
2014/12/3 1:40,9.069
2014/12/3 1:50,9.069
2014/12/3 2:00,9.067
2014/12/3 2:10,9.069
2014/12/3 2:20,9.07
2014/12/3 2:30,9.069
2014/12/3 2:40,9.07
2014/12/3 2:50,9.067
2014/12/3 3:00,9.068
2014/12/3 3:10,9.07
2014/12/3 3:20,9.07
2014/12/3 3:30,9.069
2014/12/3 3:40,9.068
2014/12/3 3:50,9.068
2014/12/3 4:00,9.069
2014/12/3 4:10,9.068
2014/12/3 4:20,9.067
2014/12/3 4:30,9.068
2014/12/3 4:40,9.069
2014/12/3 4:50,9.07
2014/12/3 5:00,9.072
2014/12/3 5:10,9.069
2014/12/3 5:20,9.067
2014/12/3 5:30,9.069
2014/12/3 5:40,9.071
2014/12/3 5:50,9.069
2014/12/3 6:00,9.07
2014/12/3 6:10,9.07
2014/12/3 6:20,9.069
2014/12/3 6:30,9.07
2014/12/3 6:40,9.07
2014/12/3 6:50,9.068
2014/12/3 7:00,9.069
2014/12/3 7:10,9.069
2014/12/3 7:20,9.068
2014/12/3 7:30,9.067
2014/12/3 7:40,9.067
2014/12/3 7:50,9.066
2014/12/3 8:00,9.067
2014/12/3 8:10,9.066
2014/12/3 8:20,9.067
2014/12/3 8:30,9.067
2014/12/3 8:40,9.068
2014/12/3 8:50,9.068
2014/12/3 9:00,9.066
2014/12/3 9:10,9.065
2014/12/3 9:20,9.065
2014/12/3 9:30,9.066
2014/12/3 9:40,9.065
2014/12/3 9:50,9.065
2014/12/3 10:00,9.067
2014/12/3 10:10,9.064
2014/12/3 10:20,9.063
2014/12/3 10:30,9.063
2014/12/3 10:40,9.063
2014/12/3 10:50,9.063
2014/12/3 11:00,9.064
2014/12/3 11:10,9.062
2014/12/3 11:20,9.061
2014/12/3 11:30,9.061
2014/12/3 11:40,9.059
2014/12/3 11:50,9.062
2014/12/3 12:00,9.06
2014/12/3 12:10,9.06
2014/12/3 12:20,9.061
2014/12/3 12:30,9.06
2014/12/3 12:40,9.059
2014/12/3 12:50,9.059
2014/12/3 13:00,9.06
2014/12/3 13:10,9.059
2014/12/3 13:20,9.057
2014/12/3 13:30,9.058
2014/12/3 13:40,9.058
2014/12/3 13:50,9.057
2014/12/3 14:00,9.056
2014/12/3 14:10,9.057
2014/12/3 14:20,9.056
2014/12/3 14:30,9.057
2014/12/3 14:40,9.055
2014/12/3 14:50,9.056
2014/12/3 15:00,9.056
2014/12/3 15:10,9.055
2014/12/3 15:20,9.056
2014/12/3 15:30,9.055
2014/12/3 15:40,9.055
2014/12/3 15:50,9.055
2014/12/3 16:00,9.054
2014/12/3 16:10,9.054
2014/12/3 16:20,9.054
2014/12/3 16:30,9.053
2014/12/3 16:40,9.054
2014/12/3 16:50,9.054
2014/12/3 17:00,9.053
2014/12/3 17:10,9.052
2014/12/3 17:20,9.053
2014/12/3 17:30,9.052
2014/12/3 17:40,9.05
2014/12/3 17:50,9.05
2014/12/3 18:00,9.055
2014/12/3 18:10,9.053
2014/12/3 18:20,9.051
2014/12/3 18:30,9.051
2014/12/3 18:40,9.05
2014/12/3 18:50,9.051
2014/12/3 19:00,9.05
2014/12/3 19:10,9.052
2014/12/3 19:20,9.052
2014/12/3 19:30,9.051
2014/12/3 19:40,9.051
2014/12/3 19:50,9.05
2014/12/3 20:00,9.05
2014/12/3 20:10,9.052
2014/12/3 20:20,9.049
2014/12/3 20:30,9.049
2014/12/3 20:40,9.05
2014/12/3 20:50,9.05
2014/12/3 21:00,9.049
2014/12/3 21:10,9.049
2014/12/3 21:20,9.05
2014/12/3 21:30,9.05
2014/12/3 21:40,9.048
2014/12/3 21:50,9.05
2014/12/3 22:00,9.05
2014/12/3 22:10,9.048
2014/12/3 22:20,9.048
2014/12/3 22:30,9.051
2014/12/3 22:40,9.048
2014/12/3 22:50,9.051
2014/12/3 23:00,9.047
2014/12/3 23:10,9.048
2014/12/3 23:20,9.054
2014/12/3 23:30,9.054
2014/12/3 23:40,9.052
2014/12/3 23:50,9.05
2014/12/4 0:00,9.053
2014/12/4 0:10,9.052
2014/12/4 0:20,9.05
2014/12/4 0:30,9.052
2014/12/4 0:40,9.05
2014/12/4 0:50,9.054
2014/12/4 1:00,9.056
2014/12/4 1:10,9.055
2014/12/4 1:20,9.057
2014/12/4 1:30,9.063
2014/12/4 1:40,9.058
2014/12/4 1:50,9.061
2014/12/4 2:00,9.06
2014/12/4 2:10,9.06
2014/12/4 2:20,9.061
2014/12/4 2:30,9.061
2014/12/4 2:40,9.064
2014/12/4 2:50,9.06
2014/12/4 3:00,9.061
2014/12/4 3:10,9.064
2014/12/4 3:20,9.062
2014/12/4 3:30,9.063
2014/12/4 3:40,9.064
2014/12/4 3:50,9.064
2014/12/4 4:00,9.061
2014/12/4 4:10,9.063
2014/12/4 4:20,9.061
2014/12/4 4:30,9.061
2014/12/4 4:40,9.057
2014/12/4 4:50,9.06
2014/12/4 5:00,9.06
2014/12/4 5:10,9.06
2014/12/4 5:20,9.061
2014/12/4 5:30,9.063
2014/12/4 5:40,9.06
2014/12/4 5:50,9.06
2014/12/4 6:00,9.062
2014/12/4 6:10,9.06
2014/12/4 6:20,9.06
2014/12/4 6:30,9.06
2014/12/4 6:40,9.061
2014/12/4 6:50,9.061
2014/12/4 7:00,9.061
2014/12/4 7:10,9.061
2014/12/4 7:20,9.06
2014/12/4 7:30,9.062
2014/12/4 7:40,9.062
2014/12/4 7:50,9.062
2014/12/4 8:00,9.061
2014/12/4 8:10,9.061
2014/12/4 8:20,9.061
2014/12/4 8:30,9.059
2014/12/4 8:40,9.056
2014/12/4 8:50,9.059
2014/12/4 9:00,9.06
2014/12/4 9:10,9.059
2014/12/4 9:20,9.059
2014/12/4 9:30,9.059
2014/12/4 9:40,9.058
2014/12/4 9:50,9.058
2014/12/4 10:00,9.059
2014/12/4 10:10,9.06
2014/12/4 10:20,9.059
2014/12/4 10:30,9.058
2014/12/4 10:40,9.058
2014/12/4 10:50,9.056
2014/12/4 11:00,9.058
2014/12/4 11:10,9.064
2014/12/4 11:20,9.061
2014/12/4 11:30,9.061
2014/12/4 11:40,9.059
2014/12/4 11:50,9.06
2014/12/4 12:00,9.059
2014/12/4 12:10,9.06
2014/12/4 12:20,9.063
2014/12/4 12:30,9.06
2014/12/4 12:40,9.059
2014/12/4 12:50,9.058
2014/12/4 13:00,9.058
2014/12/4 13:10,9.058
2014/12/4 13:20,9.058
2014/12/4 13:30,9.061
2014/12/4 13:40,9.061
2014/12/4 13:50,9.062
2014/12/4 14:00,9.063
2014/12/4 14:10,9.062
2014/12/4 14:20,9.062
2014/12/4 14:30,9.062
2014/12/4 14:40,9.06
2014/12/4 14:50,9.061
2014/12/4 15:00,9.06
2014/12/4 15:10,9.062
2014/12/4 15:20,9.062
2014/12/4 15:30,9.061
2014/12/4 15:40,9.06
2014/12/4 15:50,9.058
2014/12/4 16:00,9.059
2014/12/4 16:10,9.059
2014/12/4 16:20,9.057
2014/12/4 16:30,9.057
2014/12/4 16:40,9.06
2014/12/4 16:50,9.057
2014/12/4 17:00,9.057
2014/12/4 17:10,9.057
2014/12/4 17:20,9.058
2014/12/4 17:30,9.056
2014/12/4 17:40,9.056
2014/12/4 17:50,9.056
2014/12/4 18:00,9.055
2014/12/4 18:10,9.054
2014/12/4 18:20,9.056
2014/12/4 18:30,9.054
2014/12/4 18:40,9.056
2014/12/4 18:50,9.056
2014/12/4 19:00,9.056
2014/12/4 19:10,9.056
2014/12/4 19:20,9.056
2014/12/4 19:30,9.055
2014/12/4 19:40,9.057
2014/12/4 19:50,9.057
2014/12/4 20:00,9.056
2014/12/4 20:10,9.056
2014/12/4 20:20,9.055
2014/12/4 20:30,9.054
2014/12/4 20:40,9.055
2014/12/4 20:50,9.056
2014/12/4 21:00,9.055
2014/12/4 21:10,9.055
2014/12/4 21:20,9.055
2014/12/4 21:30,9.055
2014/12/4 21:40,9.055
2014/12/4 21:50,9.055
2014/12/4 22:00,9.054
2014/12/4 22:10,9.055
2014/12/4 22:20,9.055
2014/12/4 22:30,9.053
2014/12/4 22:40,9.053
2014/12/4 22:50,9.054
2014/12/4 23:00,9.055
2014/12/4 23:10,9.055
2014/12/4 23:20,9.055
2014/12/4 23:30,9.054
2014/12/4 23:40,9.054
2014/12/4 23:50,9.054
2014/12/5 0:00,9.053
2014/12/5 0:10,9.055
2014/12/5 0:20,9.053
2014/12/5 0:30,9.054
2014/12/5 0:40,9.052
2014/12/5 0:50,9.051
2014/12/5 1:00,9.052
2014/12/5 1:10,9.053
2014/12/5 1:20,9.051
2014/12/5 1:30,9.054
2014/12/5 1:40,9.052
2014/12/5 1:50,9.051
2014/12/5 2:00,9.051
2014/12/5 2:10,9.05
2014/12/5 2:20,9.051
2014/12/5 2:30,9.05
2014/12/5 2:40,9.052
2014/12/5 2:50,9.053
2014/12/5 3:00,9.053
2014/12/5 3:10,9.051
2014/12/5 3:20,9.052
2014/12/5 3:30,9.051
2014/12/5 3:40,9.049
2014/12/5 3:50,9.049
2014/12/5 4:00,9.051
2014/12/5 4:10,9.05
2014/12/5 4:20,9.05
2014/12/5 4:30,9.049
2014/12/5 4:40,9.048
2014/12/5 4:50,9.048
2014/12/5 5:00,9.047
2014/12/5 5:10,9.049
2014/12/5 5:20,9.049
2014/12/5 5:30,9.047
2014/12/5 5:40,9.048
2014/12/5 5:50,9.047
2014/12/5 6:00,9.048
2014/12/5 6:10,9.048
2014/12/5 6:20,9.048
2014/12/5 6:30,9.047
2014/12/5 6:40,9.049
2014/12/5 6:50,9.048
2014/12/5 7:00,9.045
2014/12/5 7:10,9.046
2014/12/5 7:20,9.046
2014/12/5 7:30,9.045
2014/12/5 7:40,9.044
2014/12/5 7:50,9.044
2014/12/5 8:00,9.043
2014/12/5 8:10,9.044
2014/12/5 8:20,9.043
2014/12/5 8:30,9.045
2014/12/5 8:40,9.043
2014/12/5 8:50,9.043
2014/12/5 9:00,9.043
2014/12/5 9:10,9.043
2014/12/5 9:20,9.044
2014/12/5 9:30,9.043
2014/12/5 9:40,9.043
2014/12/5 9:50,9.045
2014/12/5 10:00,9.043
2014/12/5 10:10,9.043
2014/12/5 10:20,9.042
2014/12/5 10:30,9.043
2014/12/5 10:40,9.042
2014/12/5 10:50,9.041
2014/12/5 11:00,9.042
2014/12/5 11:10,9.042
2014/12/5 11:20,9.039
2014/12/5 11:30,9.039
2014/12/5 11:40,9.039
2014/12/5 11:50,9.038
2014/12/5 12:00,9.037
2014/12/5 12:10,9.036
2014/12/5 12:20,9.036
2014/12/5 12:30,9.036
2014/12/5 12:40,9.037
2014/12/5 12:50,9.039
2014/12/5 13:00,9.038
2014/12/5 13:10,9.039
2014/12/5 13:20,9.037
2014/12/5 13:30,9.037
2014/12/5 13:40,9.036
2014/12/5 13:50,9.036
2014/12/5 14:00,9.035
2014/12/5 14:10,9.032
2014/12/5 14:20,9.033
2014/12/5 14:30,9.033
2014/12/5 14:40,9.033
2014/12/5 14:50,9.033
2014/12/5 15:00,9.034
2014/12/5 15:10,9.033
2014/12/5 15:20,9.032
2014/12/5 15:30,9.03
2014/12/5 15:40,9.029
2014/12/5 15:50,9.031
2014/12/5 16:00,9.032
2014/12/5 16:10,9.031
2014/12/5 16:20,9.032
2014/12/5 16:30,9.03
2014/12/5 16:40,9.03
2014/12/5 16:50,9.033
2014/12/5 17:00,9.031
2014/12/5 17:10,9.031
2014/12/5 17:20,9.031
2014/12/5 17:30,9.029
2014/12/5 17:40,9.03
2014/12/5 17:50,9.031
2014/12/5 18:00,9.029
2014/12/5 18:10,9.029
2014/12/5 18:20,9.029
2014/12/5 18:30,9.028
2014/12/5 18:40,9.03
2014/12/5 18:50,9.029
2014/12/5 19:00,9.029
2014/12/5 19:10,9.029
2014/12/5 19:20,9.029
2014/12/5 19:30,9.028
2014/12/5 19:40,9.028
2014/12/5 19:50,9.028
2014/12/5 20:00,9.028
2014/12/5 20:10,9.027
2014/12/5 20:20,9.029
2014/12/5 20:30,9.026
2014/12/5 20:40,9.026
2014/12/5 20:50,9.027
2014/12/5 21:00,9.025
2014/12/5 21:10,9.027
2014/12/5 21:20,9.025
2014/12/5 21:30,9.027
2014/12/5 21:40,9.028
2014/12/5 21:50,9.026
2014/12/5 22:00,9.025
2014/12/5 22:10,9.026
2014/12/5 22:20,9.026
2014/12/5 22:30,9.025
2014/12/5 22:40,9.024
2014/12/5 22:50,9.026
2014/12/5 23:00,9.024
2014/12/5 23:10,9.025
2014/12/5 23:20,9.024
2014/12/5 23:30,9.024
2014/12/5 23:40,9.024
2014/12/5 23:50,9.022
2014/12/6 0:00,9.024
2014/12/6 0:10,9.024
2014/12/6 0:20,9.025
2014/12/6 0:30,9.024
2014/12/6 0:40,9.025
2014/12/6 0:50,9.024
2014/12/6 1:00,9.024
2014/12/6 1:10,9.025
2014/12/6 1:20,9.023
2014/12/6 1:30,9.023
2014/12/6 1:40,9.022
2014/12/6 1:50,9.021
2014/12/6 2:00,9.022
2014/12/6 2:10,9.022
2014/12/6 2:20,9.023
2014/12/6 2:30,9.023
2014/12/6 2:40,9.022
2014/12/6 2:50,9.024
2014/12/6 3:00,9.026
2014/12/6 3:10,9.027
2014/12/6 3:20,9.032
2014/12/6 3:30,9.039
2014/12/6 3:40,9.036
2014/12/6 3:50,9.041
2014/12/6 4:00,9.037
2014/12/6 4:10,9.052
2014/12/6 4:20,9.054
2014/12/6 4:30,9.056
2014/12/6 4:40,9.061
2014/12/6 4:50,9.063
2014/12/6 5:00,9.06
2014/12/6 5:10,9.058
2014/12/6 5:20,9.061
2014/12/6 5:30,9.059
2014/12/6 5:40,9.061
2014/12/6 5:50,9.059
2014/12/6 6:00,9.062
2014/12/6 6:10,9.061
2014/12/6 6:20,9.061
2014/12/6 6:30,9.062
2014/12/6 6:40,9.061
2014/12/6 6:50,9.059
2014/12/6 7:00,9.058
2014/12/6 7:10,9.06
2014/12/6 7:20,9.062
2014/12/6 7:30,9.061
2014/12/6 7:40,9.06
2014/12/6 7:50,9.061
2014/12/6 8:00,9.061
2014/12/6 8:10,9.06
2014/12/6 8:20,9.06
2014/12/6 8:30,9.06
2014/12/6 8:40,9.062
2014/12/6 8:50,9.06
2014/12/6 9:00,9.062
2014/12/6 9:10,9.062
2014/12/6 9:20,9.063
2014/12/6 9:30,9.062
2014/12/6 9:40,9.064
2014/12/6 9:50,9.062
2014/12/6 10:00,9.061
2014/12/6 10:10,9.062
2014/12/6 10:20,9.063
2014/12/6 10:30,9.062
2014/12/6 10:40,9.062
2014/12/6 10:50,9.061
2014/12/6 11:00,9.059
2014/12/6 11:10,9.059
2014/12/6 11:20,9.062
2014/12/6 11:30,9.06
2014/12/6 11:40,9.06
2014/12/6 11:50,9.062
2014/12/6 12:00,9.062
2014/12/6 12:10,9.062
2014/12/6 12:20,9.062
2014/12/6 12:30,9.061
2014/12/6 12:40,9.061
2014/12/6 12:50,9.061
2014/12/6 13:00,9.059
2014/12/6 13:10,9.058
2014/12/6 13:20,9.059
2014/12/6 13:30,9.057
2014/12/6 13:40,9.059
2014/12/6 13:50,9.056
2014/12/6 14:00,9.06
2014/12/6 14:10,9.058
2014/12/6 14:20,9.057
2014/12/6 14:30,9.057
2014/12/6 14:40,9.057
2014/12/6 14:50,9.054
2014/12/6 15:00,9.055
2014/12/6 15:10,9.055
2014/12/6 15:20,9.056
2014/12/6 15:30,9.055
2014/12/6 15:40,9.057
2014/12/6 15:50,9.057
2014/12/6 16:00,9.054
2014/12/6 16:10,9.055
2014/12/6 16:20,9.055
2014/12/6 16:30,9.052
2014/12/6 16:40,9.053
2014/12/6 16:50,9.053
2014/12/6 17:00,9.053
2014/12/6 17:10,9.052
2014/12/6 17:20,9.052
2014/12/6 17:30,9.054
2014/12/6 17:40,9.053
2014/12/6 17:50,9.051
2014/12/6 18:00,9.053
2014/12/6 18:10,9.053
2014/12/6 18:20,9.052
2014/12/6 18:30,9.049
2014/12/6 18:40,9.05
2014/12/6 18:50,9.053
2014/12/6 19:00,9.05
2014/12/6 19:10,9.049
2014/12/6 19:20,9.051
2014/12/6 19:30,9.052
2014/12/6 19:40,9.053
2014/12/6 19:50,9.053
2014/12/6 20:00,9.053
2014/12/6 20:10,9.055
2014/12/6 20:20,9.052
2014/12/6 20:30,9.051
2014/12/6 20:40,9.05
2014/12/6 20:50,9.05
2014/12/6 21:00,9.049
2014/12/6 21:10,9.051
2014/12/6 21:20,9.051
2014/12/6 21:30,9.051
2014/12/6 21:40,9.053
2014/12/6 21:50,9.051
2014/12/6 22:00,9.051
2014/12/6 22:10,9.051
2014/12/6 22:20,9.051
2014/12/6 22:30,9.049
2014/12/6 22:40,9.051
2014/12/6 22:50,9.051
2014/12/6 23:00,9.051
2014/12/6 23:10,9.05
2014/12/6 23:20,9.051
2014/12/6 23:30,9.051
2014/12/6 23:40,9.049
2014/12/6 23:50,9.05
2014/12/7 0:00,9.05
2014/12/7 0:10,9.05
2014/12/7 0:20,9.047
2014/12/7 0:30,9.045
2014/12/7 0:40,9.046
2014/12/7 0:50,9.049
2014/12/7 1:00,9.049
2014/12/7 1:10,9.049
2014/12/7 1:20,9.05
2014/12/7 1:30,9.049
2014/12/7 1:40,9.048
2014/12/7 1:50,9.048
2014/12/7 2:00,9.048
2014/12/7 2:10,9.048
2014/12/7 2:20,9.048
2014/12/7 2:30,9.049
2014/12/7 2:40,9.049
2014/12/7 2:50,9.047
2014/12/7 3:00,9.046
2014/12/7 3:10,9.045
2014/12/7 3:20,9.047
2014/12/7 3:30,9.045
2014/12/7 3:40,9.046
2014/12/7 3:50,9.046
2014/12/7 4:00,9.045
2014/12/7 4:10,9.045
2014/12/7 4:20,9.046
2014/12/7 4:30,9.044
2014/12/7 4:40,9.043
2014/12/7 4:50,9.049
2014/12/7 5:00,9.045
2014/12/7 5:10,9.045
2014/12/7 5:20,9.044
2014/12/7 5:30,9.046
2014/12/7 5:40,9.044
2014/12/7 5:50,9.046
2014/12/7 6:00,9.044
2014/12/7 6:10,9.044
2014/12/7 6:20,9.043
2014/12/7 6:30,9.042
2014/12/7 6:40,9.041
2014/12/7 6:50,9.04
2014/12/7 7:00,9.043
2014/12/7 7:10,9.043
2014/12/7 7:20,9.043
2014/12/7 7:30,9.041
2014/12/7 7:40,9.045
2014/12/7 7:50,9.043
2014/12/7 8:00,9.043
2014/12/7 8:10,9.041
2014/12/7 8:20,9.042
2014/12/7 8:30,9.041
2014/12/7 8:40,9.043
2014/12/7 8:50,9.041
2014/12/7 9:00,9.04
2014/12/7 9:10,9.04
2014/12/7 9:20,9.04
2014/12/7 9:30,9.041
2014/12/7 9:40,9.041
2014/12/7 9:50,9.041
2014/12/7 10:00,9.039
2014/12/7 10:10,9.039
2014/12/7 10:20,9.04
2014/12/7 10:30,9.04
2014/12/7 10:40,9.039
2014/12/7 10:50,9.038
2014/12/7 11:00,9.041
2014/12/7 11:10,9.041
2014/12/7 11:20,9.041
2014/12/7 11:30,9.04
2014/12/7 11:40,9.04
2014/12/7 11:50,9.04
2014/12/7 12:00,9.039
2014/12/7 12:10,9.039
2014/12/7 12:20,9.04
2014/12/7 12:30,9.037
2014/12/7 12:40,9.036
2014/12/7 12:50,9.037
2014/12/7 13:00,9.039
2014/12/7 13:10,9.038
2014/12/7 13:20,9.037
2014/12/7 13:30,9.037
2014/12/7 13:40,9.038
2014/12/7 13:50,9.036
2014/12/7 14:00,9.035
2014/12/7 14:10,9.034
2014/12/7 14:20,9.033
2014/12/7 14:30,9.035
2014/12/7 14:40,9.036
2014/12/7 14:50,9.036
2014/12/7 15:00,9.031
2014/12/7 15:10,9.03
2014/12/7 15:20,9.028
2014/12/7 15:30,9.031
2014/12/7 15:40,9.031
2014/12/7 15:50,9.033
2014/12/7 16:00,9.031
2014/12/7 16:10,9.031
2014/12/7 16:20,9.032
2014/12/7 16:30,9.032
2014/12/7 16:40,9.032
2014/12/7 16:50,9.03
2014/12/7 17:00,9.029
2014/12/7 17:10,9.029
2014/12/7 17:20,9.03
2014/12/7 17:30,9.03
2014/12/7 17:40,9.028
2014/12/7 17:50,9.028
2014/12/7 18:00,9.028
2014/12/7 18:10,9.028
2014/12/7 18:20,9.027
2014/12/7 18:30,9.027
2014/12/7 18:40,9.029
2014/12/7 18:50,9.026
2014/12/7 19:00,9.026
2014/12/7 19:10,9.029
2014/12/7 19:20,9.027
2014/12/7 19:30,9.027
2014/12/7 19:40,9.025
2014/12/7 19:50,9.025
2014/12/7 20:00,9.026
2014/12/7 20:10,9.027
2014/12/7 20:20,9.024
2014/12/7 20:30,9.025
2014/12/7 20:40,9.023
2014/12/7 20:50,9.025
2014/12/7 21:00,9.023
2014/12/7 21:10,9.023
2014/12/7 21:20,9.023
2014/12/7 21:30,9.022
2014/12/7 21:40,9.02
2014/12/7 21:50,9.021
2014/12/7 22:00,9.02
2014/12/7 22:10,9.021
2014/12/7 22:20,9.021
2014/12/7 22:30,9.022
2014/12/7 22:40,9.026
2014/12/7 22:50,9.026
2014/12/7 23:00,9.027
2014/12/7 23:10,9.024
2014/12/7 23:20,9.028
2014/12/7 23:30,9.03
2014/12/7 23:40,9.042
2014/12/7 23:50,9.048
2014/12/8 0:00,9.046
2014/12/8 0:10,9.048
2014/12/8 0:20,9.046
2014/12/8 0:30,9.044
2014/12/8 0:40,9.051
2014/12/8 0:50,9.061
2014/12/8 1:00,9.065
2014/12/8 1:10,9.067
2014/12/8 1:20,9.069
2014/12/8 1:30,9.07
2014/12/8 1:40,9.068
2014/12/8 1:50,9.074
2014/12/8 2:00,9.076
2014/12/8 2:10,9.079
2014/12/8 2:20,9.082
2014/12/8 2:30,9.082
2014/12/8 2:40,9.084
2014/12/8 2:50,9.084
2014/12/8 3:00,9.082
2014/12/8 3:10,9.081
2014/12/8 3:20,9.079
2014/12/8 3:30,9.079
2014/12/8 3:40,9.082
2014/12/8 3:50,9.083
2014/12/8 4:00,9.083
2014/12/8 4:10,9.083
2014/12/8 4:20,9.08
2014/12/8 4:30,9.08
2014/12/8 4:40,9.082
2014/12/8 4:50,9.085
2014/12/8 5:00,9.085
2014/12/8 5:10,9.085
2014/12/8 5:20,9.085
2014/12/8 5:30,9.086
2014/12/8 5:40,9.088
2014/12/8 5:50,9.084
2014/12/8 6:00,9.086
2014/12/8 6:10,9.086
2014/12/8 6:20,9.084
2014/12/8 6:30,9.084
2014/12/8 6:40,9.087
2014/12/8 6:50,9.086
2014/12/8 7:00,9.087
2014/12/8 7:10,9.087
2014/12/8 7:20,9.089
2014/12/8 7:30,9.089
2014/12/8 7:40,9.089
2014/12/8 7:50,9.095
2014/12/8 8:00,9.095
2014/12/8 8:10,9.093
2014/12/8 8:20,9.091
2014/12/8 8:30,9.092
2014/12/8 8:40,9.09
2014/12/8 8:50,9.092
2014/12/8 9:00,9.093
2014/12/8 9:10,9.094
2014/12/8 9:20,9.094
2014/12/8 9:30,9.093
2014/12/8 9:40,9.095
2014/12/8 9:50,9.097
2014/12/8 10:00,9.098
2014/12/8 10:10,9.093
2014/12/8 10:20,9.093
2014/12/8 10:30,9.094
2014/12/8 10:40,9.094
2014/12/8 10:50,9.092
2014/12/8 11:00,9.093
2014/12/8 11:10,9.095
2014/12/8 11:20,9.095
2014/12/8 11:30,9.092
2014/12/8 11:40,9.094
2014/12/8 11:50,9.095
2014/12/8 12:00,9.094
2014/12/8 12:10,9.095
2014/12/8 12:20,9.094
2014/12/8 12:30,9.093
2014/12/8 12:40,9.093
2014/12/8 12:50,9.093
2014/12/8 13:00,9.093
2014/12/8 13:10,9.092
2014/12/8 13:20,9.092
2014/12/8 13:30,9.091
2014/12/8 13:40,9.09
2014/12/8 13:50,9.092
2014/12/8 14:00,9.094
2014/12/8 14:10,9.095
2014/12/8 14:20,9.091
2014/12/8 14:30,9.09
2014/12/8 14:40,9.092
2014/12/8 14:50,9.093
2014/12/8 15:00,9.092
2014/12/8 15:10,9.089
2014/12/8 15:20,9.09
2014/12/8 15:30,9.09
2014/12/8 15:40,9.09
2014/12/8 15:50,9.089
2014/12/8 16:00,9.088
2014/12/8 16:10,9.088
2014/12/8 16:20,9.087
2014/12/8 16:30,9.089
2014/12/8 16:40,9.088
2014/12/8 16:50,9.085
2014/12/8 17:00,9.087
2014/12/8 17:10,9.088
2014/12/8 17:20,9.087
2014/12/8 17:30,9.085
2014/12/8 17:40,9.085
2014/12/8 17:50,9.085
2014/12/8 18:00,9.089
2014/12/8 18:10,9.087
2014/12/8 18:20,9.086
2014/12/8 18:30,9.085
2014/12/8 18:40,9.086
2014/12/8 18:50,9.085
2014/12/8 19:00,9.088
2014/12/8 19:10,9.085
2014/12/8 19:20,9.086
2014/12/8 19:30,9.088
2014/12/8 19:40,9.086
2014/12/8 19:50,9.088
2014/12/8 20:00,9.088
2014/12/8 20:10,9.089
2014/12/8 20:20,9.087
2014/12/8 20:30,9.085
2014/12/8 20:40,9.088
2014/12/8 20:50,9.088
2014/12/8 21:00,9.087
2014/12/8 21:10,9.086
2014/12/8 21:20,9.087
2014/12/8 21:30,9.087
2014/12/8 21:40,9.087
2014/12/8 21:50,9.087
2014/12/8 22:00,9.086
2014/12/8 22:10,9.086
2014/12/8 22:20,9.086
2014/12/8 22:30,9.085
2014/12/8 22:40,9.085
2014/12/8 22:50,9.086
2014/12/8 23:00,9.086
2014/12/8 23:10,9.084
2014/12/8 23:20,9.083
2014/12/8 23:30,9.082
2014/12/8 23:40,9.082
2014/12/8 23:50,9.084
2014/12/9 0:00,9.085
2014/12/9 0:10,9.084
2014/12/9 0:20,9.084
2014/12/9 0:30,9.085
2014/12/9 0:40,9.084
2014/12/9 0:50,9.082
2014/12/9 1:00,9.084
2014/12/9 1:10,9.084
2014/12/9 1:20,9.083
2014/12/9 1:30,9.083
2014/12/9 1:40,9.081
2014/12/9 1:50,9.082
2014/12/9 2:00,9.085
2014/12/9 2:10,9.082
2014/12/9 2:20,9.084
2014/12/9 2:30,9.081
2014/12/9 2:40,9.082
2014/12/9 2:50,9.082
2014/12/9 3:00,9.084
2014/12/9 3:10,9.083
2014/12/9 3:20,9.084
2014/12/9 3:30,9.084
2014/12/9 3:40,9.084
2014/12/9 3:50,9.085
2014/12/9 4:00,9.084
2014/12/9 4:10,9.083
2014/12/9 4:20,9.083
2014/12/9 4:30,9.083
2014/12/9 4:40,9.082
2014/12/9 4:50,9.085
2014/12/9 5:00,9.082
2014/12/9 5:10,9.081
2014/12/9 5:20,9.081
2014/12/9 5:30,9.081
2014/12/9 5:40,9.082
2014/12/9 5:50,9.081
2014/12/9 6:00,9.082
2014/12/9 6:10,9.08
2014/12/9 6:20,9.08
2014/12/9 6:30,9.08
2014/12/9 6:40,9.08
2014/12/9 6:50,9.08
2014/12/9 7:00,9.081
2014/12/9 7:10,9.081
2014/12/9 7:20,9.08
2014/12/9 7:30,9.08
2014/12/9 7:40,9.077
2014/12/9 7:50,9.079
2014/12/9 8:00,9.079
2014/12/9 8:10,9.077
2014/12/9 8:20,9.078
2014/12/9 8:30,9.075
2014/12/9 8:40,9.075
2014/12/9 8:50,9.076
2014/12/9 9:00,9.077
2014/12/9 9:10,9.077
2014/12/9 9:20,9.076
2014/12/9 9:30,9.077
2014/12/9 9:40,9.078
2014/12/9 9:50,9.076
2014/12/9 10:00,9.075
2014/12/9 10:10,9.074
2014/12/9 10:20,9.075
2014/12/9 10:30,9.075
2014/12/9 10:40,9.074
2014/12/9 10:50,9.073
2014/12/9 11:00,9.076
2014/12/9 11:10,9.075
2014/12/9 11:20,9.073
2014/12/9 11:30,9.074
2014/12/9 11:40,9.074
2014/12/9 11:50,9.073
2014/12/9 12:00,9.074
2014/12/9 12:10,9.073
2014/12/9 12:20,9.073
2014/12/9 12:30,9.071
2014/12/9 12:40,9.073
2014/12/9 12:50,9.073
2014/12/9 13:00,9.073
2014/12/9 13:10,9.074
2014/12/9 13:20,9.072
2014/12/9 13:30,9.073
2014/12/9 13:40,9.072
2014/12/9 13:50,9.073
2014/12/9 14:00,9.073
2014/12/9 14:10,9.071
2014/12/9 14:20,9.07
2014/12/9 14:30,9.069
2014/12/9 14:40,9.069
2014/12/9 14:50,9.07
2014/12/9 15:00,9.068
2014/12/9 15:10,9.068
2014/12/9 15:20,9.07
2014/12/9 15:30,9.07
2014/12/9 15:40,9.066
2014/12/9 15:50,9.067
2014/12/9 16:00,9.068
2014/12/9 16:10,9.067
2014/12/9 16:20,9.068
2014/12/9 16:30,9.068
2014/12/9 16:40,9.067
2014/12/9 16:50,9.065
2014/12/9 17:00,9.067
2014/12/9 17:10,9.066
2014/12/9 17:20,9.065
2014/12/9 17:30,9.066
2014/12/9 17:40,9.066
2014/12/9 17:50,9.064
2014/12/9 18:00,9.064
2014/12/9 18:10,9.065
2014/12/9 18:20,9.065
2014/12/9 18:30,9.065
2014/12/9 18:40,9.064
2014/12/9 18:50,9.065
2014/12/9 19:00,9.064
2014/12/9 19:10,9.062
2014/12/9 19:20,9.062
2014/12/9 19:30,9.063
2014/12/9 19:40,9.063
2014/12/9 19:50,9.063
2014/12/9 20:00,9.063
2014/12/9 20:10,9.064
2014/12/9 20:20,9.066
2014/12/9 20:30,9.064
2014/12/9 20:40,9.063
2014/12/9 20:50,9.065
2014/12/9 21:00,9.064
2014/12/9 21:10,9.062
2014/12/9 21:20,9.066
2014/12/9 21:30,9.066
2014/12/9 21:40,9.065
2014/12/9 21:50,9.065
2014/12/9 22:00,9.062
2014/12/9 22:10,9.061
2014/12/9 22:20,9.064
2014/12/9 22:30,9.064
2014/12/9 22:40,9.061
2014/12/9 22:50,9.064
2014/12/9 23:00,9.062
2014/12/9 23:10,9.06
2014/12/9 23:20,9.062
2014/12/9 23:30,9.061
2014/12/9 23:40,9.06
2014/12/9 23:50,9.061
2014/12/10 0:00,9.063
2014/12/10 0:10,9.062
2014/12/10 0:20,9.06
2014/12/10 0:30,9.061
2014/12/10 0:40,9.061
2014/12/10 0:50,9.062
2014/12/10 1:00,9.062
2014/12/10 1:10,9.064
2014/12/10 1:20,9.063
2014/12/10 1:30,9.06
2014/12/10 1:40,9.06
2014/12/10 1:50,9.061
2014/12/10 2:00,9.06
2014/12/10 2:10,9.061
2014/12/10 2:20,9.058
2014/12/10 2:30,9.059
2014/12/10 2:40,9.06
2014/12/10 2:50,9.058
2014/12/10 3:00,9.059
2014/12/10 3:10,9.057
2014/12/10 3:20,9.058
2014/12/10 3:30,9.058
2014/12/10 3:40,9.057
2014/12/10 3:50,9.057
2014/12/10 4:00,9.059
2014/12/10 4:10,9.06
2014/12/10 4:20,9.059
2014/12/10 4:30,9.059
2014/12/10 4:40,9.058
2014/12/10 4:50,9.06
2014/12/10 5:00,9.061
2014/12/10 5:10,9.059
2014/12/10 5:20,9.058
2014/12/10 5:30,9.057
2014/12/10 5:40,9.058
2014/12/10 5:50,9.058
2014/12/10 6:00,9.057
2014/12/10 6:10,9.058
2014/12/10 6:20,9.058
2014/12/10 6:30,9.059
2014/12/10 6:40,9.06
2014/12/10 6:50,9.058
2014/12/10 7:00,9.057
2014/12/10 7:10,9.057
2014/12/10 7:20,9.056
2014/12/10 7:30,9.057
2014/12/10 7:40,9.057
2014/12/10 7:50,9.056
2014/12/10 8:00,9.056
2014/12/10 8:10,9.056
2014/12/10 8:20,9.054
2014/12/10 8:30,9.055
2014/12/10 8:40,9.054
2014/12/10 8:50,9.055
2014/12/10 9:00,9.054
2014/12/10 9:10,9.053
2014/12/10 9:20,9.054
2014/12/10 9:30,9.053
2014/12/10 9:40,9.052
2014/12/10 9:50,9.054
2014/12/10 10:00,9.051
2014/12/10 10:10,9.05
2014/12/10 10:20,9.049
2014/12/10 10:30,9.049
2014/12/10 10:40,9.05
2014/12/10 10:50,9.049
2014/12/10 11:00,9.05
2014/12/10 11:10,9.051
2014/12/10 11:20,9.052
2014/12/10 11:30,9.05
2014/12/10 11:40,9.049
2014/12/10 11:50,9.048
2014/12/10 12:00,9.049
2014/12/10 12:10,9.047
2014/12/10 12:20,9.047
2014/12/10 12:30,9.045
2014/12/10 12:40,9.046
2014/12/10 12:50,9.045
2014/12/10 13:00,9.046
2014/12/10 13:10,9.045
2014/12/10 13:20,9.043
2014/12/10 13:30,9.043
2014/12/10 13:40,9.044
2014/12/10 13:50,9.044
2014/12/10 14:00,9.044
2014/12/10 14:10,9.045
2014/12/10 14:20,9.043
2014/12/10 14:30,9.045
2014/12/10 14:40,9.043
2014/12/10 14:50,9.044
2014/12/10 15:00,9.042
2014/12/10 15:10,9.043
2014/12/10 15:20,9.04
2014/12/10 15:30,9.041
2014/12/10 15:40,9.038
2014/12/10 15:50,9.04
2014/12/10 16:00,9.04
2014/12/10 16:10,9.042
2014/12/10 16:20,9.04
2014/12/10 16:30,9.04
2014/12/10 16:40,9.041
2014/12/10 16:50,9.038
2014/12/10 17:00,9.039
2014/12/10 17:10,9.039
2014/12/10 17:20,9.038
2014/12/10 17:30,9.038
2014/12/10 17:40,9.039
2014/12/10 17:50,9.041
2014/12/10 18:00,9.039
2014/12/10 18:10,9.04
2014/12/10 18:20,9.039
2014/12/10 18:30,9.039
2014/12/10 18:40,9.04
2014/12/10 18:50,9.041
2014/12/10 19:00,9.039
2014/12/10 19:10,9.037
2014/12/10 19:20,9.038
2014/12/10 19:30,9.036
2014/12/10 19:40,9.036
2014/12/10 19:50,9.037
2014/12/10 20:00,9.031
2014/12/10 20:10,9.028
2014/12/10 20:20,9.033
2014/12/10 20:30,9.032
2014/12/10 20:40,9.033
2014/12/10 20:50,9.031
2014/12/10 21:00,9.032
2014/12/10 21:10,9.031
2014/12/10 21:20,9.031
2014/12/10 21:30,9.034
2014/12/10 21:40,9.034
2014/12/10 21:50,9.034
2014/12/10 22:00,9.032
2014/12/10 22:10,9.035
2014/12/10 22:20,9.033
2014/12/10 22:30,9.033
2014/12/10 22:40,9.033
2014/12/10 22:50,9.046
2014/12/10 23:00,9.058
2014/12/10 23:10,9.075
2014/12/10 23:20,9.083
2014/12/10 23:30,9.087
2014/12/10 23:40,9.088
2014/12/10 23:50,9.091
2014/12/11 0:00,9.094
2014/12/11 0:10,9.095
2014/12/11 0:20,9.093
2014/12/11 0:30,9.095
2014/12/11 0:40,9.096
2014/12/11 0:50,9.094
2014/12/11 1:00,9.097
2014/12/11 1:10,9.096
2014/12/11 1:20,9.092
2014/12/11 1:30,9.094
2014/12/11 1:40,9.092
2014/12/11 1:50,9.092
2014/12/11 2:00,9.091
2014/12/11 2:10,9.091
2014/12/11 2:20,9.089
2014/12/11 2:30,9.089
2014/12/11 2:40,9.092
2014/12/11 2:50,9.093
2014/12/11 3:00,9.092
2014/12/11 3:10,9.093
2014/12/11 3:20,9.091
2014/12/11 3:30,9.093
2014/12/11 3:40,9.092
2014/12/11 3:50,9.092
2014/12/11 4:00,9.092
2014/12/11 4:10,9.094
2014/12/11 4:20,9.092
2014/12/11 4:30,9.092
2014/12/11 4:40,9.091
2014/12/11 4:50,9.09
2014/12/11 5:00,9.092
2014/12/11 5:10,9.092
2014/12/11 5:20,9.089
2014/12/11 5:30,9.091
2014/12/11 5:40,9.09
2014/12/11 5:50,9.091
2014/12/11 6:00,9.09
2014/12/11 6:10,9.09
2014/12/11 6:20,9.09
2014/12/11 6:30,9.09
2014/12/11 6:40,9.09
2014/12/11 6:50,9.091
2014/12/11 7:00,9.089
2014/12/11 7:10,9.089
2014/12/11 7:20,9.089
2014/12/11 7:30,9.088
2014/12/11 7:40,9.088
2014/12/11 7:50,9.089
2014/12/11 8:00,9.09
2014/12/11 8:10,9.09
2014/12/11 8:20,9.09
2014/12/11 8:30,9.09
2014/12/11 8:40,9.091
2014/12/11 8:50,9.089
2014/12/11 9:00,9.09
2014/12/11 9:10,9.092
2014/12/11 9:20,9.091
2014/12/11 9:30,9.091
2014/12/11 9:40,9.091
2014/12/11 9:50,9.091
2014/12/11 10:00,9.094
2014/12/11 10:10,9.091
2014/12/11 10:20,9.093
2014/12/11 10:30,9.091
2014/12/11 10:40,9.091
2014/12/11 10:50,9.091
2014/12/11 11:00,9.091
2014/12/11 11:10,9.089
2014/12/11 11:20,9.089
2014/12/11 11:30,9.09
2014/12/11 11:40,9.087
2014/12/11 11:50,9.087
2014/12/11 12:00,9.09
2014/12/11 12:10,9.089
2014/12/11 12:20,9.091
2014/12/11 12:30,9.088
2014/12/11 12:40,9.09
2014/12/11 12:50,9.089
2014/12/11 13:00,9.089
2014/12/11 13:10,9.089
2014/12/11 13:20,9.089
2014/12/11 13:30,9.09
2014/12/11 13:40,9.091
2014/12/11 13:50,9.091
2014/12/11 14:00,9.091
2014/12/11 14:10,9.089
2014/12/11 14:20,9.088
2014/12/11 14:30,9.088
2014/12/11 14:40,9.088
2014/12/11 14:50,9.086
2014/12/11 15:00,9.086
2014/12/11 15:10,9.088
2014/12/11 15:20,9.089
2014/12/11 15:30,9.089
2014/12/11 15:40,9.087
2014/12/11 15:50,9.087
2014/12/11 16:00,9.087
2014/12/11 16:10,9.088
2014/12/11 16:20,9.087
2014/12/11 16:30,9.086
2014/12/11 16:40,9.085
2014/12/11 16:50,9.086
2014/12/11 17:00,9.087
2014/12/11 17:10,9.086
2014/12/11 17:20,9.088
2014/12/11 17:30,9.086
2014/12/11 17:40,9.088
2014/12/11 17:50,9.087
2014/12/11 18:00,9.087
2014/12/11 18:10,9.086
2014/12/11 18:20,9.085
2014/12/11 18:30,9.086
2014/12/11 18:40,9.083
2014/12/11 18:50,9.083
2014/12/11 19:00,9.08
2014/12/11 19:10,9.082
2014/12/11 19:20,9.083
2014/12/11 19:30,9.083
2014/12/11 19:40,9.083
2014/12/11 19:50,9.082
2014/12/11 20:00,9.084
2014/12/11 20:10,9.078
2014/12/11 20:20,9.079
2014/12/11 20:30,9.077
2014/12/11 20:40,9.081
2014/12/11 20:50,9.08
2014/12/11 21:00,9.078
2014/12/11 21:10,9.08
2014/12/11 21:20,9.08
2014/12/11 21:30,9.083
2014/12/11 21:40,9.084
2014/12/11 21:50,9.085
2014/12/11 22:00,9.086
2014/12/11 22:10,9.085
2014/12/11 22:20,9.084
2014/12/11 22:30,9.086
2014/12/11 22:40,9.085
2014/12/11 22:50,9.084
2014/12/11 23:00,9.083
2014/12/11 23:10,9.083
2014/12/11 23:20,9.083
2014/12/11 23:30,9.082
2014/12/11 23:40,9.083
2014/12/11 23:50,9.084
2014/12/12 0:00,9.084
2014/12/12 0:10,9.084
2014/12/12 0:20,9.084
2014/12/12 0:30,9.082
2014/12/12 0:40,9.083
2014/12/12 0:50,9.082
2014/12/12 1:00,9.082
2014/12/12 1:10,9.082
2014/12/12 1:20,9.082
2014/12/12 1:30,9.082
2014/12/12 1:40,9.081
2014/12/12 1:50,9.08
2014/12/12 2:00,9.082
2014/12/12 2:10,9.08
2014/12/12 2:20,9.081
2014/12/12 2:30,9.082
2014/12/12 2:40,9.081
2014/12/12 2:50,9.083
2014/12/12 3:00,9.081
2014/12/12 3:10,9.081
2014/12/12 3:20,9.081
2014/12/12 3:30,9.082
2014/12/12 3:40,9.082
2014/12/12 3:50,9.081
2014/12/12 4:00,9.081
2014/12/12 4:10,9.079
2014/12/12 4:20,9.08
2014/12/12 4:30,9.078
2014/12/12 4:40,9.078
2014/12/12 4:50,9.078
2014/12/12 5:00,9.08
2014/12/12 5:10,9.079
2014/12/12 5:20,9.078
2014/12/12 5:30,9.078
2014/12/12 5:40,9.077
2014/12/12 5:50,9.077
2014/12/12 6:00,9.078
2014/12/12 6:10,9.079
2014/12/12 6:20,9.077
2014/12/12 6:30,9.077
2014/12/12 6:40,9.076
2014/12/12 6:50,9.079
2014/12/12 7:00,9.078
2014/12/12 7:10,9.078
2014/12/12 7:20,9.076
2014/12/12 7:30,9.078
2014/12/12 7:40,9.078
2014/12/12 7:50,9.076
2014/12/12 8:00,9.076
2014/12/12 8:10,9.076
2014/12/12 8:20,9.075
2014/12/12 8:30,9.075
2014/12/12 8:40,9.075
2014/12/12 8:50,9.074
2014/12/12 9:00,9.073
2014/12/12 9:10,9.075
2014/12/12 9:20,9.075
2014/12/12 9:30,9.075
2014/12/12 9:40,9.073
2014/12/12 9:50,9.074
2014/12/12 10:00,9.075
2014/12/12 10:10,9.074
2014/12/12 10:20,9.07
2014/12/12 10:30,9.072
2014/12/12 10:40,9.072
2014/12/12 10:50,9.072
2014/12/12 11:00,9.069
2014/12/12 11:10,9.071
2014/12/12 11:20,9.07
2014/12/12 11:30,9.071
2014/12/12 11:40,9.07
2014/12/12 11:50,9.067
2014/12/12 12:00,9.066
2014/12/12 12:10,9.067
2014/12/12 12:20,9.067
2014/12/12 12:30,9.069
2014/12/12 12:40,9.069
2014/12/12 12:50,9.07
2014/12/12 13:00,9.068
2014/12/12 13:10,9.069
2014/12/12 13:20,9.068
2014/12/12 13:30,9.067
2014/12/12 13:40,9.065
2014/12/12 13:50,9.067
2014/12/12 14:00,9.067
2014/12/12 14:10,9.067
2014/12/12 14:20,9.068
2014/12/12 14:30,9.067
2014/12/12 14:40,9.065
2014/12/12 14:50,9.064
2014/12/12 15:00,9.064
2014/12/12 15:10,9.064
2014/12/12 15:20,9.063
2014/12/12 15:30,9.064
2014/12/12 15:40,9.063
2014/12/12 15:50,9.064
2014/12/12 16:00,9.063
2014/12/12 16:10,9.063
2014/12/12 16:20,9.062
2014/12/12 16:30,9.063
2014/12/12 16:40,9.061
2014/12/12 16:50,9.06
2014/12/12 17:00,9.063
2014/12/12 17:10,9.062
2014/12/12 17:20,9.061
2014/12/12 17:30,9.063
2014/12/12 17:40,9.061
2014/12/12 17:50,9.062
2014/12/12 18:00,9.061
2014/12/12 18:10,9.061
2014/12/12 18:20,9.061
2014/12/12 18:30,9.061
2014/12/12 18:40,9.061
2014/12/12 18:50,9.061
2014/12/12 19:00,9.059
2014/12/12 19:10,9.058
2014/12/12 19:20,9.061
2014/12/12 19:30,9.058
2014/12/12 19:40,9.06
2014/12/12 19:50,9.059
2014/12/12 20:00,9.057
2014/12/12 20:10,9.056
2014/12/12 20:20,9.058
2014/12/12 20:30,9.06
2014/12/12 20:40,9.058
2014/12/12 20:50,9.061
2014/12/12 21:00,9.061
2014/12/12 21:10,9.06
2014/12/12 21:20,9.058
2014/12/12 21:30,9.058
2014/12/12 21:40,9.054
2014/12/12 21:50,9.054
2014/12/12 22:00,9.057
2014/12/12 22:10,9.057
2014/12/12 22:20,9.057
2014/12/12 22:30,9.056
2014/12/12 22:40,9.057
2014/12/12 22:50,9.056
2014/12/12 23:00,9.056
2014/12/12 23:10,9.057
2014/12/12 23:20,9.056
2014/12/12 23:30,9.056
2014/12/12 23:40,9.053
2014/12/12 23:50,9.054
2014/12/13 0:00,9.058
2014/12/13 0:10,9.055
2014/12/13 0:20,9.054
2014/12/13 0:30,9.053
2014/12/13 0:40,9.054
2014/12/13 0:50,9.053
2014/12/13 1:00,9.053
2014/12/13 1:10,9.051
2014/12/13 1:20,9.053
2014/12/13 1:30,9.054
2014/12/13 1:40,9.052
2014/12/13 1:50,9.053
2014/12/13 2:00,9.054
2014/12/13 2:10,9.053
2014/12/13 2:20,9.052
2014/12/13 2:30,9.054
2014/12/13 2:40,9.053
2014/12/13 2:50,9.053
2014/12/13 3:00,9.05
2014/12/13 3:10,9.052
2014/12/13 3:20,9.05
2014/12/13 3:30,9.052
2014/12/13 3:40,9.05
2014/12/13 3:50,9.05
2014/12/13 4:00,9.051
2014/12/13 4:10,9.05
2014/12/13 4:20,9.051
2014/12/13 4:30,9.051
2014/12/13 4:40,9.051
2014/12/13 4:50,9.05
2014/12/13 5:00,9.05
2014/12/13 5:10,9.051
2014/12/13 5:20,9.05
2014/12/13 5:30,9.05
2014/12/13 5:40,9.049
2014/12/13 5:50,9.049
2014/12/13 6:00,9.049
2014/12/13 6:10,9.048
2014/12/13 6:20,9.047
2014/12/13 6:30,9.049
2014/12/13 6:40,9.048
2014/12/13 6:50,9.049
2014/12/13 7:00,9.05
2014/12/13 7:10,9.049
2014/12/13 7:20,9.049
2014/12/13 7:30,9.049
2014/12/13 7:40,9.048
2014/12/13 7:50,9.05
2014/12/13 8:00,9.047
2014/12/13 8:10,9.045
2014/12/13 8:20,9.047
2014/12/13 8:30,9.048
2014/12/13 8:40,9.045
2014/12/13 8:50,9.046
2014/12/13 9:00,9.044
2014/12/13 9:10,9.046
2014/12/13 9:20,9.044
2014/12/13 9:30,9.043
2014/12/13 9:40,9.043
2014/12/13 9:50,9.044
2014/12/13 10:00,9.043
2014/12/13 10:10,9.043
2014/12/13 10:20,9.041
2014/12/13 10:30,9.041
2014/12/13 10:40,9.04
2014/12/13 10:50,9.04
2014/12/13 11:00,9.041
2014/12/13 11:10,9.041
2014/12/13 11:20,9.04
2014/12/13 11:30,9.039
2014/12/13 11:40,9.041
2014/12/13 11:50,9.041
2014/12/13 12:00,9.041
2014/12/13 12:10,9.039
2014/12/13 12:20,9.037
2014/12/13 12:30,9.038
2014/12/13 12:40,9.036
2014/12/13 12:50,9.039
2014/12/13 13:00,9.036
2014/12/13 13:10,9.037
2014/12/13 13:20,9.037
2014/12/13 13:30,9.038
2014/12/13 13:40,9.036
2014/12/13 13:50,9.036
2014/12/13 14:00,9.035
2014/12/13 14:10,9.035
2014/12/13 14:20,9.035
2014/12/13 14:30,9.035
2014/12/13 14:40,9.036
2014/12/13 14:50,9.035
2014/12/13 15:00,9.036
2014/12/13 15:10,9.034
2014/12/13 15:20,9.033
2014/12/13 15:30,9.033
2014/12/13 15:40,9.032
2014/12/13 15:50,9.032
2014/12/13 16:00,9.031
2014/12/13 16:10,9.032
2014/12/13 16:20,9.029
2014/12/13 16:30,9.032
2014/12/13 16:40,9.029
2014/12/13 16:50,9.032
2014/12/13 17:00,9.03
2014/12/13 17:10,9.03
2014/12/13 17:20,9.03
2014/12/13 17:30,9.028
2014/12/13 17:40,9.031
2014/12/13 17:50,9.031
2014/12/13 18:00,9.03
2014/12/13 18:10,9.03
2014/12/13 18:20,9.03
2014/12/13 18:30,9.027
2014/12/13 18:40,9.026
2014/12/13 18:50,9.024
2014/12/13 19:00,9.025
2014/12/13 19:10,9.025
2014/12/13 19:20,9.025
2014/12/13 19:30,9.026
2014/12/13 19:40,9.024
2014/12/13 19:50,9.023
2014/12/13 20:00,9.027
2014/12/13 20:10,9.022
2014/12/13 20:20,9.026
2014/12/13 20:30,9.026
2014/12/13 20:40,9.025
2014/12/13 20:50,9.023
2014/12/13 21:00,9.019
2014/12/13 21:10,9.015
2014/12/13 21:20,9.025
2014/12/13 21:30,9.042
2014/12/13 21:40,9.084
2014/12/13 21:50,9.112
2014/12/13 22:00,9.124
2014/12/13 22:10,9.127
2014/12/13 22:20,9.127
2014/12/13 22:30,9.126
2014/12/13 22:40,9.124
2014/12/13 22:50,9.121
2014/12/13 23:00,9.121
2014/12/13 23:10,9.118
2014/12/13 23:20,9.119
2014/12/13 23:30,9.116
2014/12/13 23:40,9.119
2014/12/13 23:50,9.114
2014/12/14 0:00,9.115
2014/12/14 0:10,9.113
2014/12/14 0:20,9.113
2014/12/14 0:30,9.109
2014/12/14 0:40,9.108
2014/12/14 0:50,9.112
2014/12/14 1:00,9.111
2014/12/14 1:10,9.108
2014/12/14 1:20,9.109
2014/12/14 1:30,9.107
2014/12/14 1:40,9.107
2014/12/14 1:50,9.106
2014/12/14 2:00,9.108
2014/12/14 2:10,9.11
2014/12/14 2:20,9.11
2014/12/14 2:30,9.111
2014/12/14 2:40,9.111
2014/12/14 2:50,9.112
2014/12/14 3:00,9.111
2014/12/14 3:10,9.108
2014/12/14 3:20,9.11
2014/12/14 3:30,9.109
2014/12/14 3:40,9.108
2014/12/14 3:50,9.11
2014/12/14 4:00,9.111
2014/12/14 4:10,9.111
2014/12/14 4:20,9.109
2014/12/14 4:30,9.107
2014/12/14 4:40,9.109
2014/12/14 4:50,9.109
2014/12/14 5:00,9.107
2014/12/14 5:10,9.108
2014/12/14 5:20,9.109
2014/12/14 5:30,9.109
2014/12/14 5:40,9.111
2014/12/14 5:50,9.11
2014/12/14 6:00,9.11
2014/12/14 6:10,9.109
2014/12/14 6:20,9.11
2014/12/14 6:30,9.109
2014/12/14 6:40,9.109
2014/12/14 6:50,9.108
2014/12/14 7:00,9.109
2014/12/14 7:10,9.109
2014/12/14 7:20,9.108
2014/12/14 7:30,9.106
2014/12/14 7:40,9.108
2014/12/14 7:50,9.108
2014/12/14 8:00,9.108
2014/12/14 8:10,9.108
2014/12/14 8:20,9.107
2014/12/14 8:30,9.106
2014/12/14 8:40,9.107
2014/12/14 8:50,9.106
2014/12/14 9:00,9.106
2014/12/14 9:10,9.107
2014/12/14 9:20,9.106
2014/12/14 9:30,9.105
2014/12/14 9:40,9.105
2014/12/14 9:50,9.105
2014/12/14 10:00,9.105
2014/12/14 10:10,9.104
2014/12/14 10:20,9.105
2014/12/14 10:30,9.106
2014/12/14 10:40,9.106
2014/12/14 10:50,9.104
2014/12/14 11:00,9.104
2014/12/14 11:10,9.103
2014/12/14 11:20,9.104
2014/12/14 11:30,9.103
2014/12/14 11:40,9.106
2014/12/14 11:50,9.101
2014/12/14 12:00,9.101
2014/12/14 12:10,9.099
2014/12/14 12:20,9.101
2014/12/14 12:30,9.099
2014/12/14 12:40,9.102
2014/12/14 12:50,9.101
2014/12/14 13:00,9.1
2014/12/14 13:10,9.1
2014/12/14 13:20,9.101
2014/12/14 13:30,9.099
2014/12/14 13:40,9.099
2014/12/14 13:50,9.1
2014/12/14 14:00,9.098
2014/12/14 14:10,9.099
2014/12/14 14:20,9.101
2014/12/14 14:30,9.102
2014/12/14 14:40,9.102
2014/12/14 14:50,9.1
2014/12/14 15:00,9.098
2014/12/14 15:10,9.099
2014/12/14 15:20,9.098
2014/12/14 15:30,9.098
2014/12/14 15:40,9.098
2014/12/14 15:50,9.099
2014/12/14 16:00,9.098
2014/12/14 16:10,9.098
2014/12/14 16:20,9.096
2014/12/14 16:30,9.096
2014/12/14 16:40,9.097
2014/12/14 16:50,9.094
2014/12/14 17:00,9.094
2014/12/14 17:10,9.098
2014/12/14 17:20,9.096
2014/12/14 17:30,9.094
2014/12/14 17:40,9.094
2014/12/14 17:50,9.093
2014/12/14 18:00,9.093
2014/12/14 18:10,9.093
2014/12/14 18:20,9.095
2014/12/14 18:30,9.096
2014/12/14 18:40,9.094
2014/12/14 18:50,9.095
2014/12/14 19:00,9.094
2014/12/14 19:10,9.093
2014/12/14 19:20,9.092
2014/12/14 19:30,9.093
2014/12/14 19:40,9.092
2014/12/14 19:50,9.092
2014/12/14 20:00,9.094
2014/12/14 20:10,9.096
2014/12/14 20:20,9.094
2014/12/14 20:30,9.093
2014/12/14 20:40,9.095
2014/12/14 20:50,9.093
2014/12/14 21:00,9.094
2014/12/14 21:10,9.093
2014/12/14 21:20,9.091
2014/12/14 21:30,9.092
2014/12/14 21:40,9.092
2014/12/14 21:50,9.095
2014/12/14 22:00,9.094
2014/12/14 22:10,9.093
2014/12/14 22:20,9.093
2014/12/14 22:30,9.095
2014/12/14 22:40,9.095
2014/12/14 22:50,9.092
2014/12/14 23:00,9.091
2014/12/14 23:10,9.092
2014/12/14 23:20,9.091
2014/12/14 23:30,9.09
2014/12/14 23:40,9.093
2014/12/14 23:50,9.091
2014/12/15 0:00,9.091
2014/12/15 0:10,9.092
2014/12/15 0:20,9.093
2014/12/15 0:30,9.091
2014/12/15 0:40,9.092
2014/12/15 0:50,9.092
2014/12/15 1:00,9.091
2014/12/15 1:10,9.091
2014/12/15 1:20,9.09
2014/12/15 1:30,9.091
2014/12/15 1:40,9.091
2014/12/15 1:50,9.092
2014/12/15 2:00,9.091
2014/12/15 2:10,9.091
2014/12/15 2:20,9.089
2014/12/15 2:30,9.09
2014/12/15 2:40,9.091
2014/12/15 2:50,9.089
2014/12/15 3:00,9.092
2014/12/15 3:10,9.091
2014/12/15 3:20,9.09
2014/12/15 3:30,9.09
2014/12/15 3:40,9.088
2014/12/15 3:50,9.089
2014/12/15 4:00,9.088
2014/12/15 4:10,9.088
2014/12/15 4:20,9.088
2014/12/15 4:30,9.09
2014/12/15 4:40,9.089
2014/12/15 4:50,9.087
2014/12/15 5:00,9.088
2014/12/15 5:10,9.089
2014/12/15 5:20,9.089
2014/12/15 5:30,9.087
2014/12/15 5:40,9.089
2014/12/15 5:50,9.088
2014/12/15 6:00,9.093
2014/12/15 6:10,9.09
2014/12/15 6:20,9.088
2014/12/15 6:30,9.089
2014/12/15 6:40,9.089
2014/12/15 6:50,9.086
2014/12/15 7:00,9.087
2014/12/15 7:10,9.088
2014/12/15 7:20,9.088
2014/12/15 7:30,9.086
2014/12/15 7:40,9.086
2014/12/15 7:50,9.088
2014/12/15 8:00,9.088
2014/12/15 8:10,9.087
2014/12/15 8:20,9.087
2014/12/15 8:30,9.086
2014/12/15 8:40,9.086
2014/12/15 8:50,9.085
2014/12/15 9:00,9.085
2014/12/15 9:10,9.085
2014/12/15 9:20,9.085
2014/12/15 9:30,9.086
2014/12/15 9:40,9.085
2014/12/15 9:50,9.085
2014/12/15 10:00,9.086
2014/12/15 10:10,9.085
2014/12/15 10:20,9.086
2014/12/15 10:30,9.082
2014/12/15 10:40,9.084
2014/12/15 10:50,9.085
2014/12/15 11:00,9.085
2014/12/15 11:10,9.083
2014/12/15 11:20,9.084
2014/12/15 11:30,9.081
2014/12/15 11:40,9.082
2014/12/15 11:50,9.081
2014/12/15 12:00,9.082
2014/12/15 12:10,9.081
2014/12/15 12:20,9.081
2014/12/15 12:30,9.082
2014/12/15 12:40,9.081
2014/12/15 12:50,9.079
2014/12/15 13:00,9.079
2014/12/15 13:10,9.081
2014/12/15 13:20,9.079
2014/12/15 13:30,9.08
2014/12/15 13:40,9.08
2014/12/15 13:50,9.079
2014/12/15 14:00,9.077
2014/12/15 14:10,9.078
2014/12/15 14:20,9.078
2014/12/15 14:30,9.079
2014/12/15 14:40,9.081
2014/12/15 14:50,9.08
2014/12/15 15:00,9.079
2014/12/15 15:10,9.08
2014/12/15 15:20,9.079
2014/12/15 15:30,9.079
2014/12/15 15:40,9.077
2014/12/15 15:50,9.079
2014/12/15 16:00,9.076
2014/12/15 16:10,9.079
2014/12/15 16:20,9.079
2014/12/15 16:30,9.078
2014/12/15 16:40,9.078
2014/12/15 16:50,9.075
2014/12/15 17:00,9.078
2014/12/15 17:10,9.075
2014/12/15 17:20,9.077
2014/12/15 17:30,9.077
2014/12/15 17:40,9.076
2014/12/15 17:50,9.079
2014/12/15 18:00,9.077
2014/12/15 18:10,9.076
2014/12/15 18:20,9.077
2014/12/15 18:30,9.076
2014/12/15 18:40,9.076
2014/12/15 18:50,9.075
2014/12/15 19:00,9.074
2014/12/15 19:10,9.073
2014/12/15 19:20,9.072
2014/12/15 19:30,9.073
2014/12/15 19:40,9.071
2014/12/15 19:50,9.074
2014/12/15 20:00,9.074
2014/12/15 20:10,9.074
2014/12/15 20:20,9.075
2014/12/15 20:30,9.075
2014/12/15 20:40,9.074
2014/12/15 20:50,9.074
2014/12/15 21:00,9.072
2014/12/15 21:10,9.074
2014/12/15 21:20,9.075
2014/12/15 21:30,9.073
2014/12/15 21:40,9.071
2014/12/15 21:50,9.072
2014/12/15 22:00,9.074
2014/12/15 22:10,9.074
2014/12/15 22:20,9.072
2014/12/15 22:30,9.073
2014/12/15 22:40,9.073
2014/12/15 22:50,9.074
2014/12/15 23:00,9.072
2014/12/15 23:10,9.073
2014/12/15 23:20,9.071
2014/12/15 23:30,9.071
2014/12/15 23:40,9.069
2014/12/15 23:50,9.069
2014/12/16 0:00,9.071
2014/12/16 0:10,9.072
2014/12/16 0:20,9.07
2014/12/16 0:30,9.068
2014/12/16 0:40,9.07
2014/12/16 0:50,9.067
2014/12/16 1:00,9.067
2014/12/16 1:10,9.069
2014/12/16 1:20,9.065
2014/12/16 1:30,9.067
2014/12/16 1:40,9.068
2014/12/16 1:50,9.07
2014/12/16 2:00,9.069
2014/12/16 2:10,9.07
2014/12/16 2:20,9.071
2014/12/16 2:30,9.071
2014/12/16 2:40,9.067
2014/12/16 2:50,9.068
2014/12/16 3:00,9.066
2014/12/16 3:10,9.067
2014/12/16 3:20,9.065
2014/12/16 3:30,9.065
2014/12/16 3:40,9.068
2014/12/16 3:50,9.065
2014/12/16 4:00,9.065
2014/12/16 4:10,9.066
2014/12/16 4:20,9.065
2014/12/16 4:30,9.066
2014/12/16 4:40,9.065
2014/12/16 4:50,9.067
2014/12/16 5:00,9.065
2014/12/16 5:10,9.065
2014/12/16 5:20,9.066
2014/12/16 5:30,9.066
2014/12/16 5:40,9.065
2014/12/16 5:50,9.066
2014/12/16 6:00,9.064
2014/12/16 6:10,9.064
2014/12/16 6:20,9.065
2014/12/16 6:30,9.065
2014/12/16 6:40,9.065
2014/12/16 6:50,9.067
2014/12/16 7:00,9.064
2014/12/16 7:10,9.064
2014/12/16 7:20,9.064
2014/12/16 7:30,9.065
2014/12/16 7:40,9.064
2014/12/16 7:50,9.063
2014/12/16 8:00,9.063
2014/12/16 8:10,9.064
2014/12/16 8:20,9.064
2014/12/16 8:30,9.065
2014/12/16 8:40,9.064
2014/12/16 8:50,9.064
2014/12/16 9:00,9.063
2014/12/16 9:10,9.062
2014/12/16 9:20,9.064
2014/12/16 9:30,9.061
2014/12/16 9:40,9.062
2014/12/16 9:50,9.061
2014/12/16 10:00,9.063
2014/12/16 10:10,9.064
2014/12/16 10:20,9.063
2014/12/16 10:30,9.062
2014/12/16 10:40,9.061
2014/12/16 10:50,9.062
2014/12/16 11:00,9.059
2014/12/16 11:10,9.058
2014/12/16 11:20,9.058
2014/12/16 11:30,9.057
2014/12/16 11:40,9.058
2014/12/16 11:50,9.058
2014/12/16 12:00,9.058
2014/12/16 12:10,9.056
2014/12/16 12:20,9.055
2014/12/16 12:30,9.058
2014/12/16 12:40,9.054
2014/12/16 12:50,9.057
2014/12/16 13:00,9.053
2014/12/16 13:10,9.053
2014/12/16 13:20,9.053
2014/12/16 13:30,9.055
2014/12/16 13:40,9.054
2014/12/16 13:50,9.052
2014/12/16 14:00,9.053
2014/12/16 14:10,9.053
2014/12/16 14:20,9.051
2014/12/16 14:30,9.053
2014/12/16 14:40,9.053
2014/12/16 14:50,9.053
2014/12/16 15:00,9.052
2014/12/16 15:10,9.049
2014/12/16 15:20,9.048
2014/12/16 15:30,9.05
2014/12/16 15:40,9.051
2014/12/16 15:50,9.052
2014/12/16 16:00,9.055
2014/12/16 16:10,9.053
2014/12/16 16:20,9.052
2014/12/16 16:30,9.05
2014/12/16 16:40,9.05
2014/12/16 16:50,9.051
2014/12/16 17:00,9.05
2014/12/16 17:10,9.048
2014/12/16 17:20,9.048
2014/12/16 17:30,9.046
2014/12/16 17:40,9.045
2014/12/16 17:50,9.047
2014/12/16 18:00,9.048
2014/12/16 18:10,9.049
2014/12/16 18:20,9.047
2014/12/16 18:30,9.049
2014/12/16 18:40,9.047
2014/12/16 18:50,9.047
2014/12/16 19:00,9.046
2014/12/16 19:10,9.046
2014/12/16 19:20,9.047
2014/12/16 19:30,9.048
2014/12/16 19:40,9.047
2014/12/16 19:50,9.046
2014/12/16 20:00,9.047
2014/12/16 20:10,9.048
2014/12/16 20:20,9.046
2014/12/16 20:30,9.048
2014/12/16 20:40,9.048
2014/12/16 20:50,9.047
2014/12/16 21:00,9.045
2014/12/16 21:10,9.046
2014/12/16 21:20,9.045
2014/12/16 21:30,9.047
2014/12/16 21:40,9.047
2014/12/16 21:50,9.046
2014/12/16 22:00,9.044
2014/12/16 22:10,9.044
2014/12/16 22:20,9.043
2014/12/16 22:30,9.042
2014/12/16 22:40,9.044
2014/12/16 22:50,9.044
2014/12/16 23:00,9.045
2014/12/16 23:10,9.044
2014/12/16 23:20,9.041
2014/12/16 23:30,9.041
2014/12/16 23:40,9.043
2014/12/16 23:50,9.039
2014/12/17 0:00,9.04
2014/12/17 0:10,9.04
2014/12/17 0:20,9.042
2014/12/17 0:30,9.04
2014/12/17 0:40,9.039
2014/12/17 0:50,9.042
2014/12/17 1:00,9.039
2014/12/17 1:10,9.04
2014/12/17 1:20,9.039
2014/12/17 1:30,9.038
2014/12/17 1:40,9.041
2014/12/17 1:50,9.039
2014/12/17 2:00,9.038
2014/12/17 2:10,9.038
2014/12/17 2:20,9.037
2014/12/17 2:30,9.038
2014/12/17 2:40,9.039
2014/12/17 2:50,9.038
2014/12/17 3:00,9.039
2014/12/17 3:10,9.037
2014/12/17 3:20,9.038
2014/12/17 3:30,9.037
2014/12/17 3:40,9.038
2014/12/17 3:50,9.037
2014/12/17 4:00,9.038
2014/12/17 4:10,9.038
2014/12/17 4:20,9.037
2014/12/17 4:30,9.037
2014/12/17 4:40,9.036
2014/12/17 4:50,9.039
2014/12/17 5:00,9.039
2014/12/17 5:10,9.039
2014/12/17 5:20,9.037
2014/12/17 5:30,9.037
2014/12/17 5:40,9.038
2014/12/17 5:50,9.038
2014/12/17 6:00,9.04
2014/12/17 6:10,9.038
2014/12/17 6:20,9.038
2014/12/17 6:30,9.038
2014/12/17 6:40,9.04
2014/12/17 6:50,9.039
2014/12/17 7:00,9.04
2014/12/17 7:10,9.039
2014/12/17 7:20,9.041
2014/12/17 7:30,9.042
2014/12/17 7:40,9.043
2014/12/17 7:50,9.043
2014/12/17 8:00,9.044
2014/12/17 8:10,9.044
2014/12/17 8:20,9.045
2014/12/17 8:30,9.044
2014/12/17 8:40,9.043
2014/12/17 8:50,9.044
2014/12/17 9:00,9.043
2014/12/17 9:10,9.043
2014/12/17 9:20,9.044
2014/12/17 9:30,9.045
2014/12/17 9:40,9.044
2014/12/17 9:50,9.044
2014/12/17 10:00,9.044
2014/12/17 10:10,9.045
2014/12/17 10:20,9.044
2014/12/17 10:30,9.045
2014/12/17 10:40,9.047
2014/12/17 10:50,9.045
2014/12/17 11:00,9.043
2014/12/17 11:10,9.044
2014/12/17 11:20,9.043
2014/12/17 11:30,9.043
2014/12/17 11:40,9.043
2014/12/17 11:50,9.043
2014/12/17 12:00,9.044
2014/12/17 12:10,9.043
2014/12/17 12:20,9.041
2014/12/17 12:30,9.04
2014/12/17 12:40,9.041
2014/12/17 12:50,9.041
2014/12/17 13:00,9.041
2014/12/17 13:10,9.04
2014/12/17 13:20,9.04
2014/12/17 13:30,9.04
2014/12/17 13:40,9.041
2014/12/17 13:50,9.04
2014/12/17 14:00,9.041
2014/12/17 14:10,9.041
2014/12/17 14:20,9.041
2014/12/17 14:30,9.04
2014/12/17 14:40,9.038
2014/12/17 14:50,9.039
2014/12/17 15:00,9.036
2014/12/17 15:10,9.037
2014/12/17 15:20,9.038
2014/12/17 15:30,9.036
2014/12/17 15:40,9.036
2014/12/17 15:50,9.036
2014/12/17 16:00,9.035
2014/12/17 16:10,9.037
2014/12/17 16:20,9.036
2014/12/17 16:30,9.036
2014/12/17 16:40,9.035
2014/12/17 16:50,9.034
2014/12/17 17:00,9.033
2014/12/17 17:10,9.036
2014/12/17 17:20,9.035
2014/12/17 17:30,9.036
2014/12/17 17:40,9.036
2014/12/17 17:50,9.035
2014/12/17 18:00,9.034
2014/12/17 18:10,9.035
2014/12/17 18:20,9.035
2014/12/17 18:30,9.034
2014/12/17 18:40,9.034
2014/12/17 18:50,9.032
2014/12/17 19:00,9.034
2014/12/17 19:10,9.031
2014/12/17 19:20,9.036
2014/12/17 19:30,9.034
2014/12/17 19:40,9.035
2014/12/17 19:50,9.033
2014/12/17 20:00,9.033
2014/12/17 20:10,9.032
2014/12/17 20:20,9.032
2014/12/17 20:30,9.032
2014/12/17 20:40,9.032
2014/12/17 20:50,9.031
2014/12/17 21:00,9.03
2014/12/17 21:10,9.033
2014/12/17 21:20,9.033
2014/12/17 21:30,9.031
2014/12/17 21:40,9.031
2014/12/17 21:50,9.031
2014/12/17 22:00,9.03
2014/12/17 22:10,9.03
2014/12/17 22:20,9.03
2014/12/17 22:30,9.028
2014/12/17 22:40,9.028
2014/12/17 22:50,9.028
2014/12/17 23:00,9.029
2014/12/17 23:10,9.028
2014/12/17 23:20,9.027
2014/12/17 23:30,9.028
2014/12/17 23:40,9.029
2014/12/17 23:50,9.028
2014/12/18 0:00,9.027
2014/12/18 0:10,9.031
2014/12/18 0:20,9.028
2014/12/18 0:30,9.029
2014/12/18 0:40,9.027
2014/12/18 0:50,9.028
2014/12/18 1:00,9.027
2014/12/18 1:10,9.026
2014/12/18 1:20,9.027
2014/12/18 1:30,9.027
2014/12/18 1:40,9.027
2014/12/18 1:50,9.026
2014/12/18 2:00,9.024
2014/12/18 2:10,9.024
2014/12/18 2:20,9.026
2014/12/18 2:30,9.028
2014/12/18 2:40,9.024
2014/12/18 2:50,9.026
2014/12/18 3:00,9.025
2014/12/18 3:10,9.025
2014/12/18 3:20,9.026
2014/12/18 3:30,9.026
2014/12/18 3:40,9.025
2014/12/18 3:50,9.026
2014/12/18 4:00,9.026
2014/12/18 4:10,9.025
2014/12/18 4:20,9.025
2014/12/18 4:30,9.027
2014/12/18 4:40,9.026
2014/12/18 4:50,9.023
2014/12/18 5:00,9.023
2014/12/18 5:10,9.024
2014/12/18 5:20,9.025
2014/12/18 5:30,9.023
2014/12/18 5:40,9.023
2014/12/18 5:50,9.023
2014/12/18 6:00,9.021
2014/12/18 6:10,9.018
2014/12/18 6:20,9.02
2014/12/18 6:30,9.022
2014/12/18 6:40,9.024
2014/12/18 6:50,9.023
2014/12/18 7:00,9.02
2014/12/18 7:10,9.019
2014/12/18 7:20,9.019
2014/12/18 7:30,9.019
2014/12/18 7:40,9.021
2014/12/18 7:50,9.021
2014/12/18 8:00,9.023
2014/12/18 8:10,9.023
2014/12/18 8:20,9.022
2014/12/18 8:30,9.019
2014/12/18 8:40,9.02
2014/12/18 8:50,9.019
2014/12/18 9:00,9.019
2014/12/18 9:10,9.016
2014/12/18 9:20,9.019
2014/12/18 9:30,9.019
2014/12/18 9:40,9.018
2014/12/18 9:50,9.018
2014/12/18 10:00,9.018
2014/12/18 10:10,9.018
2014/12/18 10:20,9.019
2014/12/18 10:30,9.019
2014/12/18 10:40,9.017
2014/12/18 10:50,9.017
2014/12/18 11:00,9.017
2014/12/18 11:10,9.017
2014/12/18 11:20,9.018
2014/12/18 11:30,9.017
2014/12/18 11:40,9.016
2014/12/18 11:50,9.017
2014/12/18 12:00,9.016
2014/12/18 12:10,9.015
2014/12/18 12:20,9.014
2014/12/18 12:30,9.015
2014/12/18 12:40,9.012
2014/12/18 12:50,9.013
2014/12/18 13:00,9.013
2014/12/18 13:10,9.011
2014/12/18 13:20,9.01
2014/12/18 13:30,9.012
2014/12/18 13:40,9.009
2014/12/18 13:50,9.011
2014/12/18 14:00,9.01
2014/12/18 14:10,9.01
2014/12/18 14:20,9.008
2014/12/18 14:30,9.008
2014/12/18 14:40,9.009
2014/12/18 14:50,9.008
2014/12/18 15:00,9.01
2014/12/18 15:10,9.008
2014/12/18 15:20,9.009
2014/12/18 15:30,9.008
2014/12/18 15:40,9.005
2014/12/18 15:50,9.008
2014/12/18 16:00,9.007
2014/12/18 16:10,9.008
2014/12/18 16:20,9.005
2014/12/18 16:30,9.006
2014/12/18 16:40,9.006
2014/12/18 16:50,9.003
2014/12/18 17:00,9.006
2014/12/18 17:10,9.005
2014/12/18 17:20,9.005
2014/12/18 17:30,9.004
2014/12/18 17:40,9.002
2014/12/18 17:50,9.003
2014/12/18 18:00,9.003
2014/12/18 18:10,9.003
2014/12/18 18:20,9.003
2014/12/18 18:30,9.004
2014/12/18 18:40,9.004
2014/12/18 18:50,9.003
2014/12/18 19:00,9.002
2014/12/18 19:10,9.001
2014/12/18 19:20,9.001
2014/12/18 19:30,9.003
2014/12/18 19:40,9.004
2014/12/18 19:50,9.005
2014/12/18 20:00,9.001
2014/12/18 20:10,9.003
2014/12/18 20:20,9
2014/12/18 20:30,9.002
2014/12/18 20:40,9.002
2014/12/18 20:50,9.002
2014/12/18 21:00,9.003
2014/12/18 21:10,9.001
2014/12/18 21:20,9.006
2014/12/18 21:30,9.002
2014/12/18 21:40,9.006
2014/12/18 21:50,9.005
2014/12/18 22:00,9.003
2014/12/18 22:10,9.001
2014/12/18 22:20,9.001
2014/12/18 22:30,9
2014/12/18 22:40,8.997
2014/12/18 22:50,8.998
2014/12/18 23:00,8.998
2014/12/18 23:10,8.998
2014/12/18 23:20,9.001
2014/12/18 23:30,8.999
2014/12/18 23:40,8.999
2014/12/18 23:50,8.998
2014/12/19 0:00,9.002
2014/12/19 0:10,9.004
2014/12/19 0:20,9.004
2014/12/19 0:30,9.001
2014/12/19 0:40,9.001
2014/12/19 0:50,9
2014/12/19 1:00,8.999
2014/12/19 1:10,8.996
2014/12/19 1:20,8.998
2014/12/19 1:30,8.999
2014/12/19 1:40,8.998
2014/12/19 1:50,8.995
2014/12/19 2:00,8.997
2014/12/19 2:10,8.995
2014/12/19 2:20,8.996
2014/12/19 2:30,8.995
2014/12/19 2:40,8.993
2014/12/19 2:50,8.992
2014/12/19 3:00,8.993
2014/12/19 3:10,8.994
2014/12/19 3:20,8.992
2014/12/19 3:30,8.989
2014/12/19 3:40,8.99
2014/12/19 3:50,8.99
2014/12/19 4:00,8.988
2014/12/19 4:10,8.989
2014/12/19 4:20,8.99
2014/12/19 4:30,8.993
2014/12/19 4:40,8.994
2014/12/19 4:50,8.994
2014/12/19 5:00,8.992
2014/12/19 5:10,8.994
2014/12/19 5:20,8.992
2014/12/19 5:30,8.99
2014/12/19 5:40,8.993
2014/12/19 5:50,8.995
2014/12/19 6:00,8.994
2014/12/19 6:10,8.996
2014/12/19 6:20,8.995
2014/12/19 6:30,8.994
2014/12/19 6:40,8.991
2014/12/19 6:50,8.99
2014/12/19 7:00,8.99
2014/12/19 7:10,8.989
2014/12/19 7:20,8.988
2014/12/19 7:30,8.989
2014/12/19 7:40,8.988
2014/12/19 7:50,8.987
2014/12/19 8:00,8.988
2014/12/19 8:10,8.99
2014/12/19 8:20,8.991
2014/12/19 8:30,8.991
2014/12/19 8:40,8.99
2014/12/19 8:50,8.987
2014/12/19 9:00,8.989
2014/12/19 9:10,8.987
2014/12/19 9:20,8.988
2014/12/19 9:30,8.987
2014/12/19 9:40,8.986
2014/12/19 9:50,8.987
2014/12/19 10:00,8.987
2014/12/19 10:10,8.985
2014/12/19 10:20,8.985
2014/12/19 10:30,8.987
2014/12/19 10:40,8.986
2014/12/19 10:50,8.985
2014/12/19 11:00,8.985
2014/12/19 11:10,8.985
2014/12/19 11:20,8.985
2014/12/19 11:30,8.984
2014/12/19 11:40,8.986
2014/12/19 11:50,8.983
2014/12/19 12:00,8.983
2014/12/19 12:10,8.983
2014/12/19 12:20,8.983
2014/12/19 12:30,8.985
2014/12/19 12:40,8.984
2014/12/19 12:50,8.985
2014/12/19 13:00,8.982
2014/12/19 13:10,8.981
2014/12/19 13:20,8.982
2014/12/19 13:30,8.981
2014/12/19 13:40,8.982
2014/12/19 13:50,8.982
2014/12/19 14:00,8.983
2014/12/19 14:10,8.982
2014/12/19 14:20,8.982
2014/12/19 14:30,8.981
2014/12/19 14:40,8.982
2014/12/19 14:50,8.98
2014/12/19 15:00,8.982
2014/12/19 15:10,8.981
2014/12/19 15:20,8.98
2014/12/19 15:30,8.983
2014/12/19 15:40,8.982
2014/12/19 15:50,8.981
2014/12/19 16:00,8.98
2014/12/19 16:10,8.98
2014/12/19 16:20,8.98
2014/12/19 16:30,8.98
2014/12/19 16:40,8.982
2014/12/19 16:50,8.98
2014/12/19 17:00,8.98
2014/12/19 17:10,8.981
2014/12/19 17:20,8.98
2014/12/19 17:30,8.981
2014/12/19 17:40,8.981
2014/12/19 17:50,8.982
2014/12/19 18:00,8.981
2014/12/19 18:10,8.981
2014/12/19 18:20,8.979
2014/12/19 18:30,8.979
2014/12/19 18:40,8.979
2014/12/19 18:50,8.978
2014/12/19 19:00,8.977
2014/12/19 19:10,8.976
2014/12/19 19:20,8.978
2014/12/19 19:30,8.978
2014/12/19 19:40,8.979
2014/12/19 19:50,8.978
2014/12/19 20:00,8.977
2014/12/19 20:10,8.979
2014/12/19 20:20,8.978
2014/12/19 20:30,8.98
2014/12/19 20:40,8.976
2014/12/19 20:50,8.977
2014/12/19 21:00,8.974
2014/12/19 21:10,8.976
2014/12/19 21:20,8.974
2014/12/19 21:30,8.976
2014/12/19 21:40,8.974
2014/12/19 21:50,8.973
2014/12/19 22:00,8.972
2014/12/19 22:10,8.974
2014/12/19 22:20,8.973
2014/12/19 22:30,8.976
2014/12/19 22:40,8.974
2014/12/19 22:50,8.972
2014/12/19 23:00,8.972
2014/12/19 23:10,8.972
2014/12/19 23:20,8.974
2014/12/19 23:30,8.975
2014/12/19 23:40,8.975
2014/12/19 23:50,8.974
2014/12/20 0:00,8.973
2014/12/20 0:10,8.975
2014/12/20 0:20,8.975
2014/12/20 0:30,8.972
2014/12/20 0:40,8.972
2014/12/20 0:50,8.971
2014/12/20 1:00,8.974
2014/12/20 1:10,8.974
2014/12/20 1:20,8.974
2014/12/20 1:30,8.974
2014/12/20 1:40,8.973
2014/12/20 1:50,8.971
2014/12/20 2:00,8.971
2014/12/20 2:10,8.972
2014/12/20 2:20,8.972
2014/12/20 2:30,8.971
2014/12/20 2:40,8.97
2014/12/20 2:50,8.971
2014/12/20 3:00,8.971
2014/12/20 3:10,8.971
2014/12/20 3:20,8.969
2014/12/20 3:30,8.969
2014/12/20 3:40,8.968
2014/12/20 3:50,8.969
2014/12/20 4:00,8.969
2014/12/20 4:10,8.97
2014/12/20 4:20,8.969
2014/12/20 4:30,8.969
2014/12/20 4:40,8.969
2014/12/20 4:50,8.968
2014/12/20 5:00,8.966
2014/12/20 5:10,8.967
2014/12/20 5:20,8.971
2014/12/20 5:30,8.968
2014/12/20 5:40,8.967
2014/12/20 5:50,8.966
2014/12/20 6:00,8.967
2014/12/20 6:10,8.966
2014/12/20 6:20,8.969
2014/12/20 6:30,8.966
2014/12/20 6:40,8.967
2014/12/20 6:50,8.965
2014/12/20 7:00,8.965
2014/12/20 7:10,8.967
2014/12/20 7:20,8.966
2014/12/20 7:30,8.967
2014/12/20 7:40,8.968
2014/12/20 7:50,8.969
2014/12/20 8:00,8.968
2014/12/20 8:10,8.969
2014/12/20 8:20,8.968
2014/12/20 8:30,8.966
2014/12/20 8:40,8.967
2014/12/20 8:50,8.966
2014/12/20 9:00,8.966
2014/12/20 9:10,8.964
2014/12/20 9:20,8.966
2014/12/20 9:30,8.966
2014/12/20 9:40,8.968
2014/12/20 9:50,8.968
2014/12/20 10:00,8.968
2014/12/20 10:10,8.967
2014/12/20 10:20,8.965
2014/12/20 10:30,8.963
2014/12/20 10:40,8.964
2014/12/20 10:50,8.962
2014/12/20 11:00,8.964
2014/12/20 11:10,8.963
2014/12/20 11:20,8.963
2014/12/20 11:30,8.964
2014/12/20 11:40,8.961
2014/12/20 11:50,8.962
2014/12/20 12:00,8.962
2014/12/20 12:10,8.962
2014/12/20 12:20,8.962
2014/12/20 12:30,8.962
2014/12/20 12:40,8.962
2014/12/20 12:50,8.959
2014/12/20 13:00,8.958
2014/12/20 13:10,8.96
2014/12/20 13:20,8.96
2014/12/20 13:30,8.958
2014/12/20 13:40,8.96
2014/12/20 13:50,8.959
2014/12/20 14:00,8.959
2014/12/20 14:10,8.959
2014/12/20 14:20,8.958
2014/12/20 14:30,8.958
2014/12/20 14:40,8.957
2014/12/20 14:50,8.958
2014/12/20 15:00,8.96
2014/12/20 15:10,8.958
2014/12/20 15:20,8.957
2014/12/20 15:30,8.957
2014/12/20 15:40,8.957
2014/12/20 15:50,8.958
2014/12/20 16:00,8.958
2014/12/20 16:10,8.958
2014/12/20 16:20,8.957
2014/12/20 16:30,8.959
2014/12/20 16:40,8.958
2014/12/20 16:50,8.954
2014/12/20 17:00,8.953
2014/12/20 17:10,8.955
2014/12/20 17:20,8.958
2014/12/20 17:30,8.956
2014/12/20 17:40,8.952
2014/12/20 17:50,8.954
2014/12/20 18:00,8.956
2014/12/20 18:10,8.954
2014/12/20 18:20,8.953
2014/12/20 18:30,8.954
2014/12/20 18:40,8.953
2014/12/20 18:50,8.953
2014/12/20 19:00,8.954
2014/12/20 19:10,8.954
2014/12/20 19:20,8.953
2014/12/20 19:30,8.955
2014/12/20 19:40,8.954
2014/12/20 19:50,8.953
2014/12/20 20:00,8.952
2014/12/20 20:10,8.953
2014/12/20 20:20,8.952
2014/12/20 20:30,8.953
2014/12/20 20:40,8.95
2014/12/20 20:50,8.949
2014/12/20 21:00,8.95
2014/12/20 21:10,8.951
2014/12/20 21:20,8.949
2014/12/20 21:30,8.951
2014/12/20 21:40,8.952
2014/12/20 21:50,8.95
2014/12/20 22:00,8.951
2014/12/20 22:10,8.95
2014/12/20 22:20,8.948
2014/12/20 22:30,8.947
2014/12/20 22:40,8.945
2014/12/20 22:50,8.949
2014/12/20 23:00,8.947
2014/12/20 23:10,8.949
2014/12/20 23:20,8.946
2014/12/20 23:30,8.946
2014/12/20 23:40,8.944
2014/12/20 23:50,8.942
2014/12/21 0:00,8.945
2014/12/21 0:10,8.946
2014/12/21 0:20,8.948
2014/12/21 0:30,8.948
2014/12/21 0:40,8.948
2014/12/21 0:50,8.95
2014/12/21 1:00,8.95
2014/12/21 1:10,8.948
2014/12/21 1:20,8.951
2014/12/21 1:30,8.954
2014/12/21 1:40,8.952
2014/12/21 1:50,8.953
2014/12/21 2:00,8.952
2014/12/21 2:10,8.954
2014/12/21 2:20,8.953
2014/12/21 2:30,8.953
2014/12/21 2:40,8.954
2014/12/21 2:50,8.952
2014/12/21 3:00,8.954
2014/12/21 3:10,8.954
2014/12/21 3:20,8.953
2014/12/21 3:30,8.953
2014/12/21 3:40,8.954
2014/12/21 3:50,8.955
2014/12/21 4:00,8.955
2014/12/21 4:10,8.953
2014/12/21 4:20,8.954
2014/12/21 4:30,8.955
2014/12/21 4:40,8.954
2014/12/21 4:50,8.956
2014/12/21 5:00,8.955
2014/12/21 5:10,8.954
2014/12/21 5:20,8.955
2014/12/21 5:30,8.953
2014/12/21 5:40,8.956
2014/12/21 5:50,8.954
2014/12/21 6:00,8.954
2014/12/21 6:10,8.959
2014/12/21 6:20,8.972
2014/12/21 6:30,8.977
2014/12/21 6:40,8.981
2014/12/21 6:50,8.984
2014/12/21 7:00,8.983
2014/12/21 7:10,8.985
2014/12/21 7:20,8.985
2014/12/21 7:30,8.986
2014/12/21 7:40,8.986
2014/12/21 7:50,8.986
2014/12/21 8:00,8.987
2014/12/21 8:10,8.988
2014/12/21 8:20,8.987
2014/12/21 8:30,8.986
2014/12/21 8:40,8.987
2014/12/21 8:50,8.987
2014/12/21 9:00,8.987
2014/12/21 9:10,8.986
2014/12/21 9:20,8.987
2014/12/21 9:30,8.987
2014/12/21 9:40,8.986
2014/12/21 9:50,8.985
2014/12/21 10:00,8.986
2014/12/21 10:10,8.986
2014/12/21 10:20,8.986
2014/12/21 10:30,8.987
2014/12/21 10:40,8.987
2014/12/21 10:50,8.987
2014/12/21 11:00,8.987
2014/12/21 11:10,8.985
2014/12/21 11:20,8.986
2014/12/21 11:30,8.986
2014/12/21 11:40,8.984
2014/12/21 11:50,8.984
2014/12/21 12:00,8.984
2014/12/21 12:10,8.982
2014/12/21 12:20,8.982
2014/12/21 12:30,8.982
2014/12/21 12:40,8.982
2014/12/21 12:50,8.981
2014/12/21 13:00,8.985
2014/12/21 13:10,8.985
2014/12/21 13:20,8.983
2014/12/21 13:30,8.984
2014/12/21 13:40,8.986
2014/12/21 13:50,8.983
2014/12/21 14:00,8.982
2014/12/21 14:10,8.984
2014/12/21 14:20,8.985
2014/12/21 14:30,8.986
2014/12/21 14:40,8.985
2014/12/21 14:50,8.983
2014/12/21 15:00,8.982
2014/12/21 15:10,8.98
2014/12/21 15:20,8.979
2014/12/21 15:30,8.981
2014/12/21 15:40,8.981
2014/12/21 15:50,8.981
2014/12/21 16:00,8.981
2014/12/21 16:10,8.981
2014/12/21 16:20,8.981
2014/12/21 16:30,8.982
2014/12/21 16:40,8.98
2014/12/21 16:50,8.98
2014/12/21 17:00,8.98
2014/12/21 17:10,8.983
2014/12/21 17:20,8.979
2014/12/21 17:30,8.979
2014/12/21 17:40,8.979
2014/12/21 17:50,8.98
2014/12/21 18:00,8.98
2014/12/21 18:10,8.983
2014/12/21 18:20,8.982
2014/12/21 18:30,8.98
2014/12/21 18:40,8.979
2014/12/21 18:50,8.98
2014/12/21 19:00,8.981
2014/12/21 19:10,8.982
2014/12/21 19:20,8.98
2014/12/21 19:30,8.979
2014/12/21 19:40,8.978
2014/12/21 19:50,8.978
2014/12/21 20:00,8.98
2014/12/21 20:10,8.978
2014/12/21 20:20,8.979
2014/12/21 20:30,8.979
2014/12/21 20:40,8.978
2014/12/21 20:50,8.977
2014/12/21 21:00,8.975
2014/12/21 21:10,8.977
2014/12/21 21:20,8.979
2014/12/21 21:30,8.975
2014/12/21 21:40,8.975
2014/12/21 21:50,8.974
2014/12/21 22:00,8.975
2014/12/21 22:10,8.978
2014/12/21 22:20,8.979
2014/12/21 22:30,8.977
2014/12/21 22:40,8.978
2014/12/21 22:50,8.978
2014/12/21 23:00,8.977
2014/12/21 23:10,8.979
2014/12/21 23:20,8.978
2014/12/21 23:30,8.976
2014/12/21 23:40,8.979
2014/12/21 23:50,8.975
2014/12/22 0:00,8.974
2014/12/22 0:10,8.975
2014/12/22 0:20,8.972
2014/12/22 0:30,8.975
2014/12/22 0:40,8.974
2014/12/22 0:50,8.972
2014/12/22 1:00,8.974
2014/12/22 1:10,8.972
2014/12/22 1:20,8.971
2014/12/22 1:30,8.972
2014/12/22 1:40,8.976
2014/12/22 1:50,8.976
2014/12/22 2:00,8.978
2014/12/22 2:10,8.98
2014/12/22 2:20,8.98
2014/12/22 2:30,8.98
2014/12/22 2:40,8.983
2014/12/22 2:50,8.982
2014/12/22 3:00,8.983
2014/12/22 3:10,8.985
2014/12/22 3:20,8.987
2014/12/22 3:30,8.99
2014/12/22 3:40,8.989
2014/12/22 3:50,8.989
2014/12/22 4:00,8.994
2014/12/22 4:10,8.996
2014/12/22 4:20,8.996
2014/12/22 4:30,8.994
2014/12/22 4:40,8.994
2014/12/22 4:50,8.996
2014/12/22 5:00,8.998
2014/12/22 5:10,8.997
2014/12/22 5:20,8.998
2014/12/22 5:30,8.998
2014/12/22 5:40,8.999
2014/12/22 5:50,8.999
2014/12/22 6:00,8.998
2014/12/22 6:10,9
2014/12/22 6:20,9.001
2014/12/22 6:30,8.999
2014/12/22 6:40,9
2014/12/22 6:50,9
2014/12/22 7:00,9
2014/12/22 7:10,9
2014/12/22 7:20,9
2014/12/22 7:30,8.999
2014/12/22 7:40,8.999
2014/12/22 7:50,9
2014/12/22 8:00,9.001
2014/12/22 8:10,9.002
2014/12/22 8:20,9.002
2014/12/22 8:30,9.001
2014/12/22 8:40,8.999
2014/12/22 8:50,9
2014/12/22 9:00,9
2014/12/22 9:10,9
2014/12/22 9:20,8.999
2014/12/22 9:30,9
2014/12/22 9:40,9.001
2014/12/22 9:50,8.999
2014/12/22 10:00,8.997
2014/12/22 10:10,8.999
2014/12/22 10:20,9
2014/12/22 10:30,8.998
2014/12/22 10:40,8.999
2014/12/22 10:50,8.998
2014/12/22 11:00,8.997
2014/12/22 11:10,8.995
2014/12/22 11:20,8.996
2014/12/22 11:30,8.996
2014/12/22 11:40,8.996
2014/12/22 11:50,8.996
2014/12/22 12:00,8.995
2014/12/22 12:10,8.996
2014/12/22 12:20,8.997
2014/12/22 12:30,8.997
2014/12/22 12:40,8.996
2014/12/22 12:50,8.995
2014/12/22 13:00,8.992
2014/12/22 13:10,8.993
2014/12/22 13:20,8.994
2014/12/22 13:30,8.995
2014/12/22 13:40,8.996
2014/12/22 13:50,8.992
2014/12/22 14:00,8.994
2014/12/22 14:10,8.993
2014/12/22 14:20,8.992
2014/12/22 14:30,8.992
2014/12/22 14:40,8.991
2014/12/22 14:50,8.993
2014/12/22 15:00,8.992
2014/12/22 15:10,8.991
2014/12/22 15:20,8.991
2014/12/22 15:30,8.992
2014/12/22 15:40,8.99
2014/12/22 15:50,8.99
2014/12/22 16:00,8.991
2014/12/22 16:10,8.99
2014/12/22 16:20,8.991
2014/12/22 16:30,8.99
2014/12/22 16:40,8.99
2014/12/22 16:50,8.993
2014/12/22 17:00,8.992
2014/12/22 17:10,8.992
2014/12/22 17:20,8.993
2014/12/22 17:30,8.994
2014/12/22 17:40,8.997
2014/12/22 17:50,8.992
2014/12/22 18:00,8.995
2014/12/22 18:10,8.996
2014/12/22 18:20,8.998
2014/12/22 18:30,8.996
2014/12/22 18:40,8.998
2014/12/22 18:50,8.996
2014/12/22 19:00,8.997
2014/12/22 19:10,8.992
2014/12/22 19:20,8.994
2014/12/22 19:30,8.997
2014/12/22 19:40,8.994
2014/12/22 19:50,8.996
2014/12/22 20:00,8.994
2014/12/22 20:10,8.993
2014/12/22 20:20,8.994
2014/12/22 20:30,8.993
2014/12/22 20:40,8.994
2014/12/22 20:50,8.992
2014/12/22 21:00,8.993
2014/12/22 21:10,8.996
2014/12/22 21:20,8.993
2014/12/22 21:30,8.991
2014/12/22 21:40,8.991
2014/12/22 21:50,8.992
2014/12/22 22:00,8.994
2014/12/22 22:10,8.996
2014/12/22 22:20,8.995
2014/12/22 22:30,8.995
2014/12/22 22:40,8.997
2014/12/22 22:50,8.995
2014/12/22 23:00,8.996
2014/12/22 23:10,8.999
2014/12/22 23:20,8.998
2014/12/22 23:30,8.998
2014/12/22 23:40,8.999
2014/12/22 23:50,9.002
2014/12/23 0:00,9.005
2014/12/23 0:10,9.006
2014/12/23 0:20,9.01
2014/12/23 0:30,9.012
2014/12/23 0:40,9.013
2014/12/23 0:50,9.017
2014/12/23 1:00,9.018
2014/12/23 1:10,9.02
2014/12/23 1:20,9.022
2014/12/23 1:30,9.023
2014/12/23 1:40,9.029
2014/12/23 1:50,9.03
2014/12/23 2:00,9.031
2014/12/23 2:10,9.034
2014/12/23 2:20,9.038
2014/12/23 2:30,9.039
2014/12/23 2:40,9.042
2014/12/23 2:50,9.046
2014/12/23 3:00,9.046
2014/12/23 3:10,9.05
2014/12/23 3:20,9.051
2014/12/23 3:30,9.052
2014/12/23 3:40,9.053
2014/12/23 3:50,9.059
2014/12/23 4:00,9.061
2014/12/23 4:10,9.065
2014/12/23 4:20,9.066
2014/12/23 4:30,9.067
2014/12/23 4:40,9.067
2014/12/23 4:50,9.068
2014/12/23 5:00,9.067
2014/12/23 5:10,9.067
2014/12/23 5:20,9.07
2014/12/23 5:30,9.078
2014/12/23 5:40,9.084
2014/12/23 5:50,9.088
2014/12/23 6:00,9.095
2014/12/23 6:10,9.099
2014/12/23 6:20,9.1
2014/12/23 6:30,9.102
2014/12/23 6:40,9.104
2014/12/23 6:50,9.101
2014/12/23 7:00,9.102
2014/12/23 7:10,9.102
2014/12/23 7:20,9.102
2014/12/23 7:30,9.099
2014/12/23 7:40,9.101
2014/12/23 7:50,9.103
2014/12/23 8:00,9.107
2014/12/23 8:10,9.109
2014/12/23 8:20,9.106
2014/12/23 8:30,9.11
2014/12/23 8:40,9.112
2014/12/23 8:50,9.114
2014/12/23 9:00,9.116
2014/12/23 9:10,9.116
2014/12/23 9:20,9.117
2014/12/23 9:30,9.118
2014/12/23 9:40,9.117
2014/12/23 9:50,9.116
2014/12/23 10:00,9.119
2014/12/23 10:10,9.116
2014/12/23 10:20,9.115
2014/12/23 10:30,9.113
2014/12/23 10:40,9.113
2014/12/23 10:50,9.116
2014/12/23 11:00,9.121
2014/12/23 11:10,9.119
2014/12/23 11:20,9.118
2014/12/23 11:30,9.118
2014/12/23 11:40,9.12
2014/12/23 11:50,9.119
2014/12/23 12:00,9.12
2014/12/23 12:10,9.121
2014/12/23 12:20,9.118
2014/12/23 12:30,9.119
2014/12/23 12:40,9.118
2014/12/23 12:50,9.12
2014/12/23 13:00,9.12
2014/12/23 13:10,9.118
2014/12/23 13:20,9.116
2014/12/23 13:30,9.116
2014/12/23 13:40,9.116
2014/12/23 13:50,9.115
2014/12/23 14:00,9.115
2014/12/23 14:10,9.113
2014/12/23 14:20,9.113
2014/12/23 14:30,9.112
2014/12/23 14:40,9.112
2014/12/23 14:50,9.112
2014/12/23 15:00,9.113
2014/12/23 15:10,9.113
2014/12/23 15:20,9.112
2014/12/23 15:30,9.112
2014/12/23 15:40,9.112
2014/12/23 15:50,9.113
2014/12/23 16:00,9.11
2014/12/23 16:10,9.113
2014/12/23 16:20,9.114
2014/12/23 16:30,9.113
2014/12/23 16:40,9.111
2014/12/23 16:50,9.112
2014/12/23 17:00,9.111
2014/12/23 17:10,9.112
2014/12/23 17:20,9.115
2014/12/23 17:30,9.114
2014/12/23 17:40,9.115
2014/12/23 17:50,9.115
2014/12/23 18:00,9.115
2014/12/23 18:10,9.114
2014/12/23 18:20,9.113
2014/12/23 18:30,9.113
2014/12/23 18:40,9.112
2014/12/23 18:50,9.112
2014/12/23 19:00,9.114
2014/12/23 19:10,9.111
2014/12/23 19:20,9.11
2014/12/23 19:30,9.111
2014/12/23 19:40,9.11
2014/12/23 19:50,9.11
2014/12/23 20:00,9.111
2014/12/23 20:10,9.11
2014/12/23 20:20,9.111
2014/12/23 20:30,9.112
2014/12/23 20:40,9.113
2014/12/23 20:50,9.111
2014/12/23 21:00,9.111
2014/12/23 21:10,9.109
2014/12/23 21:20,9.109
2014/12/23 21:30,9.109
2014/12/23 21:40,9.108
2014/12/23 21:50,9.111
2014/12/23 22:00,9.109
2014/12/23 22:10,9.11
2014/12/23 22:20,9.109
2014/12/23 22:30,9.109
2014/12/23 22:40,9.109
2014/12/23 22:50,9.108
2014/12/23 23:00,9.109
2014/12/23 23:10,9.11
2014/12/23 23:20,9.111
2014/12/23 23:30,9.109
2014/12/23 23:40,9.109
2014/12/23 23:50,9.107
2014/12/24 0:00,9.109
2014/12/24 0:10,9.109
2014/12/24 0:20,9.109
2014/12/24 0:30,9.109
2014/12/24 0:40,9.109
2014/12/24 0:50,9.108
2014/12/24 1:00,9.109
2014/12/24 1:10,9.109
2014/12/24 1:20,9.109
2014/12/24 1:30,9.106
2014/12/24 1:40,9.104
2014/12/24 1:50,9.107
2014/12/24 2:00,9.104
2014/12/24 2:10,9.106
2014/12/24 2:20,9.104
2014/12/24 2:30,9.106
2014/12/24 2:40,9.106
2014/12/24 2:50,9.105
2014/12/24 3:00,9.107
2014/12/24 3:10,9.105
2014/12/24 3:20,9.106
2014/12/24 3:30,9.107
2014/12/24 3:40,9.104
2014/12/24 3:50,9.106
2014/12/24 4:00,9.103
2014/12/24 4:10,9.105
2014/12/24 4:20,9.105
2014/12/24 4:30,9.107
2014/12/24 4:40,9.104
2014/12/24 4:50,9.107
2014/12/24 5:00,9.104
2014/12/24 5:10,9.105
2014/12/24 5:20,9.105
2014/12/24 5:30,9.105
2014/12/24 5:40,9.106
2014/12/24 5:50,9.107
2014/12/24 6:00,9.105
2014/12/24 6:10,9.104
2014/12/24 6:20,9.102
2014/12/24 6:30,9.102
2014/12/24 6:40,9.1
2014/12/24 6:50,9.103
2014/12/24 7:00,9.102
2014/12/24 7:10,9.102
2014/12/24 7:20,9.102
2014/12/24 7:30,9.1
2014/12/24 7:40,9.1
2014/12/24 7:50,9.101
2014/12/24 8:00,9.101
2014/12/24 8:10,9.1
2014/12/24 8:20,9.1
2014/12/24 8:30,9.1
2014/12/24 8:40,9.098
2014/12/24 8:50,9.101
2014/12/24 9:00,9.101
2014/12/24 9:10,9.099
2014/12/24 9:20,9.1
2014/12/24 9:30,9.099
2014/12/24 9:40,9.099
2014/12/24 9:50,9.097
2014/12/24 10:00,9.096
2014/12/24 10:10,9.095
2014/12/24 10:20,9.1
2014/12/24 10:30,9.098
2014/12/24 10:40,9.101
2014/12/24 10:50,9.098
2014/12/24 11:00,9.097
2014/12/24 11:10,9.099
2014/12/24 11:20,9.097
2014/12/24 11:30,9.098
2014/12/24 11:40,9.098
2014/12/24 11:50,9.097
2014/12/24 12:00,9.098
2014/12/24 12:10,9.097
2014/12/24 12:20,9.096
2014/12/24 12:30,9.098
2014/12/24 12:40,9.097
2014/12/24 12:50,9.098
2014/12/24 13:00,9.097
2014/12/24 13:10,9.1
2014/12/24 13:20,9.097
2014/12/24 13:30,9.097
2014/12/24 13:40,9.097
2014/12/24 13:50,9.097
2014/12/24 14:00,9.097
2014/12/24 14:10,9.097
2014/12/24 14:20,9.095
2014/12/24 14:30,9.096
2014/12/24 14:40,9.095
2014/12/24 14:50,9.097
2014/12/24 15:00,9.095
2014/12/24 15:10,9.095
2014/12/24 15:20,9.095
2014/12/24 15:30,9.096
2014/12/24 15:40,9.096
2014/12/24 15:50,9.094
2014/12/24 16:00,9.092
2014/12/24 16:10,9.093
2014/12/24 16:20,9.095
2014/12/24 16:30,9.095
2014/12/24 16:40,9.094
2014/12/24 16:50,9.093
2014/12/24 17:00,9.093
2014/12/24 17:10,9.094
2014/12/24 17:20,9.094
2014/12/24 17:30,9.095
2014/12/24 17:40,9.094
2014/12/24 17:50,9.094
2014/12/24 18:00,9.095
2014/12/24 18:10,9.094
2014/12/24 18:20,9.093
2014/12/24 18:30,9.092
2014/12/24 18:40,9.091
2014/12/24 18:50,9.091
2014/12/24 19:00,9.091
2014/12/24 19:10,9.092
2014/12/24 19:20,9.095
2014/12/24 19:30,9.093
2014/12/24 19:40,9.092
2014/12/24 19:50,9.092
2014/12/24 20:00,9.093
2014/12/24 20:10,9.097
2014/12/24 20:20,9.093
2014/12/24 20:30,9.095
2014/12/24 20:40,9.095
2014/12/24 20:50,9.092
2014/12/24 21:00,9.093
2014/12/24 21:10,9.095
2014/12/24 21:20,9.094
2014/12/24 21:30,9.093
2014/12/24 21:40,9.092
2014/12/24 21:50,9.093
2014/12/24 22:00,9.092
2014/12/24 22:10,9.094
2014/12/24 22:20,9.092
2014/12/24 22:30,9.09
2014/12/24 22:40,9.093
2014/12/24 22:50,9.09
2014/12/24 23:00,9.092
2014/12/24 23:10,9.091
2014/12/24 23:20,9.094
2014/12/24 23:30,9.09
2014/12/24 23:40,9.088
2014/12/24 23:50,9.092
2014/12/25 0:00,9.092
2014/12/25 0:10,9.088
2014/12/25 0:20,9.088
2014/12/25 0:30,9.087
2014/12/25 0:40,9.089
2014/12/25 0:50,9.089
2014/12/25 1:00,9.09
2014/12/25 1:10,9.088
2014/12/25 1:20,9.09
2014/12/25 1:30,9.091
2014/12/25 1:40,9.092
2014/12/25 1:50,9.092
2014/12/25 2:00,9.089
2014/12/25 2:10,9.091
2014/12/25 2:20,9.089
2014/12/25 2:30,9.09
2014/12/25 2:40,9.09
2014/12/25 2:50,9.089
2014/12/25 3:00,9.09
2014/12/25 3:10,9.089
2014/12/25 3:20,9.089
2014/12/25 3:30,9.088
2014/12/25 3:40,9.089
2014/12/25 3:50,9.09
2014/12/25 4:00,9.088
2014/12/25 4:10,9.088
2014/12/25 4:20,9.089
2014/12/25 4:30,9.09
2014/12/25 4:40,9.09
2014/12/25 4:50,9.088
2014/12/25 5:00,9.088
2014/12/25 5:10,9.087
2014/12/25 5:20,9.086
2014/12/25 5:30,9.086
2014/12/25 5:40,9.087
2014/12/25 5:50,9.085
2014/12/25 6:00,9.086
2014/12/25 6:10,9.087
2014/12/25 6:20,9.087
2014/12/25 6:30,9.087
2014/12/25 6:40,9.088
2014/12/25 6:50,9.086
2014/12/25 7:00,9.087
2014/12/25 7:10,9.088
2014/12/25 7:20,9.089
2014/12/25 7:30,9.087
2014/12/25 7:40,9.087
2014/12/25 7:50,9.087
2014/12/25 8:00,9.088
2014/12/25 8:10,9.087
2014/12/25 8:20,9.087
2014/12/25 8:30,9.086
2014/12/25 8:40,9.084
2014/12/25 8:50,9.085
2014/12/25 9:00,9.087
2014/12/25 9:10,9.086
2014/12/25 9:20,9.086
2014/12/25 9:30,9.087
2014/12/25 9:40,9.083
2014/12/25 9:50,9.084
2014/12/25 10:00,9.087
2014/12/25 10:10,9.084
2014/12/25 10:20,9.083
2014/12/25 10:30,9.083
2014/12/25 10:40,9.084
2014/12/25 10:50,9.082
2014/12/25 11:00,9.083
2014/12/25 11:10,9.082
2014/12/25 11:20,9.083
2014/12/25 11:30,9.081
2014/12/25 11:40,9.081
2014/12/25 11:50,9.082
2014/12/25 12:00,9.083
2014/12/25 12:10,9.084
2014/12/25 12:20,9.084
2014/12/25 12:30,9.082
2014/12/25 12:40,9.081
2014/12/25 12:50,9.079
2014/12/25 13:00,9.081
2014/12/25 13:10,9.08
2014/12/25 13:20,9.08
2014/12/25 13:30,9.08
2014/12/25 13:40,9.078
2014/12/25 13:50,9.079
2014/12/25 14:00,9.081
2014/12/25 14:10,9.08
2014/12/25 14:20,9.079
2014/12/25 14:30,9.076
2014/12/25 14:40,9.076
2014/12/25 14:50,9.078
2014/12/25 15:00,9.077
2014/12/25 15:10,9.077
2014/12/25 15:20,9.076
2014/12/25 15:30,9.076
2014/12/25 15:40,9.078
2014/12/25 15:50,9.074
2014/12/25 16:00,9.076
2014/12/25 16:10,9.077
2014/12/25 16:20,9.08
2014/12/25 16:30,9.079
2014/12/25 16:40,9.078
2014/12/25 16:50,9.076
2014/12/25 17:00,9.076
2014/12/25 17:10,9.075
2014/12/25 17:20,9.075
2014/12/25 17:30,9.077
2014/12/25 17:40,9.077
2014/12/25 17:50,9.076
2014/12/25 18:00,9.078
2014/12/25 18:10,9.078
2014/12/25 18:20,9.076
2014/12/25 18:30,9.075
2014/12/25 18:40,9.074
2014/12/25 18:50,9.074
2014/12/25 19:00,9.078
2014/12/25 19:10,9.076
2014/12/25 19:20,9.073
2014/12/25 19:30,9.077
2014/12/25 19:40,9.074
2014/12/25 19:50,9.074
2014/12/25 20:00,9.075
2014/12/25 20:10,9.075
2014/12/25 20:20,9.074
2014/12/25 20:30,9.074
2014/12/25 20:40,9.074
2014/12/25 20:50,9.074
2014/12/25 21:00,9.074
2014/12/25 21:10,9.071
2014/12/25 21:20,9.071
2014/12/25 21:30,9.072
2014/12/25 21:40,9.075
2014/12/25 21:50,9.074
2014/12/25 22:00,9.074
2014/12/25 22:10,9.075
2014/12/25 22:20,9.07
2014/12/25 22:30,9.07
2014/12/25 22:40,9.069
2014/12/25 22:50,9.071
2014/12/25 23:00,9.068
2014/12/25 23:10,9.069
2014/12/25 23:20,9.069
2014/12/25 23:30,9.071
2014/12/25 23:40,9.066
2014/12/25 23:50,9.069
2014/12/26 0:00,9.068
2014/12/26 0:10,9.064
2014/12/26 0:20,9.067
2014/12/26 0:30,9.067
2014/12/26 0:40,9.068
2014/12/26 0:50,9.066
2014/12/26 1:00,9.069
2014/12/26 1:10,9.069
2014/12/26 1:20,9.069
2014/12/26 1:30,9.069
2014/12/26 1:40,9.074
2014/12/26 1:50,9.08
2014/12/26 2:00,9.08
2014/12/26 2:10,9.082
2014/12/26 2:20,9.083
2014/12/26 2:30,9.083
2014/12/26 2:40,9.097
2014/12/26 2:50,9.113
2014/12/26 3:00,9.127
2014/12/26 3:10,9.133
2014/12/26 3:20,9.127
2014/12/26 3:30,9.126
2014/12/26 3:40,9.128
2014/12/26 3:50,9.126
2014/12/26 4:00,9.129
2014/12/26 4:10,9.13
2014/12/26 4:20,9.127
2014/12/26 4:30,9.128
2014/12/26 4:40,9.127
2014/12/26 4:50,9.129
2014/12/26 5:00,9.128
2014/12/26 5:10,9.127
2014/12/26 5:20,9.128
2014/12/26 5:30,9.129
2014/12/26 5:40,9.132
2014/12/26 5:50,9.136
2014/12/26 6:00,9.141
2014/12/26 6:10,9.137
2014/12/26 6:20,9.135
2014/12/26 6:30,9.134
2014/12/26 6:40,9.134
2014/12/26 6:50,9.133
2014/12/26 7:00,9.128
2014/12/26 7:10,9.129
2014/12/26 7:20,9.131
2014/12/26 7:30,9.127
2014/12/26 7:40,9.125
2014/12/26 7:50,9.124
2014/12/26 8:00,9.124
2014/12/26 8:10,9.124
2014/12/26 8:20,9.124
2014/12/26 8:30,9.123
2014/12/26 8:40,9.123
2014/12/26 8:50,9.123
2014/12/26 9:00,9.121
2014/12/26 9:10,9.122
2014/12/26 9:20,9.123
2014/12/26 9:30,9.122
2014/12/26 9:40,9.122
2014/12/26 9:50,9.121
2014/12/26 10:00,9.121
2014/12/26 10:10,9.122
2014/12/26 10:20,9.122
2014/12/26 10:30,9.121
2014/12/26 10:40,9.12
2014/12/26 10:50,9.12
2014/12/26 11:00,9.12
2014/12/26 11:10,9.121
2014/12/26 11:20,9.119
2014/12/26 11:30,9.12
2014/12/26 11:40,9.12
2014/12/26 11:50,9.12
2014/12/26 12:00,9.119
2014/12/26 12:10,9.12
2014/12/26 12:20,9.119
2014/12/26 12:30,9.118
2014/12/26 12:40,9.117
2014/12/26 12:50,9.116
2014/12/26 13:00,9.116
2014/12/26 13:10,9.116
2014/12/26 13:20,9.117
2014/12/26 13:30,9.115
2014/12/26 13:40,9.115
2014/12/26 13:50,9.115
2014/12/26 14:00,9.117
2014/12/26 14:10,9.114
2014/12/26 14:20,9.116
2014/12/26 14:30,9.117
2014/12/26 14:40,9.115
2014/12/26 14:50,9.116
2014/12/26 15:00,9.115
2014/12/26 15:10,9.113
2014/12/26 15:20,9.114
2014/12/26 15:30,9.116
2014/12/26 15:40,9.116
2014/12/26 15:50,9.116
2014/12/26 16:00,9.116
2014/12/26 16:10,9.115
2014/12/26 16:20,9.113
2014/12/26 16:30,9.113
2014/12/26 16:40,9.115
2014/12/26 16:50,9.114
2014/12/26 17:00,9.113
2014/12/26 17:10,9.114
2014/12/26 17:20,9.115
2014/12/26 17:30,9.114
2014/12/26 17:40,9.115
2014/12/26 17:50,9.116
2014/12/26 18:00,9.114
2014/12/26 18:10,9.112
2014/12/26 18:20,9.113
2014/12/26 18:30,9.113
2014/12/26 18:40,9.115
2014/12/26 18:50,9.115
2014/12/26 19:00,9.112
2014/12/26 19:10,9.114
2014/12/26 19:20,9.112
2014/12/26 19:30,9.112
2014/12/26 19:40,9.111
2014/12/26 19:50,9.112
2014/12/26 20:00,9.111
2014/12/26 20:10,9.112
2014/12/26 20:20,9.113
2014/12/26 20:30,9.11
2014/12/26 20:40,9.113
2014/12/26 20:50,9.112
2014/12/26 21:00,9.112
2014/12/26 21:10,9.114
2014/12/26 21:20,9.112
2014/12/26 21:30,9.111
2014/12/26 21:40,9.111
2014/12/26 21:50,9.112
2014/12/26 22:00,9.113
2014/12/26 22:10,9.112
2014/12/26 22:20,9.111
2014/12/26 22:30,9.111
2014/12/26 22:40,9.11
2014/12/26 22:50,9.11
2014/12/26 23:00,9.112
2014/12/26 23:10,9.111
2014/12/26 23:20,9.109
2014/12/26 23:30,9.109
2014/12/26 23:40,9.109
2014/12/26 23:50,9.108
2014/12/27 0:00,9.109
2014/12/27 0:10,9.11
2014/12/27 0:20,9.11
2014/12/27 0:30,9.11
2014/12/27 0:40,9.109
2014/12/27 0:50,9.108
2014/12/27 1:00,9.106
2014/12/27 1:10,9.108
2014/12/27 1:20,9.108
2014/12/27 1:30,9.109
2014/12/27 1:40,9.11
2014/12/27 1:50,9.109
2014/12/27 2:00,9.109
2014/12/27 2:10,9.109
2014/12/27 2:20,9.109
2014/12/27 2:30,9.107
2014/12/27 2:40,9.106
2014/12/27 2:50,9.107
2014/12/27 3:00,9.108
2014/12/27 3:10,9.107
2014/12/27 3:20,9.108
2014/12/27 3:30,9.109
2014/12/27 3:40,9.112
2014/12/27 3:50,9.112
2014/12/27 4:00,9.108
2014/12/27 4:10,9.11
2014/12/27 4:20,9.111
2014/12/27 4:30,9.112
2014/12/27 4:40,9.116
2014/12/27 4:50,9.128
2014/12/27 5:00,9.139
2014/12/27 5:10,9.143
2014/12/27 5:20,9.147
2014/12/27 5:30,9.147
2014/12/27 5:40,9.143
2014/12/27 5:50,9.139
2014/12/27 6:00,9.137
2014/12/27 6:10,9.136
2014/12/27 6:20,9.141
2014/12/27 6:30,9.153
2014/12/27 6:40,9.158
2014/12/27 6:50,9.165
2014/12/27 7:00,9.165
2014/12/27 7:10,9.162
2014/12/27 7:20,9.156
2014/12/27 7:30,9.153
2014/12/27 7:40,9.149
2014/12/27 7:50,9.145
2014/12/27 8:00,9.143
2014/12/27 8:10,9.142
2014/12/27 8:20,9.139
2014/12/27 8:30,9.134
2014/12/27 8:40,9.132
2014/12/27 8:50,9.133
2014/12/27 9:00,9.131
2014/12/27 9:10,9.129
2014/12/27 9:20,9.128
2014/12/27 9:30,9.127
2014/12/27 9:40,9.128
2014/12/27 9:50,9.128
2014/12/27 10:00,9.128
2014/12/27 10:10,9.125
2014/12/27 10:20,9.125
2014/12/27 10:30,9.125
2014/12/27 10:40,9.125
2014/12/27 10:50,9.127
2014/12/27 11:00,9.125
2014/12/27 11:10,9.124
2014/12/27 11:20,7.896
2014/12/27 11:30,7.484
2014/12/27 11:40,7.305
2014/12/27 11:50,7.242
2014/12/27 12:00,7.124
2014/12/27 12:10,7.154
2014/12/27 12:20,7.168
2014/12/27 12:30,7.173
2014/12/27 12:40,7.17
2014/12/27 12:50,7.142
2014/12/27 13:00,7.109
2014/12/27 13:10,7.098
2014/12/27 13:20,7.079
2014/12/27 13:30,7.063
2014/12/27 13:40,7.052
2014/12/27 13:50,7.034
2014/12/27 14:00,7.002
2014/12/27 14:10,7.007
2014/12/27 14:20,7.01
2014/12/27 14:30,7.012
2014/12/27 14:40,7
2014/12/27 14:50,6.974
2014/12/27 15:00,6.947
2014/12/27 15:10,6.92
2014/12/27 15:20,6.922
2014/12/27 15:30,6.92
2014/12/27 15:40,6.92
2014/12/27 15:50,6.917
2014/12/27 16:00,6.916
2014/12/27 16:10,6.913
2014/12/27 16:20,6.91
2014/12/27 16:30,6.907
2014/12/27 16:40,6.903
2014/12/27 16:50,6.901
2014/12/27 17:00,6.897
2014/12/27 17:10,6.892
2014/12/27 17:20,6.883
2014/12/27 17:30,6.704
2014/12/27 17:40,6.485
2014/12/27 17:50,6.47
2014/12/27 18:00,6.473
2014/12/27 18:10,6.483
2014/12/27 18:20,6.497
2014/12/27 18:30,6.507
2014/12/27 18:40,6.512
2014/12/27 18:50,6.52
2014/12/27 19:00,6.528
2014/12/27 19:10,6.537
2014/12/27 19:20,6.541
2014/12/27 19:30,6.545
2014/12/27 19:40,6.55
2014/12/27 19:50,6.558
2014/12/27 20:00,6.564
2014/12/27 20:10,6.568
2014/12/27 20:20,6.57
2014/12/27 20:30,6.573
2014/12/27 20:40,6.577
2014/12/27 20:50,6.583
2014/12/27 21:00,6.586
2014/12/27 21:10,6.592
2014/12/27 21:20,6.594
2014/12/27 21:30,6.597
2014/12/27 21:40,6.6
2014/12/27 21:50,6.602
2014/12/27 22:00,6.605
2014/12/27 22:10,6.606
2014/12/27 22:20,6.61
2014/12/27 22:30,6.611
2014/12/27 22:40,6.613
2014/12/27 22:50,6.615
2014/12/27 23:00,6.617
2014/12/27 23:10,6.618
2014/12/27 23:20,6.617
2014/12/27 23:30,6.614
2014/12/27 23:40,6.613
2014/12/27 23:50,6.612
2014/12/28 0:00,6.616
2014/12/28 0:10,6.622
2014/12/28 0:20,6.625
2014/12/28 0:30,6.629
2014/12/28 0:40,6.633
2014/12/28 0:50,6.635
2014/12/28 1:00,6.639
2014/12/28 1:10,6.644
2014/12/28 1:20,6.649
2014/12/28 1:30,6.651
2014/12/28 1:40,6.656
2014/12/28 1:50,6.659
2014/12/28 2:00,6.665
2014/12/28 2:10,6.667
2014/12/28 2:20,6.671
2014/12/28 2:30,6.675
2014/12/28 2:40,6.677
2014/12/28 2:50,6.679
2014/12/28 3:00,6.679
2014/12/28 3:10,6.684
2014/12/28 3:20,6.684
2014/12/28 3:30,6.686
2014/12/28 3:40,6.688
2014/12/28 3:50,6.691
2014/12/28 4:00,6.695
2014/12/28 4:10,6.696
2014/12/28 4:20,6.694
2014/12/28 4:30,6.693
2014/12/28 4:40,6.694
2014/12/28 4:50,6.694
2014/12/28 5:00,6.695
2014/12/28 5:10,6.695
2014/12/28 5:20,6.697
2014/12/28 5:30,6.697
2014/12/28 5:40,6.698
2014/12/28 5:50,6.697
2014/12/28 6:00,6.7
2014/12/28 6:10,6.701
2014/12/28 6:20,6.7
2014/12/28 6:30,6.701
2014/12/28 6:40,6.7
2014/12/28 6:50,6.702
2014/12/28 7:00,6.704
2014/12/28 7:10,6.703
2014/12/28 7:20,6.705
2014/12/28 7:30,6.705
2014/12/28 7:40,6.706
2014/12/28 7:50,6.704
2014/12/28 8:00,6.704
2014/12/28 8:10,6.706
2014/12/28 8:20,6.704
2014/12/28 8:30,6.705
2014/12/28 8:40,6.706
2014/12/28 8:50,6.706
2014/12/28 9:00,6.705
2014/12/28 9:10,6.706
2014/12/28 9:20,6.706
2014/12/28 9:30,6.706
2014/12/28 9:40,6.706
2014/12/28 9:50,6.708
2014/12/28 10:00,6.709
2014/12/28 10:10,6.708
2014/12/28 10:20,6.707
2014/12/28 10:30,6.708
2014/12/28 10:40,6.705
2014/12/28 10:50,6.706
2014/12/28 11:00,6.704
2014/12/28 11:10,6.705
2014/12/28 11:20,6.706
2014/12/28 11:30,6.707
2014/12/28 11:40,6.708
2014/12/28 11:50,6.708
2014/12/28 12:00,6.71
2014/12/28 12:10,6.708
2014/12/28 12:20,6.71
2014/12/28 12:30,6.709
2014/12/28 12:40,6.708
2014/12/28 12:50,6.707
2014/12/28 13:00,6.709
2014/12/28 13:10,6.708
2014/12/28 13:20,6.708
2014/12/28 13:30,6.709
2014/12/28 13:40,6.708
2014/12/28 13:50,6.708
2014/12/28 14:00,6.708
2014/12/28 14:10,6.709
2014/12/28 14:20,6.709
2014/12/28 14:30,6.709
2014/12/28 14:40,6.709
2014/12/28 14:50,6.708
2014/12/28 15:00,6.708
2014/12/28 15:10,6.71
2014/12/28 15:20,6.708
2014/12/28 15:30,6.708
2014/12/28 15:40,6.711
2014/12/28 15:50,6.709
2014/12/28 16:00,6.71
2014/12/28 16:10,6.71
2014/12/28 16:20,6.709
2014/12/28 16:30,6.709
2014/12/28 16:40,6.71
2014/12/28 16:50,6.712
2014/12/28 17:00,6.711
2014/12/28 17:10,6.709
2014/12/28 17:20,6.71
2014/12/28 17:30,6.709
2014/12/28 17:40,6.71
2014/12/28 17:50,6.709
2014/12/28 18:00,6.711
2014/12/28 18:10,6.709
2014/12/28 18:20,6.711
2014/12/28 18:30,6.711
2014/12/28 18:40,6.707
2014/12/28 18:50,6.707
2014/12/28 19:00,6.71
2014/12/28 19:10,6.709
2014/12/28 19:20,6.708
2014/12/28 19:30,6.709
2014/12/28 19:40,6.709
2014/12/28 19:50,6.71
2014/12/28 20:00,6.71
2014/12/28 20:10,6.71
2014/12/28 20:20,6.709
2014/12/28 20:30,6.71
2014/12/28 20:40,6.707
2014/12/28 20:50,6.709
2014/12/28 21:00,6.709
2014/12/28 21:10,6.71
2014/12/28 21:20,6.709
2014/12/28 21:30,6.708
2014/12/28 21:40,6.71
2014/12/28 21:50,6.71
2014/12/28 22:00,6.712
2014/12/28 22:10,6.711
2014/12/28 22:20,6.709
2014/12/28 22:30,6.708
2014/12/28 22:40,6.708
2014/12/28 22:50,6.707
2014/12/28 23:00,6.704
2014/12/28 23:10,6.703
2014/12/28 23:20,6.702
2014/12/28 23:30,6.701
2014/12/28 23:40,6.706
2014/12/28 23:50,6.706
2014/12/29 0:00,6.704
2014/12/29 0:10,6.707
2014/12/29 0:20,6.71
2014/12/29 0:30,6.711
2014/12/29 0:40,6.713
2014/12/29 0:50,6.713
2014/12/29 1:00,6.711
2014/12/29 1:10,6.712
2014/12/29 1:20,6.709
2014/12/29 1:30,6.71
2014/12/29 1:40,6.711
2014/12/29 1:50,6.709
2014/12/29 2:00,6.709
2014/12/29 2:10,6.706
2014/12/29 2:20,6.708
2014/12/29 2:30,6.707
2014/12/29 2:40,6.711
2014/12/29 2:50,6.712
2014/12/29 3:00,6.712
2014/12/29 3:10,6.713
2014/12/29 3:20,6.712
2014/12/29 3:30,6.711
2014/12/29 3:40,6.713
2014/12/29 3:50,6.709
2014/12/29 4:00,6.709
2014/12/29 4:10,6.707
2014/12/29 4:20,6.706
2014/12/29 4:30,6.707
2014/12/29 4:40,6.709
2014/12/29 4:50,6.712
2014/12/29 5:00,6.71
2014/12/29 5:10,6.71
2014/12/29 5:20,6.711
2014/12/29 5:30,6.711
2014/12/29 5:40,6.711
2014/12/29 5:50,6.71
2014/12/29 6:00,6.711
2014/12/29 6:10,6.711
2014/12/29 6:20,6.71
2014/12/29 6:30,6.71
2014/12/29 6:40,6.71
2014/12/29 6:50,6.712
2014/12/29 7:00,6.713
2014/12/29 7:10,6.711
2014/12/29 7:20,6.711
2014/12/29 7:30,6.712
2014/12/29 7:40,6.712
2014/12/29 7:50,6.714
2014/12/29 8:00,6.713
2014/12/29 8:10,6.712
2014/12/29 8:20,6.711
2014/12/29 8:30,6.711
2014/12/29 8:40,6.711
2014/12/29 8:50,6.712
2014/12/29 9:00,6.713
2014/12/29 9:10,6.712
2014/12/29 9:20,6.71
2014/12/29 9:30,6.711
2014/12/29 9:40,6.712
2014/12/29 9:50,6.713
2014/12/29 10:00,6.711
2014/12/29 10:10,6.713
2014/12/29 10:20,6.71
2014/12/29 10:30,6.709
2014/12/29 10:40,6.71
2014/12/29 10:50,6.71
2014/12/29 11:00,6.71
2014/12/29 11:10,6.71
2014/12/29 11:20,6.712
2014/12/29 11:30,6.711
2014/12/29 11:40,6.711
2014/12/29 11:50,6.71
2014/12/29 12:00,6.712
2014/12/29 12:10,6.709
2014/12/29 12:20,6.711
2014/12/29 12:30,6.711
2014/12/29 12:40,6.709
2014/12/29 12:50,6.711
2014/12/29 13:00,6.711
2014/12/29 13:10,6.712
2014/12/29 13:20,6.709
2014/12/29 13:30,6.71
2014/12/29 13:40,6.708
2014/12/29 13:50,6.709
2014/12/29 14:00,6.709
2014/12/29 14:10,6.709
2014/12/29 14:20,6.709
2014/12/29 14:30,6.712
2014/12/29 14:40,6.712
2014/12/29 14:50,6.711
2014/12/29 15:00,6.709
2014/12/29 15:10,6.709
2014/12/29 15:20,6.71
2014/12/29 15:30,6.709
2014/12/29 15:40,6.708
2014/12/29 15:50,6.708
2014/12/29 16:00,6.705
2014/12/29 16:10,6.705
2014/12/29 16:20,6.705
2014/12/29 16:30,6.705
2014/12/29 16:40,6.706
2014/12/29 16:50,6.705
2014/12/29 17:00,6.703
2014/12/29 17:10,6.706
2014/12/29 17:20,6.704
2014/12/29 17:30,6.705
2014/12/29 17:40,6.706
2014/12/29 17:50,6.707
2014/12/29 18:00,6.709
2014/12/29 18:10,6.708
2014/12/29 18:20,6.705
2014/12/29 18:30,6.704
2014/12/29 18:40,6.704
2014/12/29 18:50,6.701
2014/12/29 19:00,6.701
2014/12/29 19:10,6.702
2014/12/29 19:20,6.702
2014/12/29 19:30,6.704
2014/12/29 19:40,6.703
2014/12/29 19:50,6.704
2014/12/29 20:00,6.703
2014/12/29 20:10,6.704
2014/12/29 20:20,6.706
2014/12/29 20:30,6.705
2014/12/29 20:40,6.704
2014/12/29 20:50,6.706
2014/12/29 21:00,6.705
2014/12/29 21:10,6.706
2014/12/29 21:20,6.706
2014/12/29 21:30,6.708
2014/12/29 21:40,6.705
2014/12/29 21:50,6.708
2014/12/29 22:00,6.707
2014/12/29 22:10,6.704
2014/12/29 22:20,6.705
2014/12/29 22:30,6.704
2014/12/29 22:40,6.704
2014/12/29 22:50,6.7
2014/12/29 23:00,6.701
2014/12/29 23:10,6.7
2014/12/29 23:20,6.699
2014/12/29 23:30,6.699
2014/12/29 23:40,6.699
2014/12/29 23:50,6.698
2014/12/30 0:00,6.699
2014/12/30 0:10,6.698
2014/12/30 0:20,6.698
2014/12/30 0:30,6.7
2014/12/30 0:40,6.7
2014/12/30 0:50,6.7
2014/12/30 1:00,6.701
2014/12/30 1:10,6.7
2014/12/30 1:20,6.699
2014/12/30 1:30,6.699
2014/12/30 1:40,6.7
2014/12/30 1:50,6.701
2014/12/30 2:00,6.702
2014/12/30 2:10,6.704
2014/12/30 2:20,6.706
2014/12/30 2:30,6.705
2014/12/30 2:40,6.704
2014/12/30 2:50,6.707
2014/12/30 3:00,6.704
2014/12/30 3:10,6.704
2014/12/30 3:20,6.703
2014/12/30 3:30,6.704
2014/12/30 3:40,6.701
2014/12/30 3:50,6.701
2014/12/30 4:00,6.702
2014/12/30 4:10,6.703
2014/12/30 4:20,6.702
2014/12/30 4:30,6.702
2014/12/30 4:40,6.703
2014/12/30 4:50,6.701
2014/12/30 5:00,6.701
2014/12/30 5:10,6.702
2014/12/30 5:20,6.7
2014/12/30 5:30,6.699
2014/12/30 5:40,6.701
2014/12/30 5:50,6.699
2014/12/30 6:00,6.7
2014/12/30 6:10,6.699
2014/12/30 6:20,6.699
2014/12/30 6:30,6.7
2014/12/30 6:40,6.698
2014/12/30 6:50,6.698
2014/12/30 7:00,6.699
2014/12/30 7:10,6.701
2014/12/30 7:20,6.701
2014/12/30 7:30,6.702
2014/12/30 7:40,6.702
2014/12/30 7:50,6.701
2014/12/30 8:00,6.701
2014/12/30 8:10,6.7
2014/12/30 8:20,6.703
2014/12/30 8:30,6.701
2014/12/30 8:40,6.7
2014/12/30 8:50,6.699
2014/12/30 9:00,6.698
2014/12/30 9:10,6.701
2014/12/30 9:20,6.701
2014/12/30 9:30,6.699
2014/12/30 9:40,6.697
2014/12/30 9:50,6.698
2014/12/30 10:00,6.699
2014/12/30 10:10,6.699
2014/12/30 10:20,6.7
2014/12/30 10:30,6.701
2014/12/30 10:40,6.699
2014/12/30 10:50,6.699
2014/12/30 11:00,6.7
2014/12/30 11:10,6.701
2014/12/30 11:20,6.7
2014/12/30 11:30,6.697
2014/12/30 11:40,6.698
2014/12/30 11:50,6.695
2014/12/30 12:00,6.698
2014/12/30 12:10,6.697
2014/12/30 12:20,6.698
2014/12/30 12:30,6.698
2014/12/30 12:40,6.699
2014/12/30 12:50,6.7
2014/12/30 13:00,6.698
2014/12/30 13:10,6.696
2014/12/30 13:20,6.697
2014/12/30 13:30,6.698
2014/12/30 13:40,6.698
2014/12/30 13:50,6.699
2014/12/30 14:00,6.7
2014/12/30 14:10,6.699
2014/12/30 14:20,6.698
2014/12/30 14:30,6.699
2014/12/30 14:40,6.7
2014/12/30 14:50,6.7
2014/12/30 15:00,6.699
2014/12/30 15:10,6.699
2014/12/30 15:20,6.699
2014/12/30 15:30,6.698
2014/12/30 15:40,6.698
2014/12/30 15:50,6.699
2014/12/30 16:00,6.697
2014/12/30 16:10,6.696
2014/12/30 16:20,6.696
2014/12/30 16:30,6.697
2014/12/30 16:40,6.695
2014/12/30 16:50,6.694
2014/12/30 17:00,6.696
2014/12/30 17:10,6.695
2014/12/30 17:20,6.696
2014/12/30 17:30,6.695
2014/12/30 17:40,6.695
2014/12/30 17:50,6.696
2014/12/30 18:00,6.697
2014/12/30 18:10,6.697
2014/12/30 18:20,6.696
2014/12/30 18:30,6.695
2014/12/30 18:40,6.695
2014/12/30 18:50,6.695
2014/12/30 19:00,6.695
2014/12/30 19:10,6.697
2014/12/30 19:20,6.697
2014/12/30 19:30,6.695
2014/12/30 19:40,6.695
2014/12/30 19:50,6.696
2014/12/30 20:00,6.695
2014/12/30 20:10,6.697
2014/12/30 20:20,6.7
2014/12/30 20:30,6.698
2014/12/30 20:40,6.698
2014/12/30 20:50,6.699
2014/12/30 21:00,6.696
2014/12/30 21:10,6.697
2014/12/30 21:20,6.697
2014/12/30 21:30,6.695
2014/12/30 21:40,6.696
2014/12/30 21:50,6.697
2014/12/30 22:00,6.696
2014/12/30 22:10,6.697
2014/12/30 22:20,6.696
2014/12/30 22:30,6.699
2014/12/30 22:40,6.698
2014/12/30 22:50,6.697
2014/12/30 23:00,6.697
2014/12/30 23:10,6.7
2014/12/30 23:20,6.698
2014/12/30 23:30,6.697
2014/12/30 23:40,6.694
2014/12/30 23:50,6.691
2014/12/31 0:00,6.694
2014/12/31 0:10,6.697
2014/12/31 0:20,6.698
2014/12/31 0:30,6.696
2014/12/31 0:40,6.695
2014/12/31 0:50,6.695
2014/12/31 1:00,6.696
2014/12/31 1:10,6.695
2014/12/31 1:20,6.696
2014/12/31 1:30,6.695
2014/12/31 1:40,6.696
2014/12/31 1:50,6.695
2014/12/31 2:00,6.697
2014/12/31 2:10,6.695
2014/12/31 2:20,6.696
2014/12/31 2:30,6.695
2014/12/31 2:40,6.694
2014/12/31 2:50,6.696
2014/12/31 3:00,6.694
2014/12/31 3:10,6.695
2014/12/31 3:20,6.695
2014/12/31 3:30,6.696
2014/12/31 3:40,6.697
2014/12/31 3:50,6.698
2014/12/31 4:00,6.697
2014/12/31 4:10,6.697
2014/12/31 4:20,6.696
2014/12/31 4:30,6.694
2014/12/31 4:40,6.694
2014/12/31 4:50,6.695
2014/12/31 5:00,6.696
2014/12/31 5:10,6.694
2014/12/31 5:20,6.694
2014/12/31 5:30,6.694
2014/12/31 5:40,6.693
2014/12/31 5:50,6.692
2014/12/31 6:00,6.693
2014/12/31 6:10,6.694
2014/12/31 6:20,6.693
2014/12/31 6:30,6.695
2014/12/31 6:40,6.695
2014/12/31 6:50,6.696
2014/12/31 7:00,6.694
2014/12/31 7:10,6.693
2014/12/31 7:20,6.693
2014/12/31 7:30,6.693
2014/12/31 7:40,6.694
2014/12/31 7:50,6.694
2014/12/31 8:00,6.695
2014/12/31 8:10,6.694
2014/12/31 8:20,6.692
2014/12/31 8:30,6.694
2014/12/31 8:40,6.693
2014/12/31 8:50,6.693
2014/12/31 9:00,6.693
2014/12/31 9:10,6.695
2014/12/31 9:20,6.694
2014/12/31 9:30,6.695
2014/12/31 9:40,6.695
2014/12/31 9:50,6.695
2014/12/31 10:00,6.694
2014/12/31 10:10,6.693
2014/12/31 10:20,6.693
2014/12/31 10:30,6.692
2014/12/31 10:40,6.692
2014/12/31 10:50,6.694
2014/12/31 11:00,6.695
2014/12/31 11:10,6.695
2014/12/31 11:20,6.694
2014/12/31 11:30,6.694
2014/12/31 11:40,6.692
2014/12/31 11:50,6.692
2014/12/31 12:00,6.693
2014/12/31 12:10,6.691
2014/12/31 12:20,6.69
2014/12/31 12:30,6.691
2014/12/31 12:40,6.692
2014/12/31 12:50,6.691
2014/12/31 13:00,6.694
2014/12/31 13:10,6.694
2014/12/31 13:20,6.691
2014/12/31 13:30,6.692
2014/12/31 13:40,6.69
2014/12/31 13:50,6.689
2014/12/31 14:00,6.69
2014/12/31 14:10,6.693
2014/12/31 14:20,6.691
2014/12/31 14:30,6.693
2014/12/31 14:40,6.692
2014/12/31 14:50,6.692
2014/12/31 15:00,6.691
2014/12/31 15:10,6.691
2014/12/31 15:20,6.691
2014/12/31 15:30,6.691
2014/12/31 15:40,6.691
2014/12/31 15:50,6.693
2014/12/31 16:00,6.693
2014/12/31 16:10,6.693
2014/12/31 16:20,6.695
2014/12/31 16:30,6.692
2014/12/31 16:40,6.694
2014/12/31 16:50,6.693
2014/12/31 17:00,6.695
2014/12/31 17:10,6.692
2014/12/31 17:20,6.695
2014/12/31 17:30,6.693
2014/12/31 17:40,6.694
2014/12/31 17:50,6.693
2014/12/31 18:00,6.694
2014/12/31 18:10,6.695
2014/12/31 18:20,6.694
2014/12/31 18:30,6.692
2014/12/31 18:40,6.692
2014/12/31 18:50,6.693
2014/12/31 19:00,6.694
2014/12/31 19:10,6.693
2014/12/31 19:20,6.695
2014/12/31 19:30,6.693
2014/12/31 19:40,6.694
2014/12/31 19:50,6.693
2014/12/31 20:00,6.693
2014/12/31 20:10,6.694
2014/12/31 20:20,6.693
2014/12/31 20:30,6.692
2014/12/31 20:40,6.691
2014/12/31 20:50,6.688
2014/12/31 21:00,6.683
2014/12/31 21:10,6.684
2014/12/31 21:20,6.687
2014/12/31 21:30,6.688
2014/12/31 21:40,6.689
2014/12/31 21:50,6.692
2014/12/31 22:00,6.691
2014/12/31 22:10,6.689
2014/12/31 22:20,6.688
2014/12/31 22:30,6.691
2014/12/31 22:40,6.691
2014/12/31 22:50,6.692
2014/12/31 23:00,6.692
2014/12/31 23:10,6.691
2014/12/31 23:20,6.691
2014/12/31 23:30,6.692
2014/12/31 23:40,6.693
2014/12/31 23:50,6.693
2015/1/1 0:00,6.694
2015/1/1 0:10,6.692
2015/1/1 0:20,6.694
2015/1/1 0:30,6.695
2015/1/1 0:40,6.697
2015/1/1 0:50,6.696
2015/1/1 1:00,6.698
2015/1/1 1:10,6.692
2015/1/1 1:20,6.693
2015/1/1 1:30,6.69
2015/1/1 1:40,6.692
2015/1/1 1:50,6.694
2015/1/1 2:00,6.693
2015/1/1 2:10,6.692
2015/1/1 2:20,6.691
2015/1/1 2:30,6.692
2015/1/1 2:40,6.693
2015/1/1 2:50,6.693
2015/1/1 3:00,6.693
2015/1/1 3:10,6.692
2015/1/1 3:20,6.69
2015/1/1 3:30,6.689
2015/1/1 3:40,6.691
2015/1/1 3:50,6.692
2015/1/1 4:00,6.693
2015/1/1 4:10,6.692
2015/1/1 4:20,6.693
2015/1/1 4:30,6.692
2015/1/1 4:40,6.693
2015/1/1 4:50,6.691
2015/1/1 5:00,6.69
2015/1/1 5:10,6.692
2015/1/1 5:20,6.691
2015/1/1 5:30,6.692
2015/1/1 5:40,6.692
2015/1/1 5:50,6.693
2015/1/1 6:00,6.689
2015/1/1 6:10,6.688
2015/1/1 6:20,6.687
2015/1/1 6:30,6.689
2015/1/1 6:40,6.691
2015/1/1 6:50,6.692
2015/1/1 7:00,6.69
2015/1/1 7:10,6.689
2015/1/1 7:20,6.689
2015/1/1 7:30,6.688
2015/1/1 7:40,6.689
2015/1/1 7:50,6.689
2015/1/1 8:00,6.687
2015/1/1 8:10,6.688
2015/1/1 8:20,6.688
2015/1/1 8:30,6.691
2015/1/1 8:40,6.692
2015/1/1 8:50,6.693
2015/1/1 9:00,6.696
2015/1/1 9:10,6.696
2015/1/1 9:20,6.696
2015/1/1 9:30,6.695
2015/1/1 9:40,6.687
2015/1/1 9:50,6.685
2015/1/1 10:00,6.686
2015/1/1 10:10,6.69
2015/1/1 10:20,6.691
2015/1/1 10:30,6.695
2015/1/1 10:40,6.695
2015/1/1 10:50,6.693
2015/1/1 11:00,6.694
2015/1/1 11:10,6.695
2015/1/1 11:20,6.695
2015/1/1 11:30,6.695
2015/1/1 11:40,6.695
2015/1/1 11:50,6.697
2015/1/1 12:00,6.697
2015/1/1 12:10,6.698
2015/1/1 12:20,6.697
2015/1/1 12:30,6.695
2015/1/1 12:40,6.695
2015/1/1 12:50,6.695
2015/1/1 13:00,6.696
2015/1/1 13:10,6.696
2015/1/1 13:20,6.697
2015/1/1 13:30,6.699
2015/1/1 13:40,6.697
2015/1/1 13:50,6.696
2015/1/1 14:00,6.697
2015/1/1 14:10,6.695
2015/1/1 14:20,6.694
2015/1/1 14:30,6.696
2015/1/1 14:40,6.696
2015/1/1 14:50,6.697
2015/1/1 15:00,6.697
2015/1/1 15:10,6.696
2015/1/1 15:20,6.696
2015/1/1 15:30,6.697
2015/1/1 15:40,6.697
2015/1/1 15:50,6.697
2015/1/1 16:00,6.696
2015/1/1 16:10,6.697
2015/1/1 16:20,6.696
2015/1/1 16:30,6.695
2015/1/1 16:40,6.697
2015/1/1 16:50,6.697
2015/1/1 17:00,6.696
2015/1/1 17:10,6.697
2015/1/1 17:20,6.696
2015/1/1 17:30,6.695
2015/1/1 17:40,6.695
2015/1/1 17:50,6.696
2015/1/1 18:00,6.697
2015/1/1 18:10,6.695
2015/1/1 18:20,6.697
2015/1/1 18:30,6.696
2015/1/1 18:40,6.697
2015/1/1 18:50,6.696
2015/1/1 19:00,6.697
2015/1/1 19:10,6.697
2015/1/1 19:20,6.697
2015/1/1 19:30,6.697
2015/1/1 19:40,6.696
2015/1/1 19:50,6.698
2015/1/1 20:00,6.697
2015/1/1 20:10,6.697
2015/1/1 20:20,6.696
2015/1/1 20:30,6.696
2015/1/1 20:40,6.698
2015/1/1 20:50,6.697
2015/1/1 21:00,6.698
2015/1/1 21:10,6.697
2015/1/1 21:20,6.695
2015/1/1 21:30,6.698
2015/1/1 21:40,6.696
2015/1/1 21:50,6.697
2015/1/1 22:00,6.695
2015/1/1 22:10,6.699
2015/1/1 22:20,6.696
2015/1/1 22:30,6.697
2015/1/1 22:40,6.697
2015/1/1 22:50,6.696
2015/1/1 23:00,6.697
2015/1/1 23:10,6.699
2015/1/1 23:20,6.697
2015/1/1 23:30,6.696
2015/1/1 23:40,6.695
2015/1/1 23:50,6.698
2015/1/2 0:00,6.696
2015/1/2 0:10,6.697
2015/1/2 0:20,6.698
2015/1/2 0:30,6.699
2015/1/2 0:40,6.698
2015/1/2 0:50,6.699
2015/1/2 1:00,6.699
2015/1/2 1:10,6.698
2015/1/2 1:20,6.699
2015/1/2 1:30,6.698
2015/1/2 1:40,6.697
2015/1/2 1:50,6.698
2015/1/2 2:00,6.699
2015/1/2 2:10,6.698
2015/1/2 2:20,6.698
2015/1/2 2:30,6.698
2015/1/2 2:40,6.696
2015/1/2 2:50,6.696
2015/1/2 3:00,6.698
2015/1/2 3:10,6.697
2015/1/2 3:20,6.695
2015/1/2 3:30,6.698
2015/1/2 3:40,6.7
2015/1/2 3:50,6.7
2015/1/2 4:00,6.701
2015/1/2 4:10,6.7
2015/1/2 4:20,6.7
2015/1/2 4:30,6.7
2015/1/2 4:40,6.697
2015/1/2 4:50,6.699
2015/1/2 5:00,6.7
2015/1/2 5:10,6.699
2015/1/2 5:20,6.698
2015/1/2 5:30,6.696
2015/1/2 5:40,6.697
2015/1/2 5:50,6.697
2015/1/2 6:00,6.697
2015/1/2 6:10,6.697
2015/1/2 6:20,6.698
2015/1/2 6:30,6.699
2015/1/2 6:40,6.698
2015/1/2 6:50,6.697
2015/1/2 7:00,6.694
2015/1/2 7:10,6.695
2015/1/2 7:20,6.697
2015/1/2 7:30,6.696
2015/1/2 7:40,6.696
2015/1/2 7:50,6.696
2015/1/2 8:00,6.696
2015/1/2 8:10,6.696
2015/1/2 8:20,6.696
2015/1/2 8:30,6.697
2015/1/2 8:40,6.697
2015/1/2 8:50,6.697
2015/1/2 9:00,6.697
2015/1/2 9:10,6.695
2015/1/2 9:20,6.698
2015/1/2 9:30,6.699
2015/1/2 9:40,6.698
2015/1/2 9:50,6.697
2015/1/2 10:00,6.699
2015/1/2 10:10,6.699
2015/1/2 10:20,6.701
2015/1/2 10:30,6.698
2015/1/2 10:40,6.694
2015/1/2 10:50,6.697
2015/1/2 11:00,6.696
2015/1/2 11:10,6.696
2015/1/2 11:20,6.697
2015/1/2 11:30,6.697
2015/1/2 11:40,6.695
2015/1/2 11:50,6.695
2015/1/2 12:00,6.694
2015/1/2 12:10,6.695
2015/1/2 12:20,6.693
2015/1/2 12:30,6.695
2015/1/2 12:40,6.695
2015/1/2 12:50,6.695
2015/1/2 13:00,6.693
2015/1/2 13:10,6.693
2015/1/2 13:20,6.695
2015/1/2 13:30,6.694
2015/1/2 13:40,6.696
2015/1/2 13:50,6.695
2015/1/2 14:00,6.692
2015/1/2 14:10,6.691
2015/1/2 14:20,6.691
2015/1/2 14:30,6.693
2015/1/2 14:40,6.694
2015/1/2 14:50,6.694
2015/1/2 15:00,6.694
2015/1/2 15:10,6.696
2015/1/2 15:20,6.693
2015/1/2 15:30,6.694
2015/1/2 15:40,6.693
2015/1/2 15:50,6.695
2015/1/2 16:00,6.694
2015/1/2 16:10,6.695
2015/1/2 16:20,6.693
2015/1/2 16:30,6.693
2015/1/2 16:40,6.693
2015/1/2 16:50,6.694
2015/1/2 17:00,6.695
2015/1/2 17:10,6.695
2015/1/2 17:20,6.694
2015/1/2 17:30,6.692
2015/1/2 17:40,6.693
2015/1/2 17:50,6.695
2015/1/2 18:00,6.695
2015/1/2 18:10,6.695
2015/1/2 18:20,6.694
2015/1/2 18:30,6.693
2015/1/2 18:40,6.693
2015/1/2 18:50,6.695
2015/1/2 19:00,6.693
2015/1/2 19:10,6.693
2015/1/2 19:20,6.693
2015/1/2 19:30,6.694
2015/1/2 19:40,6.693
2015/1/2 19:50,6.692
2015/1/2 20:00,6.695
2015/1/2 20:10,6.693
2015/1/2 20:20,6.692
2015/1/2 20:30,6.694
2015/1/2 20:40,6.693
2015/1/2 20:50,6.692
2015/1/2 21:00,6.692
2015/1/2 21:10,6.692
2015/1/2 21:20,6.692
2015/1/2 21:30,6.694
2015/1/2 21:40,6.695
2015/1/2 21:50,6.695
2015/1/2 22:00,6.694
2015/1/2 22:10,6.691
2015/1/2 22:20,6.69
2015/1/2 22:30,6.692
2015/1/2 22:40,6.695
2015/1/2 22:50,6.695
2015/1/2 23:00,6.692
2015/1/2 23:10,6.698
2015/1/2 23:20,6.699
2015/1/2 23:30,6.699
2015/1/2 23:40,6.698
2015/1/2 23:50,6.695
2015/1/3 0:00,6.696
2015/1/3 0:10,6.695
2015/1/3 0:20,6.695
2015/1/3 0:30,6.695
2015/1/3 0:40,6.694
2015/1/3 0:50,6.693
2015/1/3 1:00,6.692
2015/1/3 1:10,6.689
2015/1/3 1:20,6.689
2015/1/3 1:30,6.688
2015/1/3 1:40,6.688
2015/1/3 1:50,6.686
2015/1/3 2:00,6.687
2015/1/3 2:10,6.685
2015/1/3 2:20,6.685
2015/1/3 2:30,6.682
2015/1/3 2:40,6.679
2015/1/3 2:50,6.679
2015/1/3 3:00,6.678
2015/1/3 3:10,6.678
2015/1/3 3:20,6.675
2015/1/3 3:30,6.674
2015/1/3 3:40,6.673
2015/1/3 3:50,6.674
2015/1/3 4:00,6.674
2015/1/3 4:10,6.674
2015/1/3 4:20,6.675
2015/1/3 4:30,6.674
2015/1/3 4:40,6.675
2015/1/3 4:50,6.676
2015/1/3 5:00,6.675
2015/1/3 5:10,6.676
2015/1/3 5:20,6.678
2015/1/3 5:30,6.679
2015/1/3 5:40,6.682
2015/1/3 5:50,6.685
2015/1/3 6:00,6.685
2015/1/3 6:10,6.686
2015/1/3 6:20,6.689
2015/1/3 6:30,6.687
2015/1/3 6:40,6.689
2015/1/3 6:50,6.691
2015/1/3 7:00,6.691
2015/1/3 7:10,6.692
2015/1/3 7:20,6.691
2015/1/3 7:30,6.693
2015/1/3 7:40,6.692
2015/1/3 7:50,6.688
2015/1/3 8:00,6.691
2015/1/3 8:10,6.691
2015/1/3 8:20,6.691
2015/1/3 8:30,6.69
2015/1/3 8:40,6.691
2015/1/3 8:50,6.691
2015/1/3 9:00,6.69
2015/1/3 9:10,6.69
2015/1/3 9:20,6.691
2015/1/3 9:30,6.689
2015/1/3 9:40,6.692
2015/1/3 9:50,6.689
2015/1/3 10:00,6.688
2015/1/3 10:10,6.691
2015/1/3 10:20,6.689
2015/1/3 10:30,6.69
2015/1/3 10:40,6.689
2015/1/3 10:50,6.689
2015/1/3 11:00,6.69
2015/1/3 11:10,6.687
2015/1/3 11:20,6.688
2015/1/3 11:30,6.689
2015/1/3 11:40,6.689
2015/1/3 11:50,6.689
2015/1/3 12:00,6.69
2015/1/3 12:10,6.69
2015/1/3 12:20,6.689
2015/1/3 12:30,6.689
2015/1/3 12:40,6.688
2015/1/3 12:50,6.69
2015/1/3 13:00,6.689
2015/1/3 13:10,6.688
2015/1/3 13:20,6.688
2015/1/3 13:30,6.688
2015/1/3 13:40,6.688
2015/1/3 13:50,6.687
2015/1/3 14:00,6.686
2015/1/3 14:10,6.69
2015/1/3 14:20,6.691
2015/1/3 14:30,6.688
2015/1/3 14:40,6.687
2015/1/3 14:50,6.686
2015/1/3 15:00,6.687
2015/1/3 15:10,6.687
2015/1/3 15:20,6.687
2015/1/3 15:30,6.688
2015/1/3 15:40,6.688
2015/1/3 15:50,6.686
2015/1/3 16:00,6.687
2015/1/3 16:10,6.686
2015/1/3 16:20,6.688
2015/1/3 16:30,6.687
2015/1/3 16:40,6.687
2015/1/3 16:50,6.685
2015/1/3 17:00,6.685
2015/1/3 17:10,6.688
2015/1/3 17:20,6.688
2015/1/3 17:30,6.688
2015/1/3 17:40,6.688
2015/1/3 17:50,6.688
2015/1/3 18:00,6.687
2015/1/3 18:10,6.688
2015/1/3 18:20,6.687
2015/1/3 18:30,6.687
2015/1/3 18:40,6.688
2015/1/3 18:50,6.688
2015/1/3 19:00,6.687
2015/1/3 19:10,6.687
2015/1/3 19:20,6.686
2015/1/3 19:30,6.684
2015/1/3 19:40,6.683
2015/1/3 19:50,6.685
2015/1/3 20:00,6.687
2015/1/3 20:10,6.687
2015/1/3 20:20,6.686
2015/1/3 20:30,6.686
2015/1/3 20:40,6.686
2015/1/3 20:50,6.686
2015/1/3 21:00,6.685
2015/1/3 21:10,6.683
2015/1/3 21:20,6.685
2015/1/3 21:30,6.685
2015/1/3 21:40,6.685
2015/1/3 21:50,6.685
2015/1/3 22:00,6.685
2015/1/3 22:10,6.685
2015/1/3 22:20,6.686
2015/1/3 22:30,6.685
2015/1/3 22:40,6.686
2015/1/3 22:50,6.685
2015/1/3 23:00,6.683
2015/1/3 23:10,6.686
2015/1/3 23:20,6.684
2015/1/3 23:30,6.685
2015/1/3 23:40,6.684
2015/1/3 23:50,6.685
2015/1/4 0:00,6.686
2015/1/4 0:10,6.686
2015/1/4 0:20,6.686
2015/1/4 0:30,6.684
2015/1/4 0:40,6.683
2015/1/4 0:50,6.684
2015/1/4 1:00,6.685
2015/1/4 1:10,6.685
2015/1/4 1:20,6.685
2015/1/4 1:30,6.684
2015/1/4 1:40,6.685
2015/1/4 1:50,6.685
2015/1/4 2:00,6.687
2015/1/4 2:10,6.685
2015/1/4 2:20,6.685
2015/1/4 2:30,6.686
2015/1/4 2:40,6.686
2015/1/4 2:50,6.689
2015/1/4 3:00,6.683
2015/1/4 3:10,6.684
2015/1/4 3:20,6.685
2015/1/4 3:30,6.682
2015/1/4 3:40,6.683
2015/1/4 3:50,6.683
2015/1/4 4:00,6.684
2015/1/4 4:10,6.685
2015/1/4 4:20,6.684
2015/1/4 4:30,6.683
2015/1/4 4:40,6.685
2015/1/4 4:50,6.687
2015/1/4 5:00,6.685
2015/1/4 5:10,6.685
2015/1/4 5:20,6.684
2015/1/4 5:30,6.683
2015/1/4 5:40,6.682
2015/1/4 5:50,6.683
2015/1/4 6:00,6.683
2015/1/4 6:10,6.683
2015/1/4 6:20,6.682
2015/1/4 6:30,6.682
2015/1/4 6:40,6.683
2015/1/4 6:50,6.684
2015/1/4 7:00,6.683
2015/1/4 7:10,6.681
2015/1/4 7:20,6.683
2015/1/4 7:30,6.683
2015/1/4 7:40,6.681
2015/1/4 7:50,6.681
2015/1/4 8:00,6.682
2015/1/4 8:10,6.682
2015/1/4 8:20,6.684
2015/1/4 8:30,6.682
2015/1/4 8:40,6.682
2015/1/4 8:50,6.681
2015/1/4 9:00,6.682
2015/1/4 9:10,6.684
2015/1/4 9:20,6.682
2015/1/4 9:30,6.683
2015/1/4 9:40,6.684
2015/1/4 9:50,6.684
2015/1/4 10:00,6.682
2015/1/4 10:10,6.682
2015/1/4 10:20,6.681
2015/1/4 10:30,6.682
2015/1/4 10:40,6.682
2015/1/4 10:50,6.683
2015/1/4 11:00,6.682
2015/1/4 11:10,6.681
2015/1/4 11:20,6.681
2015/1/4 11:30,6.682
2015/1/4 11:40,6.682
2015/1/4 11:50,6.683
2015/1/4 12:00,6.683
2015/1/4 12:10,6.679
2015/1/4 12:20,6.682
2015/1/4 12:30,6.683
2015/1/4 12:40,6.683
2015/1/4 12:50,6.681
2015/1/4 13:00,6.683
2015/1/4 13:10,6.683
2015/1/4 13:20,6.68
2015/1/4 13:30,6.681
2015/1/4 13:40,6.687
2015/1/4 13:50,6.684
2015/1/4 14:00,6.683
2015/1/4 14:10,6.683
2015/1/4 14:20,6.682
2015/1/4 14:30,6.683
2015/1/4 14:40,6.682
2015/1/4 14:50,6.681
2015/1/4 15:00,6.686
2015/1/4 15:10,6.684
2015/1/4 15:20,6.685
2015/1/4 15:30,6.684
2015/1/4 15:40,6.683
2015/1/4 15:50,6.681
2015/1/4 16:00,6.684
2015/1/4 16:10,6.679
2015/1/4 16:20,6.683
2015/1/4 16:30,6.682
2015/1/4 16:40,6.681
2015/1/4 16:50,6.681
2015/1/4 17:00,6.681
2015/1/4 17:10,6.681
2015/1/4 17:20,6.681
2015/1/4 17:30,6.68
2015/1/4 17:40,6.679
2015/1/4 17:50,6.683
2015/1/4 18:00,6.682
2015/1/4 18:10,6.682
2015/1/4 18:20,6.681
2015/1/4 18:30,6.682
2015/1/4 18:40,6.68
2015/1/4 18:50,6.679
2015/1/4 19:00,6.678
2015/1/4 19:10,6.678
2015/1/4 19:20,6.68
2015/1/4 19:30,6.679
2015/1/4 19:40,6.678
2015/1/4 19:50,6.68
2015/1/4 20:00,6.677
2015/1/4 20:10,6.679
2015/1/4 20:20,6.68
2015/1/4 20:30,6.678
2015/1/4 20:40,6.68
2015/1/4 20:50,6.679
2015/1/4 21:00,6.679
2015/1/4 21:10,6.679
2015/1/4 21:20,6.679
2015/1/4 21:30,6.678
2015/1/4 21:40,6.678
2015/1/4 21:50,6.68
2015/1/4 22:00,6.68
2015/1/4 22:10,6.679
2015/1/4 22:20,6.68
2015/1/4 22:30,6.679
2015/1/4 22:40,6.681
2015/1/4 22:50,6.681
2015/1/4 23:00,6.681
2015/1/4 23:10,6.681
2015/1/4 23:20,6.682
2015/1/4 23:30,6.681
2015/1/4 23:40,6.681
2015/1/4 23:50,6.679
2015/1/5 0:00,6.678
2015/1/5 0:10,6.677
2015/1/5 0:20,6.678
2015/1/5 0:30,6.68
2015/1/5 0:40,6.68
2015/1/5 0:50,6.679
2015/1/5 1:00,6.679
2015/1/5 1:10,6.68
2015/1/5 1:20,6.678
2015/1/5 1:30,6.677
2015/1/5 1:40,6.679
2015/1/5 1:50,6.679
2015/1/5 2:00,6.68
2015/1/5 2:10,6.678
2015/1/5 2:20,6.681
2015/1/5 2:30,6.678
2015/1/5 2:40,6.677
2015/1/5 2:50,6.675
2015/1/5 3:00,6.675
2015/1/5 3:10,6.677
2015/1/5 3:20,6.678
2015/1/5 3:30,6.678
2015/1/5 3:40,6.674
2015/1/5 3:50,6.676
2015/1/5 4:00,6.677
2015/1/5 4:10,6.675
2015/1/5 4:20,6.676
2015/1/5 4:30,6.676
2015/1/5 4:40,6.677
2015/1/5 4:50,6.677
2015/1/5 5:00,6.675
2015/1/5 5:10,6.676
2015/1/5 5:20,6.676
2015/1/5 5:30,6.674
2015/1/5 5:40,6.675
2015/1/5 5:50,6.677
2015/1/5 6:00,6.675
2015/1/5 6:10,6.674
2015/1/5 6:20,6.674
2015/1/5 6:30,6.675
2015/1/5 6:40,6.673
2015/1/5 6:50,6.676
2015/1/5 7:00,6.676
2015/1/5 7:10,6.676
2015/1/5 7:20,6.677
2015/1/5 7:30,6.677
2015/1/5 7:40,6.674
2015/1/5 7:50,6.674
2015/1/5 8:00,6.673
2015/1/5 8:10,6.673
2015/1/5 8:20,6.673
2015/1/5 8:30,6.671
2015/1/5 8:40,6.675
2015/1/5 8:50,6.675
2015/1/5 9:00,6.675
2015/1/5 9:10,6.674
2015/1/5 9:20,6.671
2015/1/5 9:30,6.675
2015/1/5 9:40,6.675
2015/1/5 9:50,6.674
2015/1/5 10:00,6.671
2015/1/5 10:10,6.675
2015/1/5 10:20,6.671
2015/1/5 10:30,6.672
2015/1/5 10:40,6.674
2015/1/5 10:50,6.671
2015/1/5 11:00,6.672
2015/1/5 11:10,6.674
2015/1/5 11:20,6.677
2015/1/5 11:30,6.672
2015/1/5 11:40,6.673
2015/1/5 11:50,6.671
2015/1/5 12:00,6.673
2015/1/5 12:10,6.673
2015/1/5 12:20,6.672
2015/1/5 12:30,6.674
2015/1/5 12:40,6.673
2015/1/5 12:50,6.673
2015/1/5 13:00,6.671
2015/1/5 13:10,6.672
2015/1/5 13:20,6.673
2015/1/5 13:30,6.672
2015/1/5 13:40,6.671
2015/1/5 13:50,6.669
2015/1/5 14:00,6.669
2015/1/5 14:10,6.671
2015/1/5 14:20,6.672
2015/1/5 14:30,6.671
2015/1/5 14:40,6.673
2015/1/5 14:50,6.669
2015/1/5 15:00,6.671
2015/1/5 15:10,6.671
2015/1/5 15:20,6.672
2015/1/5 15:30,6.672
2015/1/5 15:40,6.67
2015/1/5 15:50,6.67
2015/1/5 16:00,6.669
2015/1/5 16:10,6.671
2015/1/5 16:20,6.669
2015/1/5 16:30,6.671
2015/1/5 16:40,6.671
2015/1/5 16:50,6.673
2015/1/5 17:00,6.672
2015/1/5 17:10,6.671
2015/1/5 17:20,6.67
2015/1/5 17:30,6.67
2015/1/5 17:40,6.668
2015/1/5 17:50,6.669
2015/1/5 18:00,6.669
2015/1/5 18:10,6.667
2015/1/5 18:20,6.668
2015/1/5 18:30,6.667
2015/1/5 18:40,6.669
2015/1/5 18:50,6.669
2015/1/5 19:00,6.669
2015/1/5 19:10,6.669
2015/1/5 19:20,6.667
2015/1/5 19:30,6.668
2015/1/5 19:40,6.669
2015/1/5 19:50,6.668
2015/1/5 20:00,6.67
2015/1/5 20:10,6.669
2015/1/5 20:20,6.667
2015/1/5 20:30,6.667
2015/1/5 20:40,6.665
2015/1/5 20:50,6.665
2015/1/5 21:00,6.667
2015/1/5 21:10,6.668
2015/1/5 21:20,6.667
2015/1/5 21:30,6.668
2015/1/5 21:40,6.667
2015/1/5 21:50,6.666
2015/1/5 22:00,6.668
2015/1/5 22:10,6.667
2015/1/5 22:20,6.668
2015/1/5 22:30,6.667
2015/1/5 22:40,6.666
2015/1/5 22:50,6.666
2015/1/5 23:00,6.666
2015/1/5 23:10,6.667
2015/1/5 23:20,6.668
2015/1/5 23:30,6.667
2015/1/5 23:40,6.667
2015/1/5 23:50,6.666
2015/1/6 0:00,6.665
2015/1/6 0:10,6.666
2015/1/6 0:20,6.664
2015/1/6 0:30,6.664
2015/1/6 0:40,6.663
2015/1/6 0:50,6.664
2015/1/6 1:00,6.666
2015/1/6 1:10,6.668
2015/1/6 1:20,6.665
2015/1/6 1:30,6.667
2015/1/6 1:40,6.667
2015/1/6 1:50,6.669
2015/1/6 2:00,6.666
2015/1/6 2:10,6.666
2015/1/6 2:20,6.665
2015/1/6 2:30,6.666
2015/1/6 2:40,6.666
2015/1/6 2:50,6.669
2015/1/6 3:00,6.671
2015/1/6 3:10,6.665
2015/1/6 3:20,6.672
2015/1/6 3:30,6.669
2015/1/6 3:40,6.674
2015/1/6 3:50,6.671
2015/1/6 4:00,6.673
2015/1/6 4:10,6.677
2015/1/6 4:20,6.677
2015/1/6 4:30,6.677
2015/1/6 4:40,6.676
2015/1/6 4:50,6.677
2015/1/6 5:00,6.676
2015/1/6 5:10,6.677
2015/1/6 5:20,6.677
2015/1/6 5:30,6.677
2015/1/6 5:40,6.676
2015/1/6 5:50,6.677
2015/1/6 6:00,6.678
2015/1/6 6:10,6.678
2015/1/6 6:20,6.679
2015/1/6 6:30,6.68
2015/1/6 6:40,6.679
2015/1/6 6:50,6.679
2015/1/6 7:00,6.679
2015/1/6 7:10,6.679
2015/1/6 7:20,6.68
2015/1/6 7:30,6.68
2015/1/6 7:40,6.681
2015/1/6 7:50,6.681
2015/1/6 8:00,6.678
2015/1/6 8:10,6.678
2015/1/6 8:20,6.679
2015/1/6 8:30,6.679
2015/1/6 8:40,6.681
2015/1/6 8:50,6.682
2015/1/6 9:00,6.679
2015/1/6 9:10,6.68
2015/1/6 9:20,6.679
2015/1/6 9:30,6.678
2015/1/6 9:40,6.677
2015/1/6 9:50,6.678
2015/1/6 10:00,6.678
2015/1/6 10:10,6.679
2015/1/6 10:20,6.681
2015/1/6 10:30,6.677
2015/1/6 10:40,6.676
2015/1/6 10:50,6.677
2015/1/6 11:00,6.677
2015/1/6 11:10,6.679
2015/1/6 11:20,6.678
2015/1/6 11:30,6.675
2015/1/6 11:40,6.676
2015/1/6 11:50,6.676
2015/1/6 12:00,6.677
2015/1/6 12:10,6.675
2015/1/6 12:20,6.676
2015/1/6 12:30,6.675
2015/1/6 12:40,6.674
2015/1/6 12:50,6.673
2015/1/6 13:00,6.675
2015/1/6 13:10,6.675
2015/1/6 13:20,6.675
2015/1/6 13:30,6.675
2015/1/6 13:40,6.674
2015/1/6 13:50,6.673
2015/1/6 14:00,6.673
2015/1/6 14:10,6.675
2015/1/6 14:20,6.674
2015/1/6 14:30,6.674
2015/1/6 14:40,6.675
2015/1/6 14:50,6.678
2015/1/6 15:00,6.675
2015/1/6 15:10,6.675
2015/1/6 15:20,6.675
2015/1/6 15:30,6.675
2015/1/6 15:40,6.674
2015/1/6 15:50,6.674
2015/1/6 16:00,6.674
2015/1/6 16:10,6.673
2015/1/6 16:20,6.67
2015/1/6 16:30,6.67
2015/1/6 16:40,6.671
2015/1/6 16:50,6.671
2015/1/6 17:00,6.669
2015/1/6 17:10,6.671
2015/1/6 17:20,6.67
2015/1/6 17:30,6.67
2015/1/6 17:40,6.673
2015/1/6 17:50,6.673
2015/1/6 18:00,6.673
2015/1/6 18:10,6.674
2015/1/6 18:20,6.673
2015/1/6 18:30,6.672
2015/1/6 18:40,6.672
2015/1/6 18:50,6.671
2015/1/6 19:00,6.672
2015/1/6 19:10,6.669
2015/1/6 19:20,6.67
2015/1/6 19:30,6.67
2015/1/6 19:40,6.669
2015/1/6 19:50,6.669
2015/1/6 20:00,6.671
2015/1/6 20:10,6.671
2015/1/6 20:20,6.67
2015/1/6 20:30,6.669
2015/1/6 20:40,6.672
2015/1/6 20:50,6.67
2015/1/6 21:00,6.67
2015/1/6 21:10,6.671
2015/1/6 21:20,6.672
2015/1/6 21:30,6.672
2015/1/6 21:40,6.672
2015/1/6 21:50,6.669
2015/1/6 22:00,6.671
2015/1/6 22:10,6.671
2015/1/6 22:20,6.671
2015/1/6 22:30,6.671
2015/1/6 22:40,6.671
2015/1/6 22:50,6.67
2015/1/6 23:00,6.672
2015/1/6 23:10,6.672
2015/1/6 23:20,6.675
2015/1/6 23:30,6.673
2015/1/6 23:40,6.673
2015/1/6 23:50,6.675
2015/1/7 0:00,6.675
2015/1/7 0:10,6.672
2015/1/7 0:20,6.673
2015/1/7 0:30,6.673
2015/1/7 0:40,6.674
2015/1/7 0:50,6.676
2015/1/7 1:00,6.675
2015/1/7 1:10,6.674
2015/1/7 1:20,6.674
2015/1/7 1:30,6.673
2015/1/7 1:40,6.673
2015/1/7 1:50,6.671
2015/1/7 2:00,6.67
2015/1/7 2:10,6.669
2015/1/7 2:20,6.67
2015/1/7 2:30,6.671
2015/1/7 2:40,6.669
2015/1/7 2:50,6.668
2015/1/7 3:00,6.669
2015/1/7 3:10,6.672
2015/1/7 3:20,6.67
2015/1/7 3:30,6.669
2015/1/7 3:40,6.669
2015/1/7 3:50,6.67
2015/1/7 4:00,6.67
2015/1/7 4:10,6.669
2015/1/7 4:20,6.666
2015/1/7 4:30,6.664
2015/1/7 4:40,6.665
2015/1/7 4:50,6.665
2015/1/7 5:00,6.667
2015/1/7 5:10,6.67
2015/1/7 5:20,6.665
2015/1/7 5:30,6.665
2015/1/7 5:40,6.663
2015/1/7 5:50,6.659
2015/1/7 6:00,6.663
2015/1/7 6:10,6.661
2015/1/7 6:20,6.661
2015/1/7 6:30,6.66
2015/1/7 6:40,6.661
2015/1/7 6:50,6.664
2015/1/7 7:00,6.664
2015/1/7 7:10,6.661
2015/1/7 7:20,6.66
2015/1/7 7:30,6.662
2015/1/7 7:40,6.662
2015/1/7 7:50,6.661
2015/1/7 8:00,6.665
2015/1/7 8:10,6.666
2015/1/7 8:20,6.666
2015/1/7 8:30,6.666
2015/1/7 8:40,6.665
2015/1/7 8:50,6.664
2015/1/7 9:00,6.662
2015/1/7 9:10,6.662
2015/1/7 9:20,6.664
2015/1/7 9:30,6.666
2015/1/7 9:40,6.663
2015/1/7 9:50,6.667
2015/1/7 10:00,6.667
2015/1/7 10:10,6.668
2015/1/7 10:20,6.666
2015/1/7 10:30,6.67
2015/1/7 10:40,6.671
2015/1/7 10:50,6.671
2015/1/7 11:00,6.667
2015/1/7 11:10,6.668
2015/1/7 11:20,6.671
2015/1/7 11:30,6.672
2015/1/7 11:40,6.674
2015/1/7 11:50,6.675
2015/1/7 12:00,6.676
2015/1/7 12:10,6.675
2015/1/7 12:20,6.674
2015/1/7 12:30,6.674
2015/1/7 12:40,6.675
2015/1/7 12:50,6.675
2015/1/7 13:00,6.673
2015/1/7 13:10,6.674
2015/1/7 13:20,6.675
2015/1/7 13:30,6.671
2015/1/7 13:40,6.67
2015/1/7 13:50,6.668
2015/1/7 14:00,6.667
2015/1/7 14:10,6.664
2015/1/7 14:20,6.662
2015/1/7 14:30,6.664
2015/1/7 14:40,6.663
2015/1/7 14:50,6.662
2015/1/7 15:00,6.661
2015/1/7 15:10,6.662
2015/1/7 15:20,6.664
2015/1/7 15:30,6.661
2015/1/7 15:40,6.663
2015/1/7 15:50,6.661
2015/1/7 16:00,6.661
2015/1/7 16:10,6.661
2015/1/7 16:20,6.661
2015/1/7 16:30,6.659
2015/1/7 16:40,6.659
2015/1/7 16:50,6.662
2015/1/7 17:00,6.659
2015/1/7 17:10,6.659
2015/1/7 17:20,6.658
2015/1/7 17:30,6.654
2015/1/7 17:40,6.656
2015/1/7 17:50,6.656
2015/1/7 18:00,6.656
2015/1/7 18:10,6.655
2015/1/7 18:20,6.653
2015/1/7 18:30,6.651
2015/1/7 18:40,6.652
2015/1/7 18:50,6.652
2015/1/7 19:00,6.652
2015/1/7 19:10,6.656
2015/1/7 19:20,6.654
2015/1/7 19:30,6.655
2015/1/7 19:40,6.656
2015/1/7 19:50,6.656
2015/1/7 20:00,6.659
2015/1/7 20:10,6.659
2015/1/7 20:20,6.658
2015/1/7 20:30,6.659
2015/1/7 20:40,6.66
2015/1/7 20:50,6.663
2015/1/7 21:00,6.662
2015/1/7 21:10,6.663
2015/1/7 21:20,6.665
2015/1/7 21:30,6.662
2015/1/7 21:40,6.661
2015/1/7 21:50,6.662
2015/1/7 22:00,6.66
2015/1/7 22:10,6.66
2015/1/7 22:20,6.662
2015/1/7 22:30,6.659
2015/1/7 22:40,6.66
2015/1/7 22:50,6.661
2015/1/7 23:00,6.662
2015/1/7 23:10,6.667
2015/1/7 23:20,6.668
2015/1/7 23:30,6.665
2015/1/7 23:40,6.665
2015/1/7 23:50,6.665
2015/1/8 0:00,6.666
2015/1/8 0:10,6.666
2015/1/8 0:20,6.666
2015/1/8 0:30,6.666
2015/1/8 0:40,6.668
2015/1/8 0:50,6.669
2015/1/8 1:00,6.67
2015/1/8 1:10,6.668
2015/1/8 1:20,6.668
2015/1/8 1:30,6.665
2015/1/8 1:40,6.662
2015/1/8 1:50,6.66
2015/1/8 2:00,6.662
2015/1/8 2:10,6.656
2015/1/8 2:20,6.66
2015/1/8 2:30,6.659
2015/1/8 2:40,6.659
2015/1/8 2:50,6.66
2015/1/8 3:00,6.661
2015/1/8 3:10,6.661
2015/1/8 3:20,6.66
2015/1/8 3:30,6.66
2015/1/8 3:40,6.659
2015/1/8 3:50,6.659
2015/1/8 4:00,6.659
2015/1/8 4:10,6.661
2015/1/8 4:20,6.66
2015/1/8 4:30,6.662
2015/1/8 4:40,6.663
2015/1/8 4:50,6.667
2015/1/8 5:00,6.668
2015/1/8 5:10,6.667
2015/1/8 5:20,6.668
2015/1/8 5:30,6.669
2015/1/8 5:40,6.668
2015/1/8 5:50,6.664
2015/1/8 6:00,6.661
2015/1/8 6:10,6.662
2015/1/8 6:20,6.663
2015/1/8 6:30,6.665
2015/1/8 6:40,6.666
2015/1/8 6:50,6.667
2015/1/8 7:00,6.666
2015/1/8 7:10,6.666
2015/1/8 7:20,6.665
2015/1/8 7:30,6.666
2015/1/8 7:40,6.666
2015/1/8 7:50,6.667
2015/1/8 8:00,6.668
2015/1/8 8:10,6.669
2015/1/8 8:20,6.668
2015/1/8 8:30,6.669
2015/1/8 8:40,6.673
2015/1/8 8:50,6.673
2015/1/8 9:00,6.673
2015/1/8 9:10,6.673
2015/1/8 9:20,6.674
2015/1/8 9:30,6.675
2015/1/8 9:40,6.672
2015/1/8 9:50,6.672
2015/1/8 10:00,6.673
2015/1/8 10:10,6.673
2015/1/8 10:20,6.675
2015/1/8 10:30,6.68
2015/1/8 10:40,6.681
2015/1/8 10:50,6.684
2015/1/8 11:00,6.684
2015/1/8 11:10,6.686
2015/1/8 11:20,6.688
2015/1/8 11:30,6.687
2015/1/8 11:40,6.688
2015/1/8 11:50,6.688
2015/1/8 12:00,6.688
2015/1/8 12:10,6.687
2015/1/8 12:20,6.687
2015/1/8 12:30,6.685
2015/1/8 12:40,6.685
2015/1/8 12:50,6.681
2015/1/8 13:00,6.678
2015/1/8 13:10,6.678
2015/1/8 13:20,6.676
2015/1/8 13:30,6.676
2015/1/8 13:40,6.675
2015/1/8 13:50,6.674
2015/1/8 14:00,6.671
2015/1/8 14:10,6.673
2015/1/8 14:20,6.669
2015/1/8 14:30,6.669
2015/1/8 14:40,6.666
2015/1/8 14:50,6.664
2015/1/8 15:00,6.661
2015/1/8 15:10,6.662
2015/1/8 15:20,6.662
2015/1/8 15:30,6.659
2015/1/8 15:40,6.655
2015/1/8 15:50,6.653
2015/1/8 16:00,6.653
2015/1/8 16:10,6.649
2015/1/8 16:20,6.644
2015/1/8 16:30,6.644
2015/1/8 16:40,6.646
2015/1/8 16:50,6.646
2015/1/8 17:00,6.644
2015/1/8 17:10,6.645
2015/1/8 17:20,6.647
2015/1/8 17:30,6.649
2015/1/8 17:40,6.65
2015/1/8 17:50,6.65
2015/1/8 18:00,6.649
2015/1/8 18:10,6.651
2015/1/8 18:20,6.653
2015/1/8 18:30,6.657
2015/1/8 18:40,6.656
2015/1/8 18:50,6.655
2015/1/8 19:00,6.653
2015/1/8 19:10,6.655
2015/1/8 19:20,6.657
2015/1/8 19:30,6.657
2015/1/8 19:40,6.657
2015/1/8 19:50,6.66
2015/1/8 20:00,6.661
2015/1/8 20:10,6.662
2015/1/8 20:20,6.66
2015/1/8 20:30,6.664
2015/1/8 20:40,6.666
2015/1/8 20:50,6.663
2015/1/8 21:00,6.665
2015/1/8 21:10,6.666
2015/1/8 21:20,6.664
2015/1/8 21:30,6.667
2015/1/8 21:40,6.668
2015/1/8 21:50,6.668
2015/1/8 22:00,6.669
2015/1/8 22:10,6.669
2015/1/8 22:20,6.67
2015/1/8 22:30,6.671
2015/1/8 22:40,6.672
2015/1/8 22:50,6.673
2015/1/8 23:00,6.676
2015/1/8 23:10,6.677
2015/1/8 23:20,6.677
2015/1/8 23:30,6.678
2015/1/8 23:40,6.677
2015/1/8 23:50,6.678
2015/1/9 0:00,6.678
2015/1/9 0:10,6.68
2015/1/9 0:20,6.68
2015/1/9 0:30,6.68
2015/1/9 0:40,6.679
2015/1/9 0:50,6.68
2015/1/9 1:00,6.675
2015/1/9 1:10,6.675
2015/1/9 1:20,6.671
2015/1/9 1:30,6.668
2015/1/9 1:40,6.667
2015/1/9 1:50,6.668
2015/1/9 2:00,6.671
2015/1/9 2:10,6.668
2015/1/9 2:20,6.667
2015/1/9 2:30,6.665
2015/1/9 2:40,6.662
2015/1/9 2:50,6.662
2015/1/9 3:00,6.663
2015/1/9 3:10,6.66
2015/1/9 3:20,6.658
2015/1/9 3:30,6.656
2015/1/9 3:40,6.655
2015/1/9 3:50,6.656
2015/1/9 4:00,6.656
2015/1/9 4:10,6.652
2015/1/9 4:20,6.649
2015/1/9 4:30,6.647
2015/1/9 4:40,6.648
2015/1/9 4:50,6.647
2015/1/9 5:00,6.649
2015/1/9 5:10,6.648
2015/1/9 5:20,6.647
2015/1/9 5:30,6.649
2015/1/9 5:40,6.648
2015/1/9 5:50,6.651
2015/1/9 6:00,6.653
2015/1/9 6:10,6.653
2015/1/9 6:20,6.652
2015/1/9 6:30,6.654
2015/1/9 6:40,6.658
2015/1/9 6:50,6.658
2015/1/9 7:00,6.66
2015/1/9 7:10,6.661
2015/1/9 7:20,6.663
2015/1/9 7:30,6.667
2015/1/9 7:40,6.668
2015/1/9 7:50,6.669
2015/1/9 8:00,6.669
2015/1/9 8:10,6.669
2015/1/9 8:20,6.671
2015/1/9 8:30,6.673
2015/1/9 8:40,6.673
2015/1/9 8:50,6.675
2015/1/9 9:00,6.674
2015/1/9 9:10,6.676
2015/1/9 9:20,6.676
2015/1/9 9:30,6.676
2015/1/9 9:40,6.678
2015/1/9 9:50,6.677
2015/1/9 10:00,6.68
2015/1/9 10:10,6.679
2015/1/9 10:20,6.681
2015/1/9 10:30,6.682
2015/1/9 10:40,6.684
2015/1/9 10:50,6.687
2015/1/9 11:00,6.69
2015/1/9 11:10,6.689
2015/1/9 11:20,6.69
2015/1/9 11:30,6.691
2015/1/9 11:40,6.694
2015/1/9 11:50,6.692
2015/1/9 12:00,6.691
2015/1/9 12:10,6.693
2015/1/9 12:20,6.69
2015/1/9 12:30,6.688
2015/1/9 12:40,6.69
2015/1/9 12:50,6.687
2015/1/9 13:00,6.688
2015/1/9 13:10,6.684
2015/1/9 13:20,6.681
2015/1/9 13:30,6.682
2015/1/9 13:40,6.678
2015/1/9 13:50,6.678
2015/1/9 14:00,6.676
2015/1/9 14:10,6.673
2015/1/9 14:20,6.673
2015/1/9 14:30,6.671
2015/1/9 14:40,6.671
2015/1/9 14:50,6.667
2015/1/9 15:00,6.665
2015/1/9 15:10,6.663
2015/1/9 15:20,6.661
2015/1/9 15:30,6.659
2015/1/9 15:40,6.653
2015/1/9 15:50,6.653
2015/1/9 16:00,6.653
2015/1/9 16:10,6.652
2015/1/9 16:20,6.652
2015/1/9 16:30,6.65
2015/1/9 16:40,6.649
2015/1/9 16:50,6.647
2015/1/9 17:00,6.647
2015/1/9 17:10,6.647
2015/1/9 17:20,6.647
2015/1/9 17:30,6.647
2015/1/9 17:40,6.65
2015/1/9 17:50,6.651
2015/1/9 18:00,6.651
2015/1/9 18:10,6.649
2015/1/9 18:20,6.65
2015/1/9 18:30,6.653
2015/1/9 18:40,6.651
2015/1/9 18:50,6.654
2015/1/9 19:00,6.655
2015/1/9 19:10,6.656
2015/1/9 19:20,6.66
2015/1/9 19:30,6.66
2015/1/9 19:40,6.66
2015/1/9 19:50,6.663
2015/1/9 20:00,6.663
2015/1/9 20:10,6.665
2015/1/9 20:20,6.667
2015/1/9 20:30,6.668
2015/1/9 20:40,6.669
2015/1/9 20:50,6.671
2015/1/9 21:00,6.672
2015/1/9 21:10,6.672
2015/1/9 21:20,6.674
2015/1/9 21:30,6.676
2015/1/9 21:40,6.677
2015/1/9 21:50,6.682
2015/1/9 22:00,6.681
2015/1/9 22:10,6.683
2015/1/9 22:20,6.684
2015/1/9 22:30,6.684
2015/1/9 22:40,6.687
2015/1/9 22:50,6.688
2015/1/9 23:00,6.689
2015/1/9 23:10,6.692
2015/1/9 23:20,6.69
2015/1/9 23:30,6.689
2015/1/9 23:40,6.687
2015/1/9 23:50,6.683
2015/1/10 0:00,6.68
2015/1/10 0:10,6.678
2015/1/10 0:20,6.676
2015/1/10 0:30,6.674
2015/1/10 0:40,6.673
2015/1/10 0:50,6.672
2015/1/10 1:00,6.67
2015/1/10 1:10,6.668
2015/1/10 1:20,6.668
2015/1/10 1:30,6.667
2015/1/10 1:40,6.665
2015/1/10 1:50,6.665
2015/1/10 2:00,6.665
2015/1/10 2:10,6.662
2015/1/10 2:20,6.662
2015/1/10 2:30,6.664
2015/1/10 2:40,6.663
2015/1/10 2:50,6.662
2015/1/10 3:00,6.659
2015/1/10 3:10,6.661
2015/1/10 3:20,6.661
2015/1/10 3:30,6.658
2015/1/10 3:40,6.66
2015/1/10 3:50,6.657
2015/1/10 4:00,6.656
2015/1/10 4:10,6.659
2015/1/10 4:20,6.658
2015/1/10 4:30,6.656
2015/1/10 4:40,6.656
2015/1/10 4:50,6.653
2015/1/10 5:00,6.652
2015/1/10 5:10,6.655
2015/1/10 5:20,6.654
2015/1/10 5:30,6.654
2015/1/10 5:40,6.653
2015/1/10 5:50,6.654
2015/1/10 6:00,6.656
2015/1/10 6:10,6.654
2015/1/10 6:20,6.654
2015/1/10 6:30,6.654
2015/1/10 6:40,6.657
2015/1/10 6:50,6.659
2015/1/10 7:00,6.657
2015/1/10 7:10,6.659
2015/1/10 7:20,6.661
2015/1/10 7:30,6.665
2015/1/10 7:40,6.666
2015/1/10 7:50,6.668
2015/1/10 8:00,6.668
2015/1/10 8:10,6.669
2015/1/10 8:20,6.671
2015/1/10 8:30,6.672
2015/1/10 8:40,6.67
2015/1/10 8:50,6.669
2015/1/10 9:00,6.668
2015/1/10 9:10,6.67
2015/1/10 9:20,6.672
2015/1/10 9:30,6.671
2015/1/10 9:40,6.674
2015/1/10 9:50,6.675
2015/1/10 10:00,6.675
2015/1/10 10:20,6.679
2015/1/10 10:30,6.677
2015/1/10 10:40,6.676
2015/1/10 10:50,6.679
2015/1/10 11:00,6.68
2015/1/10 11:10,6.679
2015/1/10 11:20,6.678
2015/1/10 11:30,6.676
2015/1/10 11:40,6.676
2015/1/10 11:50,6.678
2015/1/10 12:00,6.676
2015/1/10 12:10,6.678
2015/1/10 12:20,6.679
2015/1/10 12:30,6.678
2015/1/10 12:40,6.679
2015/1/10 12:50,6.681
2015/1/10 13:00,6.678
2015/1/10 13:10,6.678
2015/1/10 13:20,6.677
2015/1/10 13:30,6.677
2015/1/10 13:40,6.676
2015/1/10 13:50,6.676
2015/1/10 14:00,6.677
2015/1/10 14:10,6.675
2015/1/10 14:20,6.677
2015/1/10 14:30,6.676
2015/1/10 14:40,6.677
2015/1/10 14:50,6.678
2015/1/10 15:00,6.676
2015/1/10 15:10,6.676
2015/1/10 15:20,6.675
2015/1/10 15:30,6.676
2015/1/10 15:40,6.677
2015/1/10 15:50,6.678
2015/1/10 16:00,6.678
2015/1/10 16:10,6.678
2015/1/10 16:20,6.678
2015/1/10 16:30,6.678
2015/1/10 16:40,6.678
2015/1/10 16:50,6.676
2015/1/10 17:00,6.677
2015/1/10 17:10,6.675
2015/1/10 17:20,6.677
2015/1/10 17:30,6.676
2015/1/10 17:40,6.679
2015/1/10 17:50,6.679
2015/1/10 18:00,6.678
2015/1/10 18:10,6.679
2015/1/10 18:20,6.678
2015/1/10 18:30,6.677
2015/1/10 18:40,6.679
2015/1/10 18:50,6.677
2015/1/10 19:00,6.679
2015/1/10 19:10,6.679
2015/1/10 19:20,6.678
2015/1/10 19:30,6.678
2015/1/10 19:40,6.678
2015/1/10 19:50,6.679
2015/1/10 20:00,6.678
2015/1/10 20:10,6.678
2015/1/10 20:20,6.678
2015/1/10 20:30,6.678
2015/1/10 20:40,6.68
2015/1/10 20:50,6.678
2015/1/10 21:00,6.679
2015/1/10 21:10,6.68
2015/1/10 21:20,6.679
2015/1/10 21:30,6.679
2015/1/10 21:40,6.678
2015/1/10 21:50,6.678
2015/1/10 22:00,6.678
2015/1/10 22:10,6.679
2015/1/10 22:20,6.679
2015/1/10 22:30,6.68
2015/1/10 22:40,6.683
2015/1/10 22:50,6.681
2015/1/10 23:00,6.681
2015/1/10 23:10,6.682
2015/1/10 23:20,6.679
2015/1/10 23:30,6.682
2015/1/10 23:40,6.68
2015/1/10 23:50,6.682
2015/1/11 0:00,6.68
2015/1/11 0:10,6.68
2015/1/11 0:20,6.684
2015/1/11 0:30,6.684
2015/1/11 0:40,6.681
2015/1/11 0:50,6.684
2015/1/11 1:00,6.684
2015/1/11 1:10,6.683
2015/1/11 1:20,6.684
2015/1/11 1:30,6.687
2015/1/11 1:40,6.686
2015/1/11 1:50,6.684
2015/1/11 2:00,6.682
2015/1/11 2:10,6.683
2015/1/11 2:20,6.681
2015/1/11 2:30,6.681
2015/1/11 2:40,6.682
2015/1/11 2:50,6.681
2015/1/11 3:00,6.682
2015/1/11 3:10,6.68
2015/1/11 3:20,6.681
2015/1/11 3:30,6.682
2015/1/11 3:40,6.682
2015/1/11 3:50,6.681
2015/1/11 4:00,6.682
2015/1/11 4:10,6.682
2015/1/11 4:20,6.681
2015/1/11 4:30,6.682
2015/1/11 4:40,6.681
2015/1/11 4:50,6.681
2015/1/11 5:00,6.681
2015/1/11 5:10,6.679
2015/1/11 5:20,6.679
2015/1/11 5:30,6.679
2015/1/11 5:40,6.679
2015/1/11 5:50,6.679
2015/1/11 6:00,6.68
2015/1/11 6:10,6.68
2015/1/11 6:20,6.68
2015/1/11 6:30,6.679
2015/1/11 6:40,6.68
2015/1/11 6:50,6.678
2015/1/11 7:00,6.678
2015/1/11 7:10,6.679
2015/1/11 7:20,6.679
2015/1/11 7:30,6.679
2015/1/11 7:40,6.679
2015/1/11 7:50,6.678
2015/1/11 8:00,6.679
2015/1/11 8:10,6.679
2015/1/11 8:20,6.681
2015/1/11 8:30,6.678
2015/1/11 8:40,6.678
2015/1/11 8:50,6.68
2015/1/11 9:00,6.68
2015/1/11 9:10,6.68
2015/1/11 9:20,6.68
2015/1/11 9:30,6.681
2015/1/11 9:40,6.68
2015/1/11 9:50,6.677
2015/1/11 10:00,6.679
2015/1/11 10:10,6.679
2015/1/11 10:20,6.679
2015/1/11 10:30,6.679
2015/1/11 10:40,6.678
2015/1/11 10:50,6.678
2015/1/11 11:00,6.68
2015/1/11 11:10,6.679
2015/1/11 11:20,6.68
2015/1/11 11:30,6.679
2015/1/11 11:40,6.678
2015/1/11 11:50,6.677
2015/1/11 12:00,6.679
2015/1/11 12:10,6.679
2015/1/11 12:20,6.678
2015/1/11 12:30,6.678
2015/1/11 12:40,6.677
2015/1/11 12:50,6.676
2015/1/11 13:00,6.675
2015/1/11 13:10,6.675
2015/1/11 13:20,6.675
2015/1/11 13:30,6.675
2015/1/11 13:40,6.676
2015/1/11 13:50,6.673
2015/1/11 14:00,6.674
2015/1/11 14:10,6.675
2015/1/11 14:20,6.677
2015/1/11 14:30,6.678
2015/1/11 14:40,6.678
2015/1/11 14:50,6.677
2015/1/11 15:00,6.679
2015/1/11 15:10,6.68
2015/1/11 15:20,6.677
2015/1/11 15:30,6.678
2015/1/11 15:40,6.678
2015/1/11 15:50,6.677
2015/1/11 16:00,6.677
2015/1/11 16:10,6.678
2015/1/11 16:20,6.678
2015/1/11 16:30,6.677
2015/1/11 16:40,6.676
2015/1/11 16:50,6.675
2015/1/11 17:00,6.676
2015/1/11 17:10,6.677
2015/1/11 17:20,6.674
2015/1/11 17:30,6.674
2015/1/11 17:40,6.677
2015/1/11 17:50,6.676
2015/1/11 18:00,6.676
2015/1/11 18:10,6.677
2015/1/11 18:20,6.676
2015/1/11 18:30,6.675
2015/1/11 18:40,6.677
2015/1/11 18:50,6.678
2015/1/11 19:00,6.677
2015/1/11 19:10,6.677
2015/1/11 19:20,6.678
2015/1/11 19:30,6.677
2015/1/11 19:40,6.676
2015/1/11 19:50,6.675
2015/1/11 20:00,6.675
2015/1/11 20:10,6.678
2015/1/11 20:20,6.676
2015/1/11 20:30,6.678
2015/1/11 20:40,6.675
2015/1/11 20:50,6.675
2015/1/11 21:00,6.678
2015/1/11 21:10,6.674
2015/1/11 21:20,6.678
2015/1/11 21:30,6.676
2015/1/11 21:40,6.678
2015/1/11 21:50,6.676
2015/1/11 22:00,6.677
2015/1/11 22:10,6.676
2015/1/11 22:20,6.678
2015/1/11 22:30,6.677
2015/1/11 22:40,6.676
2015/1/11 22:50,6.677
2015/1/11 23:00,6.677
2015/1/11 23:10,6.677
2015/1/11 23:20,6.678
2015/1/11 23:30,6.676
2015/1/11 23:40,6.677
2015/1/11 23:50,6.677
2015/1/12 0:00,6.678
2015/1/12 0:10,6.68
2015/1/12 0:20,6.677
2015/1/12 0:30,6.676
2015/1/12 0:40,6.677
2015/1/12 0:50,6.676
2015/1/12 1:00,6.677
2015/1/12 1:10,6.677
2015/1/12 1:20,6.676
2015/1/12 1:30,6.673
2015/1/12 1:40,6.678
2015/1/12 1:50,6.677
2015/1/12 2:00,6.678
2015/1/12 2:10,6.676
2015/1/12 2:20,6.679
2015/1/12 2:30,6.677
2015/1/12 2:40,6.678
2015/1/12 2:50,6.681
2015/1/12 3:00,6.68
2015/1/12 3:10,6.678
2015/1/12 3:20,6.678
2015/1/12 3:30,6.678
2015/1/12 3:40,6.679
2015/1/12 3:50,6.677
2015/1/12 4:00,6.676
2015/1/12 4:10,6.675
2015/1/12 4:20,6.677
2015/1/12 4:30,6.677
2015/1/12 4:40,6.676
2015/1/12 4:50,6.676
2015/1/12 5:00,6.677
2015/1/12 5:10,6.675
2015/1/12 5:20,6.677
2015/1/12 5:30,6.677
2015/1/12 5:40,6.676
2015/1/12 5:50,6.675
2015/1/12 6:00,6.676
2015/1/12 6:10,6.675
2015/1/12 6:20,6.676
2015/1/12 6:30,6.676
2015/1/12 6:40,6.676
2015/1/12 6:50,6.674
2015/1/12 7:00,6.675
2015/1/12 7:10,6.675
2015/1/12 7:20,6.674
2015/1/12 7:30,6.675
2015/1/12 7:40,6.677
2015/1/12 7:50,6.677
2015/1/12 8:00,6.673
2015/1/12 8:10,6.674
2015/1/12 8:20,6.676
2015/1/12 8:30,6.676
2015/1/12 8:40,6.676
2015/1/12 8:50,6.676
2015/1/12 9:00,6.674
2015/1/12 9:10,6.673
2015/1/12 9:20,6.671
2015/1/12 9:30,6.671
2015/1/12 9:40,6.674
2015/1/12 9:50,6.674
2015/1/12 10:00,6.672
2015/1/12 10:10,6.671
2015/1/12 10:20,6.672
2015/1/12 10:30,6.673
2015/1/12 10:40,6.672
2015/1/12 10:50,6.671
2015/1/12 11:00,6.672
2015/1/12 11:10,6.672
2015/1/12 11:20,6.672
2015/1/12 11:30,6.673
2015/1/12 11:40,6.671
2015/1/12 11:50,6.673
2015/1/12 12:00,6.672
2015/1/12 12:10,6.67
2015/1/12 12:20,6.672
2015/1/12 12:30,6.672
2015/1/12 12:40,6.672
2015/1/12 12:50,6.671
2015/1/12 13:00,6.671
2015/1/12 13:10,6.673
2015/1/12 13:20,6.672
2015/1/12 13:30,6.672
2015/1/12 13:40,6.67
2015/1/12 13:50,6.671
2015/1/12 14:00,6.67
2015/1/12 14:10,6.67
2015/1/12 14:20,6.671
2015/1/12 14:30,6.671
2015/1/12 14:40,6.672
2015/1/12 14:50,6.672
2015/1/12 15:00,6.669
2015/1/12 15:10,6.669
2015/1/12 15:20,6.668
2015/1/12 15:30,6.67
2015/1/12 15:40,6.669
2015/1/12 15:50,6.668
2015/1/12 16:00,6.668
2015/1/12 16:10,6.671
2015/1/12 16:20,6.67
2015/1/12 16:30,6.668
2015/1/12 16:40,6.668
2015/1/12 16:50,6.668
2015/1/12 17:00,6.667
2015/1/12 17:10,6.67
2015/1/12 17:20,6.67
2015/1/12 17:30,6.668
2015/1/12 17:40,6.668
2015/1/12 17:50,6.669
2015/1/12 18:00,6.67
2015/1/12 18:10,6.671
2015/1/12 18:20,6.671
2015/1/12 18:30,6.669
2015/1/12 18:40,6.669
2015/1/12 18:50,6.669
2015/1/12 19:00,6.667
2015/1/12 19:10,6.67
2015/1/12 19:20,6.671
2015/1/12 19:30,6.671
2015/1/12 19:40,6.672
2015/1/12 19:50,6.671
2015/1/12 20:00,6.67
2015/1/12 20:10,6.668
2015/1/12 20:20,6.671
2015/1/12 20:30,6.669
2015/1/12 20:40,6.671
2015/1/12 20:50,6.669
2015/1/12 21:00,6.67
2015/1/12 21:10,6.67
2015/1/12 21:20,6.67
2015/1/12 21:30,6.668
2015/1/12 21:40,6.667
2015/1/12 21:50,6.668
2015/1/12 22:00,6.667
2015/1/12 22:10,6.667
2015/1/12 22:20,6.666
2015/1/12 22:30,6.666
2015/1/12 22:40,6.666
2015/1/12 22:50,6.666
2015/1/12 23:00,6.667
2015/1/12 23:10,6.667
2015/1/12 23:20,6.667
2015/1/12 23:30,6.67
2015/1/12 23:40,6.668
2015/1/12 23:50,6.666
2015/1/13 0:00,6.668
2015/1/13 0:10,6.67
2015/1/13 0:20,6.67
2015/1/13 0:30,6.668
2015/1/13 0:40,6.669
2015/1/13 0:50,6.67
2015/1/13 1:00,6.669
2015/1/13 1:10,6.669
2015/1/13 1:20,6.67
2015/1/13 1:30,6.669
2015/1/13 1:40,6.668
2015/1/13 1:50,6.669
2015/1/13 2:00,6.671
2015/1/13 2:10,6.669
2015/1/13 2:20,6.669
2015/1/13 2:30,6.672
2015/1/13 2:40,6.669
2015/1/13 2:50,6.669
2015/1/13 3:00,6.668
2015/1/13 3:10,6.668
2015/1/13 3:20,6.668
2015/1/13 3:30,6.669
2015/1/13 3:40,6.668
2015/1/13 3:50,6.67
2015/1/13 4:00,6.669
2015/1/13 4:10,6.671
2015/1/13 4:20,6.669
2015/1/13 4:30,6.668
2015/1/13 4:40,6.67
2015/1/13 4:50,6.669
2015/1/13 5:00,6.666
2015/1/13 5:10,6.667
2015/1/13 5:20,6.672
2015/1/13 5:30,6.67
2015/1/13 5:40,6.669
2015/1/13 5:50,6.668
2015/1/13 6:00,6.67
2015/1/13 6:10,6.669
2015/1/13 6:20,6.669
2015/1/13 6:30,6.667
2015/1/13 6:40,6.666
2015/1/13 6:50,6.666
2015/1/13 7:00,6.665
2015/1/13 7:10,6.666
2015/1/13 7:20,6.668
2015/1/13 7:30,6.667
2015/1/13 7:40,6.666
2015/1/13 7:50,6.667
2015/1/13 8:00,6.667
2015/1/13 8:10,6.666
2015/1/13 8:20,6.666
2015/1/13 8:30,6.665
2015/1/13 8:40,6.662
2015/1/13 8:50,6.664
2015/1/13 9:00,6.665
2015/1/13 9:10,6.663
2015/1/13 9:20,6.662
2015/1/13 9:30,6.662
2015/1/13 9:40,6.664
2015/1/13 9:50,6.663
2015/1/13 10:00,6.665
2015/1/13 10:10,6.667
2015/1/13 10:20,6.665
2015/1/13 10:30,6.664
2015/1/13 10:40,6.665
2015/1/13 10:50,6.664
2015/1/13 11:00,6.666
2015/1/13 11:10,6.664
2015/1/13 11:20,6.665
2015/1/13 11:30,6.665
2015/1/13 11:40,6.662
2015/1/13 11:50,6.663
2015/1/13 12:00,6.663
2015/1/13 12:10,6.664
2015/1/13 12:20,6.663
2015/1/13 12:30,6.664
2015/1/13 12:40,6.664
2015/1/13 12:50,6.663
2015/1/13 13:00,6.663
2015/1/13 13:10,6.662
2015/1/13 13:20,6.663
2015/1/13 13:30,6.662
2015/1/13 13:40,6.662
2015/1/13 13:50,6.664
2015/1/13 14:00,6.663
2015/1/13 14:10,6.663
2015/1/13 14:20,6.663
2015/1/13 14:30,6.663
2015/1/13 14:40,6.664
2015/1/13 14:50,6.664
2015/1/13 15:00,6.663
2015/1/13 15:10,6.663
2015/1/13 15:20,6.663
2015/1/13 15:30,6.664
2015/1/13 15:40,6.664
2015/1/13 15:50,6.661
2015/1/13 16:00,6.664
2015/1/13 16:10,6.661
2015/1/13 16:20,6.66
2015/1/13 16:30,6.66
2015/1/13 16:40,6.662
2015/1/13 16:50,6.662
2015/1/13 17:00,6.662
2015/1/13 17:10,6.662
2015/1/13 17:20,6.662
2015/1/13 17:30,6.661
2015/1/13 17:40,6.662
2015/1/13 17:50,6.661
2015/1/13 18:00,6.661
2015/1/13 18:10,6.66
2015/1/13 18:20,6.662
2015/1/13 18:30,6.661
2015/1/13 18:40,6.659
2015/1/13 18:50,6.66
2015/1/13 19:00,6.663
2015/1/13 19:10,6.661
2015/1/13 19:20,6.662
2015/1/13 19:30,6.661
2015/1/13 19:40,6.66
2015/1/13 19:50,6.66
2015/1/13 20:00,6.661
2015/1/13 20:10,6.661
2015/1/13 20:20,6.663
2015/1/13 20:30,6.662
2015/1/13 20:40,6.661
2015/1/13 20:50,6.662
2015/1/13 21:00,6.662
2015/1/13 21:10,6.661
2015/1/13 21:20,6.664
2015/1/13 21:30,6.663
2015/1/13 21:40,6.662
2015/1/13 21:50,6.662
2015/1/13 22:00,6.662
2015/1/13 22:10,6.661
2015/1/13 22:20,6.662
2015/1/13 22:30,6.662
2015/1/13 22:40,6.66
2015/1/13 22:50,6.661
2015/1/13 23:00,6.659
2015/1/13 23:10,6.662
2015/1/13 23:20,6.662
2015/1/13 23:30,6.661
2015/1/13 23:40,6.66
2015/1/13 23:50,6.661
2015/1/14 0:00,6.66
2015/1/14 0:10,6.661
2015/1/14 0:20,6.659
2015/1/14 0:30,6.66
2015/1/14 0:40,6.661
2015/1/14 0:50,6.659
2015/1/14 1:00,6.66
2015/1/14 1:10,6.663
2015/1/14 1:20,6.663
2015/1/14 1:30,6.664
2015/1/14 1:40,6.662
2015/1/14 1:50,6.661
2015/1/14 2:00,6.661
2015/1/14 2:10,6.661
2015/1/14 2:20,6.663
2015/1/14 2:30,6.664
2015/1/14 2:40,6.664
2015/1/14 2:50,6.662
2015/1/14 3:00,6.663
2015/1/14 3:10,6.663
2015/1/14 3:20,6.663
2015/1/14 3:30,6.663
2015/1/14 3:40,6.663
2015/1/14 3:50,6.662
2015/1/14 4:00,6.663
2015/1/14 4:10,6.661
2015/1/14 4:20,6.662
2015/1/14 4:30,6.662
2015/1/14 4:40,6.661
2015/1/14 4:50,6.66
2015/1/14 5:00,6.659
2015/1/14 5:10,6.663
2015/1/14 5:20,6.663
2015/1/14 5:30,6.661
2015/1/14 5:40,6.66
2015/1/14 5:50,6.658
2015/1/14 6:00,6.66
2015/1/14 6:10,6.659
2015/1/14 6:20,6.661
2015/1/14 6:30,6.66
2015/1/14 6:40,6.662
2015/1/14 6:50,6.662
2015/1/14 7:00,6.663
2015/1/14 7:10,6.662
2015/1/14 7:20,6.662
2015/1/14 7:30,6.662
2015/1/14 7:40,6.661
2015/1/14 7:50,6.661
2015/1/14 8:00,6.661
2015/1/14 8:10,6.664
2015/1/14 8:20,6.664
2015/1/14 8:30,6.665
2015/1/14 8:40,6.664
2015/1/14 8:50,6.663
2015/1/14 9:00,6.661
2015/1/14 9:10,6.661
2015/1/14 9:20,6.662
2015/1/14 9:30,6.662
2015/1/14 9:40,6.66
2015/1/14 9:50,6.66
2015/1/14 10:00,6.659
2015/1/14 10:10,6.66
2015/1/14 10:20,6.66
2015/1/14 10:30,6.66
2015/1/14 10:40,6.659
2015/1/14 10:50,6.66
2015/1/14 11:00,6.661
2015/1/14 11:10,6.659
2015/1/14 11:20,6.66
2015/1/14 11:30,6.661
2015/1/14 11:40,6.662
2015/1/14 11:50,6.662
2015/1/14 12:00,6.66
2015/1/14 12:10,6.661
2015/1/14 12:20,6.661
2015/1/14 12:30,6.662
2015/1/14 12:40,6.662
2015/1/14 12:50,6.662
2015/1/14 13:00,6.66
2015/1/14 13:10,6.66
2015/1/14 13:20,6.659
2015/1/14 13:30,6.659
2015/1/14 13:40,6.658
2015/1/14 13:50,6.657
2015/1/14 14:00,6.659
2015/1/14 14:10,6.657
2015/1/14 14:20,6.658
2015/1/14 14:30,6.659
2015/1/14 14:40,6.657
2015/1/14 14:50,6.658
2015/1/14 15:00,6.657
2015/1/14 15:10,6.659
2015/1/14 15:20,6.657
2015/1/14 15:30,6.657
2015/1/14 15:40,6.657
2015/1/14 15:50,6.657
2015/1/14 16:00,6.658
2015/1/14 16:10,6.659
2015/1/14 16:20,6.657
2015/1/14 16:30,6.657
2015/1/14 16:40,6.657
2015/1/14 16:50,6.656
2015/1/14 17:00,6.659
2015/1/14 17:10,6.656
2015/1/14 17:20,6.657
2015/1/14 17:30,6.656
2015/1/14 17:40,6.656
2015/1/14 17:50,6.657
2015/1/14 18:00,6.658
2015/1/14 18:10,6.656
2015/1/14 18:20,6.656
2015/1/14 18:30,6.657
2015/1/14 18:40,6.66
2015/1/14 18:50,6.659
2015/1/14 19:00,6.659
2015/1/14 19:10,6.66
2015/1/14 19:20,6.658
2015/1/14 19:30,6.657
2015/1/14 19:40,6.657
2015/1/14 19:50,6.657
2015/1/14 20:00,6.659
2015/1/14 20:10,6.659
2015/1/14 20:20,6.658
2015/1/14 20:30,6.657
2015/1/14 20:40,6.659
2015/1/14 20:50,6.657
2015/1/14 21:00,6.659
2015/1/14 21:10,6.658
2015/1/14 21:20,6.658
2015/1/14 21:30,6.657
2015/1/14 21:40,6.657
2015/1/14 21:50,6.658
2015/1/14 22:00,6.655
2015/1/14 22:10,6.654
2015/1/14 22:20,6.655
2015/1/14 22:30,6.654
2015/1/14 22:40,6.653
2015/1/14 22:50,6.654
2015/1/14 23:00,6.656
2015/1/14 23:10,6.654
2015/1/14 23:20,6.655
2015/1/14 23:30,6.655
2015/1/14 23:40,6.657
2015/1/14 23:50,6.657
2015/1/15 0:00,6.657
2015/1/15 0:10,6.656
2015/1/15 0:20,6.657
2015/1/15 0:30,6.657
2015/1/15 0:40,6.656
2015/1/15 0:50,6.656
2015/1/15 1:00,6.654
2015/1/15 1:10,6.657
2015/1/15 1:20,6.654
2015/1/15 1:30,6.654
2015/1/15 1:40,6.654
2015/1/15 1:50,6.655
2015/1/15 2:00,6.655
2015/1/15 2:10,6.655
2015/1/15 2:20,6.654
2015/1/15 2:30,6.656
2015/1/15 2:40,6.657
2015/1/15 2:50,6.656
2015/1/15 3:00,6.656
2015/1/15 3:10,6.654
2015/1/15 3:20,6.656
2015/1/15 3:30,6.658
2015/1/15 3:40,6.654
2015/1/15 3:50,6.653
2015/1/15 4:00,6.656
2015/1/15 4:10,6.655
2015/1/15 4:20,6.656
2015/1/15 4:30,6.655
2015/1/15 4:40,6.657
2015/1/15 4:50,6.655
2015/1/15 5:00,6.656
2015/1/15 5:10,6.655
2015/1/15 5:20,6.656
2015/1/15 5:30,6.655
2015/1/15 5:40,6.656
2015/1/15 5:50,6.656
2015/1/15 6:00,6.656
2015/1/15 6:10,6.657
2015/1/15 6:20,6.658
2015/1/15 6:30,6.654
2015/1/15 6:40,6.656
2015/1/15 6:50,6.655
2015/1/15 7:00,6.658
2015/1/15 7:10,6.654
2015/1/15 7:20,6.654
2015/1/15 7:30,6.654
2015/1/15 7:40,6.652
2015/1/15 7:50,6.653
2015/1/15 8:00,6.651
2015/1/15 8:10,6.651
2015/1/15 8:20,6.651
2015/1/15 8:30,6.651
2015/1/15 8:40,6.652
2015/1/15 8:50,6.651
2015/1/15 9:00,6.651
2015/1/15 9:10,6.652
2015/1/15 9:20,6.652
2015/1/15 9:30,6.653
2015/1/15 9:40,6.652
2015/1/15 9:50,6.651
2015/1/15 10:00,6.653
2015/1/15 10:10,6.655
2015/1/15 10:20,6.655
2015/1/15 10:30,6.653
2015/1/15 10:40,6.653
2015/1/15 10:50,6.653
2015/1/15 11:00,6.654
2015/1/15 11:10,6.657
2015/1/15 11:20,6.654
2015/1/15 11:30,6.655
2015/1/15 11:40,6.656
2015/1/15 11:50,6.655
2015/1/15 12:00,6.655
2015/1/15 12:10,6.655
2015/1/15 12:20,6.654
2015/1/15 12:30,6.656
2015/1/15 12:40,6.655
2015/1/15 12:50,6.657
2015/1/15 13:00,6.653
2015/1/15 13:10,6.653
2015/1/15 13:20,6.651
2015/1/15 13:30,6.651
2015/1/15 13:40,6.653
2015/1/15 13:50,6.654
2015/1/15 14:00,6.654
2015/1/15 14:10,6.652
2015/1/15 14:20,6.651
2015/1/15 14:30,6.653
2015/1/15 14:40,6.653
2015/1/15 14:50,6.653
2015/1/15 15:00,6.652
2015/1/15 15:10,6.651
2015/1/15 15:20,6.651
2015/1/15 15:30,6.652
2015/1/15 15:40,6.652
2015/1/15 15:50,6.65
2015/1/15 16:00,6.651
2015/1/15 16:10,6.651
2015/1/15 16:20,6.651
2015/1/15 16:30,6.65
2015/1/15 16:40,6.649
2015/1/15 16:50,6.65
2015/1/15 17:00,6.649
2015/1/15 17:10,6.651
2015/1/15 17:20,6.648
2015/1/15 17:30,6.651
2015/1/15 17:40,6.651
2015/1/15 17:50,6.65
2015/1/15 18:00,6.65
2015/1/15 18:10,6.65
2015/1/15 18:20,6.65
2015/1/15 18:30,6.651
2015/1/15 18:40,6.65
2015/1/15 18:50,6.648
2015/1/15 19:00,6.649
2015/1/15 19:10,6.649
2015/1/15 19:20,6.651
2015/1/15 19:30,6.649
2015/1/15 19:40,6.651
2015/1/15 19:50,6.652
2015/1/15 20:00,6.65
2015/1/15 20:10,6.651
2015/1/15 20:20,6.649
2015/1/15 20:30,6.649
2015/1/15 20:40,6.651
2015/1/15 20:50,6.649
2015/1/15 21:00,6.646
2015/1/15 21:10,6.648
2015/1/15 21:20,6.648
2015/1/15 21:30,6.648
2015/1/15 21:40,6.649
2015/1/15 21:50,6.65
2015/1/15 22:00,6.65
2015/1/15 22:10,6.647
2015/1/15 22:20,6.649
2015/1/15 22:30,6.65
2015/1/15 22:40,6.649
2015/1/15 22:50,6.648
2015/1/15 23:00,6.648
2015/1/15 23:10,6.648
2015/1/15 23:20,6.652
2015/1/15 23:30,6.652
2015/1/15 23:40,6.652
2015/1/15 23:50,6.652
2015/1/16 0:00,6.652
2015/1/16 0:10,6.651
2015/1/16 0:20,6.651
2015/1/16 0:30,6.65
2015/1/16 0:40,6.651
2015/1/16 0:50,6.651
2015/1/16 1:00,6.65
2015/1/16 1:10,6.649
2015/1/16 1:20,6.651
2015/1/16 1:30,6.651
2015/1/16 1:40,6.651
2015/1/16 1:50,6.65
2015/1/16 2:00,6.65
2015/1/16 2:10,6.652
2015/1/16 2:20,6.649
2015/1/16 2:30,6.65
2015/1/16 2:40,6.651
2015/1/16 2:50,6.65
2015/1/16 3:00,6.647
2015/1/16 3:10,6.647
2015/1/16 3:20,6.646
2015/1/16 3:30,6.647
2015/1/16 3:40,6.648
2015/1/16 3:50,6.65
2015/1/16 4:00,6.65
2015/1/16 4:10,6.648
2015/1/16 4:20,6.649
2015/1/16 4:30,6.649
2015/1/16 4:40,6.649
2015/1/16 4:50,6.65
2015/1/16 5:00,6.65
2015/1/16 5:10,6.649
2015/1/16 5:20,6.649
2015/1/16 5:30,6.648
2015/1/16 5:40,6.65
2015/1/16 5:50,6.65
2015/1/16 6:00,6.65
2015/1/16 6:10,6.649
2015/1/16 6:20,6.65
2015/1/16 6:30,6.651
2015/1/16 6:40,6.649
2015/1/16 6:50,6.65
2015/1/16 7:00,6.65
2015/1/16 7:10,6.649
2015/1/16 7:20,6.65
2015/1/16 7:30,6.651
2015/1/16 7:40,6.649
2015/1/16 7:50,6.651
2015/1/16 8:00,6.651
2015/1/16 8:10,6.649
2015/1/16 8:20,6.65
2015/1/16 8:30,6.65
2015/1/16 8:40,6.651
2015/1/16 8:50,6.65
2015/1/16 9:00,6.648
2015/1/16 9:10,6.649
2015/1/16 9:20,6.649
2015/1/16 9:30,6.649
2015/1/16 9:40,6.648
2015/1/16 9:50,6.649
2015/1/16 10:00,6.647
2015/1/16 10:10,6.649
2015/1/16 10:20,6.648
2015/1/16 10:30,6.649
2015/1/16 10:40,6.647
2015/1/16 10:50,6.645
2015/1/16 11:00,6.647
2015/1/16 11:10,6.648
2015/1/16 11:20,6.646
2015/1/16 11:30,6.647
2015/1/16 11:40,6.648
2015/1/16 11:50,6.649
2015/1/16 12:00,6.647
2015/1/16 12:10,6.648
2015/1/16 12:20,6.648
2015/1/16 12:30,6.647
2015/1/16 12:40,6.647
2015/1/16 12:50,6.648
2015/1/16 13:00,6.647
2015/1/16 13:10,6.647
2015/1/16 13:20,6.648
2015/1/16 13:30,6.644
2015/1/16 13:40,6.645
2015/1/16 13:50,6.646
2015/1/16 14:00,6.646
2015/1/16 14:10,6.645
2015/1/16 14:20,6.645
2015/1/16 14:30,6.645
2015/1/16 14:40,6.645
2015/1/16 14:50,6.647
2015/1/16 15:00,6.645
2015/1/16 15:10,6.645
2015/1/16 15:20,6.645
2015/1/16 15:30,6.643
2015/1/16 15:40,6.643
2015/1/16 15:50,6.643
2015/1/16 16:00,6.643
2015/1/16 16:10,6.645
2015/1/16 16:20,6.645
2015/1/16 16:30,6.645
2015/1/16 16:40,6.644
2015/1/16 16:50,6.644
2015/1/16 17:00,6.645
2015/1/16 17:10,6.645
2015/1/16 17:20,6.643
2015/1/16 17:30,6.644
2015/1/16 17:40,6.643
2015/1/16 17:50,6.645
2015/1/16 18:00,6.645
2015/1/16 18:10,6.645
2015/1/16 18:20,6.644
2015/1/16 18:30,6.645
2015/1/16 18:40,6.645
2015/1/16 18:50,6.646
2015/1/16 19:00,6.642
2015/1/16 19:10,6.641
2015/1/16 19:20,6.642
2015/1/16 19:30,6.64
2015/1/16 19:40,6.644
2015/1/16 19:50,6.643
2015/1/16 20:00,6.643
2015/1/16 20:10,6.644
2015/1/16 20:20,6.645
2015/1/16 20:30,6.643
2015/1/16 20:40,6.643
2015/1/16 20:50,6.644
2015/1/16 21:00,6.642
2015/1/16 21:10,6.643
2015/1/16 21:20,6.643
2015/1/16 21:30,6.641
2015/1/16 21:40,6.641
2015/1/16 21:50,6.642
2015/1/16 22:00,6.641
2015/1/16 22:10,6.642
2015/1/16 22:20,6.641
2015/1/16 22:30,6.642
2015/1/16 22:40,6.642
2015/1/16 22:50,6.643
2015/1/16 23:00,6.641
2015/1/16 23:10,6.645
2015/1/16 23:20,6.644
2015/1/16 23:30,6.646
2015/1/16 23:40,6.644
2015/1/16 23:50,6.643
2015/1/17 0:00,6.645
2015/1/17 0:10,6.645
2015/1/17 0:20,6.644
2015/1/17 0:30,6.644
2015/1/17 0:40,6.644
2015/1/17 0:50,6.645
2015/1/17 1:00,6.645
2015/1/17 1:10,6.645
2015/1/17 1:20,6.642
2015/1/17 1:30,6.645
2015/1/17 1:40,6.646
2015/1/17 1:50,6.644
2015/1/17 2:00,6.644
2015/1/17 2:10,6.642
2015/1/17 2:20,6.644
2015/1/17 2:30,6.644
2015/1/17 2:40,6.644
2015/1/17 2:50,6.645
2015/1/17 3:00,6.645
2015/1/17 3:10,6.645
2015/1/17 3:20,6.646
2015/1/17 3:30,6.644
2015/1/17 3:40,6.643
2015/1/17 3:50,6.644
2015/1/17 4:00,6.642
2015/1/17 4:10,6.644
2015/1/17 4:20,6.644
2015/1/17 4:30,6.644
2015/1/17 4:40,6.646
2015/1/17 4:50,6.644
2015/1/17 5:00,6.643
2015/1/17 5:10,6.643
2015/1/17 5:20,6.644
2015/1/17 5:30,6.644
2015/1/17 5:40,6.645
2015/1/17 5:50,6.644
2015/1/17 6:00,6.643
2015/1/17 6:10,6.645
2015/1/17 6:20,6.645
2015/1/17 6:30,6.641
2015/1/17 6:40,6.646
2015/1/17 6:50,6.645
2015/1/17 7:00,6.644
2015/1/17 7:10,6.644
2015/1/17 7:20,6.644
2015/1/17 7:30,6.645
2015/1/17 7:40,6.643
2015/1/17 7:50,6.645
2015/1/17 8:00,6.644
2015/1/17 8:10,6.646
2015/1/17 8:20,6.646
2015/1/17 8:30,6.647
2015/1/17 8:40,6.646
2015/1/17 8:50,6.647
2015/1/17 9:00,6.646
2015/1/17 9:10,6.645
2015/1/17 9:20,6.645
2015/1/17 9:30,6.645
2015/1/17 9:40,6.645
2015/1/17 9:50,6.643
2015/1/17 10:00,6.643
2015/1/17 10:10,6.643
2015/1/17 10:20,6.643
2015/1/17 10:30,6.643
2015/1/17 10:40,6.642
2015/1/17 10:50,6.643
2015/1/17 11:00,6.642
2015/1/17 11:10,6.64
2015/1/17 11:20,6.641
2015/1/17 11:30,6.638
2015/1/17 11:40,6.639
2015/1/17 11:50,6.641
2015/1/17 12:00,6.641
2015/1/17 12:10,6.642
2015/1/17 12:20,6.642
2015/1/17 12:30,6.639
2015/1/17 12:40,6.64
2015/1/17 12:50,6.638
2015/1/17 13:00,6.639
2015/1/17 13:10,6.639
2015/1/17 13:20,6.639
2015/1/17 13:30,6.64
2015/1/17 13:40,6.64
2015/1/17 13:50,6.637
2015/1/17 14:00,6.638
2015/1/17 14:10,6.639
2015/1/17 14:20,6.638
2015/1/17 14:30,6.639
2015/1/17 14:40,6.639
2015/1/17 14:50,6.639
2015/1/17 15:00,6.639
2015/1/17 15:10,6.64
2015/1/17 15:20,6.638
2015/1/17 15:30,6.637
2015/1/17 15:40,6.638
2015/1/17 15:50,6.637
2015/1/17 16:00,6.638
2015/1/17 16:10,6.637
2015/1/17 16:20,6.639
2015/1/17 16:30,6.638
2015/1/17 16:40,6.638
2015/1/17 16:50,6.637
2015/1/17 17:00,6.635
2015/1/17 17:10,6.637
2015/1/17 17:20,6.637
2015/1/17 17:30,6.637
2015/1/17 17:40,6.637
2015/1/17 17:50,6.637
2015/1/17 18:00,6.637
2015/1/17 18:10,6.637
2015/1/17 18:20,6.637
2015/1/17 18:30,6.637
2015/1/17 18:40,6.636
2015/1/17 18:50,6.636
2015/1/17 19:00,6.638
2015/1/17 19:10,6.636
2015/1/17 19:20,6.637
2015/1/17 19:30,6.637
2015/1/17 19:40,6.635
2015/1/17 19:50,6.636
2015/1/17 20:00,6.638
2015/1/17 20:10,6.637
2015/1/17 20:20,6.636
2015/1/17 20:30,6.636
2015/1/17 20:40,6.634
2015/1/17 20:50,6.635
2015/1/17 21:00,6.634
2015/1/17 21:10,6.636
2015/1/17 21:20,6.635
2015/1/17 21:30,6.635
2015/1/17 21:40,6.637
2015/1/17 21:50,6.636
2015/1/17 22:00,6.635
2015/1/17 22:10,6.637
2015/1/17 22:20,6.636
2015/1/17 22:30,6.637
2015/1/17 22:40,6.638
2015/1/17 22:50,6.637
2015/1/17 23:00,6.636
2015/1/17 23:10,6.636
2015/1/17 23:20,6.637
2015/1/17 23:30,6.637
2015/1/17 23:40,6.637
2015/1/17 23:50,6.637
2015/1/18 0:00,6.637
2015/1/18 0:10,6.636
2015/1/18 0:20,6.637
2015/1/18 0:30,6.637
2015/1/18 0:40,6.637
2015/1/18 0:50,6.637
2015/1/18 1:00,6.638
2015/1/18 1:10,6.636
2015/1/18 1:20,6.638
2015/1/18 1:30,6.64
2015/1/18 1:40,6.639
2015/1/18 1:50,6.639
2015/1/18 2:00,6.638
2015/1/18 2:10,6.636
2015/1/18 2:20,6.636
2015/1/18 2:30,6.636
2015/1/18 2:40,6.634
2015/1/18 2:50,6.638
2015/1/18 3:00,6.635
2015/1/18 3:10,6.635
2015/1/18 3:20,6.635
2015/1/18 3:30,6.637
2015/1/18 3:40,6.635
2015/1/18 3:50,6.634
2015/1/18 4:00,6.636
2015/1/18 4:10,6.635
2015/1/18 4:20,6.634
2015/1/18 4:30,6.634
2015/1/18 4:40,6.635
2015/1/18 4:50,6.635
2015/1/18 5:00,6.635
2015/1/18 5:10,6.633
2015/1/18 5:20,6.636
2015/1/18 5:30,6.636
2015/1/18 5:40,6.635
2015/1/18 5:50,6.636
2015/1/18 6:00,6.635
2015/1/18 6:10,6.633
2015/1/18 6:20,6.635
2015/1/18 6:30,6.636
2015/1/18 6:40,6.633
2015/1/18 6:50,6.635
2015/1/18 7:00,6.635
2015/1/18 7:10,6.636
2015/1/18 7:20,6.634
2015/1/18 7:30,6.633
2015/1/18 7:40,6.634
2015/1/18 7:50,6.636
2015/1/18 8:00,6.634
2015/1/18 8:10,6.636
2015/1/18 8:20,6.636
2015/1/18 8:30,6.633
2015/1/18 8:40,6.632
2015/1/18 8:50,6.631
2015/1/18 9:00,6.633
2015/1/18 9:10,6.631
2015/1/18 9:20,6.631
2015/1/18 9:30,6.633
2015/1/18 9:40,6.633
2015/1/18 9:50,6.634
2015/1/18 10:00,6.633
2015/1/18 10:10,6.632
2015/1/18 10:20,6.633
2015/1/18 10:30,6.634
2015/1/18 10:40,6.632
2015/1/18 10:50,6.633
2015/1/18 11:00,6.632
2015/1/18 11:10,6.633
2015/1/18 11:20,6.634
2015/1/18 11:30,6.634
2015/1/18 11:40,6.633
2015/1/18 11:50,6.637
2015/1/18 12:00,6.634
2015/1/18 12:10,6.634
2015/1/18 12:20,6.634
2015/1/18 12:30,6.633
2015/1/18 12:40,6.632
2015/1/18 12:50,6.631
2015/1/18 13:00,6.632
2015/1/18 13:10,6.63
2015/1/18 13:20,6.63
2015/1/18 13:30,6.631
2015/1/18 13:40,6.632
2015/1/18 13:50,6.632
2015/1/18 14:00,6.63
2015/1/18 14:10,6.631
2015/1/18 14:20,6.63
2015/1/18 14:30,6.631
2015/1/18 14:40,6.63
2015/1/18 14:50,6.632
2015/1/18 15:00,6.629
2015/1/18 15:10,6.63
2015/1/18 15:20,6.628
2015/1/18 15:30,6.631
2015/1/18 15:40,6.628
2015/1/18 15:50,6.627
2015/1/18 16:00,6.63
2015/1/18 16:10,6.629
2015/1/18 16:20,6.629
2015/1/18 16:30,6.628
2015/1/18 16:40,6.629
2015/1/18 16:50,6.629
2015/1/18 17:00,6.627
2015/1/18 17:10,6.631
2015/1/18 17:20,6.633
2015/1/18 17:30,6.629
2015/1/18 17:40,6.628
2015/1/18 17:50,6.628
2015/1/18 18:00,6.629
2015/1/18 18:10,6.63
2015/1/18 18:20,6.628
2015/1/18 18:30,6.629
2015/1/18 18:40,6.631
2015/1/18 18:50,6.628
2015/1/18 19:00,6.627
2015/1/18 19:10,6.627
2015/1/18 19:20,6.627
2015/1/18 19:30,6.627
2015/1/18 19:40,6.627
2015/1/18 19:50,6.628
2015/1/18 20:00,6.627
2015/1/18 20:10,6.626
2015/1/18 20:20,6.628
2015/1/18 20:30,6.627
2015/1/18 20:40,6.627
2015/1/18 20:50,6.628
2015/1/18 21:00,6.629
2015/1/18 21:10,6.629
2015/1/18 21:20,6.628
2015/1/18 21:30,6.628
2015/1/18 21:40,6.628
2015/1/18 21:50,6.628
2015/1/18 22:00,6.631
2015/1/18 22:10,6.629
2015/1/18 22:20,6.627
2015/1/18 22:30,6.63
2015/1/18 22:40,6.626
2015/1/18 22:50,6.626
2015/1/18 23:00,6.628
2015/1/18 23:10,6.628
2015/1/18 23:20,6.626
2015/1/18 23:30,6.629
2015/1/18 23:40,6.628
2015/1/18 23:50,6.627
2015/1/19 0:00,6.627
2015/1/19 0:10,6.626
2015/1/19 0:20,6.628
2015/1/19 0:30,6.628
2015/1/19 0:40,6.63
2015/1/19 0:50,6.631
2015/1/19 1:00,6.629
2015/1/19 1:10,6.629
2015/1/19 1:20,6.629
2015/1/19 1:30,6.629
2015/1/19 1:40,6.629
2015/1/19 1:50,6.628
2015/1/19 2:00,6.629
2015/1/19 2:10,6.628
2015/1/19 2:20,6.631
2015/1/19 2:30,6.628
2015/1/19 2:40,6.63
2015/1/19 2:50,6.631
2015/1/19 3:00,6.631
2015/1/19 3:10,6.631
2015/1/19 3:20,6.63
2015/1/19 3:30,6.631
2015/1/19 3:40,6.63
2015/1/19 3:50,6.631
2015/1/19 4:00,6.629
2015/1/19 4:10,6.629
2015/1/19 4:20,6.631
2015/1/19 4:30,6.63
2015/1/19 4:40,6.628
2015/1/19 4:50,6.63
2015/1/19 5:00,6.629
2015/1/19 5:10,6.63
2015/1/19 5:20,6.633
2015/1/19 5:30,6.632
2015/1/19 5:40,6.632
2015/1/19 5:50,6.631
2015/1/19 6:00,6.633
2015/1/19 6:10,6.632
2015/1/19 6:20,6.632
2015/1/19 6:30,6.63
2015/1/19 6:40,6.631
2015/1/19 6:50,6.631
2015/1/19 7:00,6.63
2015/1/19 7:10,6.631
2015/1/19 7:20,6.63
2015/1/19 7:30,6.63
2015/1/19 7:40,6.629
2015/1/19 7:50,6.629
2015/1/19 8:00,6.628
2015/1/19 8:10,6.63
2015/1/19 8:20,6.631
2015/1/19 8:30,6.63
2015/1/19 8:40,6.629
2015/1/19 8:50,6.63
2015/1/19 9:00,6.631
2015/1/19 9:10,6.628
2015/1/19 9:20,6.631
2015/1/19 9:30,6.628
2015/1/19 9:40,6.629
2015/1/19 9:50,6.628
2015/1/19 10:00,6.627
2015/1/19 10:10,6.627
2015/1/19 10:20,6.627
2015/1/19 10:30,6.628
2015/1/19 10:40,6.627
2015/1/19 10:50,6.628
2015/1/19 11:00,6.627
2015/1/19 11:10,6.627
2015/1/19 11:20,6.628
2015/1/19 11:30,6.628
2015/1/19 11:40,6.628
2015/1/19 11:50,6.629
2015/1/19 12:00,6.628
2015/1/19 12:10,6.628
2015/1/19 12:20,6.628
2015/1/19 12:30,6.63
2015/1/19 12:40,6.629
2015/1/19 12:50,6.627
2015/1/19 13:00,6.627
2015/1/19 13:10,6.627
2015/1/19 13:20,6.625
2015/1/19 13:30,6.627
2015/1/19 13:40,6.627
2015/1/19 13:50,6.625
2015/1/19 14:00,6.625
2015/1/19 14:10,6.623
2015/1/19 14:20,6.623
2015/1/19 14:30,6.625
2015/1/19 14:40,6.623
2015/1/19 14:50,6.623
2015/1/19 15:00,6.625
2015/1/19 15:10,6.625
2015/1/19 15:20,6.622
2015/1/19 15:30,6.624
2015/1/19 15:40,6.624
2015/1/19 15:50,6.624
2015/1/19 16:00,6.624
2015/1/19 16:10,6.623
2015/1/19 16:20,6.623
2015/1/19 16:30,6.624
2015/1/19 16:40,6.624
2015/1/19 16:50,6.622
2015/1/19 17:00,6.623
2015/1/19 17:10,6.623
2015/1/19 17:20,6.622
2015/1/19 17:30,6.622
2015/1/19 17:40,6.622
2015/1/19 17:50,6.623
2015/1/19 18:00,6.623
2015/1/19 18:10,6.622
2015/1/19 18:20,6.622
2015/1/19 18:30,6.622
2015/1/19 18:40,6.624
2015/1/19 18:50,6.624
2015/1/19 19:00,6.621
2015/1/19 19:10,6.622
2015/1/19 19:20,6.621
2015/1/19 19:30,6.621
2015/1/19 19:40,6.622
2015/1/19 19:50,6.622
2015/1/19 20:00,6.623
2015/1/19 20:10,6.622
2015/1/19 20:20,6.622
2015/1/19 20:30,6.623
2015/1/19 20:40,6.625
2015/1/19 20:50,6.622
2015/1/19 21:00,6.623
2015/1/19 21:10,6.624
2015/1/19 21:20,6.624
2015/1/19 21:30,6.622
2015/1/19 21:40,6.622
2015/1/19 21:50,6.623
2015/1/19 22:00,6.623
2015/1/19 22:10,6.623
2015/1/19 22:20,6.623
2015/1/19 22:30,6.621
2015/1/19 22:40,6.622
2015/1/19 22:50,6.622
2015/1/19 23:00,6.622
2015/1/19 23:10,6.622
2015/1/19 23:20,6.622
2015/1/19 23:30,6.623
2015/1/19 23:40,6.624
2015/1/19 23:50,6.623
2015/1/20 0:00,6.622
2015/1/20 0:10,6.623
2015/1/20 0:20,6.622
2015/1/20 0:30,6.622
2015/1/20 0:40,6.62
2015/1/20 0:50,6.621
2015/1/20 1:00,6.622
2015/1/20 1:10,6.622
2015/1/20 1:20,6.623
2015/1/20 1:30,6.623
2015/1/20 1:40,6.621
2015/1/20 1:50,6.623
2015/1/20 2:00,6.622
2015/1/20 2:10,6.622
2015/1/20 2:20,6.622
2015/1/20 2:30,6.624
2015/1/20 2:40,6.623
2015/1/20 2:50,6.624
2015/1/20 3:00,6.624
2015/1/20 3:10,6.62
2015/1/20 3:20,6.622
2015/1/20 3:30,6.622
2015/1/20 3:40,6.622
2015/1/20 3:50,6.624
2015/1/20 4:00,6.624
2015/1/20 4:10,6.625
2015/1/20 4:20,6.625
2015/1/20 4:30,6.625
2015/1/20 4:40,6.623
2015/1/20 4:50,6.625
2015/1/20 5:00,6.626
2015/1/20 5:10,6.625
2015/1/20 5:20,6.622
2015/1/20 5:30,6.622
2015/1/20 5:40,6.621
2015/1/20 5:50,6.622
2015/1/20 6:00,6.624
2015/1/20 6:10,6.621
2015/1/20 6:20,6.624
2015/1/20 6:30,6.626
2015/1/20 6:40,6.623
2015/1/20 6:50,6.624
2015/1/20 7:00,6.624
2015/1/20 7:10,6.624
2015/1/20 7:20,6.623
2015/1/20 7:30,6.623
2015/1/20 7:40,6.622
2015/1/20 7:50,6.622
2015/1/20 8:00,6.621
2015/1/20 8:10,6.622
2015/1/20 8:20,6.621
2015/1/20 8:30,6.62
2015/1/20 8:40,6.622
2015/1/20 8:50,6.62
2015/1/20 9:00,6.62
2015/1/20 9:10,6.622
2015/1/20 9:20,6.622
2015/1/20 9:30,6.622
2015/1/20 9:40,6.624
2015/1/20 9:50,6.623
2015/1/20 10:00,6.622
2015/1/20 10:10,6.62
2015/1/20 10:20,6.62
2015/1/20 10:30,6.621
2015/1/20 10:40,6.62
2015/1/20 10:50,6.621
2015/1/20 11:00,6.621
2015/1/20 11:10,6.62
2015/1/20 11:20,6.622
2015/1/20 11:30,6.621
2015/1/20 11:40,6.62
2015/1/20 11:50,6.621
2015/1/20 12:00,6.622
2015/1/20 12:10,6.622
2015/1/20 12:20,6.62
2015/1/20 12:30,6.619
2015/1/20 12:40,6.62
2015/1/20 12:50,6.62
2015/1/20 13:00,6.62
2015/1/20 13:10,6.621
2015/1/20 13:20,6.621
2015/1/20 13:30,6.62
2015/1/20 13:40,6.619
2015/1/20 13:50,6.619
2015/1/20 14:00,6.621
2015/1/20 14:10,6.618
2015/1/20 14:20,6.619
2015/1/20 14:30,6.619
2015/1/20 14:40,6.617
2015/1/20 14:50,6.617
2015/1/20 15:00,6.615
2015/1/20 15:10,6.617
2015/1/20 15:20,6.618
2015/1/20 15:30,6.619
2015/1/20 15:40,6.616
2015/1/20 15:50,6.617
2015/1/20 16:00,6.613
2015/1/20 16:10,6.616
2015/1/20 16:20,6.616
2015/1/20 16:30,6.614
2015/1/20 16:40,6.616
2015/1/20 16:50,6.616
2015/1/20 17:00,6.617
2015/1/20 17:10,6.613
2015/1/20 17:20,6.614
2015/1/20 17:30,6.616
2015/1/20 17:40,6.614
2015/1/20 17:50,6.614
2015/1/20 18:00,6.615
2015/1/20 18:10,6.614
2015/1/20 18:20,6.614
2015/1/20 18:30,6.616
2015/1/20 18:40,6.615
2015/1/20 18:50,6.616
2015/1/20 19:00,6.616
2015/1/20 19:10,6.616
2015/1/20 19:20,6.616
2015/1/20 19:30,6.615
2015/1/20 19:40,6.614
2015/1/20 19:50,6.614
2015/1/20 20:00,6.615
2015/1/20 20:10,6.615
2015/1/20 20:20,6.616
2015/1/20 20:30,6.615
2015/1/20 20:40,6.617
2015/1/20 20:50,6.615
2015/1/20 21:00,6.617
2015/1/20 21:10,6.618
2015/1/20 21:20,6.617
2015/1/20 21:30,6.615
2015/1/20 21:40,6.615
2015/1/20 21:50,6.615
2015/1/20 22:00,6.616
2015/1/20 22:10,6.616
2015/1/20 22:20,6.616
2015/1/20 22:30,6.614
2015/1/20 22:40,6.613
2015/1/20 22:50,6.616
2015/1/20 23:00,6.617
2015/1/20 23:10,6.616
2015/1/20 23:20,6.618
2015/1/20 23:30,6.618
2015/1/20 23:40,6.616
2015/1/20 23:50,6.615
2015/1/21 0:00,6.615
2015/1/21 0:10,6.617
2015/1/21 0:20,6.615
2015/1/21 0:30,6.616
2015/1/21 0:40,6.614
2015/1/21 0:50,6.616
2015/1/21 1:00,6.617
2015/1/21 1:10,6.615
2015/1/21 1:20,6.617
2015/1/21 1:30,6.617
2015/1/21 1:40,6.617
2015/1/21 1:50,6.618
2015/1/21 2:00,6.617
2015/1/21 2:10,6.618
2015/1/21 2:20,6.615
2015/1/21 2:30,6.616
2015/1/21 2:40,6.614
2015/1/21 2:50,6.614
2015/1/21 3:00,6.614
2015/1/21 3:10,6.615
2015/1/21 3:20,6.616
2015/1/21 3:30,6.614
2015/1/21 3:40,6.614
2015/1/21 3:50,6.615
2015/1/21 4:00,6.616
2015/1/21 4:10,6.616
2015/1/21 4:20,6.615
2015/1/21 4:30,6.616
2015/1/21 4:40,6.615
2015/1/21 4:50,6.617
2015/1/21 5:00,6.617
2015/1/21 5:10,6.616
2015/1/21 5:20,6.616
2015/1/21 5:30,6.618
2015/1/21 5:40,6.618
2015/1/21 5:50,6.618
2015/1/21 6:00,6.619
2015/1/21 6:10,6.617
2015/1/21 6:20,6.616
2015/1/21 6:30,6.618
2015/1/21 6:40,6.615
2015/1/21 6:50,6.616
2015/1/21 7:00,6.617
2015/1/21 7:10,6.615
2015/1/21 7:20,6.614
2015/1/21 7:30,6.614
2015/1/21 7:40,6.617
2015/1/21 7:50,6.616
2015/1/21 8:00,6.617
2015/1/21 8:10,6.618
2015/1/21 8:20,6.616
2015/1/21 8:30,6.617
2015/1/21 8:40,6.617
2015/1/21 8:50,6.618
2015/1/21 9:00,6.616
2015/1/21 9:10,6.618
2015/1/21 9:20,6.618
2015/1/21 9:30,6.617
2015/1/21 9:40,6.617
2015/1/21 9:50,6.616
2015/1/21 10:00,6.618
2015/1/21 10:10,6.618
2015/1/21 10:20,6.617
2015/1/21 10:30,6.616
2015/1/21 10:40,6.616
2015/1/21 10:50,6.618
2015/1/21 11:00,6.617
2015/1/21 11:10,6.616
2015/1/21 11:20,6.616
2015/1/21 11:30,6.616
2015/1/21 11:40,6.616
2015/1/21 11:50,6.617
2015/1/21 12:00,6.617
2015/1/21 12:10,6.618
2015/1/21 12:20,6.617
2015/1/21 12:30,6.616
2015/1/21 12:40,6.618
2015/1/21 12:50,6.615
2015/1/21 13:00,6.616
2015/1/21 13:10,6.616
2015/1/21 13:20,6.615
2015/1/21 13:30,6.614
2015/1/21 13:40,6.618
2015/1/21 13:50,6.616
2015/1/21 14:00,6.617
2015/1/21 14:10,6.614
2015/1/21 14:20,6.615
2015/1/21 14:30,6.615
2015/1/21 14:40,6.613
2015/1/21 14:50,6.612
2015/1/21 15:00,6.61
2015/1/21 15:10,6.611
2015/1/21 15:20,6.612
2015/1/21 15:30,6.612
2015/1/21 15:40,6.613
2015/1/21 15:50,6.611
2015/1/21 16:00,6.611
2015/1/21 16:10,6.613
2015/1/21 16:20,6.613
2015/1/21 16:30,6.612
2015/1/21 16:40,6.612
2015/1/21 16:50,6.612
2015/1/21 17:00,6.613
2015/1/21 17:10,6.611
2015/1/21 17:20,6.61
2015/1/21 17:30,6.611
2015/1/21 17:40,6.611
2015/1/21 17:50,6.612
2015/1/21 18:00,6.61
2015/1/21 18:10,6.609
2015/1/21 18:20,6.611
2015/1/21 18:30,6.61
2015/1/21 18:40,6.61
2015/1/21 18:50,6.61
2015/1/21 19:00,6.611
2015/1/21 19:10,6.61
2015/1/21 19:20,6.61
2015/1/21 19:30,6.61
2015/1/21 19:40,6.608
2015/1/21 19:50,6.608
2015/1/21 20:00,6.608
2015/1/21 20:10,6.609
2015/1/21 20:20,6.612
2015/1/21 20:30,6.611
2015/1/21 20:40,6.609
2015/1/21 20:50,6.61
2015/1/21 21:00,6.61
2015/1/21 21:10,6.611
2015/1/21 21:20,6.611
2015/1/21 21:30,6.611
2015/1/21 21:40,6.613
2015/1/21 21:50,6.61
2015/1/21 22:00,6.612
2015/1/21 22:10,6.613
2015/1/21 22:20,6.612
2015/1/21 22:30,6.611
2015/1/21 22:40,6.612
2015/1/21 22:50,6.609
2015/1/21 23:00,6.61
2015/1/21 23:10,6.609
2015/1/21 23:20,6.61
2015/1/21 23:30,6.609
2015/1/21 23:40,6.609
2015/1/21 23:50,6.61
2015/1/22 0:00,6.61
2015/1/22 0:10,6.612
2015/1/22 0:20,6.61
2015/1/22 0:30,6.609
2015/1/22 0:40,6.61
2015/1/22 0:50,6.612
2015/1/22 1:00,6.61
2015/1/22 1:10,6.612
2015/1/22 1:20,6.611
2015/1/22 1:30,6.61
2015/1/22 1:40,6.611
2015/1/22 1:50,6.611
2015/1/22 2:00,6.611
2015/1/22 2:10,6.611
2015/1/22 2:20,6.612
2015/1/22 2:30,6.61
2015/1/22 2:40,6.609
2015/1/22 2:50,6.611
2015/1/22 3:00,6.611
2015/1/22 3:10,6.612
2015/1/22 3:20,6.612
2015/1/22 3:30,6.61
2015/1/22 3:40,6.611
2015/1/22 3:50,6.613
2015/1/22 4:00,6.61
2015/1/22 4:10,6.609
2015/1/22 4:20,6.61
2015/1/22 4:30,6.61
2015/1/22 4:40,6.61
2015/1/22 4:50,6.609
2015/1/22 5:00,6.61
2015/1/22 5:10,6.607
2015/1/22 5:20,6.61
2015/1/22 5:30,6.612
2015/1/22 5:40,6.613
2015/1/22 5:50,6.615
2015/1/22 6:00,6.614
2015/1/22 6:10,6.615
2015/1/22 6:20,6.612
2015/1/22 6:30,6.612
2015/1/22 6:40,6.612
2015/1/22 6:50,6.611
2015/1/22 7:00,6.61
2015/1/22 7:10,6.611
2015/1/22 7:20,6.609
2015/1/22 7:30,6.607
2015/1/22 7:40,6.609
2015/1/22 7:50,6.611
2015/1/22 8:00,6.611
2015/1/22 8:10,6.609
2015/1/22 8:20,6.612
2015/1/22 8:30,6.61
2015/1/22 8:40,6.611
2015/1/22 8:50,6.613
2015/1/22 9:00,6.611
2015/1/22 9:10,6.611
2015/1/22 9:20,6.61
2015/1/22 9:30,6.608
2015/1/22 9:40,6.609
2015/1/22 9:50,6.609
2015/1/22 10:00,6.609
2015/1/22 10:10,6.61
2015/1/22 10:20,6.608
2015/1/22 10:30,6.607
2015/1/22 10:40,6.608
2015/1/22 10:50,6.608
2015/1/22 11:00,6.608
2015/1/22 11:10,6.609
2015/1/22 11:20,6.61
2015/1/22 11:30,6.607
2015/1/22 11:40,6.608
2015/1/22 11:50,6.609
2015/1/22 12:00,6.609
2015/1/22 12:10,6.606
2015/1/22 12:20,6.606
2015/1/22 12:30,6.608
2015/1/22 12:40,6.606
2015/1/22 12:50,6.607
2015/1/22 13:00,6.607
2015/1/22 13:10,6.607
2015/1/22 13:20,6.606
2015/1/22 13:30,6.605
2015/1/22 13:40,6.606
2015/1/22 13:50,6.605
2015/1/22 14:00,6.606
2015/1/22 14:10,6.603
2015/1/22 14:20,6.603
2015/1/22 14:30,6.603
2015/1/22 14:40,6.605
2015/1/22 14:50,6.607
2015/1/22 15:00,6.607
2015/1/22 15:10,6.609
2015/1/22 15:20,6.605
2015/1/22 15:30,6.606
2015/1/22 15:40,6.607
2015/1/22 15:50,6.606
2015/1/22 16:00,6.606
2015/1/22 16:10,6.604
2015/1/22 16:20,6.605
2015/1/22 16:30,6.603
2015/1/22 16:40,6.603
2015/1/22 16:50,6.605
2015/1/22 17:00,6.604
2015/1/22 17:10,6.605
2015/1/22 17:20,6.605
2015/1/22 17:30,6.605
2015/1/22 17:40,6.604
2015/1/22 17:50,6.603
2015/1/22 18:00,6.604
2015/1/22 18:10,6.606
2015/1/22 18:20,6.606
2015/1/22 18:30,6.604
2015/1/22 18:40,6.605
2015/1/22 18:50,6.605
2015/1/22 19:00,6.604
2015/1/22 19:10,6.604
2015/1/22 19:20,6.604
2015/1/22 19:30,6.605
2015/1/22 19:40,6.603
2015/1/22 19:50,6.604
2015/1/22 20:00,6.605
2015/1/22 20:10,6.601
2015/1/22 20:20,6.602
2015/1/22 20:30,6.603
2015/1/22 20:40,6.603
2015/1/22 20:50,6.604
2015/1/22 21:00,6.602
2015/1/22 21:10,6.603
2015/1/22 21:20,6.605
2015/1/22 21:30,6.605
2015/1/22 21:40,6.603
2015/1/22 21:50,6.605
2015/1/22 22:00,6.604
2015/1/22 22:10,6.604
2015/1/22 22:20,6.604
2015/1/22 22:30,6.603
2015/1/22 22:40,6.604
2015/1/22 22:50,6.602
2015/1/22 23:00,6.603
2015/1/22 23:10,6.604
2015/1/22 23:20,6.603
2015/1/22 23:30,6.603
2015/1/22 23:40,6.603
2015/1/22 23:50,6.602
2015/1/23 0:00,6.603
2015/1/23 0:10,6.601
2015/1/23 0:20,6.602
2015/1/23 0:30,6.602
2015/1/23 0:40,6.603
2015/1/23 0:50,6.602
2015/1/23 1:00,6.601
2015/1/23 1:10,6.601
2015/1/23 1:20,6.603
2015/1/23 1:30,6.604
2015/1/23 1:40,6.602
2015/1/23 1:50,6.604
2015/1/23 2:00,6.602
2015/1/23 2:10,6.602
2015/1/23 2:20,6.601
2015/1/23 2:30,6.598
2015/1/23 2:40,6.602
2015/1/23 2:50,6.601
2015/1/23 3:00,6.601
2015/1/23 3:10,6.602
2015/1/23 3:20,6.601
2015/1/23 3:30,6.602
2015/1/23 3:40,6.603
2015/1/23 3:50,6.599
2015/1/23 4:00,6.601
2015/1/23 4:10,6.602
2015/1/23 4:20,6.606
2015/1/23 4:30,6.606
2015/1/23 4:40,6.605
2015/1/23 4:50,6.602
2015/1/23 5:00,6.604
2015/1/23 5:10,6.603
2015/1/23 5:20,6.605
2015/1/23 5:30,6.605
2015/1/23 5:40,6.604
2015/1/23 5:50,6.605
2015/1/23 6:00,6.604
2015/1/23 6:10,6.604
2015/1/23 6:20,6.603
2015/1/23 6:30,6.603
2015/1/23 6:40,6.604
2015/1/23 6:50,6.603
2015/1/23 7:00,6.603
2015/1/23 7:10,6.602
2015/1/23 7:20,6.604
2015/1/23 7:30,6.604
2015/1/23 7:40,6.604
2015/1/23 7:50,6.604
2015/1/23 8:00,6.602
2015/1/23 8:10,6.603
2015/1/23 8:20,6.603
2015/1/23 8:30,6.603
2015/1/23 8:40,6.602
2015/1/23 8:50,6.601
2015/1/23 9:00,6.602
2015/1/23 9:10,6.601
2015/1/23 9:20,6.601
2015/1/23 9:30,6.601
2015/1/23 9:40,6.602
2015/1/23 9:50,6.603
2015/1/23 10:00,6.603
2015/1/23 10:10,6.604
2015/1/23 10:20,6.604
2015/1/23 10:30,6.604
2015/1/23 10:40,6.603
2015/1/23 10:50,6.603
2015/1/23 11:00,6.603
2015/1/23 11:10,6.602
2015/1/23 11:20,6.6
2015/1/23 11:30,6.6
2015/1/23 11:40,6.602
2015/1/23 11:50,6.602
2015/1/23 12:00,6.6
2015/1/23 12:10,6.602
2015/1/23 12:20,6.601
2015/1/23 12:30,6.599
2015/1/23 12:40,6.602
2015/1/23 12:50,6.603
2015/1/23 13:00,6.602
2015/1/23 13:10,6.6
2015/1/23 13:20,6.599
2015/1/23 13:30,6.6
2015/1/23 13:40,6.599
2015/1/23 13:50,6.599
2015/1/23 14:00,6.597
2015/1/23 14:10,6.598
2015/1/23 14:20,6.599
2015/1/23 14:30,6.598
2015/1/23 14:40,6.597
2015/1/23 14:50,6.599
2015/1/23 15:00,6.599
2015/1/23 15:10,6.598
2015/1/23 15:20,6.599
2015/1/23 15:30,6.599
2015/1/23 15:40,6.598
2015/1/23 15:50,6.6
2015/1/23 16:00,6.597
2015/1/23 16:10,6.597
2015/1/23 16:20,6.596
2015/1/23 16:30,6.596
2015/1/23 16:40,6.597
2015/1/23 16:50,6.598
2015/1/23 17:00,6.598
2015/1/23 17:10,6.596
2015/1/23 17:20,6.597
2015/1/23 17:30,6.596
2015/1/23 17:40,6.597
2015/1/23 17:50,6.596
2015/1/23 18:00,6.595
2015/1/23 18:10,6.595
2015/1/23 18:20,6.596
2015/1/23 18:30,6.595
2015/1/23 18:40,6.597
2015/1/23 18:50,6.594
2015/1/23 19:00,6.595
2015/1/23 19:10,6.596
2015/1/23 19:20,6.595
2015/1/23 19:30,6.596
2015/1/23 19:40,6.595
2015/1/23 19:50,6.595
2015/1/23 20:00,6.594
2015/1/23 20:10,6.596
2015/1/23 20:20,6.596
2015/1/23 20:30,6.595
2015/1/23 20:40,6.593
2015/1/23 20:50,6.595
2015/1/23 21:00,6.595
2015/1/23 21:10,6.596
2015/1/23 21:20,6.597
2015/1/23 21:30,6.595
2015/1/23 21:40,6.594
2015/1/23 21:50,6.594
2015/1/23 22:00,6.595
2015/1/23 22:10,6.596
2015/1/23 22:20,6.593
2015/1/23 22:30,6.594
2015/1/23 22:40,6.595
2015/1/23 22:50,6.596
2015/1/23 23:00,6.595
2015/1/23 23:10,6.594
2015/1/23 23:20,6.595
2015/1/23 23:30,6.597
2015/1/23 23:40,6.592
2015/1/23 23:50,6.594
2015/1/24 0:00,6.597
2015/1/24 0:10,6.595
2015/1/24 0:20,6.593
2015/1/24 0:30,6.593
2015/1/24 0:40,6.593
2015/1/24 0:50,6.593
2015/1/24 1:00,6.594
2015/1/24 1:10,6.594
2015/1/24 1:20,6.592
2015/1/24 1:30,6.594
2015/1/24 1:40,6.596
2015/1/24 1:50,6.594
2015/1/24 2:00,6.594
2015/1/24 2:10,6.595
2015/1/24 2:20,6.595
2015/1/24 2:30,6.595
2015/1/24 2:40,6.597
2015/1/24 2:50,6.596
2015/1/24 3:00,6.596
2015/1/24 3:10,6.596
2015/1/24 3:20,6.595
2015/1/24 3:30,6.596
2015/1/24 3:40,6.595
2015/1/24 3:50,6.599
2015/1/24 4:00,6.599
2015/1/24 4:10,6.598
2015/1/24 4:20,6.596
2015/1/24 4:30,6.597
2015/1/24 4:40,6.599
2015/1/24 4:50,6.596
2015/1/24 5:00,6.595
2015/1/24 5:10,6.594
2015/1/24 5:20,6.593
2015/1/24 5:30,6.595
2015/1/24 5:40,6.595
2015/1/24 5:50,6.596
2015/1/24 6:00,6.596
2015/1/24 6:10,6.595
2015/1/24 6:20,6.596
2015/1/24 6:30,6.595
2015/1/24 6:40,6.595
2015/1/24 6:50,6.597
2015/1/24 7:00,6.596
2015/1/24 7:10,6.596
2015/1/24 7:20,6.596
2015/1/24 7:30,6.596
2015/1/24 7:40,6.594
2015/1/24 7:50,6.596
2015/1/24 8:00,6.596
2015/1/24 8:10,6.597
2015/1/24 8:20,6.596
2015/1/24 8:30,6.596
2015/1/24 8:40,6.597
2015/1/24 8:50,6.596
2015/1/24 9:00,6.594
2015/1/24 9:10,6.594
2015/1/24 9:20,6.595
2015/1/24 9:30,6.596
2015/1/24 9:40,6.597
2015/1/24 9:50,6.597
2015/1/24 10:00,6.598
2015/1/24 10:10,6.597
2015/1/24 10:20,6.595
2015/1/24 10:30,6.596
2015/1/24 10:40,6.596
2015/1/24 10:50,6.596
2015/1/24 11:00,6.595
2015/1/24 11:10,6.596
2015/1/24 11:20,6.595
2015/1/24 11:30,6.595
2015/1/24 11:40,6.596
2015/1/24 11:50,6.596
2015/1/24 12:00,6.595
2015/1/24 12:10,6.597
2015/1/24 12:20,6.596
2015/1/24 12:30,6.597
2015/1/24 12:40,6.598
2015/1/24 12:50,6.596
2015/1/24 13:00,6.596
2015/1/24 13:10,6.596
2015/1/24 13:20,6.594
2015/1/24 13:30,6.594
2015/1/24 13:40,6.595
2015/1/24 13:50,6.595
2015/1/24 14:00,6.593
2015/1/24 14:10,6.595
2015/1/24 14:20,6.592
2015/1/24 14:30,6.594
2015/1/24 14:40,6.593
2015/1/24 14:50,6.593
2015/1/24 15:00,6.593
2015/1/24 15:10,6.592
2015/1/24 15:20,6.59
2015/1/24 15:30,6.594
2015/1/24 15:40,6.594
2015/1/24 15:50,6.593
2015/1/24 16:00,6.592
2015/1/24 16:10,6.593
2015/1/24 16:20,6.592
2015/1/24 16:30,6.59
2015/1/24 16:40,6.591
2015/1/24 16:50,6.592
2015/1/24 17:00,6.591
2015/1/24 17:10,6.595
2015/1/24 17:20,6.595
2015/1/24 17:30,6.593
2015/1/24 17:40,6.591
2015/1/24 17:50,6.591
2015/1/24 18:00,6.591
2015/1/24 18:10,6.591
2015/1/24 18:20,6.59
2015/1/24 18:30,6.59
2015/1/24 18:40,6.59
2015/1/24 18:50,6.591
2015/1/24 19:00,6.59
2015/1/24 19:10,6.589
2015/1/24 19:20,6.587
2015/1/24 19:30,6.59
2015/1/24 19:40,6.59
2015/1/24 19:50,6.591
2015/1/24 20:00,6.589
2015/1/24 20:10,6.59
2015/1/24 20:20,6.59
2015/1/24 20:30,6.591
2015/1/24 20:40,6.589
2015/1/24 20:50,6.59
2015/1/24 21:00,6.587
2015/1/24 21:10,6.59
2015/1/24 21:20,6.591
2015/1/24 21:30,6.588
2015/1/24 21:40,6.589
2015/1/24 21:50,6.591
2015/1/24 22:00,6.587
2015/1/24 22:10,6.587
2015/1/24 22:20,6.586
2015/1/24 22:30,6.589
2015/1/24 22:40,6.589
2015/1/24 22:50,6.591
2015/1/24 23:00,6.589
2015/1/24 23:10,6.589
2015/1/24 23:20,6.588
2015/1/24 23:30,6.587
2015/1/24 23:40,6.587
2015/1/24 23:50,6.588
2015/1/25 0:00,6.587
2015/1/25 0:10,6.592
2015/1/25 0:20,6.589
2015/1/25 0:30,6.588
2015/1/25 0:40,6.588
2015/1/25 0:50,6.59
2015/1/25 1:00,6.588
2015/1/25 1:10,6.59
2015/1/25 1:20,6.588
2015/1/25 1:30,6.587
2015/1/25 1:40,6.59
2015/1/25 1:50,6.588
2015/1/25 2:00,6.588
2015/1/25 2:10,6.589
2015/1/25 2:20,6.589
2015/1/25 2:30,6.589
2015/1/25 2:40,6.59
2015/1/25 2:50,6.59
2015/1/25 3:00,6.592
2015/1/25 3:10,6.588
2015/1/25 3:20,6.588
2015/1/25 3:30,6.592
2015/1/25 3:40,6.59
2015/1/25 3:50,6.589
2015/1/25 4:00,6.589
2015/1/25 4:10,6.591
2015/1/25 4:20,6.589
2015/1/25 4:30,6.59
2015/1/25 4:40,6.589
2015/1/25 4:50,6.591
2015/1/25 5:00,6.59
2015/1/25 5:10,6.588
2015/1/25 5:20,6.588
2015/1/25 5:30,6.589
2015/1/25 5:40,6.588
2015/1/25 5:50,6.588
2015/1/25 6:00,6.589
2015/1/25 6:10,6.59
2015/1/25 6:20,6.589
2015/1/25 6:30,6.588
2015/1/25 6:40,6.587
2015/1/25 6:50,6.59
2015/1/25 7:00,6.588
2015/1/25 7:10,6.587
2015/1/25 7:20,6.589
2015/1/25 7:30,6.589
2015/1/25 7:40,6.589
2015/1/25 7:50,6.589
2015/1/25 8:00,6.59
2015/1/25 8:10,6.588
2015/1/25 8:20,6.588
2015/1/25 8:30,6.588
2015/1/25 8:40,6.589
2015/1/25 8:50,6.59
2015/1/25 9:00,6.588
2015/1/25 9:10,6.587
2015/1/25 9:20,6.589
2015/1/25 9:30,6.588
2015/1/25 9:40,6.587
2015/1/25 9:50,6.589
2015/1/25 10:00,6.589
2015/1/25 10:10,6.588
2015/1/25 10:20,6.587
2015/1/25 10:30,6.589
2015/1/25 10:40,6.588
2015/1/25 10:50,6.587
2015/1/25 11:00,6.586
2015/1/25 11:10,6.587
2015/1/25 11:20,6.588
2015/1/25 11:30,6.587
2015/1/25 11:40,6.585
2015/1/25 11:50,6.585
2015/1/25 12:00,6.587
2015/1/25 12:10,6.586
2015/1/25 12:20,6.588
2015/1/25 12:30,6.589
2015/1/25 12:40,6.587
2015/1/25 12:50,6.585
2015/1/25 13:00,6.585
2015/1/25 13:10,6.587
2015/1/25 13:20,6.584
2015/1/25 13:30,6.586
2015/1/25 13:40,6.586
2015/1/25 13:50,6.583
2015/1/25 14:00,6.585
2015/1/25 14:10,6.586
2015/1/25 14:20,6.586
2015/1/25 14:30,6.585
2015/1/25 14:40,6.585
2015/1/25 14:50,6.585
2015/1/25 15:00,6.584
2015/1/25 15:10,6.583
2015/1/25 15:20,6.582
2015/1/25 15:30,6.583
2015/1/25 15:40,6.583
2015/1/25 15:50,6.584
2015/1/25 16:00,6.581
2015/1/25 16:10,6.582
2015/1/25 16:20,6.58
2015/1/25 16:30,6.581
2015/1/25 16:40,6.582
2015/1/25 16:50,6.581
2015/1/25 17:00,6.584
2015/1/25 17:10,6.582
2015/1/25 17:20,6.581
2015/1/25 17:30,6.581
2015/1/25 17:40,6.581
2015/1/25 17:50,6.582
2015/1/25 18:00,6.581
2015/1/25 18:10,6.583
2015/1/25 18:20,6.582
2015/1/25 18:30,6.581
2015/1/25 18:40,6.581
2015/1/25 18:50,6.58
2015/1/25 19:00,6.58
2015/1/25 19:10,6.581
2015/1/25 19:20,6.582
2015/1/25 19:30,6.582
2015/1/25 19:40,6.581
2015/1/25 19:50,6.581
2015/1/25 20:00,6.581
2015/1/25 20:10,6.578
2015/1/25 20:20,6.58
2015/1/25 20:30,6.581
2015/1/25 20:40,6.58
2015/1/25 20:50,6.581
2015/1/25 21:00,6.581
2015/1/25 21:10,6.58
2015/1/25 21:20,6.582
2015/1/25 21:30,6.581
2015/1/25 21:40,6.579
2015/1/25 21:50,6.578
2015/1/25 22:00,6.58
2015/1/25 22:10,6.579
2015/1/25 22:20,6.582
2015/1/25 22:30,6.582
2015/1/25 22:40,6.583
2015/1/25 22:50,6.582
2015/1/25 23:00,6.583
2015/1/25 23:10,6.582
2015/1/25 23:20,6.581
2015/1/25 23:30,6.581
2015/1/25 23:40,6.582
2015/1/25 23:50,6.579
2015/1/26 0:00,6.58
2015/1/26 0:10,6.578
2015/1/26 0:20,6.581
2015/1/26 0:30,6.581
2015/1/26 0:40,6.581
2015/1/26 0:50,6.582
2015/1/26 1:00,6.581
2015/1/26 1:10,6.58
2015/1/26 1:20,6.581
2015/1/26 1:30,6.58
2015/1/26 1:40,6.583
2015/1/26 1:50,6.581
2015/1/26 2:00,6.582
2015/1/26 2:10,6.582
2015/1/26 2:20,6.582
2015/1/26 2:30,6.579
2015/1/26 2:40,6.581
2015/1/26 2:50,6.581
2015/1/26 3:00,6.581
2015/1/26 3:10,6.581
2015/1/26 3:20,6.581
2015/1/26 3:30,6.578
2015/1/26 3:40,6.578
2015/1/26 3:50,6.579
2015/1/26 4:00,6.58
2015/1/26 4:10,6.582
2015/1/26 4:20,6.583
2015/1/26 4:30,6.582
2015/1/26 4:40,6.583
2015/1/26 4:50,6.579
2015/1/26 5:00,6.58
2015/1/26 5:10,6.584
2015/1/26 5:20,6.582
2015/1/26 5:30,6.581
2015/1/26 5:40,6.585
2015/1/26 5:50,6.584
2015/1/26 6:00,6.581
2015/1/26 6:10,6.579
2015/1/26 6:20,6.581
2015/1/26 6:30,6.582
2015/1/26 6:40,6.584
2015/1/26 6:50,6.584
2015/1/26 7:00,6.584
2015/1/26 7:10,6.582
2015/1/26 7:20,6.582
2015/1/26 7:30,6.583
2015/1/26 7:40,6.581
2015/1/26 7:50,6.581
2015/1/26 8:00,6.583
2015/1/26 8:10,6.582
2015/1/26 8:20,6.582
2015/1/26 8:30,6.58
2015/1/26 8:40,6.583
2015/1/26 8:50,6.582
2015/1/26 9:00,6.581
2015/1/26 9:10,6.581
2015/1/26 9:20,6.582
2015/1/26 9:30,6.582
2015/1/26 9:40,6.582
2015/1/26 9:50,6.579
2015/1/26 10:00,6.58
2015/1/26 10:10,6.581
2015/1/26 10:20,6.577
2015/1/26 10:30,6.579
2015/1/26 10:40,6.578
2015/1/26 10:50,6.579
2015/1/26 11:00,6.578
2015/1/26 11:10,6.581
2015/1/26 11:20,6.581
2015/1/26 11:30,6.579
2015/1/26 11:40,6.579
2015/1/26 11:50,6.579
2015/1/26 12:00,6.579
2015/1/26 12:10,6.579
2015/1/26 12:20,6.578
2015/1/26 12:30,6.578
2015/1/26 12:40,6.577
2015/1/26 12:50,6.575
2015/1/26 13:00,6.576
2015/1/26 13:10,6.576
2015/1/26 13:20,6.575
2015/1/26 13:30,6.577
2015/1/26 13:40,6.577
2015/1/26 13:50,6.579
2015/1/26 14:00,6.576
2015/1/26 14:10,6.578
2015/1/26 14:20,6.576
2015/1/26 14:30,6.576
2015/1/26 14:40,6.575
2015/1/26 14:50,6.573
2015/1/26 15:00,6.575
2015/1/26 15:10,6.577
2015/1/26 15:20,6.574
2015/1/26 15:30,6.574
2015/1/26 15:40,6.574
2015/1/26 15:50,6.573
2015/1/26 16:00,6.575
2015/1/26 16:10,6.574
2015/1/26 16:20,6.573
2015/1/26 16:30,6.574
2015/1/26 16:40,6.573
2015/1/26 16:50,6.574
2015/1/26 17:00,6.571
2015/1/26 17:10,6.571
2015/1/26 17:20,6.572
2015/1/26 17:30,6.574
2015/1/26 17:40,6.573
2015/1/26 17:50,6.573
2015/1/26 18:00,6.573
2015/1/26 18:10,6.572
2015/1/26 18:20,6.573
2015/1/26 18:30,6.572
2015/1/26 18:40,6.573
2015/1/26 18:50,6.574
2015/1/26 19:00,6.573
2015/1/26 19:10,6.572
2015/1/26 19:20,6.571
2015/1/26 19:30,6.571
2015/1/26 19:40,6.57
2015/1/26 19:50,6.571
2015/1/26 20:00,6.571
2015/1/26 20:10,6.572
2015/1/26 20:20,6.571
2015/1/26 20:30,6.571
2015/1/26 20:40,6.573
2015/1/26 20:50,6.572
2015/1/26 21:00,6.572
2015/1/26 21:10,6.572
2015/1/26 21:20,6.571
2015/1/26 21:30,6.572
2015/1/26 21:40,6.571
2015/1/26 21:50,6.573
2015/1/26 22:00,6.571
2015/1/26 22:10,6.572
2015/1/26 22:20,6.572
2015/1/26 22:30,6.573
2015/1/26 22:40,6.572
2015/1/26 22:50,6.574
2015/1/26 23:00,6.573
2015/1/26 23:10,6.57
2015/1/26 23:20,6.57
2015/1/26 23:30,6.572
2015/1/26 23:40,6.571
2015/1/26 23:50,6.572
2015/1/27 0:00,6.574
2015/1/27 0:10,6.572
2015/1/27 0:20,6.572
2015/1/27 0:30,6.571
2015/1/27 0:40,6.572
2015/1/27 0:50,6.573
2015/1/27 1:00,6.573
2015/1/27 1:10,6.572
2015/1/27 1:20,6.571
2015/1/27 1:30,6.57
2015/1/27 1:40,6.571
2015/1/27 1:50,6.572
2015/1/27 2:00,6.571
2015/1/27 2:10,6.571
2015/1/27 2:20,6.571
2015/1/27 2:30,6.571
2015/1/27 2:40,6.571
2015/1/27 2:50,6.573
2015/1/27 3:00,6.573
2015/1/27 3:10,6.573
2015/1/27 3:20,6.573
2015/1/27 3:30,6.572
2015/1/27 3:40,6.571
2015/1/27 3:50,6.573
2015/1/27 4:00,6.573
2015/1/27 4:10,6.571
2015/1/27 4:20,6.572
2015/1/27 4:30,6.574
2015/1/27 4:40,6.573
2015/1/27 4:50,6.574
2015/1/27 5:00,6.574
2015/1/27 5:10,6.575
2015/1/27 5:20,6.573
2015/1/27 5:30,6.575
2015/1/27 5:40,6.575
2015/1/27 5:50,6.575
2015/1/27 6:00,6.576
2015/1/27 6:10,6.574
2015/1/27 6:20,6.574
2015/1/27 6:30,6.572
2015/1/27 6:40,6.573
2015/1/27 6:50,6.572
2015/1/27 7:00,6.572
2015/1/27 7:10,6.572
2015/1/27 7:20,6.572
2015/1/27 7:30,6.572
2015/1/27 7:40,6.571
2015/1/27 7:50,6.574
2015/1/27 8:00,6.575
2015/1/27 8:10,6.574
2015/1/27 8:20,6.573
2015/1/27 8:30,6.572
2015/1/27 8:40,6.572
2015/1/27 8:50,6.572
2015/1/27 9:00,6.571
2015/1/27 9:10,6.573
2015/1/27 9:20,6.571
2015/1/27 9:30,6.571
2015/1/27 9:40,6.572
2015/1/27 9:50,6.571
2015/1/27 10:00,6.573
2015/1/27 10:10,6.573
2015/1/27 10:20,6.573
2015/1/27 10:30,6.572
2015/1/27 10:40,6.572
2015/1/27 10:50,6.572
2015/1/27 11:00,6.572
2015/1/27 11:10,6.573
2015/1/27 11:20,6.57
2015/1/27 11:30,6.572
2015/1/27 11:40,6.573
2015/1/27 11:50,6.572
2015/1/27 12:00,6.571
2015/1/27 12:10,6.57
2015/1/27 12:20,6.57
2015/1/27 12:30,6.57
2015/1/27 12:40,6.571
2015/1/27 12:50,6.57
2015/1/27 13:00,6.568
2015/1/27 13:10,6.567
2015/1/27 13:20,6.57
2015/1/27 13:30,6.572
2015/1/27 13:40,6.572
2015/1/27 13:50,6.571
2015/1/27 14:00,6.569
2015/1/27 14:10,6.569
2015/1/27 14:20,6.569
2015/1/27 14:30,6.568
2015/1/27 14:40,6.567
2015/1/27 14:50,6.568
2015/1/27 15:00,6.567
2015/1/27 15:10,6.567
2015/1/27 15:20,6.568
2015/1/27 15:30,6.568
2015/1/27 15:40,6.569
2015/1/27 15:50,6.57
2015/1/27 16:00,6.566
2015/1/27 16:10,6.568
2015/1/27 16:20,6.569
2015/1/27 16:30,6.568
2015/1/27 16:40,6.568
2015/1/27 16:50,6.568
2015/1/27 17:00,6.569
2015/1/27 17:10,6.568
2015/1/27 17:20,6.568
2015/1/27 17:30,6.568
2015/1/27 17:40,6.569
2015/1/27 17:50,6.568
2015/1/27 18:00,6.566
2015/1/27 18:10,6.567
2015/1/27 18:20,6.567
2015/1/27 18:30,6.566
2015/1/27 18:40,6.566
2015/1/27 18:50,6.567
2015/1/27 19:00,6.569
2015/1/27 19:10,6.569
2015/1/27 19:20,6.568
2015/1/27 19:30,6.566
2015/1/27 19:40,6.566
2015/1/27 19:50,6.561
2015/1/27 20:00,6.563
2015/1/27 20:10,6.565
2015/1/27 20:20,6.567
2015/1/27 20:30,6.567
2015/1/27 20:40,6.565
2015/1/27 20:50,6.563
2015/1/27 21:00,6.565
2015/1/27 21:10,6.566
2015/1/27 21:20,6.566
2015/1/27 21:30,6.566
2015/1/27 21:40,6.565
2015/1/27 21:50,6.565
2015/1/27 22:00,6.563
2015/1/27 22:10,6.562
2015/1/27 22:20,6.564
2015/1/27 22:30,6.564
2015/1/27 22:40,6.566
2015/1/27 22:50,6.565
2015/1/27 23:00,6.566
2015/1/27 23:10,6.567
2015/1/27 23:20,6.564
2015/1/27 23:30,6.564
2015/1/27 23:40,6.567
2015/1/27 23:50,6.567
2015/1/28 0:00,6.566
2015/1/28 0:10,6.564
2015/1/28 0:20,6.565
2015/1/28 0:30,6.566
2015/1/28 0:40,6.564
2015/1/28 0:50,6.565
2015/1/28 1:00,6.565
2015/1/28 1:10,6.565
2015/1/28 1:20,6.563
2015/1/28 1:30,6.566
2015/1/28 1:40,6.566
2015/1/28 1:50,6.566
2015/1/28 2:00,6.567
2015/1/28 2:10,6.568
2015/1/28 2:20,6.568
2015/1/28 2:30,6.566
2015/1/28 2:40,6.567
2015/1/28 2:50,6.564
2015/1/28 3:00,6.567
2015/1/28 3:10,6.567
2015/1/28 3:20,6.569
2015/1/28 3:30,6.569
2015/1/28 3:40,6.567
2015/1/28 3:50,6.569
2015/1/28 4:00,6.568
2015/1/28 4:10,6.568
2015/1/28 4:20,6.569
2015/1/28 4:30,6.566
2015/1/28 4:40,6.569
2015/1/28 4:50,6.568
2015/1/28 5:00,6.568
2015/1/28 5:10,6.567
2015/1/28 5:20,6.566
2015/1/28 5:30,6.565
2015/1/28 5:40,6.567
2015/1/28 5:50,6.569
2015/1/28 6:00,6.569
2015/1/28 6:10,6.569
2015/1/28 6:20,6.571
2015/1/28 6:30,6.571
2015/1/28 6:40,6.57
2015/1/28 6:50,6.571
2015/1/28 7:00,6.569
2015/1/28 7:10,6.566
2015/1/28 7:20,6.569
2015/1/28 7:30,6.57
2015/1/28 7:40,6.569
2015/1/28 7:50,6.568
2015/1/28 8:00,6.569
2015/1/28 8:10,6.567
2015/1/28 8:20,6.566
2015/1/28 8:30,6.568
2015/1/28 8:40,6.568
2015/1/28 8:50,6.566
2015/1/28 9:00,6.568
2015/1/28 9:10,6.566
2015/1/28 9:20,6.565
2015/1/28 9:30,6.566
2015/1/28 9:40,6.565
2015/1/28 9:50,6.566
2015/1/28 10:00,6.564
2015/1/28 10:10,6.564
2015/1/28 10:20,6.564
2015/1/28 10:30,6.564
2015/1/28 10:40,6.565
2015/1/28 10:50,6.565
2015/1/28 11:00,6.565
2015/1/28 11:10,6.563
2015/1/28 11:20,6.564
2015/1/28 11:30,6.562
2015/1/28 11:40,6.562
2015/1/28 11:50,6.562
2015/1/28 12:00,6.563
2015/1/28 12:10,6.563
2015/1/28 12:20,6.563
2015/1/28 12:30,6.564
2015/1/28 12:40,6.562
2015/1/28 12:50,6.561
2015/1/28 13:00,6.563
2015/1/28 13:10,6.561
2015/1/28 13:20,6.563
2015/1/28 13:30,6.563
2015/1/28 13:40,6.562
2015/1/28 13:50,6.561
2015/1/28 14:00,6.561
2015/1/28 14:10,6.561
2015/1/28 14:20,6.561
2015/1/28 14:30,6.56
2015/1/28 14:40,6.559
2015/1/28 14:50,6.559
2015/1/28 15:00,6.56
2015/1/28 15:10,6.56
2015/1/28 15:20,6.559
2015/1/28 15:30,6.56
2015/1/28 15:40,6.558
2015/1/28 15:50,6.559
2015/1/28 16:00,6.558
2015/1/28 16:10,6.559
2015/1/28 16:20,6.559
2015/1/28 16:30,6.559
2015/1/28 16:40,6.56
2015/1/28 16:50,6.558
2015/1/28 17:00,6.559
2015/1/28 17:10,6.557
2015/1/28 17:20,6.558
2015/1/28 17:30,6.556
2015/1/28 17:40,6.557
2015/1/28 17:50,6.559
2015/1/28 18:00,6.557
2015/1/28 18:10,6.557
2015/1/28 18:20,6.557
2015/1/28 18:30,6.558
2015/1/28 18:40,6.558
2015/1/28 18:50,6.558
2015/1/28 19:00,6.558
2015/1/28 19:10,6.556
2015/1/28 19:20,6.559
2015/1/28 19:30,6.557
2015/1/28 19:40,6.556
2015/1/28 19:50,6.556
2015/1/28 20:00,6.556
2015/1/28 20:10,6.554
2015/1/28 20:20,6.556
2015/1/28 20:30,6.556
2015/1/28 20:40,6.556
2015/1/28 20:50,6.556
2015/1/28 21:00,6.555
2015/1/28 21:10,6.556
2015/1/28 21:20,6.555
2015/1/28 21:30,6.553
2015/1/28 21:40,6.553
2015/1/28 21:50,6.553
2015/1/28 22:00,6.553
2015/1/28 22:10,6.553
2015/1/28 22:20,6.553
2015/1/28 22:30,6.554
2015/1/28 22:40,6.554
2015/1/28 22:50,6.553
2015/1/28 23:00,6.553
2015/1/28 23:10,6.553
2015/1/28 23:20,6.554
2015/1/28 23:30,6.555
2015/1/28 23:40,6.556
2015/1/28 23:50,6.553
2015/1/29 0:00,6.554
2015/1/29 0:10,6.555
2015/1/29 0:20,6.556
2015/1/29 0:30,6.554
2015/1/29 0:40,6.557
2015/1/29 0:50,6.557
2015/1/29 1:00,6.557
2015/1/29 1:10,6.558
2015/1/29 1:20,6.556
2015/1/29 1:30,6.554
2015/1/29 1:40,6.556
2015/1/29 1:50,6.556
2015/1/29 2:00,6.554
2015/1/29 2:10,6.556
2015/1/29 2:20,6.555
2015/1/29 2:30,6.555
2015/1/29 2:40,6.553
2015/1/29 2:50,6.555
2015/1/29 3:00,6.553
2015/1/29 3:10,6.555
2015/1/29 3:20,6.553
2015/1/29 3:30,6.555
2015/1/29 3:40,6.555
2015/1/29 3:50,6.555
2015/1/29 4:00,6.555
2015/1/29 4:10,6.554
2015/1/29 4:20,6.554
2015/1/29 4:30,6.553
2015/1/29 4:40,6.553
2015/1/29 4:50,6.554
2015/1/29 5:00,6.554
2015/1/29 5:10,6.551
2015/1/29 5:20,6.551
2015/1/29 5:30,6.553
2015/1/29 5:40,6.554
2015/1/29 5:50,6.556
2015/1/29 6:00,6.553
2015/1/29 6:10,6.554
2015/1/29 6:20,6.554
2015/1/29 6:30,6.552
2015/1/29 6:40,6.553
2015/1/29 6:50,6.553
2015/1/29 7:00,6.553
2015/1/29 7:10,6.555
2015/1/29 7:20,6.554
2015/1/29 7:30,6.555
2015/1/29 7:40,6.554
2015/1/29 7:50,6.553
2015/1/29 8:00,6.555
2015/1/29 8:10,6.555
2015/1/29 8:20,6.554
2015/1/29 8:30,6.556
2015/1/29 8:40,6.554
2015/1/29 8:50,6.554
2015/1/29 9:00,6.554
2015/1/29 9:10,6.554
2015/1/29 9:20,6.552
2015/1/29 9:30,6.552
2015/1/29 9:40,6.552
2015/1/29 9:50,6.551
2015/1/29 10:00,6.551
2015/1/29 10:10,6.553
2015/1/29 10:20,6.549
2015/1/29 10:30,6.551
2015/1/29 10:40,6.549
2015/1/29 10:50,6.55
2015/1/29 11:00,6.553
2015/1/29 11:10,6.553
2015/1/29 11:20,6.552
2015/1/29 11:30,6.551
2015/1/29 11:40,6.551
2015/1/29 11:50,6.548
2015/1/29 12:00,6.549
2015/1/29 12:10,6.55
2015/1/29 12:20,6.55
2015/1/29 12:30,6.548
2015/1/29 12:40,6.55
2015/1/29 12:50,6.551
2015/1/29 13:00,6.548
2015/1/29 13:10,6.551
2015/1/29 13:20,6.55
2015/1/29 13:30,6.551
2015/1/29 13:40,6.549
2015/1/29 13:50,6.55
2015/1/29 14:00,6.549
2015/1/29 14:10,6.547
2015/1/29 14:20,6.549
2015/1/29 14:30,6.548
2015/1/29 14:40,6.548
2015/1/29 14:50,6.549
2015/1/29 15:00,6.548
2015/1/29 15:10,6.549
2015/1/29 15:20,6.549
2015/1/29 15:30,6.548
2015/1/29 15:40,6.547
2015/1/29 15:50,6.548
2015/1/29 16:00,6.549
2015/1/29 16:10,6.546
2015/1/29 16:20,6.546
2015/1/29 16:30,6.548
2015/1/29 16:40,6.547
2015/1/29 16:50,6.545
2015/1/29 17:00,6.545
2015/1/29 17:10,6.545
2015/1/29 17:20,6.545
2015/1/29 17:30,6.544
2015/1/29 17:40,6.544
2015/1/29 17:50,6.542
2015/1/29 18:00,6.545
2015/1/29 18:10,6.543
2015/1/29 18:20,6.543
2015/1/29 18:30,6.544
2015/1/29 18:40,6.546
2015/1/29 18:50,6.545
2015/1/29 19:00,6.547
2015/1/29 19:10,6.547
2015/1/29 19:20,6.545
2015/1/29 19:30,6.547
2015/1/29 19:40,6.542
2015/1/29 19:50,6.548
2015/1/29 20:00,6.546
2015/1/29 20:10,6.543
2015/1/29 20:20,6.546
2015/1/29 20:30,6.546
2015/1/29 20:40,6.548
2015/1/29 20:50,6.549
2015/1/29 21:00,6.551
2015/1/29 21:10,6.548
2015/1/29 21:20,6.548
2015/1/29 21:30,6.547
2015/1/29 21:40,6.547
2015/1/29 21:50,6.546
2015/1/29 22:00,6.547
2015/1/29 22:10,6.548
2015/1/29 22:20,6.547
2015/1/29 22:30,6.545
2015/1/29 22:40,6.547
2015/1/29 22:50,6.547
2015/1/29 23:00,6.546
2015/1/29 23:10,6.544
2015/1/29 23:20,6.543
2015/1/29 23:30,6.543
2015/1/29 23:40,6.543
2015/1/29 23:50,6.543
2015/1/30 0:00,6.543
2015/1/30 0:10,6.542
2015/1/30 0:20,6.542
2015/1/30 0:30,6.543
2015/1/30 0:40,6.542
2015/1/30 0:50,6.544
2015/1/30 1:00,6.545
2015/1/30 1:10,6.544
2015/1/30 1:20,6.545
2015/1/30 1:30,6.544
2015/1/30 1:40,6.544
2015/1/30 1:50,6.544
2015/1/30 2:00,6.546
2015/1/30 2:10,6.544
2015/1/30 2:20,6.546
2015/1/30 2:30,6.545
2015/1/30 2:40,6.544
2015/1/30 2:50,6.545
2015/1/30 3:00,6.545
2015/1/30 3:10,6.544
2015/1/30 3:20,6.545
2015/1/30 3:30,6.544
2015/1/30 3:40,6.547
2015/1/30 3:50,6.545
2015/1/30 4:00,6.545
2015/1/30 4:10,6.544
2015/1/30 4:20,6.546
2015/1/30 4:30,6.545
2015/1/30 4:40,6.544
2015/1/30 4:50,6.548
2015/1/30 5:00,6.546
2015/1/30 5:10,6.545
2015/1/30 5:20,6.544
2015/1/30 5:30,6.546
2015/1/30 5:40,6.545
2015/1/30 5:50,6.546
2015/1/30 6:00,6.545
2015/1/30 6:10,6.545
2015/1/30 6:20,6.545
2015/1/30 6:30,6.544
2015/1/30 6:40,6.543
2015/1/30 6:50,6.545
2015/1/30 7:00,6.545
2015/1/30 7:10,6.546
2015/1/30 7:20,6.546
2015/1/30 7:30,6.544
2015/1/30 7:40,6.543
2015/1/30 7:50,6.542
2015/1/30 8:00,6.542
2015/1/30 8:10,6.544
2015/1/30 8:20,6.544
2015/1/30 8:30,6.544
2015/1/30 8:40,6.545
2015/1/30 8:50,6.546
2015/1/30 9:00,6.543
2015/1/30 9:10,6.542
2015/1/30 9:20,6.545
2015/1/30 9:30,6.544
2015/1/30 9:40,6.543
2015/1/30 9:50,6.544
2015/1/30 10:00,6.544
2015/1/30 10:10,6.546
2015/1/30 10:20,6.545
2015/1/30 10:30,6.543
2015/1/30 10:40,6.542
2015/1/30 10:50,6.542
2015/1/30 11:00,6.542
2015/1/30 11:10,6.542
2015/1/30 11:20,6.544
2015/1/30 11:30,6.542
2015/1/30 11:40,6.54
2015/1/30 11:50,6.542
2015/1/30 12:00,6.54
2015/1/30 12:10,6.542
2015/1/30 12:20,6.54
2015/1/30 12:30,6.544
2015/1/30 12:40,6.542
2015/1/30 12:50,6.54
2015/1/30 13:00,6.54
2015/1/30 13:10,6.539
2015/1/30 13:20,6.543
2015/1/30 13:30,6.541
2015/1/30 13:40,6.54
2015/1/30 13:50,6.541
2015/1/30 14:00,6.542
2015/1/30 14:10,6.538
2015/1/30 14:20,6.539
2015/1/30 14:30,6.539
2015/1/30 14:40,6.539
2015/1/30 14:50,6.537
2015/1/30 15:00,6.54
2015/1/30 15:10,6.541
2015/1/30 15:20,6.539
2015/1/30 15:30,6.539
2015/1/30 15:40,6.539
2015/1/30 15:50,6.538
2015/1/30 16:00,6.535
2015/1/30 16:10,6.537
2015/1/30 16:20,6.536
2015/1/30 16:30,6.537
2015/1/30 16:40,6.536
2015/1/30 16:50,6.534
2015/1/30 17:00,6.537
2015/1/30 17:10,6.537
2015/1/30 17:20,6.538
2015/1/30 17:30,6.537
2015/1/30 17:40,6.537
2015/1/30 17:50,6.537
2015/1/30 18:00,6.536
2015/1/30 18:10,6.536
2015/1/30 18:20,6.537
2015/1/30 18:30,6.538
2015/1/30 18:40,6.537
2015/1/30 18:50,6.537
2015/1/30 19:00,6.538
2015/1/30 19:10,6.537
2015/1/30 19:20,6.538
2015/1/30 19:30,6.537
2015/1/30 19:40,6.538
2015/1/30 19:50,6.538
2015/1/30 20:00,6.54
2015/1/30 20:10,6.537
2015/1/30 20:20,6.537
2015/1/30 20:30,6.54
2015/1/30 20:40,6.539
2015/1/30 20:50,6.539
2015/1/30 21:00,6.539
2015/1/30 21:10,6.542
2015/1/30 21:20,6.539
2015/1/30 21:30,6.542
2015/1/30 21:40,6.54
2015/1/30 21:50,6.538
2015/1/30 22:00,6.539
2015/1/30 22:10,6.538
2015/1/30 22:20,6.537
2015/1/30 22:30,6.537
2015/1/30 22:40,6.538
2015/1/30 22:50,6.538
2015/1/30 23:00,6.537
2015/1/30 23:10,6.537
2015/1/30 23:20,6.538
2015/1/30 23:30,6.536
2015/1/30 23:40,6.539
2015/1/30 23:50,6.536
2015/1/31 0:00,6.54
2015/1/31 0:10,6.541
2015/1/31 0:20,6.538
2015/1/31 0:30,6.535
2015/1/31 0:40,6.537
2015/1/31 0:50,6.536
2015/1/31 1:00,6.534
2015/1/31 1:10,6.534
2015/1/31 1:20,6.533
2015/1/31 1:30,6.536
2015/1/31 1:40,6.535
2015/1/31 1:50,6.537
2015/1/31 2:00,6.533
2015/1/31 2:10,6.533
2015/1/31 2:20,6.535
2015/1/31 2:30,6.534
2015/1/31 2:40,6.536
2015/1/31 2:50,6.539
2015/1/31 3:00,6.538
2015/1/31 3:10,6.539
2015/1/31 3:20,6.539
2015/1/31 3:30,6.538
2015/1/31 3:40,6.537
2015/1/31 3:50,6.538
2015/1/31 4:00,6.536
2015/1/31 4:10,6.533
2015/1/31 4:20,6.538
2015/1/31 4:30,6.536
2015/1/31 4:40,6.538
2015/1/31 4:50,6.537
2015/1/31 5:00,6.537
2015/1/31 5:10,6.538
2015/1/31 5:20,6.537
2015/1/31 5:30,6.538
2015/1/31 5:40,6.538
2015/1/31 5:50,6.536
2015/1/31 6:00,6.535
2015/1/31 6:10,6.535
2015/1/31 6:20,6.536
2015/1/31 6:30,6.536
2015/1/31 6:40,6.535
2015/1/31 6:50,6.538
2015/1/31 7:00,6.537
2015/1/31 7:10,6.537
2015/1/31 7:20,6.536
2015/1/31 7:30,6.537
2015/1/31 7:40,6.538
2015/1/31 7:50,6.537
2015/1/31 8:00,6.536
2015/1/31 8:10,6.537
2015/1/31 8:20,6.536
2015/1/31 8:30,6.535
2015/1/31 8:40,6.536
2015/1/31 8:50,6.535
2015/1/31 9:00,6.538
2015/1/31 9:10,6.534
2015/1/31 9:20,6.536
2015/1/31 9:30,6.534
2015/1/31 9:40,6.537
2015/1/31 9:50,6.537
2015/1/31 10:00,6.536
2015/1/31 10:10,6.533
2015/1/31 10:20,6.536
2015/1/31 10:30,6.536
2015/1/31 10:40,6.535
2015/1/31 10:50,6.533
2015/1/31 11:00,6.532
2015/1/31 11:10,6.534
2015/1/31 11:20,6.533
2015/1/31 11:30,6.534
2015/1/31 11:40,6.532
2015/1/31 11:50,6.532
2015/1/31 12:00,6.534
2015/1/31 12:10,6.534
2015/1/31 12:20,6.535
2015/1/31 12:30,6.534
2015/1/31 12:40,6.533
2015/1/31 12:50,6.533
2015/1/31 13:00,6.533
2015/1/31 13:10,6.534
2015/1/31 13:20,6.534
2015/1/31 13:30,6.535
2015/1/31 13:40,6.532
2015/1/31 13:50,6.532
2015/1/31 14:00,6.533
2015/1/31 14:10,6.532
2015/1/31 14:20,6.53
2015/1/31 14:30,6.531
2015/1/31 14:40,6.532
2015/1/31 14:50,6.531
2015/1/31 15:00,6.531
2015/1/31 15:10,6.534
2015/1/31 15:20,6.532
2015/1/31 15:30,6.532
2015/1/31 15:40,6.532
2015/1/31 15:50,6.534
2015/1/31 16:00,6.533
2015/1/31 16:10,6.533
2015/1/31 16:20,6.534
2015/1/31 16:30,6.532
2015/1/31 16:40,6.532
2015/1/31 16:50,6.531
2015/1/31 17:00,6.531
2015/1/31 17:10,6.532
2015/1/31 17:20,6.531
2015/1/31 17:30,6.529
2015/1/31 17:40,6.531
2015/1/31 17:50,6.531
2015/1/31 18:00,6.532
2015/1/31 18:10,6.531
2015/1/31 18:20,6.531
2015/1/31 18:30,6.531
2015/1/31 18:40,6.532
2015/1/31 18:50,6.531
2015/1/31 19:00,6.531
2015/1/31 19:10,6.532
2015/1/31 19:20,6.531
2015/1/31 19:30,6.53
2015/1/31 19:40,6.532
2015/1/31 19:50,6.531
2015/1/31 20:00,6.531
2015/1/31 20:10,6.531
2015/1/31 20:20,6.531
2015/1/31 20:30,6.531
2015/1/31 20:40,6.532
2015/1/31 20:50,6.529
2015/1/31 21:00,6.531
2015/1/31 21:10,6.533
2015/1/31 21:20,6.53
2015/1/31 21:30,6.531
2015/1/31 21:40,6.53
2015/1/31 21:50,6.53
2015/1/31 22:00,6.532
2015/1/31 22:10,6.531
2015/1/31 22:20,6.53
2015/1/31 22:30,6.53
2015/1/31 22:40,6.529
2015/1/31 22:50,6.528
2015/1/31 23:00,6.529
2015/1/31 23:10,6.528
2015/1/31 23:20,6.53
2015/1/31 23:30,6.53
2015/1/31 23:40,6.528
2015/1/31 23:50,6.528
