date,absolute water-level (cm)
30/10/2019 06:00,-164.575
30/10/2019 06:30,-165.125
30/10/2019 07:00,-165.35
30/10/2019 07:30,-165.35
30/10/2019 08:00,-164.95
30/10/2019 08:30,-165.3
30/10/2019 09:00,-165.25
30/10/2019 09:30,-164.975
30/10/2019 10:00,-165.275
30/10/2019 10:30,-164.75
30/10/2019 11:00,-164.725
30/10/2019 11:30,-166.05
30/10/2019 12:00,-164.2625
30/10/2019 12:30,-164.05
30/10/2019 13:00,-163.975
30/10/2019 13:30,-164.1125
30/10/2019 14:00,-164.4625
30/10/2019 14:30,-164.75
30/10/2019 15:00,-164.625
30/10/2019 15:30,-164.35
30/10/2019 16:00,-164.9
30/10/2019 16:30,-163.775
30/10/2019 17:00,-163.3125
30/10/2019 17:30,-163.2375
30/10/2019 18:00,-163.2625
30/10/2019 18:30,-163.5875
30/10/2019 19:00,-163.5125
30/10/2019 19:30,-163.45
30/10/2019 20:00,-163.9625
30/10/2019 20:30,-164.45
30/10/2019 21:00,-164.375
30/10/2019 21:30,-164.3625
30/10/2019 22:00,-164.375
30/10/2019 22:30,-164.575
30/10/2019 23:00,-164.4125
30/10/2019 23:30,-164.425
31/10/2019 00:00,-164.4
31/10/2019 00:30,-164.675
31/10/2019 01:00,-164.5
31/10/2019 01:30,-164.3
31/10/2019 02:00,-164.3
31/10/2019 02:30,-164.45
31/10/2019 03:00,-164.3
31/10/2019 03:30,-164.5
31/10/2019 04:00,-164.35
31/10/2019 04:30,-164.225
31/10/2019 05:00,-164.425
31/10/2019 05:30,-164.55
31/10/2019 06:00,-164.6
31/10/2019 06:30,-165.15
31/10/2019 07:00,-165
31/10/2019 07:30,-165.275
31/10/2019 08:00,-165.4
31/10/2019 08:30,-165.625
31/10/2019 09:00,-165.775
31/10/2019 09:30,-165.8
31/10/2019 10:00,-166.125
31/10/2019 10:30,-165.7
31/10/2019 11:00,-165.525
31/10/2019 11:30,-166.2
31/10/2019 12:00,-166.35
31/10/2019 12:30,-166.1
31/10/2019 13:00,-166.1
31/10/2019 13:30,-166.225
31/10/2019 14:00,-166.2
31/10/2019 14:30,-165.5
31/10/2019 15:00,-164.775
31/10/2019 15:30,-161.7
31/10/2019 16:00,-159.9
31/10/2019 16:30,-158.3
31/10/2019 17:00,-157.625
31/10/2019 17:30,-156.225
31/10/2019 18:00,-160.525
31/10/2019 18:30,-158.75
31/10/2019 19:00,-159.925
31/10/2019 19:30,-159.775
31/10/2019 20:00,-159.55
31/10/2019 20:30,-159.5
31/10/2019 21:00,-160.075
31/10/2019 21:30,-159.125
31/10/2019 22:00,-159.75
31/10/2019 22:30,-159.1
31/10/2019 23:00,-160.1
31/10/2019 23:30,-160.225
01/11/2019 00:00,-159.25
01/11/2019 00:30,-159.2
01/11/2019 01:00,-159.25
01/11/2019 01:30,-159.425
01/11/2019 02:00,-159.4
01/11/2019 02:30,-159.15
01/11/2019 03:00,-158.225
01/11/2019 03:30,-158.975
01/11/2019 04:00,-159.225
01/11/2019 04:30,-158.7
01/11/2019 05:00,-158.9
01/11/2019 05:30,-158.3
01/11/2019 06:00,-158.2
01/11/2019 06:30,-158.7
01/11/2019 07:00,-157.725
01/11/2019 07:30,-157.45
01/11/2019 08:00,-158.1
01/11/2019 08:30,-157.675
01/11/2019 09:00,-156.875
01/11/2019 09:30,-157.325
01/11/2019 10:00,-157.35
01/11/2019 10:30,-157.5
01/11/2019 11:00,-156.65
01/11/2019 11:30,-155.625
01/11/2019 12:00,-155.25
01/11/2019 12:30,-152.725
01/11/2019 13:00,-150.6
01/11/2019 13:30,-150.2
01/11/2019 14:00,-149.2125
01/11/2019 14:30,-148.65
01/11/2019 15:00,-145.125
01/11/2019 15:30,-152.2625
01/11/2019 16:00,-152.2625
01/11/2019 16:30,-153.025
01/11/2019 17:00,-152
01/11/2019 17:30,-151.85
01/11/2019 18:00,-152.275
01/11/2019 18:30,-152.375
01/11/2019 19:00,-152.4
01/11/2019 19:30,-153.075
01/11/2019 20:00,-152.625
01/11/2019 20:30,-153.625
01/11/2019 21:00,-152.675
01/11/2019 21:30,-153
01/11/2019 22:00,-153.125
01/11/2019 22:30,-152.3
01/11/2019 23:00,-152.5
01/11/2019 23:30,-152.3
02/11/2019 00:00,-152.3
02/11/2019 00:30,-152.275
02/11/2019 01:00,-152.425
02/11/2019 01:30,-152.375
02/11/2019 02:00,-152.55
02/11/2019 02:30,-152.35
02/11/2019 03:00,-151.3875
02/11/2019 03:30,-151.2625
02/11/2019 04:00,-152.125
02/11/2019 04:30,-151.925
02/11/2019 05:00,-151.8
02/11/2019 05:30,-150.8375
02/11/2019 06:00,-151.075
02/11/2019 06:30,-150.975
02/11/2019 07:00,-151.925
02/11/2019 07:30,-151.675
02/11/2019 08:00,-152
02/11/2019 08:30,-152.3
02/11/2019 09:00,-151.65
02/11/2019 09:30,-152.125
02/11/2019 10:00,-152.65
02/11/2019 10:30,-152.475
02/11/2019 11:00,-153.75
02/11/2019 11:30,-152.75
02/11/2019 12:00,-153.475
02/11/2019 12:30,-153.15
02/11/2019 13:00,-153.175
02/11/2019 13:30,-153.175
02/11/2019 14:00,-153.075
02/11/2019 14:30,-152.45
02/11/2019 15:00,-152.575
02/11/2019 15:30,-152.1
02/11/2019 16:00,-152.55
02/11/2019 16:30,-151.75
02/11/2019 17:00,-151.425
02/11/2019 17:30,-151.6
02/11/2019 18:00,-151.3
02/11/2019 18:30,-150.375
02/11/2019 19:00,-150.525
02/11/2019 19:30,-150.425
02/11/2019 20:00,-150.25
02/11/2019 20:30,-149.5
02/11/2019 21:00,-150.125
02/11/2019 21:30,-149.6
02/11/2019 22:00,-150
02/11/2019 22:30,-149.625
02/11/2019 23:00,-149.5
02/11/2019 23:30,-149.975
03/11/2019 00:00,-148.95
03/11/2019 00:30,-148.925
03/11/2019 01:00,-149.225
03/11/2019 01:30,-149.225
03/11/2019 02:00,-148.7
03/11/2019 02:30,-148.5625
03/11/2019 03:00,-148.9
03/11/2019 03:30,-148.575
03/11/2019 04:00,-148.575
03/11/2019 04:30,-148.225
03/11/2019 05:00,-148.15
03/11/2019 05:30,-148.25
03/11/2019 06:00,-148.45
03/11/2019 06:30,-148.625
03/11/2019 07:00,-148.875
03/11/2019 07:30,-149.55
03/11/2019 08:00,-149.725
03/11/2019 08:30,-149.225
03/11/2019 09:00,-150.1
03/11/2019 09:30,-149.425
03/11/2019 10:00,-150.275
03/11/2019 10:30,-150.375
03/11/2019 11:00,-150.225
03/11/2019 11:30,-150.85
03/11/2019 12:00,-150.775
03/11/2019 12:30,-151.375
03/11/2019 13:00,-151.675
03/11/2019 13:30,-151.125
03/11/2019 14:00,-151.15
03/11/2019 14:30,-150.475
03/11/2019 15:00,-151.25
03/11/2019 15:30,-150.45
03/11/2019 16:00,-150.325
03/11/2019 16:30,-149.5
03/11/2019 17:00,-149.125
03/11/2019 17:30,-148.625
03/11/2019 18:00,-148.3
03/11/2019 18:30,-148.025
03/11/2019 19:00,-147.825
03/11/2019 19:30,-147.9
03/11/2019 20:00,-147.575
03/11/2019 20:30,-147.825
03/11/2019 21:00,-147.675
03/11/2019 21:30,-147.6
03/11/2019 22:00,-147.525
03/11/2019 22:30,-147.7
03/11/2019 23:00,-147.55
03/11/2019 23:30,-147.6125
04/11/2019 00:00,-147.4375
04/11/2019 00:30,-147.3375
04/11/2019 01:00,-147.0125
04/11/2019 01:30,-147.3875
04/11/2019 02:00,-147.15
04/11/2019 02:30,-147.0375
04/11/2019 03:00,-147.2375
04/11/2019 03:30,-147.2125
04/11/2019 04:00,-147.0625
04/11/2019 04:30,-146.85
04/11/2019 05:00,-146.6
04/11/2019 05:30,-147
04/11/2019 06:00,-147.05
04/11/2019 06:30,-146.975
04/11/2019 07:00,-146.9375
04/11/2019 07:30,-147.275
04/11/2019 08:00,-147.2625
04/11/2019 08:30,-147.7
04/11/2019 09:00,-147.8
04/11/2019 09:30,-147.8625
04/11/2019 10:00,-148.225
04/11/2019 10:30,-148.5
04/11/2019 11:00,-148.65
04/11/2019 11:30,-151.725
04/11/2019 12:00,-151.35
04/11/2019 12:30,-151.475
04/11/2019 13:00,-150.925
04/11/2019 13:30,-151.175
04/11/2019 14:00,-151.025
04/11/2019 14:30,-151.175
04/11/2019 15:00,-150.45
04/11/2019 15:30,-150.275
04/11/2019 16:00,-150.4
04/11/2019 16:30,-149.425
04/11/2019 17:00,-149.425
04/11/2019 17:30,-148.95
04/11/2019 18:00,-148.475
04/11/2019 18:30,-148.675
04/11/2019 19:00,-148.65
04/11/2019 19:30,-148.525
04/11/2019 20:00,-148.025
04/11/2019 20:30,-148.25
04/11/2019 21:00,-148.25
04/11/2019 21:30,-147.9
04/11/2019 22:00,-148.025
04/11/2019 22:30,-147.725
04/11/2019 23:00,-147.525
04/11/2019 23:30,-147.575
05/11/2019 00:00,-147.55
05/11/2019 00:30,-147.725
05/11/2019 01:00,-147.125
05/11/2019 01:30,-147.075
05/11/2019 02:00,-147.325
05/11/2019 02:30,-147.175
05/11/2019 03:00,-147.175
05/11/2019 03:30,-146.575
05/11/2019 04:00,-146.7
05/11/2019 04:30,-146.6
05/11/2019 05:00,-146.6
05/11/2019 05:30,-146.95
05/11/2019 06:00,-146.825
05/11/2019 06:30,-147.2
05/11/2019 07:00,-147.425
05/11/2019 07:30,-147.775
05/11/2019 08:00,-147.95
05/11/2019 08:30,-148
05/11/2019 09:00,-148.35
05/11/2019 09:30,-148.1
05/11/2019 10:00,-148.3
05/11/2019 10:30,-148.425
05/11/2019 11:00,-148.375
05/11/2019 11:30,-148.175
05/11/2019 12:00,-148.3
05/11/2019 12:30,-148.125
05/11/2019 13:00,-147.725
05/11/2019 13:30,-147.85
05/11/2019 14:00,-147.825
05/11/2019 14:30,-147.325
05/11/2019 15:00,-147.475
05/11/2019 15:30,-147.625
05/11/2019 16:00,-147.125
05/11/2019 16:30,-146.625
05/11/2019 17:00,-146.45
05/11/2019 17:30,-145.8
05/11/2019 18:00,-145.65
05/11/2019 18:30,-145.8
05/11/2019 19:00,-145.5
05/11/2019 19:30,-145.525
05/11/2019 20:00,-145.4
05/11/2019 20:30,-145.075
05/11/2019 21:00,-145.05
05/11/2019 21:30,-145.225
05/11/2019 22:00,-144.775
05/11/2019 22:30,-144.75
05/11/2019 23:00,-144.9
05/11/2019 23:30,-144.7
06/11/2019 00:00,-144.675
06/11/2019 00:30,-144.475
06/11/2019 01:00,-144.475
06/11/2019 01:30,-144.5
06/11/2019 02:00,-144.1
06/11/2019 02:30,-144.25
06/11/2019 03:00,-144.075
06/11/2019 03:30,-143.8125
06/11/2019 04:00,-144
06/11/2019 04:30,-144.175
06/11/2019 05:00,-144.05
06/11/2019 05:30,-143.75
06/11/2019 06:00,-144.1
06/11/2019 06:30,-144.5
06/11/2019 07:00,-144.575
06/11/2019 07:30,-145.125
06/11/2019 08:00,-145.475
06/11/2019 08:30,-145.35
06/11/2019 09:00,-145.475
06/11/2019 09:30,-145.5
06/11/2019 10:00,-145.6
06/11/2019 10:30,-145.725
06/11/2019 11:00,-145.575
06/11/2019 11:30,-145.85
06/11/2019 12:00,-145.35
06/11/2019 12:30,-145.275
06/11/2019 13:00,-145.775
06/11/2019 13:30,-145.55
06/11/2019 14:00,-145.2
06/11/2019 14:30,-145.025
06/11/2019 15:00,-144.5
06/11/2019 15:30,-144.15
06/11/2019 16:00,-143.975
06/11/2019 16:30,-143.825
06/11/2019 17:00,-143.675
06/11/2019 17:30,-143.3
06/11/2019 18:00,-143.15
06/11/2019 18:30,-143.2
06/11/2019 19:00,-142.875
06/11/2019 19:30,-142.575
06/11/2019 20:00,-142.75
06/11/2019 20:30,-142.65
06/11/2019 21:00,-142.6
06/11/2019 21:30,-142.65
06/11/2019 22:00,-142.3375
06/11/2019 22:30,-142.475
06/11/2019 23:00,-142.6
06/11/2019 23:30,-142.25
07/11/2019 00:00,-142.4
07/11/2019 00:30,-142.375
07/11/2019 01:00,-142.225
07/11/2019 01:30,-142.15
07/11/2019 02:00,-142.2
07/11/2019 02:30,-142.15
07/11/2019 03:00,-142.375
07/11/2019 03:30,-142.225
07/11/2019 04:00,-142.05
07/11/2019 04:30,-142.05
07/11/2019 05:00,-141.925
07/11/2019 05:30,-141.75
07/11/2019 06:00,-141.775
07/11/2019 06:30,-142.375
07/11/2019 07:00,-142.55
07/11/2019 07:30,-142.8
07/11/2019 08:00,-143.175
07/11/2019 08:30,-143.375
07/11/2019 09:00,-143.15
07/11/2019 09:30,-143.7
07/11/2019 10:00,-143.65
07/11/2019 10:30,-143.325
07/11/2019 11:00,-143.625
07/11/2019 11:30,-143.775
07/11/2019 12:00,-143.775
07/11/2019 12:30,-143.525
07/11/2019 13:00,-143.525
07/11/2019 13:30,-143.475
07/11/2019 14:00,-143.475
07/11/2019 14:30,-143.45
07/11/2019 15:00,-143.25
07/11/2019 15:30,-142.925
07/11/2019 16:00,-142.4
07/11/2019 16:30,-141.75
07/11/2019 17:00,-141.775
07/11/2019 17:30,-141.6
07/11/2019 18:00,-141.425
07/11/2019 18:30,-141.175
07/11/2019 19:00,-141.325
07/11/2019 19:30,-140.85
07/11/2019 20:00,-141.025
07/11/2019 20:30,-140.9
07/11/2019 21:00,-140.75
07/11/2019 21:30,-140.725
07/11/2019 22:00,-140.725
07/11/2019 22:30,-140.475
07/11/2019 23:00,-140.5625
07/11/2019 23:30,-140.85
08/11/2019 00:00,-140.625
08/11/2019 00:30,-140.35
08/11/2019 01:00,-140.6
08/11/2019 01:30,-140.75
08/11/2019 02:00,-140.6
08/11/2019 02:30,-140.25
08/11/2019 03:00,-140.1375
08/11/2019 03:30,-140.05
08/11/2019 04:00,-140.15
08/11/2019 04:30,-140.2
08/11/2019 05:00,-140.225
08/11/2019 05:30,-140.075
08/11/2019 06:00,-140.6
08/11/2019 06:30,-140.775
08/11/2019 07:00,-140.9
08/11/2019 07:30,-141.225
08/11/2019 08:00,-141.75
08/11/2019 08:30,-141.625
08/11/2019 09:00,-141.825
08/11/2019 09:30,-141.825
08/11/2019 10:00,-141.75
08/11/2019 10:30,-142.275
08/11/2019 11:00,-142.075
08/11/2019 11:30,-141.875
08/11/2019 12:00,-142.125
08/11/2019 12:30,-142.1
08/11/2019 13:00,-142.225
08/11/2019 13:30,-142.05
08/11/2019 14:00,-141.55
08/11/2019 14:30,-140.85
08/11/2019 15:00,-140.975
08/11/2019 15:30,-140.7
08/11/2019 16:00,-140.275
08/11/2019 16:30,-140.15
08/11/2019 17:00,-139.975
08/11/2019 17:30,-140
08/11/2019 18:00,-139.85
08/11/2019 18:30,-139.725
08/11/2019 19:00,-139.425
08/11/2019 19:30,-139.45
08/11/2019 20:00,-139.275
08/11/2019 20:30,-139.325
08/11/2019 21:00,-139.475
08/11/2019 21:30,-139.1375
08/11/2019 22:00,-139.275
08/11/2019 22:30,-139.325
08/11/2019 23:00,-139.275
08/11/2019 23:30,-139.275
09/11/2019 00:00,-139.275
09/11/2019 00:30,-139.1
09/11/2019 01:00,-139.2
09/11/2019 01:30,-139.425
09/11/2019 02:00,-139.25
09/11/2019 02:30,-139.375
09/11/2019 03:00,-139.25
09/11/2019 03:30,-139.225
09/11/2019 04:00,-139.25
09/11/2019 04:30,-139.15
09/11/2019 05:00,-138.975
09/11/2019 05:30,-139.15
09/11/2019 06:00,-138.825
09/11/2019 06:30,-139.25
09/11/2019 07:00,-139.525
09/11/2019 07:30,-139.775
09/11/2019 08:00,-140.025
09/11/2019 08:30,-140.2
09/11/2019 09:00,-140.375
09/11/2019 09:30,-140.35
09/11/2019 10:00,-140.525
09/11/2019 10:30,-140.325
09/11/2019 11:00,-140.275
09/11/2019 11:30,-140.45
09/11/2019 12:00,-139.225
09/11/2019 12:30,-137.3
09/11/2019 13:00,-135.975
09/11/2019 13:30,-135.325
09/11/2019 14:00,-135.75
09/11/2019 14:30,-135.4125
09/11/2019 15:00,-134.7875
09/11/2019 15:30,-134.85
09/11/2019 16:00,-134.65
09/11/2019 16:30,-134.5625
09/11/2019 17:00,-134.3125
09/11/2019 17:30,-134.1625
09/11/2019 18:00,-134.0875
09/11/2019 18:30,-134.175
09/11/2019 19:00,-133.9375
09/11/2019 19:30,-134.025
09/11/2019 20:00,-133.875
09/11/2019 20:30,-133.7125
09/11/2019 21:00,-133.475
09/11/2019 21:30,-133.375
09/11/2019 22:00,-133.15
09/11/2019 22:30,-133.0875
09/11/2019 23:00,-128.05
09/11/2019 23:30,-132.575
10/11/2019 00:00,-136.1
10/11/2019 00:30,-136.425
10/11/2019 01:00,-136.0875
10/11/2019 01:30,-134.625
10/11/2019 02:00,-137.35
10/11/2019 02:30,-137.2
10/11/2019 03:00,-136.95
10/11/2019 03:30,-137.05
10/11/2019 04:00,-137.125
10/11/2019 04:30,-136.9875
10/11/2019 05:00,-136.9125
10/11/2019 05:30,-136.9375
10/11/2019 06:00,-137.075
10/11/2019 06:30,-137.35
10/11/2019 07:00,-137.625
10/11/2019 07:30,-137.5
10/11/2019 08:00,-136.925
10/11/2019 08:30,-136.9375
10/11/2019 09:00,-137.425
10/11/2019 09:30,-137.2
10/11/2019 10:00,-137.225
10/11/2019 10:30,-137.025
10/11/2019 11:00,-137.225
10/11/2019 11:30,-138.425
10/11/2019 12:00,-137.95
10/11/2019 12:30,-137.55
10/11/2019 13:00,-137.175
10/11/2019 13:30,-137.3
10/11/2019 14:00,-137.125
10/11/2019 14:30,-136.975
10/11/2019 15:00,-137.425
10/11/2019 15:30,-137.1
10/11/2019 16:00,-137.0125
10/11/2019 16:30,-136.75
10/11/2019 17:00,-136.5
10/11/2019 17:30,-136.575
10/11/2019 18:00,-136.5125
10/11/2019 18:30,-136.525
10/11/2019 19:00,-136.5375
10/11/2019 19:30,-136.8
10/11/2019 20:00,-136.7125
10/11/2019 20:30,-136.725
10/11/2019 21:00,-136.5625
10/11/2019 21:30,-136.55
10/11/2019 22:00,-137.125
10/11/2019 22:30,-137.25
10/11/2019 23:00,-137.275
10/11/2019 23:30,-137.2
11/11/2019 00:00,-136.8625
11/11/2019 00:30,-137
11/11/2019 01:00,-137
11/11/2019 01:30,-136.7625
11/11/2019 02:00,-137
11/11/2019 02:30,-136.85
11/11/2019 03:00,-136.85
11/11/2019 03:30,-136.675
11/11/2019 04:00,-137
11/11/2019 04:30,-136.8375
11/11/2019 05:00,-136.6875
11/11/2019 05:30,-136.7
11/11/2019 06:00,-137.1
11/11/2019 06:30,-137.15
11/11/2019 07:00,-137.525
11/11/2019 07:30,-138.025
11/11/2019 08:00,-138.25
11/11/2019 08:30,-138.3
11/11/2019 09:00,-138.425
11/11/2019 09:30,-138.575
11/11/2019 10:00,-138.55
11/11/2019 10:30,-137.975
11/11/2019 11:00,-138.5
11/11/2019 11:30,-138.825
11/11/2019 12:00,-138.8
11/11/2019 12:30,-139.1
11/11/2019 13:00,-138.925
11/11/2019 13:30,-138.925
11/11/2019 14:00,-138.75
11/11/2019 14:30,-138.875
11/11/2019 15:00,-138.675
11/11/2019 15:30,-137.975
11/11/2019 16:00,-137.125
11/11/2019 16:30,-136.85
11/11/2019 17:00,-137.325
11/11/2019 17:30,-136.875
11/11/2019 18:00,-136.875
11/11/2019 18:30,-136.7
11/11/2019 19:00,-136.525
11/11/2019 19:30,-136.625
11/11/2019 20:00,-136.475
11/11/2019 20:30,-136.475
11/11/2019 21:00,-136.625
11/11/2019 21:30,-136.8
11/11/2019 22:00,-136.5
11/11/2019 22:30,-136.475
11/11/2019 23:00,-136.3
11/11/2019 23:30,-136.2875
12/11/2019 00:00,-136.375
12/11/2019 00:30,-136.4166667
12/11/2019 01:00,-136.4666667
12/11/2019 01:30,-136.3666667
12/11/2019 02:00,-136.3166667
12/11/2019 02:30,-136.2583333
12/11/2019 03:00,-136.3166667
12/11/2019 03:30,-136.3
12/11/2019 04:00,-136.3916667
12/11/2019 04:30,-136.3583333
12/11/2019 05:00,-136.3916667
12/11/2019 05:30,-136.4083333
12/11/2019 06:00,-136.5083333
12/11/2019 06:30,-136.5166667
12/11/2019 07:00,-136.5583333
12/11/2019 07:30,-136.7083333
12/11/2019 08:00,-136.9166667
12/11/2019 08:30,-137.1166667
12/11/2019 09:00,-137.2083333
12/11/2019 09:30,-137.45
12/11/2019 10:00,-137.55
12/11/2019 10:30,-137.5916667
12/11/2019 11:00,-137.475
12/11/2019 11:30,-137.175
12/11/2019 12:00,-136.975
12/11/2019 12:30,-136.5583333
12/11/2019 13:00,-133.3416667
12/11/2019 13:30,-136.175
12/11/2019 14:00,-126.1333333
12/11/2019 14:30,-125.25
12/11/2019 15:00,-124.9333333
12/11/2019 15:30,-124.6916667
12/11/2019 16:00,-124.8416667
12/11/2019 16:30,-124.5916667
12/11/2019 17:00,-124.7916667
12/11/2019 17:30,-124.9
12/11/2019 18:00,-125.2
12/11/2019 18:30,-125.0666667
12/11/2019 19:00,-124.9416667
12/11/2019 19:30,-124.625
12/11/2019 20:00,-124.1583333
12/11/2019 20:30,-123.6458333
12/11/2019 21:00,-123.4666667
12/11/2019 21:30,-123.5291667
12/11/2019 22:00,-123.9
12/11/2019 22:30,-124.0958333
12/11/2019 23:00,-124.975
12/11/2019 23:30,-123.775
13/11/2019 00:00,-125.875
13/11/2019 00:30,-124.7041667
13/11/2019 01:00,-124.3416667
13/11/2019 01:30,-124.0541667
13/11/2019 02:00,-123.8416667
13/11/2019 02:30,-123.6625
13/11/2019 03:00,-123.5833333
13/11/2019 03:30,-123.5541667
13/11/2019 04:00,-123.4708333
13/11/2019 04:30,-123.4375
13/11/2019 05:00,-123.4
13/11/2019 05:30,-123.7625
13/11/2019 06:00,-124.0125
13/11/2019 06:30,-124.1083333
13/11/2019 07:00,-124.0166667
13/11/2019 07:30,-124.4083333
13/11/2019 08:00,-124.0958333
13/11/2019 08:30,-124.8958333
13/11/2019 09:00,-124.4375
13/11/2019 09:30,-124.5583333
13/11/2019 10:00,-122.4
13/11/2019 10:30,-125.0458333
13/11/2019 11:00,-122.525
13/11/2019 11:30,-128.65
13/11/2019 12:00,-126.525
13/11/2019 12:30,-128.575
13/11/2019 13:00,-126.55
13/11/2019 13:30,-127.8
13/11/2019 14:00,-127.0166667
13/11/2019 14:30,-127.475
13/11/2019 15:00,-126.95
13/11/2019 15:30,-125.8916667
13/11/2019 16:00,-125.7
13/11/2019 16:30,-126
13/11/2019 17:00,-126.3
13/11/2019 17:30,-125.9
13/11/2019 18:00,-125.3833333
13/11/2019 18:30,-125.5666667
13/11/2019 19:00,-125.7
13/11/2019 19:30,-125.95
13/11/2019 20:00,-126.3166667
13/11/2019 20:30,-125.675
13/11/2019 21:00,-127.325
13/11/2019 21:30,-126.125
13/11/2019 22:00,-127.225
13/11/2019 22:30,-125.6333333
13/11/2019 23:00,-125.35
13/11/2019 23:30,-125.9416667
14/11/2019 00:00,-125.95
14/11/2019 00:30,-125.6333333
14/11/2019 01:00,-125.1416667
14/11/2019 01:30,-124.725
14/11/2019 02:00,-124.6083333
14/11/2019 02:30,-124.2
14/11/2019 03:00,-123.8958333
14/11/2019 03:30,-123.6416667
14/11/2019 04:00,-123.2708333
14/11/2019 04:30,-123.1041667
14/11/2019 05:00,-122.9666667
14/11/2019 05:30,-122.9791667
14/11/2019 06:00,-122.8958333
14/11/2019 06:30,-122.9083333
14/11/2019 07:00,-123.4125
14/11/2019 07:30,-124.0125
14/11/2019 08:00,-124.2666667
14/11/2019 08:30,-123.8916667
14/11/2019 09:00,-124.0166667
14/11/2019 09:30,-122.175
14/11/2019 10:00,-124.8208333
14/11/2019 10:30,-123.45
14/11/2019 11:00,-126.25
14/11/2019 11:30,-124.8083333
14/11/2019 12:00,-126.275
14/11/2019 12:30,-124.6083333
14/11/2019 13:00,-126.05
14/11/2019 13:30,-123.875
14/11/2019 14:00,-126.475
14/11/2019 14:30,-124.825
14/11/2019 15:00,-126.0083333
14/11/2019 15:30,-124.9333333
14/11/2019 16:00,-125.0041667
14/11/2019 16:30,-124.9625
14/11/2019 17:00,-125.2166667
14/11/2019 17:30,-125.5083333
14/11/2019 18:00,-125.6833333
14/11/2019 18:30,-125.8666667
14/11/2019 19:00,-125.0083333
14/11/2019 19:30,-124.4625
14/11/2019 20:00,-124.1083333
14/11/2019 20:30,-124.325
14/11/2019 21:00,-124.4833333
14/11/2019 21:30,-124.4833333
14/11/2019 22:00,-124.625
14/11/2019 22:30,-123.8125
14/11/2019 23:00,-124.8833333
14/11/2019 23:30,-124.9166667
15/11/2019 00:00,-124.1708333
15/11/2019 00:30,-125.975
15/11/2019 01:00,-123.8958333
15/11/2019 01:30,-123.9916667
15/11/2019 02:00,-124.1041667
15/11/2019 02:30,-124.3
15/11/2019 03:00,-123.9416667
15/11/2019 03:30,-124.3166667
15/11/2019 04:00,-123.025
15/11/2019 04:30,-125.2666667
15/11/2019 05:00,-124.6
15/11/2019 05:30,-124.2666667
15/11/2019 06:00,-124.05
15/11/2019 06:30,-124.975
15/11/2019 07:00,-125.675
15/11/2019 07:30,-126.0666667
15/11/2019 08:00,-126.25
15/11/2019 08:30,-124.925
15/11/2019 09:00,-126.55
15/11/2019 09:30,-127.725
15/11/2019 10:00,-125.55
15/11/2019 10:30,-127.375
15/11/2019 11:00,-125.4
15/11/2019 11:30,-127.025
15/11/2019 12:00,-128.775
15/11/2019 12:30,-127.6666667
15/11/2019 13:00,-127.7583333
15/11/2019 13:30,-128.675
15/11/2019 14:00,-126.875
15/11/2019 14:30,-125.575
15/11/2019 15:00,-128.5
15/11/2019 15:30,-126.525
15/11/2019 16:00,-125.325
15/11/2019 16:30,-123.1916667
15/11/2019 17:00,-123.4
15/11/2019 17:30,-123.975
15/11/2019 18:00,-124.65
15/11/2019 18:30,-124.1333333
15/11/2019 19:00,-123.5916667
15/11/2019 19:30,-123.2166667
15/11/2019 20:00,-122.8666667
15/11/2019 20:30,-123.2583333
15/11/2019 21:00,-123.475
15/11/2019 21:30,-123.6333333
15/11/2019 22:00,-123.3666667
15/11/2019 22:30,-122.9625
15/11/2019 23:00,-123.1791667
15/11/2019 23:30,-122.6333333
16/11/2019 00:00,-123.4708333
16/11/2019 00:30,-123.125
16/11/2019 01:00,-122.9416667
16/11/2019 01:30,-123.3291667
16/11/2019 02:00,-123.625
16/11/2019 02:30,-123.9083333
16/11/2019 03:00,-123.5791667
16/11/2019 03:30,-123.425
16/11/2019 04:00,-123.2916667
16/11/2019 04:30,-123.1166667
16/11/2019 05:00,-123.0208333
16/11/2019 05:30,-122.9833333
16/11/2019 06:00,-123.6541667
16/11/2019 06:30,-124.275
16/11/2019 07:00,-125.15
16/11/2019 07:30,-124.8
16/11/2019 08:00,-125.0833333
16/11/2019 08:30,-125.2791667
16/11/2019 09:00,-123.4
16/11/2019 09:30,-127.1
16/11/2019 10:00,-125.35
16/11/2019 10:30,-123.825
16/11/2019 11:00,-125.9
16/11/2019 11:30,-123.975
16/11/2019 12:00,-126.25
16/11/2019 12:30,-125.0875
16/11/2019 13:00,-125.95
16/11/2019 13:30,-125.1458333
16/11/2019 14:00,-125.2333333
16/11/2019 14:30,-125.1333333
16/11/2019 15:00,-124.6791667
16/11/2019 15:30,-125.6333333
16/11/2019 16:00,-123.475
16/11/2019 16:30,-127.6
16/11/2019 17:00,-126.325
16/11/2019 17:30,-125.8875
16/11/2019 18:00,-126.5166667
16/11/2019 18:30,-125.8791667
16/11/2019 19:00,-126.6083333
16/11/2019 19:30,-126.1833333
16/11/2019 20:00,-126.8
16/11/2019 20:30,-125.775
16/11/2019 21:00,-125.9333333
16/11/2019 21:30,-125.7375
16/11/2019 22:00,-126.2583333
16/11/2019 22:30,-126.0666667
16/11/2019 23:00,-125.9333333
16/11/2019 23:30,-125.8
17/11/2019 00:00,-125.675
17/11/2019 00:30,-125.65
17/11/2019 01:00,-125.2375
17/11/2019 01:30,-125.675
17/11/2019 02:00,-124.825
17/11/2019 02:30,-125.5
17/11/2019 03:00,-124.8083333
17/11/2019 03:30,-125.65
17/11/2019 04:00,-125.3
17/11/2019 04:30,-125.2166667
17/11/2019 05:00,-125.1333333
17/11/2019 05:30,-124.6416667
17/11/2019 06:00,-125.9
17/11/2019 06:30,-125.6416667
17/11/2019 07:00,-126.4416667
17/11/2019 07:30,-125.75
17/11/2019 08:00,-126.5666667
17/11/2019 08:30,-126.4333333
17/11/2019 09:00,-126.875
17/11/2019 09:30,-126.9166667
17/11/2019 10:00,-126.7583333
17/11/2019 10:30,-126.575
17/11/2019 11:00,-126.375
17/11/2019 11:30,-126.7916667
17/11/2019 12:00,-126.9833333
17/11/2019 12:30,-127.125
17/11/2019 13:00,-127.025
17/11/2019 13:30,-126.975
17/11/2019 14:00,-127.1
17/11/2019 14:30,-126.8333333
17/11/2019 15:00,-126.3666667
17/11/2019 15:30,-126.1833333
17/11/2019 16:00,-125.775
17/11/2019 16:30,-126.375
17/11/2019 17:00,-125.25
17/11/2019 17:30,-124.9833333
17/11/2019 18:00,-125.2916667
17/11/2019 18:30,-124.9666667
17/11/2019 19:00,-124.7
17/11/2019 19:30,-124.4166667
17/11/2019 20:00,-124.3583333
17/11/2019 20:30,-124.6166667
17/11/2019 21:00,-124.975
17/11/2019 21:30,-124.6833333
17/11/2019 22:00,-124.45
17/11/2019 22:30,-124.1041667
17/11/2019 23:00,-124.0125
17/11/2019 23:30,-124.3
18/11/2019 00:00,-123.9833333
18/11/2019 00:30,-124.4916667
18/11/2019 01:00,-124.15
18/11/2019 01:30,-124.725
18/11/2019 02:00,-123.4791667
18/11/2019 02:30,-123.8166667
18/11/2019 03:00,-123.6625
18/11/2019 03:30,-124.0083333
18/11/2019 04:00,-123.9833333
18/11/2019 04:30,-123.8333333
18/11/2019 05:00,-123.5333333
18/11/2019 05:30,-123.3833333
18/11/2019 06:00,-123.8333333
18/11/2019 06:30,-123.8833333
18/11/2019 07:00,-124.2333333
18/11/2019 07:30,-124.35
18/11/2019 08:00,-124.7416667
18/11/2019 08:30,-125.0833333
18/11/2019 09:00,-125.3666667
18/11/2019 09:30,-125.3916667
18/11/2019 10:00,-125.5333333
18/11/2019 10:30,-125.45
18/11/2019 11:00,-125.5083333
18/11/2019 11:30,-125.575
18/11/2019 12:00,-125.65
18/11/2019 12:30,-125.875
18/11/2019 13:00,-125.5583333
18/11/2019 13:30,-125.4583333
18/11/2019 14:00,-125.125
18/11/2019 14:30,-125.1833333
18/11/2019 15:00,-124.925
18/11/2019 15:30,-124.7916667
18/11/2019 16:00,-124.6166667
18/11/2019 16:30,-124.5666667
18/11/2019 17:00,-124.1083333
18/11/2019 17:30,-123.5416667
18/11/2019 18:00,-123.2166667
18/11/2019 18:30,-123.0666667
18/11/2019 19:00,-123.0833333
18/11/2019 19:30,-123.125
18/11/2019 20:00,-123.2666667
18/11/2019 20:30,-123.25
18/11/2019 21:00,-123.025
18/11/2019 21:30,-123.0583333
18/11/2019 22:00,-123.2416667
18/11/2019 22:30,-123.1166667
18/11/2019 23:00,-122.825
18/11/2019 23:30,-122.1416667
19/11/2019 00:00,-121.9666667
19/11/2019 00:30,-121.7708333
19/11/2019 01:00,-121.6333333
19/11/2019 01:30,-121.7791667
19/11/2019 02:00,-121.4166667
19/11/2019 02:30,-121.7708333
19/11/2019 03:00,-121.7833333
19/11/2019 03:30,-121.9291667
19/11/2019 04:00,-122.0583333
19/11/2019 04:30,-121.8291667
19/11/2019 05:00,-121.8583333
19/11/2019 05:30,-121.8416667
19/11/2019 06:00,-122.1916667
19/11/2019 06:30,-122.1666667
19/11/2019 07:00,-122.65
19/11/2019 07:30,-122.85
19/11/2019 08:00,-122.9916667
19/11/2019 08:30,-123.1166667
19/11/2019 09:00,-123.0083333
19/11/2019 09:30,-123.3666667
19/11/2019 10:00,-123.3333333
19/11/2019 10:30,-123.1666667
19/11/2019 11:00,-123.4083333
19/11/2019 11:30,-122.825
19/11/2019 12:00,-123.2166667
19/11/2019 12:30,-122.25
19/11/2019 13:00,-122.9
19/11/2019 13:30,-121.75
19/11/2019 14:00,-120.9083333
19/11/2019 14:30,-121.8958333
19/11/2019 15:00,-121.7208333
19/11/2019 15:30,-122.0916667
19/11/2019 16:00,-121.5833333
19/11/2019 16:30,-121.9375
19/11/2019 17:00,-121.9083333
19/11/2019 17:30,-121.9958333
19/11/2019 18:00,-122.2208333
19/11/2019 18:30,-122.2291667
19/11/2019 19:00,-122.2
19/11/2019 19:30,-122.05
19/11/2019 20:00,-122.0875
19/11/2019 20:30,-122.1291667
19/11/2019 21:00,-122.2583333
19/11/2019 21:30,-122.3041667
19/11/2019 22:00,-122.5916667
19/11/2019 22:30,-122.4666667
19/11/2019 23:00,-122.3416667
19/11/2019 23:30,-122.1333333
20/11/2019 00:00,-122.0083333
20/11/2019 00:30,-121.9666667
20/11/2019 01:00,-122.075
20/11/2019 01:30,-122.1
20/11/2019 02:00,-122.1083333
20/11/2019 02:30,-121.925
20/11/2019 03:00,-121.9583333
20/11/2019 03:30,-121.8125
20/11/2019 04:00,-121.925
20/11/2019 04:30,-121.9875
20/11/2019 05:00,-122.2041667
20/11/2019 05:30,-122.3583333
20/11/2019 06:00,-122.4875
20/11/2019 06:30,-122.6666667
20/11/2019 07:00,-122.65
20/11/2019 07:30,-122.7916667
20/11/2019 08:00,-122.7583333
20/11/2019 08:30,-122.825
20/11/2019 09:00,-122.7
20/11/2019 09:30,-123.0083333
20/11/2019 10:00,-123.3166667
20/11/2019 10:30,-123.5583333
20/11/2019 11:00,-124.0416667
20/11/2019 11:30,-124.3333333
20/11/2019 12:00,-124.75
20/11/2019 12:30,-124.4333333
20/11/2019 13:00,-124.175
20/11/2019 13:30,-124.025
20/11/2019 14:00,-123.9916667
20/11/2019 14:30,-123.7083333
20/11/2019 15:00,-123.15
20/11/2019 15:30,-122.9333333
20/11/2019 16:00,-122.775
20/11/2019 16:30,-122.5583333
20/11/2019 17:00,-122.075
20/11/2019 17:30,-121.8583333
20/11/2019 18:00,-121.8666667
20/11/2019 18:30,-121.975
20/11/2019 19:00,-121.9
20/11/2019 19:30,-121.9041667
20/11/2019 20:00,-121.7583333
20/11/2019 20:30,-121.9791667
20/11/2019 21:00,-122
20/11/2019 21:30,-122.1583333
20/11/2019 22:00,-122.0125
20/11/2019 22:30,-122.2083333
20/11/2019 23:00,-122.0125
20/11/2019 23:30,-122.1083333
21/11/2019 00:00,-121.9666667
21/11/2019 00:30,-122.1
21/11/2019 01:00,-122.0208333
21/11/2019 01:30,-122.1208333
21/11/2019 02:00,-122.0625
21/11/2019 02:30,-122.325
21/11/2019 03:00,-122.3416667
21/11/2019 03:30,-122.4583333
21/11/2019 04:00,-123.1666667
21/11/2019 04:30,-122.025
21/11/2019 05:00,-124.2666667
21/11/2019 05:30,-123.5083333
21/11/2019 06:00,-123.8833333
21/11/2019 06:30,-124.1
21/11/2019 07:00,-124.1916667
21/11/2019 07:30,-124.475
21/11/2019 08:00,-123.3
21/11/2019 08:30,-125.875
21/11/2019 09:00,-124.3
21/11/2019 09:30,-122.65
21/11/2019 10:00,-124.6
21/11/2019 10:30,-127
21/11/2019 11:00,-124.525
21/11/2019 11:30,-126.375
21/11/2019 12:00,-122.0583333
21/11/2019 12:30,-120.9833333
21/11/2019 13:00,-121.1125
21/11/2019 13:30,-120.5
21/11/2019 14:00,-120.3208333
21/11/2019 14:30,-120.5333333
21/11/2019 15:00,-120.65
21/11/2019 15:30,-120.7875
21/11/2019 16:00,-120.8958333
21/11/2019 16:30,-121.0833333
21/11/2019 17:00,-121.3791667
21/11/2019 17:30,-121.7916667
21/11/2019 18:00,-121.9583333
21/11/2019 18:30,-123.05
21/11/2019 19:00,-122.375
21/11/2019 19:30,-124.0166667
21/11/2019 20:00,-123.075
21/11/2019 20:30,-122.1583333
21/11/2019 21:00,-122.3
21/11/2019 21:30,-121.15
21/11/2019 22:00,-125.2
21/11/2019 22:30,-123.875
21/11/2019 23:00,-120.9
21/11/2019 23:30,-120.2041667
22/11/2019 00:00,-119.8166667
22/11/2019 00:30,-119.8625
22/11/2019 01:00,-119.4875
22/11/2019 01:30,-120.375
22/11/2019 02:00,-120.6416667
22/11/2019 02:30,-120.3666667
22/11/2019 03:00,-120.7166667
22/11/2019 03:30,-121
22/11/2019 04:00,-120.9916667
22/11/2019 04:30,-121.1166667
22/11/2019 05:00,-121.3666667
22/11/2019 05:30,-121.8583333
22/11/2019 06:00,-121.9
22/11/2019 06:30,-121.9
22/11/2019 07:00,-122.5833333
22/11/2019 07:30,-121.45
22/11/2019 08:00,-123.2666667
22/11/2019 08:30,-123.55
22/11/2019 09:00,-122.225
22/11/2019 09:30,-125.25
22/11/2019 10:00,-123.3
22/11/2019 10:30,-126.025
22/11/2019 11:00,-124.6583333
22/11/2019 11:30,-124.325
22/11/2019 12:00,-125.4
22/11/2019 12:30,-122.575
22/11/2019 13:00,-120.575
22/11/2019 13:30,-124.975
22/11/2019 14:00,-123.05
22/11/2019 14:30,-121.35
22/11/2019 15:00,-116.4416667
22/11/2019 15:30,-115.225
22/11/2019 16:00,-114.45
22/11/2019 16:30,-114.625
22/11/2019 17:00,-114.75
22/11/2019 17:30,-114.9583333
22/11/2019 18:00,-114.2833333
22/11/2019 18:30,-113.8916667
22/11/2019 19:00,-114.3916667
22/11/2019 19:30,-114.825
22/11/2019 20:00,-114.8583333
22/11/2019 20:30,-113.9083333
22/11/2019 21:00,-113.7916667
22/11/2019 21:30,-112.975
22/11/2019 22:00,-113.5916667
22/11/2019 22:30,-113.4416667
22/11/2019 23:00,-112.675
22/11/2019 23:30,-114.125
23/11/2019 00:00,-112.6
23/11/2019 00:30,-113.9
23/11/2019 01:00,-112.75
23/11/2019 01:30,-111.675
23/11/2019 02:00,-113.3
23/11/2019 02:30,-112.3
23/11/2019 03:00,-113.1083333
23/11/2019 03:30,-112.2083333
23/11/2019 04:00,-111.5833333
23/11/2019 04:30,-111.7
23/11/2019 05:00,-111.9166667
23/11/2019 05:30,-112.1833333
23/11/2019 06:00,-111.8333333
23/11/2019 06:30,-111.325
23/11/2019 07:00,-111.4833333
23/11/2019 07:30,-111.5583333
23/11/2019 08:00,-112.2166667
23/11/2019 08:30,-111.725
23/11/2019 09:00,-112.625
23/11/2019 09:30,-110.875
23/11/2019 10:00,-112.875
23/11/2019 10:30,-112.3833333
23/11/2019 11:00,-112.85
23/11/2019 11:30,-112.65
23/11/2019 12:00,-112.5083333
23/11/2019 12:30,-112.15
23/11/2019 13:00,-112.2833333
23/11/2019 13:30,-112.2
23/11/2019 14:00,-112.2416667
23/11/2019 14:30,-111.7416667
23/11/2019 15:00,-111.5666667
23/11/2019 15:30,-111.2416667
23/11/2019 16:00,-111.0916667
23/11/2019 16:30,-110.3333333
23/11/2019 17:00,-109.775
23/11/2019 17:30,-109.0916667
23/11/2019 18:00,-108.7666667
23/11/2019 18:30,-108.8416667
23/11/2019 19:00,-108.875
23/11/2019 19:30,-108.975
23/11/2019 20:00,-108.9
23/11/2019 20:30,-108.7083333
23/11/2019 21:00,-108.6416667
23/11/2019 21:30,-108.0666667
23/11/2019 22:00,-108.625
23/11/2019 22:30,-107.425
23/11/2019 23:00,-107.9833333
23/11/2019 23:30,-107.675
24/11/2019 00:00,-107.4666667
24/11/2019 00:30,-107.5
24/11/2019 01:00,-106.825
24/11/2019 01:30,-107.1583333
24/11/2019 02:00,-106.4583333
24/11/2019 02:30,-106.1458333
24/11/2019 03:00,-106.1791667
24/11/2019 03:30,-106.2291667
24/11/2019 04:00,-106.325
24/11/2019 04:30,-106.1583333
24/11/2019 05:00,-106.1208333
24/11/2019 05:30,-106.0541667
24/11/2019 06:00,-106.2083333
24/11/2019 06:30,-106.2833333
24/11/2019 07:00,-106.6583333
24/11/2019 07:30,-106.9583333
24/11/2019 08:00,-107.1416667
24/11/2019 08:30,-106.8333333
24/11/2019 09:00,-106.55
24/11/2019 09:30,-106.7166667
24/11/2019 10:00,-106.8083333
24/11/2019 10:30,-106.7416667
24/11/2019 11:00,-106.4916667
24/11/2019 11:30,-106.6583333
24/11/2019 12:00,-106.7416667
24/11/2019 12:30,-106.9583333
24/11/2019 13:00,-106.8416667
24/11/2019 13:30,-106.9666667
24/11/2019 14:00,-107.0833333
24/11/2019 14:30,-106.9916667
24/11/2019 15:00,-107.725
24/11/2019 15:30,-106.1666667
24/11/2019 16:00,-106.5166667
24/11/2019 16:30,-106.2166667
24/11/2019 17:00,-106.1833333
24/11/2019 17:30,-106.325
24/11/2019 18:00,-106.0166667
24/11/2019 18:30,-105.875
24/11/2019 19:00,-105.9791667
24/11/2019 19:30,-106.0541667
24/11/2019 20:00,-106.45
24/11/2019 20:30,-105.9541667
24/11/2019 21:00,-106.0208333
24/11/2019 21:30,-105.7958333
24/11/2019 22:00,-106.0041667
24/11/2019 22:30,-105.8416667
24/11/2019 23:00,-106.3083333
24/11/2019 23:30,-105.85
25/11/2019 00:00,-106.35
25/11/2019 00:30,-105.9166667
25/11/2019 01:00,-106.325
25/11/2019 01:30,-106.0833333
25/11/2019 02:00,-106.3416667
25/11/2019 02:30,-105.9
25/11/2019 03:00,-105.7416667
25/11/2019 03:30,-105.475
25/11/2019 04:00,-105.6208333
25/11/2019 04:30,-105.7166667
25/11/2019 05:00,-105.775
25/11/2019 05:30,-105.5958333
25/11/2019 06:00,-105.8375
25/11/2019 06:30,-106.1916667
25/11/2019 07:00,-106.5083333
25/11/2019 07:30,-106.5916667
25/11/2019 08:00,-106.5666667
25/11/2019 08:30,-106.7916667
25/11/2019 09:00,-106.8416667
25/11/2019 09:30,-107.05
25/11/2019 10:00,-107.0416667
25/11/2019 10:30,-107.45
25/11/2019 11:00,-107.9666667
25/11/2019 11:30,-108.05
25/11/2019 12:00,-107.425
25/11/2019 12:30,-107.3333333
25/11/2019 13:00,-107.5583333
25/11/2019 13:30,-107.8916667
25/11/2019 14:00,-107.5833333
25/11/2019 14:30,-107.6666667
25/11/2019 15:00,-107.225
25/11/2019 15:30,-107.0416667
25/11/2019 16:00,-106.15
25/11/2019 16:30,-105.975
25/11/2019 17:00,-105.4916667
25/11/2019 17:30,-105.95
25/11/2019 18:00,-105.9166667
25/11/2019 18:30,-105.825
25/11/2019 19:00,-105.625
25/11/2019 19:30,-105.3666667
25/11/2019 20:00,-105.275
25/11/2019 20:30,-105.1041667
25/11/2019 21:00,-105.0291667
25/11/2019 21:30,-105.0833333
25/11/2019 22:00,-105.1416667
25/11/2019 22:30,-105.15
25/11/2019 23:00,-105.1416667
25/11/2019 23:30,-104.875
26/11/2019 00:00,-105.0166667
26/11/2019 00:30,-105.0375
26/11/2019 01:00,-105.0291667
26/11/2019 01:30,-104.9666667
26/11/2019 02:00,-105.4333333
26/11/2019 02:30,-106.05
26/11/2019 03:00,-106.0583333
26/11/2019 03:30,-105.275
26/11/2019 04:00,-104.8166667
26/11/2019 04:30,-104.6958333
26/11/2019 05:00,-104.8375
26/11/2019 05:30,-105.1083333
26/11/2019 06:00,-105.325
26/11/2019 06:30,-105.5916667
26/11/2019 07:00,-105
26/11/2019 07:30,-105.8666667
26/11/2019 08:00,-105.8916667
26/11/2019 08:30,-106.375
26/11/2019 09:00,-106.625
26/11/2019 09:30,-106.8666667
26/11/2019 10:00,-106.3
26/11/2019 10:30,-105.9583333
26/11/2019 11:00,-105.6083333
26/11/2019 11:30,-106.0166667
26/11/2019 12:00,-106.2583333
26/11/2019 12:30,-106.1083333
26/11/2019 13:00,-106.075
26/11/2019 13:30,-105.9333333
26/11/2019 14:00,-106.2916667
26/11/2019 14:30,-105.9416667
26/11/2019 15:00,-105.775
26/11/2019 15:30,-105.0666667
26/11/2019 16:00,-104.9083333
26/11/2019 16:30,-104.675
26/11/2019 17:00,-105.0833333
26/11/2019 17:30,-105.1333333
26/11/2019 18:00,-104.8833333
26/11/2019 18:30,-104.3125
26/11/2019 19:00,-104.3833333
26/11/2019 19:30,-104.4166667
26/11/2019 20:00,-104.45
26/11/2019 20:30,-104.4208333
26/11/2019 21:00,-104.3666667
26/11/2019 21:30,-104.6833333
26/11/2019 22:00,-104.4875
26/11/2019 22:30,-104.875
26/11/2019 23:00,-104.5333333
26/11/2019 23:30,-104.6833333
27/11/2019 00:00,-104.2416667
27/11/2019 00:30,-104.075
27/11/2019 01:00,-103.6791667
27/11/2019 01:30,-103.8041667
27/11/2019 02:00,-103.95
27/11/2019 02:30,-104.525
27/11/2019 03:00,-104.475
27/11/2019 03:30,-104.575
27/11/2019 04:00,-104.175
27/11/2019 04:30,-104.0541667
27/11/2019 05:00,-103.8875
27/11/2019 05:30,-104.3083333
27/11/2019 06:00,-104.9666667
27/11/2019 06:30,-105.7
27/11/2019 07:00,-105.3833333
27/11/2019 07:30,-105.55
27/11/2019 08:00,-105.6666667
27/11/2019 08:30,-106.2333333
27/11/2019 09:00,-105.9583333
27/11/2019 09:30,-105.95
27/11/2019 10:00,-105.725
27/11/2019 10:30,-105.7666667
27/11/2019 11:00,-105.7833333
27/11/2019 11:30,-105.7333333
27/11/2019 12:00,-105.7666667
27/11/2019 12:30,-105.85
27/11/2019 13:00,-106.4
27/11/2019 13:30,-106.075
27/11/2019 14:00,-107.475
27/11/2019 14:30,-105.25
27/11/2019 15:00,-104.6166667
27/11/2019 15:30,-105.15
27/11/2019 16:00,-103.975
27/11/2019 16:30,-104.25
27/11/2019 17:00,-103.6291667
27/11/2019 17:30,-103.8416667
27/11/2019 18:00,-104.0083333
27/11/2019 18:30,-104.1833333
27/11/2019 19:00,-103.75
27/11/2019 19:30,-103.5833333
27/11/2019 20:00,-103.7541667
27/11/2019 20:30,-103.3166667
27/11/2019 21:00,-103.7625
27/11/2019 21:30,-103.7333333
27/11/2019 22:00,-103.4666667
27/11/2019 22:30,-104.2
27/11/2019 23:00,-103.4291667
27/11/2019 23:30,-103.8125
28/11/2019 00:00,-103.7541667
28/11/2019 00:30,-103.7541667
28/11/2019 01:00,-103.8041667
28/11/2019 01:30,-103.475
28/11/2019 02:00,-103.35
28/11/2019 02:30,-103.6666667
28/11/2019 03:00,-103.9583333
28/11/2019 03:30,-104.225
28/11/2019 04:00,-103.7708333
28/11/2019 04:30,-103.5291667
28/11/2019 05:00,-103.4666667
28/11/2019 05:30,-103.5791667
28/11/2019 06:00,-103.7375
28/11/2019 06:30,-103.8125
28/11/2019 07:00,-104.1166667
28/11/2019 07:30,-104.5333333
28/11/2019 08:00,-104.75
28/11/2019 08:30,-104.9416667
28/11/2019 09:00,-104.275
28/11/2019 09:30,-104.8
28/11/2019 10:00,-104.1833333
28/11/2019 10:30,-104.6
28/11/2019 11:00,-105.0083333
28/11/2019 11:30,-105.2083333
28/11/2019 12:00,-105.1083333
28/11/2019 12:30,-104.775
28/11/2019 13:00,-104.5416667
28/11/2019 13:30,-104.9
28/11/2019 14:00,-103.9
28/11/2019 14:30,-105.275
28/11/2019 15:00,-105.1666667
28/11/2019 15:30,-105.3166667
28/11/2019 16:00,-106.2
28/11/2019 16:30,-104.525
28/11/2019 17:00,-103.65
28/11/2019 17:30,-104.3666667
28/11/2019 18:00,-103.7958333
28/11/2019 18:30,-103.9916667
28/11/2019 19:00,-103.5
28/11/2019 19:30,-104.3666667
28/11/2019 20:00,-103.8375
28/11/2019 20:30,-103.9708333
28/11/2019 21:00,-104.075
28/11/2019 21:30,-104.0333333
28/11/2019 22:00,-103.6416667
28/11/2019 22:30,-103.6333333
28/11/2019 23:00,-103.3583333
28/11/2019 23:30,-103.5833333
29/11/2019 00:00,-103.25
29/11/2019 00:30,-103.4708333
29/11/2019 01:00,-103.6291667
29/11/2019 01:30,-103.7666667
29/11/2019 02:00,-103.4625
29/11/2019 02:30,-103.2416667
29/11/2019 03:00,-103.1583333
29/11/2019 03:30,-103.0791667
29/11/2019 04:00,-103.4916667
29/11/2019 04:30,-103.7333333
29/11/2019 05:00,-104.2916667
29/11/2019 05:30,-104.075
29/11/2019 06:00,-104.275
29/11/2019 06:30,-104.1
29/11/2019 07:00,-104.1
29/11/2019 07:30,-103.8
29/11/2019 08:00,-104.525
29/11/2019 08:30,-103.525
29/11/2019 09:00,-105.025
29/11/2019 09:30,-104.7833333
29/11/2019 10:00,-104.175
29/11/2019 10:30,-105.35
29/11/2019 11:00,-105.9166667
29/11/2019 11:30,-105.825
29/11/2019 12:00,-105.6
29/11/2019 12:30,-105.6
29/11/2019 13:00,-105.3916667
29/11/2019 13:30,-106.2416667
29/11/2019 14:00,-105.975
29/11/2019 14:30,-107.1
29/11/2019 15:00,-104.725
29/11/2019 15:30,-105.15
29/11/2019 16:00,-104.5
29/11/2019 16:30,-104.5166667
29/11/2019 17:00,-104.0333333
29/11/2019 17:30,-104.175
29/11/2019 18:00,-103.9666667
29/11/2019 18:30,-103.7083333
29/11/2019 19:00,-103.0583333
29/11/2019 19:30,-102.4833333
29/11/2019 20:00,-102.0333333
29/11/2019 20:30,-101.5
29/11/2019 21:00,-101.1333333
29/11/2019 21:30,-100.8833333
29/11/2019 22:00,-101.0208333
29/11/2019 22:30,-100.6541667
29/11/2019 23:00,-101.1291667
29/11/2019 23:30,-101.15
30/11/2019 00:00,-101.2125
30/11/2019 00:30,-101.2541667
30/11/2019 01:00,-100.9583333
30/11/2019 01:30,-100.7416667
30/11/2019 02:00,-100.9958333
30/11/2019 02:30,-101.1458333
30/11/2019 03:00,-101.3
30/11/2019 03:30,-101.0958333
30/11/2019 04:00,-100.9708333
30/11/2019 04:30,-100.9041667
30/11/2019 05:00,-100.8625
30/11/2019 05:30,-100.9375
30/11/2019 06:00,-101.3083333
30/11/2019 06:30,-101.8333333
30/11/2019 07:00,-102.1333333
30/11/2019 07:30,-102.425
30/11/2019 08:00,-102.55
30/11/2019 08:30,-102.6083333
30/11/2019 09:00,-102.6666667
30/11/2019 09:30,-101.85
30/11/2019 10:00,-103.65
30/11/2019 10:30,-102.375
30/11/2019 11:00,-103.875
30/11/2019 11:30,-103.3583333
30/11/2019 12:00,-103.4
30/11/2019 12:30,-104.3
30/11/2019 13:00,-103.3083333
30/11/2019 13:30,-103.5
30/11/2019 14:00,-103.4083333
30/11/2019 14:30,-102.7416667
30/11/2019 15:00,-102.6666667
30/11/2019 15:30,-101.95
30/11/2019 16:00,-102.725
30/11/2019 16:30,-101.2
30/11/2019 17:00,-101.4
30/11/2019 17:30,-100.5833333
30/11/2019 18:00,-100.9416667
30/11/2019 18:30,-101.5166667
30/11/2019 19:00,-102.2083333
30/11/2019 19:30,-101.3083333
30/11/2019 20:00,-102.2
30/11/2019 20:30,-99.575
30/11/2019 21:00,-97.625
30/11/2019 21:30,-96.15
30/11/2019 22:00,-93.975
30/11/2019 22:30,-93.67083333
30/11/2019 23:00,-93.44583333
30/11/2019 23:30,-93.50416667
01/12/2019 00:00,-93.4125
01/12/2019 00:30,-93.45833333
01/12/2019 01:00,-93.4875
01/12/2019 01:30,-93.575
01/12/2019 02:00,-93.58333333
01/12/2019 02:30,-93.66666667
01/12/2019 03:00,-93.80833333
01/12/2019 03:30,-93.925
01/12/2019 04:00,-93.6375
01/12/2019 04:30,-93.4125
01/12/2019 05:00,-93.6375
01/12/2019 05:30,-93.87916667
01/12/2019 06:00,-94.075
01/12/2019 06:30,-93.80833333
01/12/2019 07:00,-93.65833333
01/12/2019 07:30,-93.85416667
01/12/2019 08:00,-93.6
01/12/2019 08:30,-94.33333333
01/12/2019 09:00,-94.0625
01/12/2019 09:30,-94.2
01/12/2019 10:00,-94.29166667
01/12/2019 10:30,-95.11666667
01/12/2019 11:00,-95.1
01/12/2019 11:30,-95.025
01/12/2019 12:00,-95
01/12/2019 12:30,-94.75
01/12/2019 13:00,-95.1
01/12/2019 13:30,-94.74166667
01/12/2019 14:00,-95
01/12/2019 14:30,-94.825
01/12/2019 15:00,-94.94166667
01/12/2019 15:30,-94.45833333
01/12/2019 16:00,-94.39166667
01/12/2019 16:30,-93.85833333
01/12/2019 17:00,-93.79583333
01/12/2019 17:30,-93.6
01/12/2019 18:00,-93.8
01/12/2019 18:30,-93.87916667
01/12/2019 19:00,-93.96666667
01/12/2019 19:30,-93.99583333
01/12/2019 20:00,-93.975
01/12/2019 20:30,-94.15
01/12/2019 21:00,-93.97083333
01/12/2019 21:30,-94.21666667
01/12/2019 22:00,-94.05
01/12/2019 22:30,-94.25
01/12/2019 23:00,-93.79583333
01/12/2019 23:30,-94.45
02/12/2019 00:00,-93.49583333
02/12/2019 00:30,-94.275
02/12/2019 01:00,-93.52916667
02/12/2019 01:30,-93.84166667
02/12/2019 02:00,-93.78333333
02/12/2019 02:30,-93.9
02/12/2019 03:00,-94.01666667
02/12/2019 03:30,-93.55
02/12/2019 04:00,-93.84166667
02/12/2019 04:30,-94.24166667
02/12/2019 05:00,-94.625
02/12/2019 05:30,-94.31666667
02/12/2019 06:00,-94.10833333
02/12/2019 06:30,-94
02/12/2019 07:00,-93.94166667
02/12/2019 07:30,-94.54166667
02/12/2019 08:00,-94.89166667
02/12/2019 08:30,-95.125
02/12/2019 09:00,-95.075
02/12/2019 09:30,-95.39166667
02/12/2019 10:00,-96.29166667
02/12/2019 10:30,-96.025
02/12/2019 11:00,-97.15
02/12/2019 11:30,-96.725
02/12/2019 12:00,-96.8
02/12/2019 12:30,-97.55
02/12/2019 13:00,-95.9
02/12/2019 13:30,-97.025
02/12/2019 14:00,-95
02/12/2019 14:30,-93.25
02/12/2019 15:00,-89.7
02/12/2019 15:30,-87.06666667
02/12/2019 16:00,-85.81666667
02/12/2019 16:30,-84.90833333
02/12/2019 17:00,-83.98333333
02/12/2019 17:30,-83.24166667
02/12/2019 18:00,-82.71666667
02/12/2019 18:30,-82.63333333
02/12/2019 19:00,-82.54583333
02/12/2019 19:30,-82.38333333
02/12/2019 20:00,-82.15
02/12/2019 20:30,-81.99583333
02/12/2019 21:00,-81.8125
02/12/2019 21:30,-82.28333333
02/12/2019 22:00,-82.55416667
02/12/2019 22:30,-82.73333333
02/12/2019 23:00,-82.70833333
02/12/2019 23:30,-83.01666667
03/12/2019 00:00,-82.96666667
03/12/2019 00:30,-83.1
03/12/2019 01:00,-82.7625
03/12/2019 01:30,-82.92916667
03/12/2019 02:00,-83.00416667
03/12/2019 02:30,-83.06666667
03/12/2019 03:00,-83.09583333
03/12/2019 03:30,-83.19166667
03/12/2019 04:00,-83.3125
03/12/2019 04:30,-83.1
03/12/2019 05:00,-82.96666667
03/12/2019 05:30,-83.00833333
03/12/2019 06:00,-83.425
03/12/2019 06:30,-83.69166667
03/12/2019 07:00,-83.80833333
03/12/2019 07:30,-83.87916667
03/12/2019 08:00,-83.9375
03/12/2019 08:30,-84
03/12/2019 09:00,-83.97083333
03/12/2019 09:30,-84.27916667
03/12/2019 10:00,-84.47083333
03/12/2019 10:30,-84.75833333
03/12/2019 11:00,-84.78333333
03/12/2019 11:30,-85.51666667
03/12/2019 12:00,-86.06666667
03/12/2019 12:30,-85.875
03/12/2019 13:00,-85.39166667
03/12/2019 13:30,-85.15833333
03/12/2019 14:00,-85.25833333
03/12/2019 14:30,-85.48333333
03/12/2019 15:00,-85.15833333
03/12/2019 15:30,-85.35833333
03/12/2019 16:00,-85.075
03/12/2019 16:30,-84.73333333
03/12/2019 17:00,-84.51666667
03/12/2019 17:30,-84.53333333
03/12/2019 18:00,-84.49166667
03/12/2019 18:30,-84.575
03/12/2019 19:00,-84.70833333
03/12/2019 19:30,-85.00833333
03/12/2019 20:00,-85.025
03/12/2019 20:30,-85.18333333
03/12/2019 21:00,-85.10833333
03/12/2019 21:30,-85.19166667
03/12/2019 22:00,-84.90833333
03/12/2019 22:30,-85.51666667
03/12/2019 23:00,-84.8
03/12/2019 23:30,-86.3
04/12/2019 00:00,-84.00833333
04/12/2019 00:30,-83.75833333
04/12/2019 01:00,-83.2
04/12/2019 01:30,-83.725
04/12/2019 02:00,-81.625
04/12/2019 02:30,-77.55
04/12/2019 03:00,-69.525
04/12/2019 03:30,-59.7
04/12/2019 04:00,-50.75833333
04/12/2019 04:30,-49.39166667
04/12/2019 05:00,-49.42083333
04/12/2019 05:30,-49.525
04/12/2019 06:00,-49.7625
04/12/2019 06:30,-50.03333333
04/12/2019 07:00,-50.40833333
04/12/2019 07:30,-50.83333333
04/12/2019 08:00,-51.20833333
04/12/2019 08:30,-51.50833333
04/12/2019 09:00,-51.675
04/12/2019 09:30,-51.75
04/12/2019 10:00,-51.88333333
04/12/2019 10:30,-52.01666667
04/12/2019 11:00,-51.78333333
04/12/2019 11:30,-51.25833333
04/12/2019 12:00,-50.50833333
04/12/2019 12:30,-50.04166667
04/12/2019 13:00,-49.84166667
04/12/2019 13:30,-49.79166667
04/12/2019 14:00,-49.75
04/12/2019 14:30,-49.90833333
04/12/2019 15:00,-50.02916667
04/12/2019 15:30,-50.0625
04/12/2019 16:00,-50.03333333
04/12/2019 16:30,-49.97916667
04/12/2019 17:00,-49.99583333
04/12/2019 17:30,-50.15
04/12/2019 18:00,-50.56666667
04/12/2019 18:30,-50.95
04/12/2019 19:00,-51.19166667
04/12/2019 19:30,-51.38333333
04/12/2019 20:00,-51.49166667
04/12/2019 20:30,-51.70416667
04/12/2019 21:00,-51.72916667
04/12/2019 21:30,-51.75
04/12/2019 22:00,-51.71666667
04/12/2019 22:30,-51.59583333
04/12/2019 23:00,-51.49583333
04/12/2019 23:30,-51.37916667
05/12/2019 00:00,-51.2625
05/12/2019 00:30,-51.25416667
05/12/2019 01:00,-51.20833333
05/12/2019 01:30,-51.22083333
05/12/2019 02:00,-51.1625
05/12/2019 02:30,-51.175
05/12/2019 03:00,-51.15416667
05/12/2019 03:30,-51.2
05/12/2019 04:00,-51.29166667
05/12/2019 04:30,-51.58333333
05/12/2019 05:00,-51.9125
05/12/2019 05:30,-52.35833333
05/12/2019 06:00,-52.825
05/12/2019 06:30,-53.2
05/12/2019 07:00,-53.44166667
05/12/2019 07:30,-53.625
05/12/2019 08:00,-53.65833333
05/12/2019 08:30,-53.59166667
05/12/2019 09:00,-53.67083333
05/12/2019 09:30,-53.65
05/12/2019 10:00,-53.94583333
05/12/2019 10:30,-53.9
05/12/2019 11:00,-53.84166667
05/12/2019 11:30,-54.00416667
05/12/2019 12:00,-53.75
05/12/2019 12:30,-54.80833333
05/12/2019 13:00,-54.3
05/12/2019 13:30,-54.6375
05/12/2019 14:00,-54.575
05/12/2019 14:30,-55.625
05/12/2019 15:00,-55.60416667
05/12/2019 15:30,-55.66666667
05/12/2019 16:00,-55.69166667
05/12/2019 16:30,-55.77083333
05/12/2019 17:00,-55.58333333
05/12/2019 17:30,-55.53333333
05/12/2019 18:00,-55.5625
05/12/2019 18:30,-55.64583333
05/12/2019 19:00,-56.2875
05/12/2019 19:30,-56.7375
05/12/2019 20:00,-57.07083333
05/12/2019 20:30,-57.0875
05/12/2019 21:00,-57.28333333
05/12/2019 21:30,-57.9625
05/12/2019 22:00,-58.4375
05/12/2019 22:30,-58.54166667
05/12/2019 23:00,-58.79583333
05/12/2019 23:30,-58.8375
06/12/2019 00:00,-59.01666667
06/12/2019 00:30,-59.43333333
06/12/2019 01:00,-59.675
06/12/2019 01:30,-59.93333333
06/12/2019 02:00,-60.26666667
06/12/2019 02:30,-60.4375
06/12/2019 03:00,-60.66666667
06/12/2019 03:30,-60.46666667
06/12/2019 04:00,-60.46666667
06/12/2019 04:30,-60.47916667
06/12/2019 05:00,-60.57083333
06/12/2019 05:30,-60.65416667
06/12/2019 06:00,-60.87083333
06/12/2019 06:30,-60.98333333
06/12/2019 07:00,-61.25
06/12/2019 07:30,-61.55416667
06/12/2019 08:00,-62.1125
06/12/2019 08:30,-61.8
06/12/2019 09:00,-62.8875
06/12/2019 09:30,-62.175
06/12/2019 10:00,-62.975
06/12/2019 10:30,-62.9375
06/12/2019 11:00,-63.32083333
06/12/2019 11:30,-63.63333333
06/12/2019 12:00,-63.65
06/12/2019 12:30,-64.075
06/12/2019 13:00,-63.57916667
06/12/2019 13:30,-64.2625
06/12/2019 14:00,-64.31666667
06/12/2019 14:30,-64.4125
06/12/2019 15:00,-64.4125
06/12/2019 15:30,-64.82083333
06/12/2019 16:00,-64.3
06/12/2019 16:30,-65.09583333
06/12/2019 17:00,-64.79583333
06/12/2019 17:30,-65.19166667
06/12/2019 18:00,-65.59583333
06/12/2019 18:30,-65.87083333
06/12/2019 19:00,-65.85
06/12/2019 19:30,-66.35416667
06/12/2019 20:00,-65.92916667
06/12/2019 20:30,-66.60416667
06/12/2019 21:00,-66.20416667
06/12/2019 21:30,-66.21666667
06/12/2019 22:00,-65.92916667
06/12/2019 22:30,-66.45416667
06/12/2019 23:00,-66.96666667
06/12/2019 23:30,-66.44166667
07/12/2019 00:00,-66.82083333
07/12/2019 00:30,-66.7875
07/12/2019 01:00,-66.86666667
07/12/2019 01:30,-66.97916667
07/12/2019 02:00,-66.79166667
07/12/2019 02:30,-66.6875
07/12/2019 03:00,-66.92916667
07/12/2019 03:30,-67.1875
07/12/2019 04:00,-67.325
07/12/2019 04:30,-67.19166667
07/12/2019 05:00,-67.2125
07/12/2019 05:30,-67.6625
07/12/2019 06:00,-67.97916667
07/12/2019 06:30,-68.12916667
07/12/2019 07:00,-68.25416667
07/12/2019 07:30,-68.43333333
07/12/2019 08:00,-68.8
07/12/2019 08:30,-68.90833333
07/12/2019 09:00,-68.90833333
07/12/2019 09:30,-69.7
07/12/2019 10:00,-69.79166667
07/12/2019 10:30,-70.65833333
07/12/2019 11:00,-70.55833333
07/12/2019 11:30,-71.06666667
07/12/2019 12:00,-70.63333333
07/12/2019 12:30,-71.35
07/12/2019 13:00,-71.54166667
07/12/2019 13:30,-72.025
07/12/2019 14:00,-72.775
07/12/2019 14:30,-71.475
07/12/2019 15:00,-71.76666667
07/12/2019 15:30,-71.39166667
07/12/2019 16:00,-70.8
07/12/2019 16:30,-71
07/12/2019 17:00,-70.99166667
07/12/2019 17:30,-71.23333333
07/12/2019 18:00,-71.38333333
07/12/2019 18:30,-70.48333333
07/12/2019 19:00,-70.725
07/12/2019 19:30,-69.225
07/12/2019 20:00,-67.85
07/12/2019 20:30,-65.21666667
07/12/2019 21:00,-64.40833333
07/12/2019 21:30,-63.70833333
07/12/2019 22:00,-63.1
07/12/2019 22:30,-62.55
07/12/2019 23:00,-62.09166667
07/12/2019 23:30,-61.8
08/12/2019 00:00,-61.60833333
08/12/2019 00:30,-61.16666667
08/12/2019 01:00,-60.65833333
08/12/2019 01:30,-60.69166667
08/12/2019 02:00,-60.9
08/12/2019 02:30,-60.84166667
08/12/2019 03:00,-60.15
08/12/2019 03:30,-59.65
08/12/2019 04:00,-59.26666667
08/12/2019 04:30,-58.58333333
08/12/2019 05:00,-57.775
08/12/2019 05:30,-57.03333333
08/12/2019 06:00,-56.75
08/12/2019 06:30,-56.3
08/12/2019 07:00,-55.82083333
08/12/2019 07:30,-55.48333333
08/12/2019 08:00,-55.27916667
08/12/2019 08:30,-55.09583333
08/12/2019 09:00,-55
08/12/2019 09:30,-55.20833333
08/12/2019 10:00,-55.37083333
08/12/2019 10:30,-55.77916667
08/12/2019 11:00,-55.37916667
08/12/2019 11:30,-55.85833333
08/12/2019 12:00,-56.09583333
08/12/2019 12:30,-55.925
08/12/2019 13:00,-57.55
08/12/2019 13:30,-56.125
08/12/2019 14:00,-55.84166667
08/12/2019 14:30,-55.8
08/12/2019 15:00,-55.87916667
08/12/2019 15:30,-55.4875
08/12/2019 16:00,-56.04583333
08/12/2019 16:30,-56.05
08/12/2019 17:00,-56.125
08/12/2019 17:30,-56.24583333
08/12/2019 18:00,-56.075
08/12/2019 18:30,-56.28333333
08/12/2019 19:00,-56.37083333
08/12/2019 19:30,-56.75833333
08/12/2019 20:00,-57.14583333
08/12/2019 20:30,-57.24166667
08/12/2019 21:00,-57.4625
08/12/2019 21:30,-57.575
08/12/2019 22:00,-57.475
08/12/2019 22:30,-58.04166667
08/12/2019 23:00,-57.50833333
08/12/2019 23:30,-58.39166667
09/12/2019 00:00,-58.075
09/12/2019 00:30,-58.0625
09/12/2019 01:00,-58.04166667
09/12/2019 01:30,-57.95
09/12/2019 02:00,-57.79166667
09/12/2019 02:30,-57.97083333
09/12/2019 03:00,-58.12916667
09/12/2019 03:30,-58.2875
09/12/2019 04:00,-58.04166667
09/12/2019 04:30,-57.9125
09/12/2019 05:00,-57.97083333
09/12/2019 05:30,-58.01666667
09/12/2019 06:00,-58.12083333
09/12/2019 06:30,-58.1875
09/12/2019 07:00,-58.2875
09/12/2019 07:30,-58.725
09/12/2019 08:00,-59.00833333
09/12/2019 08:30,-59.6
09/12/2019 09:00,-59.15
09/12/2019 09:30,-59.70833333
09/12/2019 10:00,-59.575
09/12/2019 10:30,-59.84166667
09/12/2019 11:00,-59.72916667
09/12/2019 11:30,-60.4
09/12/2019 12:00,-60.5375
09/12/2019 12:30,-60.75
09/12/2019 13:00,-61.325
09/12/2019 13:30,-60.47916667
09/12/2019 14:00,-60.55
09/12/2019 14:30,-60.4
09/12/2019 15:00,-60.34583333
09/12/2019 15:30,-60.65416667
09/12/2019 16:00,-60.67083333
09/12/2019 16:30,-60.64166667
09/12/2019 17:00,-60.69583333
09/12/2019 17:30,-60.86666667
09/12/2019 18:00,-61.27916667
09/12/2019 18:30,-61.35
09/12/2019 19:00,-61.20833333
09/12/2019 19:30,-61.32916667
09/12/2019 20:00,-61.37916667
09/12/2019 20:30,-61.49583333
09/12/2019 21:00,-62.15416667
09/12/2019 21:30,-62.32083333
09/12/2019 22:00,-62.57916667
09/12/2019 22:30,-62.63333333
09/12/2019 23:00,-62.69166667
09/12/2019 23:30,-62.67083333
10/12/2019 00:00,-62.66666667
10/12/2019 00:30,-62.72083333
10/12/2019 01:00,-63.18333333
10/12/2019 01:30,-63.3875
10/12/2019 02:00,-63.5
10/12/2019 02:30,-63.24583333
10/12/2019 03:00,-63.11666667
10/12/2019 03:30,-63.07083333
10/12/2019 04:00,-63.1
10/12/2019 04:30,-63.125
10/12/2019 05:00,-63.26666667
10/12/2019 05:30,-63.49166667
10/12/2019 06:00,-63.9
10/12/2019 06:30,-64.12916667
10/12/2019 07:00,-64.3
10/12/2019 07:30,-64.17083333
10/12/2019 08:00,-64.39583333
10/12/2019 08:30,-64.49583333
10/12/2019 09:00,-64.90833333
10/12/2019 09:30,-64.90833333
10/12/2019 10:00,-65.24583333
10/12/2019 10:30,-65.20833333
10/12/2019 11:00,-65.44166667
10/12/2019 11:30,-65.375
10/12/2019 12:00,-65.525
10/12/2019 12:30,-65.38333333
10/12/2019 13:00,-65.44166667
10/12/2019 13:30,-65.70833333
10/12/2019 14:00,-66.01666667
10/12/2019 14:30,-65.675
10/12/2019 15:00,-65.25
10/12/2019 15:30,-65.175
10/12/2019 16:00,-65.225
10/12/2019 16:30,-65.03333333
10/12/2019 17:00,-64.78333333
10/12/2019 17:30,-64.82083333
10/12/2019 18:00,-64.85833333
10/12/2019 18:30,-64.875
10/12/2019 19:00,-65.53333333
10/12/2019 19:30,-66.04166667
10/12/2019 20:00,-66.38333333
10/12/2019 20:30,-65.85833333
10/12/2019 21:00,-65.36666667
10/12/2019 21:30,-65.55833333
10/12/2019 22:00,-65.69166667
10/12/2019 22:30,-66
10/12/2019 23:00,-66.325
10/12/2019 23:30,-66.55
11/12/2019 00:00,-66.65
11/12/2019 00:30,-66.63333333
11/12/2019 01:00,-66.60833333
11/12/2019 01:30,-66.70833333
11/12/2019 02:00,-66.325
11/12/2019 02:30,-66.975
11/12/2019 03:00,-67.28333333
11/12/2019 03:30,-67.4
11/12/2019 04:00,-66.76666667
11/12/2019 04:30,-66.30833333
11/12/2019 05:00,-66.00833333
11/12/2019 05:30,-65.48333333
11/12/2019 06:00,-64.98333333
11/12/2019 06:30,-64.54166667
11/12/2019 07:00,-64.24166667
11/12/2019 07:30,-63.64166667
11/12/2019 08:00,-62.81666667
11/12/2019 08:30,-61.9
11/12/2019 09:00,-61.2
11/12/2019 09:30,-60.675
11/12/2019 10:00,-60.19166667
11/12/2019 10:30,-59.75833333
11/12/2019 11:00,-59.46666667
11/12/2019 11:30,-59.11666667
11/12/2019 12:00,-59.325
11/12/2019 12:30,-58.65
11/12/2019 13:00,-59.975
11/12/2019 13:30,-60.18333333
11/12/2019 14:00,-59.78333333
11/12/2019 14:30,-59.71666667
11/12/2019 15:00,-59.74166667
11/12/2019 15:30,-59.44166667
11/12/2019 16:00,-59.175
11/12/2019 16:30,-58.575
11/12/2019 17:00,-58.15833333
11/12/2019 17:30,-57.79583333
11/12/2019 18:00,-58.125
11/12/2019 18:30,-58.58333333
11/12/2019 19:00,-59
11/12/2019 19:30,-58.75
11/12/2019 20:00,-58.43333333
11/12/2019 20:30,-58.21666667
11/12/2019 21:00,-58.11666667
11/12/2019 21:30,-58.39166667
11/12/2019 22:00,-58.54166667
11/12/2019 22:30,-59.06666667
11/12/2019 23:00,-59.05833333
11/12/2019 23:30,-59.04166667
12/12/2019 00:00,-58.375
12/12/2019 00:30,-57.90833333
12/12/2019 01:00,-57.40833333
12/12/2019 01:30,-57.075
12/12/2019 02:00,-57.39166667
12/12/2019 02:30,-56.75
12/12/2019 03:00,-57.84166667
12/12/2019 03:30,-57.375
12/12/2019 04:00,-57.18333333
12/12/2019 04:30,-56.975
12/12/2019 05:00,-56.88333333
12/12/2019 05:30,-56.9
12/12/2019 06:00,-56.71666667
12/12/2019 06:30,-56.475
12/12/2019 07:00,-56.33333333
12/12/2019 07:30,-56.40833333
12/12/2019 08:00,-57.025
12/12/2019 08:30,-57.275
12/12/2019 09:00,-58.03333333
12/12/2019 09:30,-57.2
12/12/2019 10:00,-58.21666667
12/12/2019 10:30,-57.8
12/12/2019 11:00,-57.80833333
12/12/2019 11:30,-57.85
12/12/2019 12:00,-58.35833333
12/12/2019 12:30,-59.09166667
12/12/2019 13:00,-59.10833333
12/12/2019 13:30,-58.63333333
12/12/2019 14:00,-58.1
12/12/2019 14:30,-57.85833333
12/12/2019 15:00,-57.61666667
12/12/2019 15:30,-57.05833333
12/12/2019 16:00,-56.675
12/12/2019 16:30,-56.13333333
12/12/2019 17:00,-55.43333333
12/12/2019 17:30,-54.73333333
12/12/2019 18:00,-54.15833333
12/12/2019 18:30,-53.80833333
12/12/2019 19:00,-53.575
12/12/2019 19:30,-53.45
12/12/2019 20:00,-53.29166667
12/12/2019 20:30,-52.93333333
12/12/2019 21:00,-52.65833333
12/12/2019 21:30,-52.29166667
12/12/2019 22:00,-52.20833333
12/12/2019 22:30,-52.12083333
12/12/2019 23:00,-52.17083333
12/12/2019 23:30,-52.25
13/12/2019 00:00,-52.625
13/12/2019 00:30,-52.71666667
13/12/2019 01:00,-52.86666667
13/12/2019 01:30,-53.125
13/12/2019 02:00,-53.275
13/12/2019 02:30,-53.30833333
13/12/2019 03:00,-52.86666667
13/12/2019 03:30,-52.825
13/12/2019 04:00,-52.79166667
13/12/2019 04:30,-52.95833333
13/12/2019 05:00,-53.15833333
13/12/2019 05:30,-53.68333333
13/12/2019 06:00,-54.11666667
13/12/2019 06:30,-54.525
13/12/2019 07:00,-54.99166667
13/12/2019 07:30,-55.35833333
13/12/2019 08:00,-55.875
13/12/2019 08:30,-56.225
13/12/2019 09:00,-56.38333333
13/12/2019 09:30,-56.95
13/12/2019 10:00,-55.925
13/12/2019 10:30,-52.98333333
13/12/2019 11:00,-52.10833333
13/12/2019 11:30,-51.87916667
13/12/2019 12:00,-51.7875
13/12/2019 12:30,-51.73333333
13/12/2019 13:00,-51.65
13/12/2019 13:30,-51.50416667
13/12/2019 14:00,-51.425
13/12/2019 14:30,-51.25416667
13/12/2019 15:00,-51.25
13/12/2019 15:30,-51.35833333
13/12/2019 16:00,-51.50416667
13/12/2019 16:30,-51.60416667
13/12/2019 17:00,-51.60416667
13/12/2019 17:30,-51.77916667
13/12/2019 18:00,-52.02083333
13/12/2019 18:30,-52.525
13/12/2019 19:00,-53.02916667
13/12/2019 19:30,-53.50833333
13/12/2019 20:00,-53.77916667
13/12/2019 20:30,-54.15
13/12/2019 21:00,-54.45
13/12/2019 21:30,-54.58333333
13/12/2019 22:00,-54.60416667
13/12/2019 22:30,-54.55833333
13/12/2019 23:00,-54.54166667
13/12/2019 23:30,-54.5375
14/12/2019 00:00,-54.67083333
14/12/2019 00:30,-55.225
14/12/2019 01:00,-55.4
14/12/2019 01:30,-55.5
14/12/2019 02:00,-55.5375
14/12/2019 02:30,-55.58333333
14/12/2019 03:00,-55.69583333
14/12/2019 03:30,-55.92916667
14/12/2019 04:00,-56.05
14/12/2019 04:30,-56.3625
14/12/2019 05:00,-56.39166667
14/12/2019 05:30,-56.61666667
14/12/2019 06:00,-56.75833333
14/12/2019 06:30,-57.1125
14/12/2019 07:00,-57.32916667
14/12/2019 07:30,-57.57083333
14/12/2019 08:00,-57.725
14/12/2019 08:30,-58.025
14/12/2019 09:00,-58.37916667
14/12/2019 09:30,-58.67916667
14/12/2019 10:00,-58.9
14/12/2019 10:30,-59.02916667
14/12/2019 11:00,-58.97916667
14/12/2019 11:30,-59.05
14/12/2019 12:00,-59.09166667
14/12/2019 12:30,-59.58333333
14/12/2019 13:00,-59.77916667
14/12/2019 13:30,-60.025
14/12/2019 14:00,-60.1125
14/12/2019 14:30,-60.27083333
14/12/2019 15:00,-60.6125
14/12/2019 15:30,-60.42916667
14/12/2019 16:00,-60.875
14/12/2019 16:30,-60.47083333
14/12/2019 17:00,-60.2875
14/12/2019 17:30,-60.00416667
14/12/2019 18:00,-60.2625
14/12/2019 18:30,-60.5
14/12/2019 19:00,-60.8625
14/12/2019 19:30,-60.88333333
14/12/2019 20:00,-60.90416667
14/12/2019 20:30,-61.03333333
14/12/2019 21:00,-61.30833333
14/12/2019 21:30,-61.19166667
14/12/2019 22:00,-61.44583333
14/12/2019 22:30,-61.30833333
14/12/2019 23:00,-61.525
14/12/2019 23:30,-61.475
15/12/2019 00:00,-61.475
15/12/2019 00:30,-61.50416667
15/12/2019 01:00,-61.66666667
15/12/2019 01:30,-61.92083333
15/12/2019 02:00,-61.9
15/12/2019 02:30,-61.84583333
15/12/2019 03:00,-61.6875
15/12/2019 03:30,-61.85416667
15/12/2019 04:00,-61.99583333
15/12/2019 04:30,-62.08333333
15/12/2019 05:00,-62.075
15/12/2019 05:30,-62.10416667
15/12/2019 06:00,-62.20416667
15/12/2019 06:30,-62.37083333
15/12/2019 07:00,-62.60833333
15/12/2019 07:30,-62.7
15/12/2019 08:00,-62.7625
15/12/2019 08:30,-62.85
15/12/2019 09:00,-62.81666667
15/12/2019 09:30,-62.825
15/12/2019 10:00,-62.72916667
15/12/2019 10:30,-63.05416667
15/12/2019 11:00,-63.17916667
15/12/2019 11:30,-63.32083333
15/12/2019 12:00,-63.2625
15/12/2019 12:30,-63.21666667
15/12/2019 13:00,-63.29166667
15/12/2019 13:30,-63.51666667
15/12/2019 14:00,-63.79166667
15/12/2019 14:30,-63.725
15/12/2019 15:00,-63.49166667
15/12/2019 15:30,-63.4625
15/12/2019 16:00,-63.3375
15/12/2019 16:30,-63.3375
15/12/2019 17:00,-63.24583333
15/12/2019 17:30,-63.36666667
15/12/2019 18:00,-63.60416667
15/12/2019 18:30,-63.86666667
15/12/2019 19:00,-63.95416667
15/12/2019 19:30,-63.82083333
15/12/2019 20:00,-63.95
15/12/2019 20:30,-64.2875
15/12/2019 21:00,-64.57916667
15/12/2019 21:30,-64.75
15/12/2019 22:00,-64.71666667
15/12/2019 22:30,-64.8
15/12/2019 23:00,-64.875
15/12/2019 23:30,-64.95
16/12/2019 00:00,-65.05
16/12/2019 00:30,-65.11666667
16/12/2019 01:00,-65.21666667
16/12/2019 01:30,-65.35
16/12/2019 02:00,-65.42083333
16/12/2019 02:30,-65.41666667
16/12/2019 03:00,-65.45833333
16/12/2019 03:30,-65.52916667
16/12/2019 04:00,-65.575
16/12/2019 04:30,-65.55416667
16/12/2019 05:00,-65.64583333
16/12/2019 05:30,-65.80416667
16/12/2019 06:00,-66.12083333
16/12/2019 06:30,-66.36666667
16/12/2019 07:00,-66.52083333
16/12/2019 07:30,-66.5125
16/12/2019 08:00,-66.72083333
16/12/2019 08:30,-66.94583333
16/12/2019 09:00,-67.175
16/12/2019 09:30,-67.32916667
16/12/2019 10:00,-67.45
16/12/2019 10:30,-67.6
16/12/2019 11:00,-67.69583333
16/12/2019 11:30,-67.68333333
16/12/2019 12:00,-67.8125
16/12/2019 12:30,-67.77916667
16/12/2019 13:00,-67.69583333
16/12/2019 13:30,-67.475
16/12/2019 14:00,-67.425
16/12/2019 14:30,-67.56666667
16/12/2019 15:00,-67.65
16/12/2019 15:30,-67.80833333
16/12/2019 16:00,-67.825
16/12/2019 16:30,-67.825
16/12/2019 17:00,-67.7125
16/12/2019 17:30,-67.8875
16/12/2019 18:00,-67.92083333
16/12/2019 18:30,-67.97916667
16/12/2019 19:00,-67.77083333
16/12/2019 19:30,-67.80416667
16/12/2019 20:00,-67.73333333
16/12/2019 20:30,-67.7625
16/12/2019 21:00,-67.76666667
16/12/2019 21:30,-67.81666667
16/12/2019 22:00,-67.8875
16/12/2019 22:30,-67.93333333
16/12/2019 23:00,-67.975
16/12/2019 23:30,-68.01666667
17/12/2019 00:00,-68
17/12/2019 00:30,-68.13333333
17/12/2019 01:00,-68.05833333
17/12/2019 01:30,-68.05
17/12/2019 02:00,-67.9
17/12/2019 02:30,-68.025
17/12/2019 03:00,-68.19166667
17/12/2019 03:30,-68.475
17/12/2019 04:00,-68.59166667
17/12/2019 04:30,-68.625
17/12/2019 05:00,-68.925
17/12/2019 05:30,-69.3
17/12/2019 06:00,-69.625
17/12/2019 06:30,-69.59166667
17/12/2019 07:00,-69.6
17/12/2019 07:30,-69.73333333
17/12/2019 08:00,-70.175
17/12/2019 08:30,-70.775
17/12/2019 09:00,-71.925
17/12/2019 09:30,-71.45
17/12/2019 10:00,-72.325
17/12/2019 10:30,-71.825
17/12/2019 11:00,-71.975
17/12/2019 11:30,-72.175
17/12/2019 12:00,-72.275
17/12/2019 12:30,-71.45833333
17/12/2019 13:00,-72.175
17/12/2019 13:30,-69.75
17/12/2019 14:00,-67.8
17/12/2019 14:30,-65.975
17/12/2019 15:00,-63.28333333
17/12/2019 15:30,-62.39166667
17/12/2019 16:00,-61.53333333
17/12/2019 16:30,-60.66666667
17/12/2019 17:00,-59.73333333
17/12/2019 17:30,-59.16666667
17/12/2019 18:00,-58.675
17/12/2019 18:30,-58.25
17/12/2019 19:00,-57.78333333
17/12/2019 19:30,-57.46666667
17/12/2019 20:00,-57.14166667
17/12/2019 20:30,-56.775
17/12/2019 21:00,-56.4
17/12/2019 21:30,-55.95833333
17/12/2019 22:00,-55.50833333
17/12/2019 22:30,-54.88333333
17/12/2019 23:00,-54.57291667
17/12/2019 23:30,-54.36875
18/12/2019 00:00,-54.26041667
18/12/2019 00:30,-54.18958333
18/12/2019 01:00,-54.10208333
18/12/2019 01:30,-54.03541667
18/12/2019 02:00,-53.98958333
18/12/2019 02:30,-53.97291667
18/12/2019 03:00,-53.94791667
18/12/2019 03:30,-53.97291667
18/12/2019 04:00,-53.98125
18/12/2019 04:30,-53.99375
18/12/2019 05:00,-54.01875
18/12/2019 05:30,-54.05625
18/12/2019 06:00,-54.09791667
18/12/2019 06:30,-54.12708333
18/12/2019 07:00,-54.16875
18/12/2019 07:30,-54.32708333
18/12/2019 08:00,-54.49270833
18/12/2019 08:30,-54.690625
18/12/2019 09:00,-54.8125
18/12/2019 09:30,-55.05625
18/12/2019 10:00,-55.21041667
18/12/2019 10:30,-55.39166667
18/12/2019 11:00,-55.59166667
18/12/2019 11:30,-55.95
18/12/2019 12:00,-56.18333333
18/12/2019 12:30,-56.40833333
18/12/2019 13:00,-56.48333333
18/12/2019 13:30,-56.50833333
18/12/2019 14:00,-56.42
18/12/2019 14:30,-56.31
18/12/2019 15:00,-56.245
18/12/2019 15:30,-56.18
18/12/2019 16:00,-56.115
18/12/2019 16:30,-55.92166667
18/12/2019 17:00,-55.70833333
18/12/2019 17:30,-55.425
18/12/2019 18:00,-55.2
18/12/2019 18:30,-54.95
18/12/2019 19:00,-54.925
18/12/2019 19:30,-55.00833333
18/12/2019 20:00,-55.04166667
18/12/2019 20:30,-54.95833333
18/12/2019 21:00,-54.85833333
18/12/2019 21:30,-54.75
18/12/2019 22:00,-54.56666667
18/12/2019 22:30,-54.44166667
18/12/2019 23:00,-54.45833333
18/12/2019 23:30,-54.44166667
19/12/2019 00:00,-54.25833333
19/12/2019 00:30,-53.83333333
19/12/2019 01:00,-53.39166667
19/12/2019 01:30,-52.9625
19/12/2019 02:00,-52.75416667
19/12/2019 02:30,-52.51666667
19/12/2019 03:00,-52.32083333
19/12/2019 03:30,-52.20833333
19/12/2019 04:00,-52.15833333
19/12/2019 04:30,-52.1375
19/12/2019 05:00,-52.225
19/12/2019 05:30,-52.50416667
19/12/2019 06:00,-52.86666667
19/12/2019 06:30,-53.18333333
19/12/2019 07:00,-53.59166667
19/12/2019 07:30,-53.94166667
19/12/2019 08:00,-54.14166667
19/12/2019 08:30,-54.10833333
19/12/2019 09:00,-53.83333333
19/12/2019 09:30,-53.65833333
19/12/2019 10:00,-53.44166667
19/12/2019 10:30,-53.33333333
19/12/2019 11:00,-53.1375
19/12/2019 11:30,-53.05833333
19/12/2019 12:00,-52.97083333
19/12/2019 12:30,-53.15833333
19/12/2019 13:00,-53.44166667
19/12/2019 13:30,-53.74166667
19/12/2019 14:00,-53.875
19/12/2019 14:30,-53.9
19/12/2019 15:00,-53.88333333
19/12/2019 15:30,-53.58333333
19/12/2019 16:00,-53.32083333
19/12/2019 16:30,-53.29583333
19/12/2019 17:00,-53.20833333
19/12/2019 17:30,-53.23333333
19/12/2019 18:00,-53.38333333
19/12/2019 18:30,-53.60416667
19/12/2019 19:00,-53.81666667
19/12/2019 19:30,-53.97083333
19/12/2019 20:00,-54.15
19/12/2019 20:30,-54.28333333
19/12/2019 21:00,-54.36666667
19/12/2019 21:30,-54.44583333
19/12/2019 22:00,-54.56666667
19/12/2019 22:30,-54.7375
19/12/2019 23:00,-54.825
19/12/2019 23:30,-54.94166667
20/12/2019 00:00,-54.84583333
20/12/2019 00:30,-54.875
20/12/2019 01:00,-55.0375
20/12/2019 01:30,-55.12083333
20/12/2019 02:00,-55.15833333
20/12/2019 02:30,-55.17916667
20/12/2019 03:00,-55.20833333
20/12/2019 03:30,-55.29583333
20/12/2019 04:00,-55.31666667
20/12/2019 04:30,-55.48333333
20/12/2019 05:00,-55.60833333
20/12/2019 05:30,-55.78333333
20/12/2019 06:00,-55.92916667
20/12/2019 06:30,-56.09166667
20/12/2019 07:00,-56.24166667
20/12/2019 07:30,-56.3625
20/12/2019 08:00,-56.5
20/12/2019 08:30,-56.6
20/12/2019 09:00,-56.74166667
20/12/2019 09:30,-56.9
20/12/2019 10:00,-57.10416667
20/12/2019 10:30,-57.25416667
20/12/2019 11:00,-57.37916667
20/12/2019 11:30,-57.56666667
20/12/2019 12:00,-57.7375
20/12/2019 12:30,-58.0375
20/12/2019 13:00,-58.2375
20/12/2019 13:30,-58.30416667
20/12/2019 14:00,-58.09583333
20/12/2019 14:30,-58.075
20/12/2019 15:00,-58.05833333
20/12/2019 15:30,-58.1625
20/12/2019 16:00,-58.3375
20/12/2019 16:30,-58.40833333
20/12/2019 17:00,-58.48333333
20/12/2019 17:30,-58.525
20/12/2019 18:00,-58.71666667
20/12/2019 18:30,-58.97916667
20/12/2019 19:00,-59.20416667
20/12/2019 19:30,-59.37916667
20/12/2019 20:00,-59.60833333
20/12/2019 20:30,-59.84166667
20/12/2019 21:00,-60.06666667
20/12/2019 21:30,-60.27916667
20/12/2019 22:00,-60.53333333
20/12/2019 22:30,-60.69583333
20/12/2019 23:00,-60.79583333
20/12/2019 23:30,-60.85
21/12/2019 00:00,-60.95
21/12/2019 00:30,-61.0625
21/12/2019 01:00,-60.8875
21/12/2019 01:30,-61.1375
21/12/2019 02:00,-61.125
21/12/2019 02:30,-61.425
21/12/2019 03:00,-61.5375
21/12/2019 03:30,-61.6375
21/12/2019 04:00,-61.75
21/12/2019 04:30,-61.85
21/12/2019 05:00,-61.8875
21/12/2019 05:30,-61.8375
21/12/2019 06:00,-62.1375
21/12/2019 06:30,-62.3625
21/12/2019 07:00,-62.525
21/12/2019 07:30,-62.8375
21/12/2019 08:00,-63.0625
21/12/2019 08:30,-63.35
21/12/2019 09:00,-63.45
21/12/2019 09:30,-63.85
21/12/2019 10:00,-63.7
21/12/2019 10:30,-64.0125
21/12/2019 11:00,-64.3875
21/12/2019 11:30,-64.125
21/12/2019 12:00,-64.175
21/12/2019 12:30,-64.35
21/12/2019 13:00,-64.4875
21/12/2019 13:30,-64.9625
21/12/2019 14:00,-65.225
21/12/2019 14:30,-65.1
21/12/2019 15:00,-65.1125
21/12/2019 15:30,-65.375
21/12/2019 16:00,-65.225
21/12/2019 16:30,-65.35
21/12/2019 17:00,-64.875
21/12/2019 17:30,-64.725
21/12/2019 18:00,-64.7
21/12/2019 18:30,-64.9375
21/12/2019 19:00,-65.15
21/12/2019 19:30,-65.3375
21/12/2019 20:00,-65.525
21/12/2019 20:30,-65.7375
21/12/2019 21:00,-65.9625
21/12/2019 21:30,-65.9125
21/12/2019 22:00,-65.7875
21/12/2019 22:30,-66.1125
21/12/2019 23:00,-66.2875
21/12/2019 23:30,-66.3875
22/12/2019 00:00,-66.3625
22/12/2019 00:30,-66.5375
22/12/2019 01:00,-66.4625
22/12/2019 01:30,-66.55
22/12/2019 02:00,-66.5375
22/12/2019 02:30,-66.625
22/12/2019 03:00,-66.725
22/12/2019 03:30,-66.9
22/12/2019 04:00,-66.775
22/12/2019 04:30,-67.025
22/12/2019 05:00,-67.15
22/12/2019 05:30,-67.0125
22/12/2019 06:00,-67.125
22/12/2019 06:30,-67.3
22/12/2019 07:00,-67.6125
22/12/2019 07:30,-67.7375
22/12/2019 08:00,-67.9125
22/12/2019 08:30,-68.025
22/12/2019 09:00,-68.2
22/12/2019 09:30,-68.225
22/12/2019 10:00,-68.3875
22/12/2019 10:30,-68.3375
22/12/2019 11:00,-68.5875
22/12/2019 11:30,-68.6625
22/12/2019 12:00,-68.95
22/12/2019 12:30,-69.2
22/12/2019 13:00,-69.475
22/12/2019 13:30,-68.85
22/12/2019 14:00,-68.6
22/12/2019 14:30,-68.8625
22/12/2019 15:00,-68.6875
22/12/2019 15:30,-68.7625
22/12/2019 16:00,-69
22/12/2019 16:30,-69.2125
22/12/2019 17:00,-68.925
22/12/2019 17:30,-68.8125
22/12/2019 18:00,-69.0125
22/12/2019 18:30,-69.1375
22/12/2019 19:00,-69.15
22/12/2019 19:30,-69.35
22/12/2019 20:00,-69.725
22/12/2019 20:30,-69.725
22/12/2019 21:00,-70.1
22/12/2019 21:30,-70.25
22/12/2019 22:00,-70.225
22/12/2019 22:30,-70.475
22/12/2019 23:00,-70.4125
22/12/2019 23:30,-70.3125
23/12/2019 00:00,-70.3125
23/12/2019 00:30,-70.4875
23/12/2019 01:00,-70.2875
23/12/2019 01:30,-70.45
23/12/2019 02:00,-70.3
23/12/2019 02:30,-70.475
23/12/2019 03:00,-70.7
23/12/2019 03:30,-70.925
23/12/2019 04:00,-70.8125
23/12/2019 04:30,-70.7125
23/12/2019 05:00,-71.0375
23/12/2019 05:30,-71.0375
23/12/2019 06:00,-71.2125
23/12/2019 06:30,-71.2625
23/12/2019 07:00,-71.2625
23/12/2019 07:30,-71.45
23/12/2019 08:00,-71.8
23/12/2019 08:30,-71.8875
23/12/2019 09:00,-72.1125
23/12/2019 09:30,-72.3875
23/12/2019 10:00,-72.6125
23/12/2019 10:30,-73.1
23/12/2019 11:00,-72.775
23/12/2019 11:30,-73.5
23/12/2019 12:00,-73.625
23/12/2019 12:30,-73.4
23/12/2019 13:00,-73.325
23/12/2019 13:30,-72.975
23/12/2019 14:00,-73.6
23/12/2019 14:30,-74.4
23/12/2019 15:00,-74.65
23/12/2019 15:30,-74.625
23/12/2019 16:00,-73.25
23/12/2019 16:30,-72.9
23/12/2019 17:00,-72.7125
23/12/2019 17:30,-72.8625
23/12/2019 18:00,-72.55
23/12/2019 18:30,-72.8125
23/12/2019 19:00,-72.9375
23/12/2019 19:30,-72.9125
23/12/2019 20:00,-73.075
23/12/2019 20:30,-73.475
23/12/2019 21:00,-73.675
23/12/2019 21:30,-73.825
23/12/2019 22:00,-73.95
23/12/2019 22:30,-74.0375
23/12/2019 23:00,-73.8875
23/12/2019 23:30,-74.1875
24/12/2019 00:00,-74.2125
24/12/2019 00:30,-74.2875
24/12/2019 01:00,-74.2125
24/12/2019 01:30,-74.3125
24/12/2019 02:00,-74.425
24/12/2019 02:30,-74.375
24/12/2019 03:00,-74.575
24/12/2019 03:30,-74.625
24/12/2019 04:00,-74.6875
24/12/2019 04:30,-74.7375
24/12/2019 05:00,-74.8
24/12/2019 05:30,-74.8875
24/12/2019 06:00,-74.925
24/12/2019 06:30,-75.1125
24/12/2019 07:00,-75.2875
24/12/2019 07:30,-75.2625
24/12/2019 08:00,-75.525
24/12/2019 08:30,-75.8625
24/12/2019 09:00,-76.0375
24/12/2019 09:30,-76.3125
24/12/2019 10:00,-76.475
24/12/2019 10:30,-76.7625
24/12/2019 11:00,-76.775
24/12/2019 11:30,-77.15
24/12/2019 12:00,-77.425
24/12/2019 12:30,-78
24/12/2019 13:00,-77.725
24/12/2019 13:30,-77.475
24/12/2019 14:00,-77.475
24/12/2019 14:30,-77.625
24/12/2019 15:00,-77.15
24/12/2019 15:30,-78.325
24/12/2019 16:00,-78.325
24/12/2019 16:30,-77.75
24/12/2019 17:00,-76.9
24/12/2019 17:30,-76.9
24/12/2019 18:00,-76.5875
24/12/2019 18:30,-76.5375
24/12/2019 19:00,-76.5375
24/12/2019 19:30,-76.5625
24/12/2019 20:00,-76.5625
24/12/2019 20:30,-76.7125
24/12/2019 21:00,-76.825
24/12/2019 21:30,-76.9125
24/12/2019 22:00,-77.1875
24/12/2019 22:30,-77.125
24/12/2019 23:00,-77.075
24/12/2019 23:30,-77.1
25/12/2019 00:00,-76.85
25/12/2019 00:30,-77.2625
25/12/2019 01:00,-77.2
25/12/2019 01:30,-77.35
25/12/2019 02:00,-77.175
25/12/2019 02:30,-77.1875
25/12/2019 03:00,-77.3
25/12/2019 03:30,-77.3125
25/12/2019 04:00,-77.625
25/12/2019 04:30,-77.4625
25/12/2019 05:00,-77.3375
25/12/2019 05:30,-77.4125
25/12/2019 06:00,-77.375
25/12/2019 06:30,-77.4
25/12/2019 07:00,-77.4875
25/12/2019 07:30,-77.65
25/12/2019 08:00,-77.7375
25/12/2019 08:30,-77.825
25/12/2019 09:00,-78.4
25/12/2019 09:30,-79.15
25/12/2019 10:00,-79.625
25/12/2019 10:30,-79.925
25/12/2019 11:00,-80.35
25/12/2019 11:30,-80.5
25/12/2019 12:00,-80.075
25/12/2019 12:30,-79.95
25/12/2019 13:00,-79.05
25/12/2019 13:30,-78.75
25/12/2019 14:00,-78.675
25/12/2019 14:30,-78.675
25/12/2019 15:00,-78.975
25/12/2019 15:30,-78.825
25/12/2019 16:00,-77.975
25/12/2019 16:30,-77.85
25/12/2019 17:00,-77.65
25/12/2019 17:30,-77.625
25/12/2019 18:00,-77.85
25/12/2019 18:30,-77.75
25/12/2019 19:00,-77.6
25/12/2019 19:30,-78.05
25/12/2019 20:00,-77.65
25/12/2019 20:30,-77.8
25/12/2019 21:00,-77.675
25/12/2019 21:30,-77.825
25/12/2019 22:00,-77.8
25/12/2019 22:30,-78.15
25/12/2019 23:00,-77.85
25/12/2019 23:30,-77.975
26/12/2019 00:00,-77.975
26/12/2019 00:30,-77.825
26/12/2019 01:00,-77.975
26/12/2019 01:30,-78.175
26/12/2019 02:00,-78.075
26/12/2019 02:30,-78.225
26/12/2019 03:00,-78.25
26/12/2019 03:30,-78.375
26/12/2019 04:00,-77.925
26/12/2019 04:30,-77.925
26/12/2019 05:00,-77.775
26/12/2019 05:30,-77.875
26/12/2019 06:00,-77.35
26/12/2019 06:30,-76.05
26/12/2019 07:00,-75.85
26/12/2019 07:30,-75.825
26/12/2019 08:00,-75.625
26/12/2019 08:30,-75.8
26/12/2019 09:00,-75.525
26/12/2019 09:30,-75.5
26/12/2019 10:00,-75.35
26/12/2019 10:30,-75.525
26/12/2019 11:00,-75.4
26/12/2019 11:30,-75.425
26/12/2019 12:00,-75.05
26/12/2019 12:30,-74.825
26/12/2019 13:00,-74.075
26/12/2019 13:30,-73.7
26/12/2019 14:00,-74.1
26/12/2019 14:30,-74.3
26/12/2019 15:00,-74.45
26/12/2019 15:30,-74.475
26/12/2019 16:00,-73.775
26/12/2019 16:30,-73.575
26/12/2019 17:00,-73.275
26/12/2019 17:30,-72.7
26/12/2019 18:00,-72.2
26/12/2019 18:30,-72.3125
26/12/2019 19:00,-72.4
26/12/2019 19:30,-72.65
26/12/2019 20:00,-72.9125
26/12/2019 20:30,-72.95
26/12/2019 21:00,-73.1375
26/12/2019 21:30,-73.325
26/12/2019 22:00,-73.5
26/12/2019 22:30,-73.45
26/12/2019 23:00,-73.2875
26/12/2019 23:30,-73.475
27/12/2019 00:00,-73.4
27/12/2019 00:30,-73.4625
27/12/2019 01:00,-73.4125
27/12/2019 01:30,-73.475
27/12/2019 02:00,-73.375
27/12/2019 02:30,-73.375
27/12/2019 03:00,-73.5375
27/12/2019 03:30,-73.5
27/12/2019 04:00,-73.3375
27/12/2019 04:30,-73.45
27/12/2019 05:00,-73.4875
27/12/2019 05:30,-73.5875
27/12/2019 06:00,-73.8125
27/12/2019 06:30,-74.15
27/12/2019 07:00,-74.4875
27/12/2019 07:30,-74.725
27/12/2019 08:00,-74.925
27/12/2019 08:30,-74.975
27/12/2019 09:00,-75.3375
27/12/2019 09:30,-75.4125
27/12/2019 10:00,-75.7625
27/12/2019 10:30,-75.7875
27/12/2019 11:00,-75.975
27/12/2019 11:30,-77.125
27/12/2019 12:00,-77.375
27/12/2019 12:30,-77.5
27/12/2019 13:00,-77.675
27/12/2019 13:30,-78.15
27/12/2019 14:00,-78.1
27/12/2019 14:30,-77.875
27/12/2019 15:00,-76.975
27/12/2019 15:30,-76.6
27/12/2019 16:00,-76.25
27/12/2019 16:30,-77.15
27/12/2019 17:00,-76.225
27/12/2019 17:30,-76.0375
27/12/2019 18:00,-75.975
27/12/2019 18:30,-76.1625
27/12/2019 19:00,-76.6
27/12/2019 19:30,-76.65
27/12/2019 20:00,-77.1625
27/12/2019 20:30,-77.1875
27/12/2019 21:00,-77.25
27/12/2019 21:30,-77.4
27/12/2019 22:00,-77.3125
27/12/2019 22:30,-77.2875
27/12/2019 23:00,-77.225
27/12/2019 23:30,-77.2625
28/12/2019 00:00,-77.25
28/12/2019 00:30,-77.15
28/12/2019 01:00,-77.1125
28/12/2019 01:30,-77.325
28/12/2019 02:00,-77.1125
28/12/2019 02:30,-77.2125
28/12/2019 03:00,-77.3
28/12/2019 03:30,-77.5
28/12/2019 04:00,-77.375
28/12/2019 04:30,-77.3125
28/12/2019 05:00,-77.4125
28/12/2019 05:30,-77.35
28/12/2019 06:00,-77.5875
28/12/2019 06:30,-77.8625
28/12/2019 07:00,-78.2625
28/12/2019 07:30,-78.3625
28/12/2019 08:00,-78.7375
28/12/2019 08:30,-78.95
28/12/2019 09:00,-78.875
28/12/2019 09:30,-79.675
28/12/2019 10:00,-79.925
28/12/2019 10:30,-80.725
28/12/2019 11:00,-81
28/12/2019 11:30,-81.3
28/12/2019 12:00,-80.525
28/12/2019 12:30,-80.4
28/12/2019 13:00,-80.75
28/12/2019 13:30,-81.225
28/12/2019 14:00,-82.3
28/12/2019 14:30,-82.65
28/12/2019 15:00,-82.525
28/12/2019 15:30,-82.55
28/12/2019 16:00,-81.425
28/12/2019 16:30,-82.275
28/12/2019 17:00,-81.8
28/12/2019 17:30,-81.375
28/12/2019 18:00,-80.15
28/12/2019 18:30,-79.7
28/12/2019 19:00,-79.875
28/12/2019 19:30,-79.8
28/12/2019 20:00,-79.125
28/12/2019 20:30,-79.225
28/12/2019 21:00,-78.775
28/12/2019 21:30,-77.375
28/12/2019 22:00,-75.65
28/12/2019 22:30,-75.25
28/12/2019 23:00,-74.275
28/12/2019 23:30,-73.6
29/12/2019 00:00,-72.3
29/12/2019 00:30,-71.6
29/12/2019 01:00,-70.25
29/12/2019 01:30,-69.775
29/12/2019 02:00,-68.475
29/12/2019 02:30,-67.825
29/12/2019 03:00,-66.7
29/12/2019 03:30,-65.95
29/12/2019 04:00,-65.1
29/12/2019 04:30,-64.425
29/12/2019 05:00,-63.425
29/12/2019 05:30,-63.025
29/12/2019 06:00,-62.45
29/12/2019 06:30,-62.25
29/12/2019 07:00,-61.6
29/12/2019 07:30,-61.3
29/12/2019 08:00,-61.425
29/12/2019 08:30,-61.575
29/12/2019 09:00,-61.5
29/12/2019 09:30,-61.1
29/12/2019 10:00,-61.55
29/12/2019 10:30,-61.425
29/12/2019 11:00,-61.225
29/12/2019 11:30,-61.75
29/12/2019 12:00,-61.85
29/12/2019 12:30,-61.675
29/12/2019 13:00,-61.1125
29/12/2019 13:30,-62.05
29/12/2019 14:00,-62.225
29/12/2019 14:30,-62.025
29/12/2019 15:00,-61.675
29/12/2019 15:30,-61.3625
29/12/2019 16:00,-61.375
29/12/2019 16:30,-61.7875
29/12/2019 17:00,-61.75
29/12/2019 17:30,-61.7625
29/12/2019 18:00,-61.7625
29/12/2019 18:30,-61.625
29/12/2019 19:00,-61.8
29/12/2019 19:30,-62.0375
29/12/2019 20:00,-62.1375
29/12/2019 20:30,-62.3375
29/12/2019 21:00,-62.2625
29/12/2019 21:30,-62.6
29/12/2019 22:00,-62.5
29/12/2019 22:30,-62.825
29/12/2019 23:00,-63.1125
29/12/2019 23:30,-63.3125
30/12/2019 00:00,-63.775
30/12/2019 00:30,-64.15
30/12/2019 01:00,-63.9125
30/12/2019 01:30,-64.175
30/12/2019 02:00,-64.25
30/12/2019 02:30,-64.3375
30/12/2019 03:00,-64.175
30/12/2019 03:30,-64.375
30/12/2019 04:00,-64.575
30/12/2019 04:30,-64.7125
30/12/2019 05:00,-64.9125
30/12/2019 05:30,-64.9625
30/12/2019 06:00,-65.2625
30/12/2019 06:30,-65.475
30/12/2019 07:00,-65.725
30/12/2019 07:30,-65.8875
30/12/2019 08:00,-66.0125
30/12/2019 08:30,-66.375
30/12/2019 09:00,-66.5625
30/12/2019 09:30,-66.1875
30/12/2019 10:00,-66.225
30/12/2019 10:30,-66.4
30/12/2019 11:00,-66.9125
30/12/2019 11:30,-66.9875
30/12/2019 12:00,-67.525
30/12/2019 12:30,-67.9375
30/12/2019 13:00,-67.8875
30/12/2019 13:30,-68.325
30/12/2019 14:00,-68.475
30/12/2019 14:30,-68.775
30/12/2019 15:00,-68.775
30/12/2019 15:30,-68.9
30/12/2019 16:00,-68.6375
30/12/2019 16:30,-68.4375
30/12/2019 17:00,-68.4625
30/12/2019 17:30,-68.375
30/12/2019 18:00,-68.1125
30/12/2019 18:30,-68.1
30/12/2019 19:00,-68.175
30/12/2019 19:30,-68.275
30/12/2019 20:00,-68.525
30/12/2019 20:30,-68.525
30/12/2019 21:00,-68.6875
30/12/2019 21:30,-69
30/12/2019 22:00,-69.25
30/12/2019 22:30,-69.7
30/12/2019 23:00,-69.5875
30/12/2019 23:30,-70.025
31/12/2019 00:00,-70.175
31/12/2019 00:30,-70.3625
31/12/2019 01:00,-70.375
31/12/2019 01:30,-70.5875
31/12/2019 02:00,-70.5375
31/12/2019 02:30,-70.75
31/12/2019 03:00,-70.6875
31/12/2019 03:30,-70.725
31/12/2019 04:00,-70.55
31/12/2019 04:30,-70.8375
31/12/2019 05:00,-71.0375
31/12/2019 05:30,-71.1125
31/12/2019 06:00,-71.1
31/12/2019 06:30,-71.175
31/12/2019 07:00,-71.25
31/12/2019 07:30,-71.45
31/12/2019 08:00,-71.6625
31/12/2019 08:30,-71.675
31/12/2019 09:00,-71.8125
31/12/2019 09:30,-72.0375
31/12/2019 10:00,-72.2875
31/12/2019 10:30,-72.5
31/12/2019 11:00,-72.525
31/12/2019 11:30,-72.85
31/12/2019 12:00,-72.9375
31/12/2019 12:30,-73.175
31/12/2019 13:00,-73.5
31/12/2019 13:30,-73.75
31/12/2019 14:00,-73.825
31/12/2019 14:30,-74.1
31/12/2019 15:00,-74.175
31/12/2019 15:30,-74.25
31/12/2019 16:00,-73.9
31/12/2019 16:30,-74.15
31/12/2019 17:00,-73.825
31/12/2019 17:30,-73.525
31/12/2019 18:00,-73.4125
31/12/2019 18:30,-73.45
31/12/2019 19:00,-73.4
31/12/2019 19:30,-73.525
31/12/2019 20:00,-73.5375
31/12/2019 20:30,-73.7
31/12/2019 21:00,-73.95
31/12/2019 21:30,-74.125
31/12/2019 22:00,-74.3
31/12/2019 22:30,-74.4125
31/12/2019 23:00,-74.9375
31/12/2019 23:30,-75
01/01/2020 00:00,-74.8375
01/01/2020 00:30,-75
01/01/2020 01:00,-74.9375
01/01/2020 01:30,-75.0125
01/01/2020 02:00,-75.1875
01/01/2020 02:30,-75.225
01/01/2020 03:00,-75.1375
01/01/2020 03:30,-75.175
01/01/2020 04:00,-75.2875
01/01/2020 04:30,-75.325
01/01/2020 05:00,-75.325
01/01/2020 05:30,-75.4
01/01/2020 06:00,-75.5375
01/01/2020 06:30,-75.5625
01/01/2020 07:00,-75.475
01/01/2020 07:30,-75.5875
01/01/2020 08:00,-75.7625
01/01/2020 08:30,-75.875
01/01/2020 09:00,-76.175
01/01/2020 09:30,-76.2
01/01/2020 10:00,-76.45
01/01/2020 10:30,-76.4625
01/01/2020 11:00,-76.9125
01/01/2020 11:30,-77.0875
01/01/2020 12:00,-77.2375
01/01/2020 12:30,-77.4625
01/01/2020 13:00,-78.5
01/01/2020 13:30,-78.4
01/01/2020 14:00,-78.6
01/01/2020 14:30,-78.125
01/01/2020 15:00,-77.85
01/01/2020 15:30,-77.5625
01/01/2020 16:00,-77.6
01/01/2020 16:30,-77.625
01/01/2020 17:00,-77.65
01/01/2020 17:30,-77.775
01/01/2020 18:00,-77.0875
01/01/2020 18:30,-77.0875
01/01/2020 19:00,-77.075
01/01/2020 19:30,-77.2375
01/01/2020 20:00,-77.1
01/01/2020 20:30,-76.925
01/01/2020 21:00,-76.925
01/01/2020 21:30,-76.925
01/01/2020 22:00,-76.975
01/01/2020 22:30,-76.9625
01/01/2020 23:00,-76.9
01/01/2020 23:30,-77.0875
02/01/2020 00:00,-76.9875
02/01/2020 00:30,-76.9875
02/01/2020 01:00,-76.9875
02/01/2020 01:30,-77.05
02/01/2020 02:00,-77.0875
02/01/2020 02:30,-77.075
02/01/2020 03:00,-77.2
02/01/2020 03:30,-77.25
02/01/2020 04:00,-77.35
02/01/2020 04:30,-77.45
02/01/2020 05:00,-77.45
02/01/2020 05:30,-77.775
02/01/2020 06:00,-77.775
02/01/2020 06:30,-78.225
02/01/2020 07:00,-78.775
02/01/2020 07:30,-78.775
02/01/2020 08:00,-79.225
02/01/2020 08:30,-79.8
02/01/2020 09:00,-79.975
02/01/2020 09:30,-80.175
02/01/2020 10:00,-80.475
02/01/2020 10:30,-80.55
02/01/2020 11:00,-80.6
02/01/2020 11:30,-80.9
02/01/2020 12:00,-80.475
02/01/2020 12:30,-79.975
02/01/2020 13:00,-79.175
02/01/2020 13:30,-79.625
02/01/2020 14:00,-79.525
02/01/2020 14:30,-79.675
02/01/2020 15:00,-79.725
02/01/2020 15:30,-78.725
02/01/2020 16:00,-76.225
02/01/2020 16:30,-74.775
02/01/2020 17:00,-73.7
02/01/2020 17:30,-72.975
02/01/2020 18:00,-72.1
02/01/2020 18:30,-70.85
02/01/2020 19:00,-70.35
02/01/2020 19:30,-70.05
02/01/2020 20:00,-69.45
02/01/2020 20:30,-68.775
02/01/2020 21:00,-68.175
02/01/2020 21:30,-68.25
02/01/2020 22:00,-67.8
02/01/2020 22:30,-67.1
02/01/2020 23:00,-66.85
02/01/2020 23:30,-66.65
03/01/2020 00:00,-66.3
03/01/2020 00:30,-66.45
03/01/2020 01:00,-66.125
03/01/2020 01:30,-65.85
03/01/2020 02:00,-65.85
03/01/2020 02:30,-65.9
03/01/2020 03:00,-65.375
03/01/2020 03:30,-65.225
03/01/2020 04:00,-65.025
03/01/2020 04:30,-65.2
03/01/2020 05:00,-64.75
03/01/2020 05:30,-64.675
03/01/2020 06:00,-64.85
03/01/2020 06:30,-65.525
03/01/2020 07:00,-66.175
03/01/2020 07:30,-66.2
03/01/2020 08:00,-66.275
03/01/2020 08:30,-66.8
03/01/2020 09:00,-67.1
03/01/2020 09:30,-67.35
03/01/2020 10:00,-67.25
03/01/2020 10:30,-68.125
03/01/2020 11:00,-68.5
03/01/2020 11:30,-68.375
03/01/2020 12:00,-68.85
03/01/2020 12:30,-68.95
03/01/2020 13:00,-69.05
03/01/2020 13:30,-69.15
03/01/2020 14:00,-66.075
03/01/2020 14:30,-65.125
03/01/2020 15:00,-65.2
03/01/2020 15:30,-64.85
03/01/2020 16:00,-64.35
03/01/2020 16:30,-64.55
03/01/2020 17:00,-63.925
03/01/2020 17:30,-63.875
03/01/2020 18:00,-63.425
03/01/2020 18:30,-63.375
03/01/2020 19:00,-63.25
03/01/2020 19:30,-63
03/01/2020 20:00,-62.9625
03/01/2020 20:30,-63.0125
03/01/2020 21:00,-63.225
03/01/2020 21:30,-63.5
03/01/2020 22:00,-63.525
03/01/2020 22:30,-63.5125
03/01/2020 23:00,-63.2875
03/01/2020 23:30,-63.2875
04/01/2020 00:00,-63.45
04/01/2020 00:30,-63.525
04/01/2020 01:00,-63.225
04/01/2020 01:30,-63.4
04/01/2020 02:00,-63.2375
04/01/2020 02:30,-63.25
04/01/2020 03:00,-63.2375
04/01/2020 03:30,-63.4125
04/01/2020 04:00,-63.5
04/01/2020 04:30,-63.325
04/01/2020 05:00,-63.25
04/01/2020 05:30,-63.25
04/01/2020 06:00,-63.2625
04/01/2020 06:30,-63.4875
04/01/2020 07:00,-63.5375
04/01/2020 07:30,-63.7125
04/01/2020 08:00,-63.975
04/01/2020 08:30,-64.2
04/01/2020 09:00,-64.225
04/01/2020 09:30,-64.575
04/01/2020 10:00,-64.75
04/01/2020 10:30,-65.3
04/01/2020 11:00,-65.5
04/01/2020 11:30,-65.7
04/01/2020 12:00,-66.175
04/01/2020 12:30,-66.275
04/01/2020 13:00,-66.425
04/01/2020 13:30,-66.75
04/01/2020 14:00,-66.775
04/01/2020 14:30,-67.55
04/01/2020 15:00,-67.225
04/01/2020 15:30,-67.25
04/01/2020 16:00,-66.875
04/01/2020 16:30,-66.625
04/01/2020 17:00,-65.475
04/01/2020 17:30,-65.8
04/01/2020 18:00,-65.3
04/01/2020 18:30,-65.35
04/01/2020 19:00,-65.525
04/01/2020 19:30,-65.675
04/01/2020 20:00,-65.575
04/01/2020 20:30,-65.975
04/01/2020 21:00,-65.925
04/01/2020 21:30,-66.2
04/01/2020 22:00,-66.075
04/01/2020 22:30,-63.225
04/01/2020 23:00,-56.4
04/01/2020 23:30,-52.85
05/01/2020 00:00,-49.7
05/01/2020 00:30,-47.325
05/01/2020 01:00,-43.15
05/01/2020 01:30,-37.8
05/01/2020 02:00,-31.85
05/01/2020 02:30,-28.275
05/01/2020 03:00,-25.875
05/01/2020 03:30,-24.1
05/01/2020 04:00,-22.65
05/01/2020 04:30,-21.825
05/01/2020 05:00,-21.225
05/01/2020 05:30,-20.925
05/01/2020 06:00,-20.975
05/01/2020 06:30,-20.9875
05/01/2020 07:00,-20.7375
05/01/2020 07:30,-21.075
05/01/2020 08:00,-21.025
05/01/2020 08:30,-21.2625
05/01/2020 09:00,-21.675
05/01/2020 09:30,-21.7625
05/01/2020 10:00,-22.0125
05/01/2020 10:30,-22.1875
05/01/2020 11:00,-22.65
05/01/2020 11:30,-22.825
05/01/2020 12:00,-22.775
05/01/2020 12:30,-23.025
05/01/2020 13:00,-23.125
05/01/2020 13:30,-23.55
05/01/2020 14:00,-23.25
05/01/2020 14:30,-23.75
05/01/2020 15:00,-23.9
05/01/2020 15:30,-23.7
05/01/2020 16:00,-22.875
05/01/2020 16:30,-21.7125
05/01/2020 17:00,-21.575
05/01/2020 17:30,-21.775
05/01/2020 18:00,-21.8
05/01/2020 18:30,-21.925
05/01/2020 19:00,-22.1125
05/01/2020 19:30,-22.2375
05/01/2020 20:00,-22.4875
05/01/2020 20:30,-22.575
05/01/2020 21:00,-23
05/01/2020 21:30,-23.25
05/01/2020 22:00,-23.675
05/01/2020 22:30,-23.575
05/01/2020 23:00,-23.875
05/01/2020 23:30,-24.4
06/01/2020 00:00,-24.475
06/01/2020 00:30,-24.875
06/01/2020 01:00,-24.9625
06/01/2020 01:30,-25
06/01/2020 02:00,-24.9375
06/01/2020 02:30,-25.2
06/01/2020 03:00,-25.325
06/01/2020 03:30,-25.3375
06/01/2020 04:00,-25.3625
06/01/2020 04:30,-25.375
06/01/2020 05:00,-25.4125
06/01/2020 05:30,-25.525
06/01/2020 06:00,-25.6625
06/01/2020 06:30,-25.7625
06/01/2020 07:00,-26.075
06/01/2020 07:30,-26.4
06/01/2020 08:00,-26.6875
06/01/2020 08:30,-26.95
06/01/2020 09:00,-27.2625
06/01/2020 09:30,-27.6125
06/01/2020 10:00,-28.175
06/01/2020 10:30,-28.6
06/01/2020 11:00,-28.425
06/01/2020 11:30,-29
06/01/2020 12:00,-29.4125
06/01/2020 12:30,-29.8125
06/01/2020 13:00,-29.7875
06/01/2020 13:30,-30.05
06/01/2020 14:00,-30.175
06/01/2020 14:30,-30.575
06/01/2020 15:00,-30.225
06/01/2020 15:30,-30.4
06/01/2020 16:00,-30.2875
06/01/2020 16:30,-30.6625
06/01/2020 17:00,-30.6375
06/01/2020 17:30,-31.0375
06/01/2020 18:00,-30.975
06/01/2020 18:30,-31.3
06/01/2020 19:00,-31.475
06/01/2020 19:30,-31.9625
06/01/2020 20:00,-32.35
06/01/2020 20:30,-32.9625
06/01/2020 21:00,-33.05
06/01/2020 21:30,-33.4
06/01/2020 22:00,-33.925
06/01/2020 22:30,-34.325
06/01/2020 23:00,-34.5375
06/01/2020 23:30,-34.9625
07/01/2020 00:00,-34.85
07/01/2020 00:30,-35.1
07/01/2020 01:00,-35.325
07/01/2020 01:30,-35.625
07/01/2020 02:00,-35.5
07/01/2020 02:30,-35.7125
07/01/2020 03:00,-35.825
07/01/2020 03:30,-36.025
07/01/2020 04:00,-36.0375
07/01/2020 04:30,-36.4125
07/01/2020 05:00,-36.7625
07/01/2020 05:30,-37.0125
07/01/2020 06:00,-37.075
07/01/2020 06:30,-37.275
07/01/2020 07:00,-37.5125
07/01/2020 07:30,-37.9
07/01/2020 08:00,-38.275
07/01/2020 08:30,-38.675
07/01/2020 09:00,-38.9375
07/01/2020 09:30,-39.15
07/01/2020 10:00,-39.5375
07/01/2020 10:30,-39.9
07/01/2020 11:00,-40.05
07/01/2020 11:30,-40.6
07/01/2020 12:00,-40.7875
07/01/2020 12:30,-41.325
07/01/2020 13:00,-41.525
07/01/2020 13:30,-41.7875
07/01/2020 14:00,-41.675
07/01/2020 14:30,-42.1375
07/01/2020 15:00,-42.1875
07/01/2020 15:30,-42.4375
07/01/2020 16:00,-42.0875
07/01/2020 16:30,-41.5875
07/01/2020 17:00,-41.225
07/01/2020 17:30,-41.5375
07/01/2020 18:00,-41.8625
07/01/2020 18:30,-42.225
07/01/2020 19:00,-42.3875
07/01/2020 19:30,-42.825
07/01/2020 20:00,-43.3
07/01/2020 20:30,-43.3375
07/01/2020 21:00,-43.825
07/01/2020 21:30,-44.1
07/01/2020 22:00,-44.525
07/01/2020 22:30,-45.15
07/01/2020 23:00,-45.2875
07/01/2020 23:30,-45.825
08/01/2020 00:00,-46
08/01/2020 00:30,-46.325
08/01/2020 01:00,-46.4
08/01/2020 01:30,-46.7125
08/01/2020 02:00,-46.7375
08/01/2020 02:30,-46.85
08/01/2020 03:00,-46.8875
08/01/2020 03:30,-47.0625
08/01/2020 04:00,-47.125
08/01/2020 04:30,-47.375
08/01/2020 05:00,-47.3125
08/01/2020 05:30,-47.7125
08/01/2020 06:00,-48.0375
08/01/2020 06:30,-48.275
08/01/2020 07:00,-48.375
08/01/2020 07:30,-48.7625
08/01/2020 08:00,-49.0875
08/01/2020 08:30,-49.2
08/01/2020 09:00,-49.3875
08/01/2020 09:30,-49.675
08/01/2020 10:00,-50.0375
08/01/2020 10:30,-50.5625
08/01/2020 11:00,-50.8375
08/01/2020 11:30,-51.3375
08/01/2020 12:00,-51.675
08/01/2020 12:30,-51.775
08/01/2020 13:00,-51.65
08/01/2020 13:30,-52.1875
08/01/2020 14:00,-52.2125
08/01/2020 14:30,-52.35
08/01/2020 15:00,-52.3125
08/01/2020 15:30,-52.375
08/01/2020 16:00,-52.3125
08/01/2020 16:30,-52.325
08/01/2020 17:00,-52.1875
08/01/2020 17:30,-52.4125
08/01/2020 18:00,-52.3125
08/01/2020 18:30,-53.125
08/01/2020 19:00,-53.0375
08/01/2020 19:30,-53.5625
08/01/2020 20:00,-53.6375
08/01/2020 20:30,-54
08/01/2020 21:00,-54.3375
08/01/2020 21:30,-54.7875
08/01/2020 22:00,-55.025
08/01/2020 22:30,-55.525
08/01/2020 23:00,-55.8
08/01/2020 23:30,-55.825
09/01/2020 00:00,-56
09/01/2020 00:30,-56.175
09/01/2020 01:00,-56.0875
09/01/2020 01:30,-56.15
09/01/2020 02:00,-56.2375
09/01/2020 02:30,-56.375
09/01/2020 03:00,-56.475
09/01/2020 03:30,-56.65
09/01/2020 04:00,-56.6375
09/01/2020 04:30,-56.75
09/01/2020 05:00,-56.8625
09/01/2020 05:30,-57.0375
09/01/2020 06:00,-57.1375
09/01/2020 06:30,-57.5875
09/01/2020 07:00,-57.7
09/01/2020 07:30,-57.9875
09/01/2020 08:00,-58.2375
09/01/2020 08:30,-58.45
09/01/2020 09:00,-58.7125
09/01/2020 09:30,-59.0625
09/01/2020 10:00,-59.15
09/01/2020 10:30,-59.675
09/01/2020 11:00,-59.7625
09/01/2020 11:30,-60.125
09/01/2020 12:00,-60.075
09/01/2020 12:30,-60.375
09/01/2020 13:00,-60.3875
09/01/2020 13:30,-60.5
09/01/2020 14:00,-60.525
09/01/2020 14:30,-60.675
09/01/2020 15:00,-61
09/01/2020 15:30,-61.175
09/01/2020 16:00,-61.0625
09/01/2020 16:30,-60.925
09/01/2020 17:00,-60.9625
09/01/2020 17:30,-60.8125
09/01/2020 18:00,-60.825
09/01/2020 18:30,-60.95
09/01/2020 19:00,-60.9875
09/01/2020 19:30,-60.975
09/01/2020 20:00,-60.85
09/01/2020 20:30,-61.05
09/01/2020 21:00,-61.05
09/01/2020 21:30,-61.075
09/01/2020 22:00,-61.1
09/01/2020 22:30,-61.15
09/01/2020 23:00,-61.375
09/01/2020 23:30,-61.425
10/01/2020 00:00,-61.45
10/01/2020 00:30,-61.5125
10/01/2020 01:00,-61.4125
10/01/2020 01:30,-61.6625
10/01/2020 02:00,-61.4375
10/01/2020 02:30,-61.75
10/01/2020 03:00,-61.8375
10/01/2020 03:30,-61.925
10/01/2020 04:00,-62.0125
10/01/2020 04:30,-61.85
10/01/2020 05:00,-61.9375
10/01/2020 05:30,-62
10/01/2020 06:00,-62.275
10/01/2020 06:30,-62.425
10/01/2020 07:00,-62.85
10/01/2020 07:30,-63.05
10/01/2020 08:00,-63.25
10/01/2020 08:30,-64.275
10/01/2020 09:00,-64.2
10/01/2020 09:30,-64.9
10/01/2020 10:00,-64.8
10/01/2020 10:30,-65.6
10/01/2020 11:00,-65.45
10/01/2020 11:30,-66.8
10/01/2020 12:00,-67.275
10/01/2020 12:30,-67.375
10/01/2020 13:00,-68.15
10/01/2020 13:30,-68.525
10/01/2020 14:00,-68.625
10/01/2020 14:30,-66.925
10/01/2020 15:00,-64.425
10/01/2020 15:30,-64.175
10/01/2020 16:00,-64.025
10/01/2020 16:30,-63.475
10/01/2020 17:00,-63.375
10/01/2020 17:30,-63.475
10/01/2020 18:00,-62.825
10/01/2020 18:30,-62.775
10/01/2020 19:00,-62.35
10/01/2020 19:30,-62.225
10/01/2020 20:00,-61.75
10/01/2020 20:30,-61.55
10/01/2020 21:00,-61.3
10/01/2020 21:30,-60.975
10/01/2020 22:00,-60.575
10/01/2020 22:30,-60.375
10/01/2020 23:00,-60.3
10/01/2020 23:30,-60.05
11/01/2020 00:00,-59.775
11/01/2020 00:30,-59.7
11/01/2020 01:00,-59.85
11/01/2020 01:30,-59.675
11/01/2020 02:00,-59.55
11/01/2020 02:30,-59.525
11/01/2020 03:00,-59.35
11/01/2020 03:30,-59.375
11/01/2020 04:00,-59.15
11/01/2020 04:30,-59.25
11/01/2020 05:00,-59.1
11/01/2020 05:30,-59.125
11/01/2020 06:00,-59.275
11/01/2020 06:30,-59.175
11/01/2020 07:00,-59.475
11/01/2020 07:30,-59.8
11/01/2020 08:00,-59.775
11/01/2020 08:30,-60.05
11/01/2020 09:00,-60.325
11/01/2020 09:30,-60.325
11/01/2020 10:00,-60.5
11/01/2020 10:30,-60.6
11/01/2020 11:00,-60.625
11/01/2020 11:30,-60.825
11/01/2020 12:00,-61
11/01/2020 12:30,-61.325
11/01/2020 13:00,-61.45
11/01/2020 13:30,-61.625
11/01/2020 14:00,-62.1
11/01/2020 14:30,-62.925
11/01/2020 15:00,-62.425
11/01/2020 15:30,-60.5
11/01/2020 16:00,-59.3
11/01/2020 16:30,-59.25
11/01/2020 17:00,-59.1
11/01/2020 17:30,-58.975
11/01/2020 18:00,-59.1
11/01/2020 18:30,-59.4375
11/01/2020 19:00,-59.525
11/01/2020 19:30,-59.525
11/01/2020 20:00,-59.7375
11/01/2020 20:30,-60.05
11/01/2020 21:00,-59.95
11/01/2020 21:30,-60.4875
11/01/2020 22:00,-60.7125
11/01/2020 22:30,-61.2875
11/01/2020 23:00,-61.3625
11/01/2020 23:30,-61.5125
12/01/2020 00:00,-61.475
12/01/2020 00:30,-61.575
12/01/2020 01:00,-61.625
12/01/2020 01:30,-61.6125
12/01/2020 02:00,-61.675
12/01/2020 02:30,-61.9
12/01/2020 03:00,-61.9875
12/01/2020 03:30,-61.8125
12/01/2020 04:00,-61.85
12/01/2020 04:30,-61.9875
12/01/2020 05:00,-61.8625
12/01/2020 05:30,-62
12/01/2020 06:00,-61.9875
12/01/2020 06:30,-62.3375
12/01/2020 07:00,-62.5125
12/01/2020 07:30,-62.6375
12/01/2020 08:00,-62.8
12/01/2020 08:30,-63.15
12/01/2020 09:00,-63.15
12/01/2020 09:30,-63.6875
12/01/2020 10:00,-63.95
12/01/2020 10:30,-64.4375
12/01/2020 11:00,-64.7625
12/01/2020 11:30,-64.8375
12/01/2020 12:00,-65.025
12/01/2020 12:30,-65.475
12/01/2020 13:00,-65.25
12/01/2020 13:30,-65.9
12/01/2020 14:00,-66.225
12/01/2020 14:30,-66.5
12/01/2020 15:00,-66.1
12/01/2020 15:30,-66
12/01/2020 16:00,-65.525
12/01/2020 16:30,-65.7
12/01/2020 17:00,-65.0125
12/01/2020 17:30,-64.9625
12/01/2020 18:00,-64.925
12/01/2020 18:30,-65.2375
12/01/2020 19:00,-65.4375
12/01/2020 19:30,-65.925
12/01/2020 20:00,-65.9
12/01/2020 20:30,-66.3
12/01/2020 21:00,-66.425
12/01/2020 21:30,-66.875
12/01/2020 22:00,-66.975
12/01/2020 22:30,-67.2625
12/01/2020 23:00,-67.1625
12/01/2020 23:30,-67.3
13/01/2020 00:00,-67.3375
13/01/2020 00:30,-67.25
13/01/2020 01:00,-67.2875
13/01/2020 01:30,-67.425
13/01/2020 02:00,-67.5875
13/01/2020 02:30,-67.725
13/01/2020 03:00,-67.6875
13/01/2020 03:30,-67.7
13/01/2020 04:00,-67.6875
13/01/2020 04:30,-67.7125
13/01/2020 05:00,-67.7125
13/01/2020 05:30,-67.9625
13/01/2020 06:00,-68.0375
13/01/2020 06:30,-68.475
13/01/2020 07:00,-68.75
13/01/2020 07:30,-68.975
13/01/2020 08:00,-69.1125
13/01/2020 08:30,-69.4
13/01/2020 09:00,-69.7125
13/01/2020 09:30,-70.075
13/01/2020 10:00,-70.3625
13/01/2020 10:30,-70.575
13/01/2020 11:00,-70.575
13/01/2020 11:30,-71.05
13/01/2020 12:00,-71.125
13/01/2020 12:30,-71.575
13/01/2020 13:00,-71.525
13/01/2020 13:30,-71.675
13/01/2020 14:00,-72.775
13/01/2020 14:30,-73.15
13/01/2020 15:00,-73.25
13/01/2020 15:30,-72.975
13/01/2020 16:00,-72.925
13/01/2020 16:30,-72.1
13/01/2020 17:00,-71.725
13/01/2020 17:30,-71.575
13/01/2020 18:00,-70.4625
13/01/2020 18:30,-70.7375
13/01/2020 19:00,-71.175
13/01/2020 19:30,-71.2625
13/01/2020 20:00,-70.9625
13/01/2020 20:30,-71.2875
13/01/2020 21:00,-71.1
13/01/2020 21:30,-71.1625
13/01/2020 22:00,-71.025
13/01/2020 22:30,-71.225
13/01/2020 23:00,-71.2375
13/01/2020 23:30,-71.6125
14/01/2020 00:00,-71.4875
14/01/2020 00:30,-71.55
14/01/2020 01:00,-71.4625
14/01/2020 01:30,-71.5375
14/01/2020 02:00,-71.5625
14/01/2020 02:30,-71.6125
14/01/2020 03:00,-71.4625
14/01/2020 03:30,-71.55
14/01/2020 04:00,-71.625
14/01/2020 04:30,-71.6
14/01/2020 05:00,-71.425
14/01/2020 05:30,-71.525
14/01/2020 06:00,-71.6
14/01/2020 06:30,-71.8
14/01/2020 07:00,-72.325
14/01/2020 07:30,-73.25
14/01/2020 08:00,-73.3
14/01/2020 08:30,-74.175
14/01/2020 09:00,-74.625
14/01/2020 09:30,-74.95
14/01/2020 10:00,-75.825
14/01/2020 10:30,-76.45
14/01/2020 11:00,-76.85
14/01/2020 11:30,-76.925
14/01/2020 12:00,-77.075
14/01/2020 12:30,-77.375
14/01/2020 13:00,-77.525
14/01/2020 13:30,-78.025
14/01/2020 14:00,-77.65
14/01/2020 14:30,-79.2
14/01/2020 15:00,-78.6
14/01/2020 15:30,-78.3
14/01/2020 16:00,-77.075
14/01/2020 16:30,-75.75
14/01/2020 17:00,-76.2
14/01/2020 17:30,-74.9
14/01/2020 18:00,-75.55
14/01/2020 18:30,-76.35
14/01/2020 19:00,-75.2
14/01/2020 19:30,-71.7
14/01/2020 20:00,-69.975
14/01/2020 20:30,-68.825
14/01/2020 21:00,-67.3
14/01/2020 21:30,-65.875
14/01/2020 22:00,-64.45
14/01/2020 22:30,-63.35
14/01/2020 23:00,-61.25
14/01/2020 23:30,-59.375
15/01/2020 00:00,-58.35
15/01/2020 00:30,-56.3
15/01/2020 01:00,-54.85
15/01/2020 01:30,-53.625
15/01/2020 02:00,-51.775
15/01/2020 02:30,-50.775
15/01/2020 03:00,-49.7
15/01/2020 03:30,-49.2
15/01/2020 04:00,-48.7
15/01/2020 04:30,-47.8
15/01/2020 05:00,-46.975
15/01/2020 05:30,-46.675
15/01/2020 06:00,-46.275
15/01/2020 06:30,-46.025
15/01/2020 07:00,-45.6875
15/01/2020 07:30,-45.45
15/01/2020 08:00,-45.4
15/01/2020 08:30,-45.5625
15/01/2020 09:00,-45.425
15/01/2020 09:30,-45.5
15/01/2020 10:00,-45.525
15/01/2020 10:30,-45.475
15/01/2020 11:00,-45.5875
15/01/2020 11:30,-45.90625
15/01/2020 12:00,-45.7375
15/01/2020 12:30,-45.78125
15/01/2020 13:00,-45.8375
15/01/2020 13:30,-45.9625
15/01/2020 14:00,-45.9875
15/01/2020 14:30,-46.2
15/01/2020 15:00,-46.2125
15/01/2020 15:30,-46.38125
15/01/2020 16:00,-46.3125
15/01/2020 16:30,-46.50625
15/01/2020 17:00,-46.825
15/01/2020 17:30,-46.76875
15/01/2020 18:00,-46.925
15/01/2020 18:30,-47.1125
15/01/2020 19:00,-47.0375
15/01/2020 19:30,-47.3125
15/01/2020 20:00,-47.0875
15/01/2020 20:30,-47.5875
15/01/2020 21:00,-47.675
15/01/2020 21:30,-47.8
15/01/2020 22:00,-47.75
15/01/2020 22:30,-47.875
15/01/2020 23:00,-48.4
15/01/2020 23:30,-
16/01/2020 00:00,-
16/01/2020 00:30,-
16/01/2020 01:00,-
16/01/2020 01:30,-
16/01/2020 02:00,-
16/01/2020 02:30,-
16/01/2020 03:00,-
16/01/2020 03:30,-
16/01/2020 04:00,-
16/01/2020 04:30,-
16/01/2020 05:00,-
16/01/2020 05:30,-
16/01/2020 06:00,-
16/01/2020 06:30,-
16/01/2020 07:00,-
16/01/2020 07:30,-
16/01/2020 08:00,-
16/01/2020 08:30,-
16/01/2020 09:00,-
16/01/2020 09:30,-
16/01/2020 10:00,-
16/01/2020 10:30,-
16/01/2020 11:00,-
16/01/2020 11:30,-
16/01/2020 12:00,-
16/01/2020 12:30,-
16/01/2020 13:00,-
16/01/2020 13:30,-
16/01/2020 14:00,-
16/01/2020 14:30,-
16/01/2020 15:00,-
16/01/2020 15:30,-
16/01/2020 16:00,-
16/01/2020 16:30,-
16/01/2020 17:00,-
16/01/2020 17:30,-
16/01/2020 18:00,-
16/01/2020 18:30,-
16/01/2020 19:00,-
16/01/2020 19:30,-
16/01/2020 20:00,-
16/01/2020 20:30,-
16/01/2020 21:00,-
16/01/2020 21:30,-
16/01/2020 22:00,-
16/01/2020 22:30,-
16/01/2020 23:00,-
16/01/2020 23:30,-
17/01/2020 00:00,-
17/01/2020 00:30,-
17/01/2020 01:00,-
17/01/2020 01:30,-
17/01/2020 02:00,-
17/01/2020 02:30,-
17/01/2020 03:00,-
17/01/2020 03:30,-
17/01/2020 04:00,-
17/01/2020 04:30,-
17/01/2020 05:00,-
17/01/2020 05:30,-
17/01/2020 06:00,-
17/01/2020 06:30,-
17/01/2020 07:00,-
17/01/2020 07:30,-
17/01/2020 08:00,-
17/01/2020 08:30,-
17/01/2020 09:00,-
17/01/2020 09:30,-
17/01/2020 10:00,-
17/01/2020 10:30,-
17/01/2020 11:00,-
17/01/2020 11:30,-
17/01/2020 12:00,-
17/01/2020 12:30,-
17/01/2020 13:00,-
17/01/2020 13:30,-
17/01/2020 14:00,-
17/01/2020 14:30,-
17/01/2020 15:00,-
17/01/2020 15:30,-
17/01/2020 16:00,-
17/01/2020 16:30,-
17/01/2020 17:00,-
17/01/2020 17:30,-
17/01/2020 18:00,-
17/01/2020 18:30,-
17/01/2020 19:00,-
17/01/2020 19:30,-
17/01/2020 20:00,-
17/01/2020 20:30,-
17/01/2020 21:00,-
17/01/2020 21:30,-
17/01/2020 22:00,-
17/01/2020 22:30,-
17/01/2020 23:00,-
17/01/2020 23:30,-
18/01/2020 00:00,-
18/01/2020 00:30,-
18/01/2020 01:00,-
18/01/2020 01:30,-
18/01/2020 02:00,-
18/01/2020 02:30,-
18/01/2020 03:00,-
18/01/2020 03:30,-
18/01/2020 04:00,-
18/01/2020 04:30,-
18/01/2020 05:00,-
18/01/2020 05:30,-
18/01/2020 06:00,-
18/01/2020 06:30,-
18/01/2020 07:00,-
18/01/2020 07:30,-
18/01/2020 08:00,-
18/01/2020 08:30,-
18/01/2020 09:00,-
18/01/2020 09:30,-
18/01/2020 10:00,-
18/01/2020 10:30,-
18/01/2020 11:00,-
18/01/2020 11:30,-
18/01/2020 12:00,-
18/01/2020 12:30,-
18/01/2020 13:00,-
18/01/2020 13:30,-
18/01/2020 14:00,-
18/01/2020 14:30,-
18/01/2020 15:00,-
18/01/2020 15:30,-
18/01/2020 16:00,-
18/01/2020 16:30,-
18/01/2020 17:00,-
18/01/2020 17:30,-
18/01/2020 18:00,-
18/01/2020 18:30,-
18/01/2020 19:00,-
18/01/2020 19:30,-
18/01/2020 20:00,-
18/01/2020 20:30,-
18/01/2020 21:00,-
18/01/2020 21:30,-
18/01/2020 22:00,-
18/01/2020 22:30,-
18/01/2020 23:00,-
18/01/2020 23:30,-
19/01/2020 00:00,-
19/01/2020 00:30,-
19/01/2020 01:00,-
19/01/2020 01:30,-
19/01/2020 02:00,-
19/01/2020 02:30,-
19/01/2020 03:00,-
19/01/2020 03:30,-
19/01/2020 04:00,-
19/01/2020 04:30,-
19/01/2020 05:00,-
19/01/2020 05:30,-
19/01/2020 06:00,-
19/01/2020 06:30,-
19/01/2020 07:00,-
19/01/2020 07:30,-
19/01/2020 08:00,-
19/01/2020 08:30,-
19/01/2020 09:00,-
19/01/2020 09:30,-
19/01/2020 10:00,-
19/01/2020 10:30,-
19/01/2020 11:00,-
19/01/2020 11:30,-
19/01/2020 12:00,-
19/01/2020 12:30,-
19/01/2020 13:00,-
19/01/2020 13:30,-
19/01/2020 14:00,-
19/01/2020 14:30,-
19/01/2020 15:00,-
19/01/2020 15:30,-
19/01/2020 16:00,-
19/01/2020 16:30,-
19/01/2020 17:00,-
19/01/2020 17:30,-
19/01/2020 18:00,-
19/01/2020 18:30,-
19/01/2020 19:00,-
19/01/2020 19:30,-
19/01/2020 20:00,-
19/01/2020 20:30,-
19/01/2020 21:00,-
19/01/2020 21:30,-
19/01/2020 22:00,-
19/01/2020 22:30,-
19/01/2020 23:00,-
19/01/2020 23:30,-
20/01/2020 00:00,-
20/01/2020 00:30,-
20/01/2020 01:00,-
20/01/2020 01:30,-
20/01/2020 02:00,-
20/01/2020 02:30,-
20/01/2020 03:00,-
20/01/2020 03:30,-
20/01/2020 04:00,-
20/01/2020 04:30,-
20/01/2020 05:00,-
20/01/2020 05:30,-
20/01/2020 06:00,-
20/01/2020 06:30,-
20/01/2020 07:00,-
20/01/2020 07:30,-
20/01/2020 08:00,-
20/01/2020 08:30,-
20/01/2020 09:00,-
20/01/2020 09:30,-
20/01/2020 10:00,-
20/01/2020 10:30,-
20/01/2020 11:00,-
20/01/2020 11:30,-
20/01/2020 12:00,-
20/01/2020 12:30,-
20/01/2020 13:00,-
20/01/2020 13:30,-
20/01/2020 14:00,-
20/01/2020 14:30,-
20/01/2020 15:00,-
20/01/2020 15:30,-
20/01/2020 16:00,-
20/01/2020 16:30,-
20/01/2020 17:00,-
20/01/2020 17:30,-
20/01/2020 18:00,-
20/01/2020 18:30,-
20/01/2020 19:00,-
20/01/2020 19:30,-
20/01/2020 20:00,-
20/01/2020 20:30,-
20/01/2020 21:00,-
20/01/2020 21:30,-
20/01/2020 22:00,-
20/01/2020 22:30,-
20/01/2020 23:00,-
20/01/2020 23:30,-
21/01/2020 00:00,-
21/01/2020 00:30,-
21/01/2020 01:00,-
21/01/2020 01:30,-
21/01/2020 02:00,-
21/01/2020 02:30,-
21/01/2020 03:00,-
21/01/2020 03:30,-
21/01/2020 04:00,-
21/01/2020 04:30,-
21/01/2020 05:00,-
21/01/2020 05:30,-
21/01/2020 06:00,-
21/01/2020 06:30,-
21/01/2020 07:00,-
21/01/2020 07:30,-
21/01/2020 08:00,-
21/01/2020 08:30,-
21/01/2020 09:00,-
21/01/2020 09:30,-
21/01/2020 10:00,-
21/01/2020 10:30,-
21/01/2020 11:00,-
21/01/2020 11:30,-
21/01/2020 12:00,-
21/01/2020 12:30,-
21/01/2020 13:00,-
21/01/2020 13:30,-
21/01/2020 14:00,-
21/01/2020 14:30,-
21/01/2020 15:00,-
21/01/2020 15:30,-
21/01/2020 16:00,-
21/01/2020 16:30,-
21/01/2020 17:00,-
21/01/2020 17:30,-
21/01/2020 18:00,-
21/01/2020 18:30,-
21/01/2020 19:00,-
21/01/2020 19:30,-
21/01/2020 20:00,-
21/01/2020 20:30,-
21/01/2020 21:00,-
21/01/2020 21:30,-
21/01/2020 22:00,-
21/01/2020 22:30,-
21/01/2020 23:00,-
21/01/2020 23:30,-
22/01/2020 00:00,-
22/01/2020 00:30,-
22/01/2020 01:00,-
22/01/2020 01:30,-
22/01/2020 02:00,-
22/01/2020 02:30,-
22/01/2020 03:00,-
22/01/2020 03:30,-
22/01/2020 04:00,-
22/01/2020 04:30,-
22/01/2020 05:00,-
22/01/2020 05:30,-
22/01/2020 06:00,-
22/01/2020 06:30,-
22/01/2020 07:00,-
22/01/2020 07:30,-
22/01/2020 08:00,-
22/01/2020 08:30,-
22/01/2020 09:00,-
22/01/2020 09:30,-
22/01/2020 10:00,-
22/01/2020 10:30,-
22/01/2020 11:00,-
22/01/2020 11:30,-
22/01/2020 12:00,-
22/01/2020 12:30,-
22/01/2020 13:00,-
22/01/2020 13:30,-
22/01/2020 14:00,-
22/01/2020 14:30,-
22/01/2020 15:00,-
22/01/2020 15:30,-
22/01/2020 16:00,-
22/01/2020 16:30,-
22/01/2020 17:00,-
22/01/2020 17:30,-
22/01/2020 18:00,-
22/01/2020 18:30,-
22/01/2020 19:00,-
22/01/2020 19:30,-
22/01/2020 20:00,-
22/01/2020 20:30,-
22/01/2020 21:00,-
22/01/2020 21:30,-
22/01/2020 22:00,-
22/01/2020 22:30,-
22/01/2020 23:00,-
22/01/2020 23:30,-
23/01/2020 00:00,-
23/01/2020 00:30,-
23/01/2020 01:00,-
23/01/2020 01:30,-
23/01/2020 02:00,-
23/01/2020 02:30,-
23/01/2020 03:00,-
23/01/2020 03:30,-
23/01/2020 04:00,-
23/01/2020 04:30,-
23/01/2020 05:00,-
23/01/2020 05:30,-
23/01/2020 06:00,-
23/01/2020 06:30,-
23/01/2020 07:00,-
23/01/2020 07:30,-
23/01/2020 08:00,-
23/01/2020 08:30,-
23/01/2020 09:00,-
23/01/2020 09:30,-
23/01/2020 10:00,-
23/01/2020 10:30,-
23/01/2020 11:00,-
23/01/2020 11:30,-
23/01/2020 12:00,-
23/01/2020 12:30,-
23/01/2020 13:00,-
23/01/2020 13:30,-
23/01/2020 14:00,-
23/01/2020 14:30,-
23/01/2020 15:00,-
23/01/2020 15:30,-
23/01/2020 16:00,-
23/01/2020 16:30,-
23/01/2020 17:00,-
23/01/2020 17:30,-
23/01/2020 18:00,-
23/01/2020 18:30,-
23/01/2020 19:00,-
23/01/2020 19:30,-
23/01/2020 20:00,-
23/01/2020 20:30,-
23/01/2020 21:00,-
23/01/2020 21:30,-
23/01/2020 22:00,-
23/01/2020 22:30,-
23/01/2020 23:00,-
23/01/2020 23:30,-
24/01/2020 00:00,-
24/01/2020 00:30,-
24/01/2020 01:00,-
24/01/2020 01:30,-
24/01/2020 02:00,-
24/01/2020 02:30,-
24/01/2020 03:00,-
24/01/2020 03:30,-
24/01/2020 04:00,-
24/01/2020 04:30,-
24/01/2020 05:00,-
24/01/2020 05:30,-
24/01/2020 06:00,-
24/01/2020 06:30,-
24/01/2020 07:00,-
24/01/2020 07:30,-
24/01/2020 08:00,-
24/01/2020 08:30,-
24/01/2020 09:00,-
24/01/2020 09:30,-
24/01/2020 10:00,-
24/01/2020 10:30,-
24/01/2020 11:00,-
24/01/2020 11:30,-
24/01/2020 12:00,-
24/01/2020 12:30,-
24/01/2020 13:00,-
24/01/2020 13:30,-
24/01/2020 14:00,-
24/01/2020 14:30,-
24/01/2020 15:00,-
24/01/2020 15:30,-
24/01/2020 16:00,-
24/01/2020 16:30,-
24/01/2020 17:00,-
24/01/2020 17:30,-
24/01/2020 18:00,-
24/01/2020 18:30,-
24/01/2020 19:00,-
24/01/2020 19:30,-
24/01/2020 20:00,-
24/01/2020 20:30,-
24/01/2020 21:00,-
24/01/2020 21:30,-
24/01/2020 22:00,-
24/01/2020 22:30,-
24/01/2020 23:00,-
24/01/2020 23:30,-
25/01/2020 00:00,-
25/01/2020 00:30,-
25/01/2020 01:00,-
25/01/2020 01:30,-
25/01/2020 02:00,-
25/01/2020 02:30,-
25/01/2020 03:00,-
25/01/2020 03:30,-
25/01/2020 04:00,-
25/01/2020 04:30,-
25/01/2020 05:00,-
25/01/2020 05:30,-
25/01/2020 06:00,-
25/01/2020 06:30,-
25/01/2020 07:00,-
25/01/2020 07:30,-
25/01/2020 08:00,-
25/01/2020 08:30,-
25/01/2020 09:00,-
25/01/2020 09:30,-
25/01/2020 10:00,-
25/01/2020 10:30,-
25/01/2020 11:00,-
25/01/2020 11:30,-
25/01/2020 12:00,-
25/01/2020 12:30,-
25/01/2020 13:00,-
25/01/2020 13:30,-
25/01/2020 14:00,-
25/01/2020 14:30,-
25/01/2020 15:00,-
25/01/2020 15:30,-
25/01/2020 16:00,-
25/01/2020 16:30,-
25/01/2020 17:00,-
25/01/2020 17:30,-
25/01/2020 18:00,-
25/01/2020 18:30,-
25/01/2020 19:00,-
25/01/2020 19:30,-
25/01/2020 20:00,-
25/01/2020 20:30,-
25/01/2020 21:00,-
25/01/2020 21:30,-
25/01/2020 22:00,-
25/01/2020 22:30,-
25/01/2020 23:00,-
25/01/2020 23:30,-
26/01/2020 00:00,-
26/01/2020 00:30,-
26/01/2020 01:00,-
26/01/2020 01:30,-
26/01/2020 02:00,-
26/01/2020 02:30,-
26/01/2020 03:00,-
26/01/2020 03:30,-
26/01/2020 04:00,-
26/01/2020 04:30,-
26/01/2020 05:00,-
26/01/2020 05:30,-
26/01/2020 06:00,-
26/01/2020 06:30,-
