date,absolute water-level (cm)
30/10/2019 06:00,-159.7
30/10/2019 06:30,-160.108
30/10/2019 07:00,-159.992
30/10/2019 07:30,-159.933
30/10/2019 08:00,-160.075
30/10/2019 08:30,-160.608
30/10/2019 09:00,-160.408
30/10/2019 09:30,-160.25
30/10/2019 10:00,-160.833
30/10/2019 10:30,-160.775
30/10/2019 11:00,-160.717
30/10/2019 11:30,-160.992
30/10/2019 12:00,-161.267
30/10/2019 12:30,-161.358
30/10/2019 13:00,-161.15
30/10/2019 13:30,-161.3
30/10/2019 14:00,-161.383
30/10/2019 14:30,-161.858
30/10/2019 15:00,-161.767
30/10/2019 15:30,-161.217
30/10/2019 16:00,-160.717
30/10/2019 16:30,-159
30/10/2019 17:00,-158.475
30/10/2019 17:30,-158.567
30/10/2019 18:00,-158.508
30/10/2019 18:30,-158.192
30/10/2019 19:00,-158.217
30/10/2019 19:30,-158.542
30/10/2019 20:00,-158.275
30/10/2019 20:30,-158.692
30/10/2019 21:00,-156.35
30/10/2019 21:30,-154.867
30/10/2019 22:00,-153.433
30/10/2019 22:30,-152.417
30/10/2019 23:00,-151.133
30/10/2019 23:30,-150.317
31/10/2019 00:00,-148.858
31/10/2019 00:30,-147.867
31/10/2019 01:00,-146.7
31/10/2019 01:30,-145.683
31/10/2019 02:00,-144.575
31/10/2019 02:30,-143.583
31/10/2019 03:00,-142.5
31/10/2019 03:30,-141.392
31/10/2019 04:00,-140.633
31/10/2019 04:30,-139.175
31/10/2019 05:00,-138.592
31/10/2019 05:30,-137.783
31/10/2019 06:00,-136.725
31/10/2019 06:30,-136.408
31/10/2019 07:00,-135.533
31/10/2019 07:30,-134.967
31/10/2019 08:00,-133.983
31/10/2019 08:30,-133.742
31/10/2019 09:00,-133.1
31/10/2019 09:30,-132.458
31/10/2019 10:00,-131.992
31/10/2019 10:30,-131.067
31/10/2019 11:00,-130.417
31/10/2019 11:30,-130.592
31/10/2019 12:00,-130.058
31/10/2019 12:30,-129.833
31/10/2019 13:00,-129.183
31/10/2019 13:30,-129.475
31/10/2019 14:00,-129.1
31/10/2019 14:30,-128.05
31/10/2019 15:00,-127.208
31/10/2019 15:30,-126.883
31/10/2019 16:00,-126.1
31/10/2019 16:30,-124.992
31/10/2019 17:00,-123.592
31/10/2019 17:30,-122.958
31/10/2019 18:00,-122.375
31/10/2019 18:30,-121.442
31/10/2019 19:00,-120.183
31/10/2019 19:30,-119.892
31/10/2019 20:00,-118.708
31/10/2019 20:30,-118.317
31/10/2019 21:00,-117.45
31/10/2019 21:30,-116.158
31/10/2019 22:00,-115.642
31/10/2019 22:30,-115.058
31/10/2019 23:00,-114.583
31/10/2019 23:30,-114.525
01/11/2019 00:00,-114.7
01/11/2019 00:30,-114.508
01/11/2019 01:00,-114.233
01/11/2019 01:30,-114.233
01/11/2019 02:00,-114.233
01/11/2019 02:30,-114.275
01/11/2019 03:00,-114
01/11/2019 03:30,-113.925
01/11/2019 04:00,-114.383
01/11/2019 04:30,-114.158
01/11/2019 05:00,-114.392
01/11/2019 05:30,-114.592
01/11/2019 06:00,-114.5
01/11/2019 06:30,-114.475
01/11/2019 07:00,-114.708
01/11/2019 07:30,-114.558
01/11/2019 08:00,-114.742
01/11/2019 08:30,-114.967
01/11/2019 09:00,-114.792
01/11/2019 09:30,-115.092
01/11/2019 10:00,-114.792
01/11/2019 10:30,-115.083
01/11/2019 11:00,-114.383
01/11/2019 11:30,-114.533
01/11/2019 12:00,-114.008
01/11/2019 12:30,-113.75
01/11/2019 13:00,-113.25
01/11/2019 13:30,-112.692
01/11/2019 14:00,-112.458
01/11/2019 14:30,-112.017
01/11/2019 15:00,-112
01/11/2019 15:30,-111.842
01/11/2019 16:00,-111.8335
01/11/2019 16:30,-112.075
01/11/2019 17:00,-112
01/11/2019 17:30,-111.7165
01/11/2019 18:00,-111.7375
01/11/2019 18:30,-111.7625
01/11/2019 19:00,-111.6625
01/11/2019 19:30,-111.804
01/11/2019 20:00,-111.8915
01/11/2019 20:30,-112.067
01/11/2019 21:00,-112.242
01/11/2019 21:30,-112.3875
01/11/2019 22:00,-112.6375
01/11/2019 22:30,-112.7085
01/11/2019 23:00,-112.825
01/11/2019 23:30,-113.0835
02/11/2019 00:00,-113.0875
02/11/2019 00:30,-112.9125
02/11/2019 01:00,-112.825
02/11/2019 01:30,-112.9585
02/11/2019 02:00,-112.9125
02/11/2019 02:30,-112.7835
02/11/2019 03:00,-112.7835
02/11/2019 03:30,-112.9125
02/11/2019 04:00,-112.9415
02/11/2019 04:30,-113.0915
02/11/2019 05:00,-112.9415
02/11/2019 05:30,-112.9415
02/11/2019 06:00,-113.0585
02/11/2019 06:30,-113.1
02/11/2019 07:00,-113.25
02/11/2019 07:30,-113.4665
02/11/2019 08:00,-113.304
02/11/2019 08:30,-113.625
02/11/2019 09:00,-113.7125
02/11/2019 09:30,-113.783
02/11/2019 10:00,-114
02/11/2019 10:30,-114.1665
02/11/2019 11:00,-114.4045
02/11/2019 11:30,-114.608
02/11/2019 12:00,-114.5
02/11/2019 12:30,-114.5125
02/11/2019 13:00,-114.808
02/11/2019 13:30,-114.775
02/11/2019 14:00,-114.725
02/11/2019 14:30,-114.717
02/11/2019 15:00,-115.133
02/11/2019 15:30,-114.833
02/11/2019 16:00,-114.992
02/11/2019 16:30,-115.017
02/11/2019 17:00,-114.992
02/11/2019 17:30,-114.55
02/11/2019 18:00,-114.483
02/11/2019 18:30,-114.5295
02/11/2019 19:00,-114.721
02/11/2019 19:30,-114.879
02/11/2019 20:00,-115.204
02/11/2019 20:30,-115.2
02/11/2019 21:00,-115.2165
02/11/2019 21:30,-115.375
02/11/2019 22:00,-115.4375
02/11/2019 22:30,-115.4955
02/11/2019 23:00,-115.383
02/11/2019 23:30,-115.5085
03/11/2019 00:00,-115.5665
03/11/2019 00:30,-115.5375
03/11/2019 01:00,-115.45
03/11/2019 01:30,-115.45
03/11/2019 02:00,-115.4375
03/11/2019 02:30,-115.3625
03/11/2019 03:00,-115.3915
03/11/2019 03:30,-115.304
03/11/2019 04:00,-115.3835
03/11/2019 04:30,-115.4375
03/11/2019 05:00,-115.325
03/11/2019 05:30,-115.3545
03/11/2019 06:00,-115.4875
03/11/2019 06:30,-115.579
03/11/2019 07:00,-115.8875
03/11/2019 07:30,-116.075
03/11/2019 08:00,-116.4125
03/11/2019 08:30,-116.504
03/11/2019 09:00,-116.5
03/11/2019 09:30,-116.675
03/11/2019 10:00,-116.8165
03/11/2019 10:30,-117.15
03/11/2019 11:00,-117.317
03/11/2019 11:30,-117.608
03/11/2019 12:00,-117.525
03/11/2019 12:30,-117.758
03/11/2019 13:00,-117.725
03/11/2019 13:30,-117.992
03/11/2019 14:00,-117.867
03/11/2019 14:30,-117.633
03/11/2019 15:00,-117.758
03/11/2019 15:30,-117.933
03/11/2019 16:00,-117.808
03/11/2019 16:30,-117.342
03/11/2019 17:00,-117.117
03/11/2019 17:30,-117.15
03/11/2019 18:00,-116.804
03/11/2019 18:30,-117.0205
03/11/2019 19:00,-116.946
03/11/2019 19:30,-117.4665
03/11/2019 20:00,-117.604
03/11/2019 20:30,-117.679
03/11/2019 21:00,-117.679
03/11/2019 21:30,-117.8415
03/11/2019 22:00,-117.942
03/11/2019 22:30,-118.233
03/11/2019 23:00,-118.1705
03/11/2019 23:30,-118.158
04/11/2019 00:00,-118.2165
04/11/2019 00:30,-118.2085
04/11/2019 01:00,-118.121
04/11/2019 01:30,-118.121
04/11/2019 02:00,-118.079
04/11/2019 02:30,-118.054
04/11/2019 03:00,-118.079
04/11/2019 03:30,-118.1415
04/11/2019 04:00,-118.229
04/11/2019 04:30,-118.0205
04/11/2019 05:00,-117.95
04/11/2019 05:30,-118.1835
04/11/2019 06:00,-118.3375
04/11/2019 06:30,-118.4335
04/11/2019 07:00,-118.4165
04/11/2019 07:30,-118.833
04/11/2019 08:00,-118.975
04/11/2019 08:30,-118.979
04/11/2019 09:00,-119.071
04/11/2019 09:30,-119.2375
04/11/2019 10:00,-119.571
04/11/2019 10:30,-119.6375
04/11/2019 11:00,-119.775
04/11/2019 11:30,-120.233
04/11/2019 12:00,-120.175
04/11/2019 12:30,-120.292
04/11/2019 13:00,-120.408
04/11/2019 13:30,-120.875
04/11/2019 14:00,-120.992
04/11/2019 14:30,-120.933
04/11/2019 15:00,-120.783
04/11/2019 15:30,-120.608
04/11/2019 16:00,-120.733
04/11/2019 16:30,-120.083
04/11/2019 17:00,-120.267
04/11/2019 17:30,-119.7625
04/11/2019 18:00,-119.725
04/11/2019 18:30,-119.8375
04/11/2019 19:00,-120.075
04/11/2019 19:30,-120.292
04/11/2019 20:00,-120.3375
04/11/2019 20:30,-120.429
04/11/2019 21:00,-120.55
04/11/2019 21:30,-120.55
04/11/2019 22:00,-120.771
04/11/2019 22:30,-120.621
04/11/2019 23:00,-120.5045
04/11/2019 23:30,-120.617
05/11/2019 00:00,-120.617
05/11/2019 00:30,-120.7625
05/11/2019 01:00,-120.575
05/11/2019 01:30,-120.525
05/11/2019 02:00,-120.6625
05/11/2019 02:30,-120.6625
05/11/2019 03:00,-120.65
05/11/2019 03:30,-120.442
05/11/2019 04:00,-120.5045
05/11/2019 04:30,-120.5295
05/11/2019 05:00,-120.471
05/11/2019 05:30,-120.7085
05/11/2019 06:00,-120.6125
05/11/2019 06:30,-120.9045
05/11/2019 07:00,-121.1
05/11/2019 07:30,-121.3795
05/11/2019 08:00,-121.4375
05/11/2019 08:30,-121.4915
05/11/2019 09:00,-121.6665
05/11/2019 09:30,-121.6415
05/11/2019 10:00,-121.817
05/11/2019 10:30,-122.1
05/11/2019 11:00,-122.217
05/11/2019 11:30,-122.333
05/11/2019 12:00,-122.8
05/11/2019 12:30,-122.792
05/11/2019 13:00,-122.65
05/11/2019 13:30,-122.942
05/11/2019 14:00,-123.058
05/11/2019 14:30,-122.733
05/11/2019 15:00,-123.058
05/11/2019 15:30,-123
05/11/2019 16:00,-122.708
05/11/2019 16:30,-122.533
05/11/2019 17:00,-122.217
05/11/2019 17:30,-121.9045
05/11/2019 18:00,-121.9585
05/11/2019 18:30,-122.2165
05/11/2019 19:00,-122.271
05/11/2019 19:30,-122.475
05/11/2019 20:00,-122.575
05/11/2019 20:30,-122.542
05/11/2019 21:00,-122.6085
05/11/2019 21:30,-122.6545
05/11/2019 22:00,-122.592
05/11/2019 22:30,-122.5125
05/11/2019 23:00,-122.525
05/11/2019 23:30,-122.571
06/11/2019 00:00,-122.5085
06/11/2019 00:30,-122.5665
06/11/2019 01:00,-122.5665
06/11/2019 01:30,-122.5915
06/11/2019 02:00,-122.4665
06/11/2019 02:30,-122.5665
06/11/2019 03:00,-122.554
06/11/2019 03:30,-122.4205
06/11/2019 04:00,-122.45
06/11/2019 04:30,-122.625
06/11/2019 05:00,-122.5665
06/11/2019 05:30,-122.479
06/11/2019 06:00,-122.675
06/11/2019 06:30,-122.95
06/11/2019 07:00,-123.092
06/11/2019 07:30,-123.2835
06/11/2019 08:00,-123.4835
06/11/2019 08:30,-123.4375
06/11/2019 09:00,-123.5625
06/11/2019 09:30,-123.5205
06/11/2019 10:00,-123.683
06/11/2019 10:30,-123.8
06/11/2019 11:00,-124.083
06/11/2019 11:30,-124.525
06/11/2019 12:00,-124.192
06/11/2019 12:30,-124.4
06/11/2019 13:00,-125.217
06/11/2019 13:30,-124.692
06/11/2019 14:00,-124.633
06/11/2019 14:30,-124.608
06/11/2019 15:00,-124.108
06/11/2019 15:30,-123.908
06/11/2019 16:00,-123.733
06/11/2019 16:30,-123.733
06/11/2019 17:00,-123.6545
06/11/2019 17:30,-123.575
06/11/2019 18:00,-123.5415
06/11/2019 18:30,-123.833
06/11/2019 19:00,-124.0125
06/11/2019 19:30,-123.9045
06/11/2019 20:00,-124.1835
06/11/2019 20:30,-124.2665
06/11/2019 21:00,-124.354
06/11/2019 21:30,-124.504
06/11/2019 22:00,-124.4375
06/11/2019 22:30,-124.525
06/11/2019 23:00,-124.646
06/11/2019 23:30,-124.5625
07/11/2019 00:00,-124.567
07/11/2019 00:30,-124.567
07/11/2019 01:00,-124.55
07/11/2019 01:30,-124.625
07/11/2019 02:00,-124.625
07/11/2019 02:30,-124.6
07/11/2019 03:00,-124.654
07/11/2019 03:30,-124.479
07/11/2019 04:00,-124.7665
07/11/2019 04:30,-124.6085
07/11/2019 05:00,-124.5335
07/11/2019 05:30,-124.55
07/11/2019 06:00,-124.7165
07/11/2019 06:30,-124.9455
07/11/2019 07:00,-125.125
07/11/2019 07:30,-125.175
07/11/2019 08:00,-125.367
07/11/2019 08:30,-125.5415
07/11/2019 09:00,-125.4375
07/11/2019 09:30,-125.833
07/11/2019 10:00,-125.7585
07/11/2019 10:30,-125.8
07/11/2019 11:00,-126.067
07/11/2019 11:30,-126.533
07/11/2019 12:00,-126.35
07/11/2019 12:30,-126.242
07/11/2019 13:00,-126.383
07/11/2019 13:30,-126.85
07/11/2019 14:00,-126.675
07/11/2019 14:30,-126.617
07/11/2019 15:00,-126.733
07/11/2019 15:30,-126.442
07/11/2019 16:00,-126.067
07/11/2019 16:30,-125.754
07/11/2019 17:00,-125.925
07/11/2019 17:30,-125.7875
07/11/2019 18:00,-125.971
07/11/2019 18:30,-126.0125
07/11/2019 19:00,-126.183
07/11/2019 19:30,-126.2415
07/11/2019 20:00,-126.329
07/11/2019 20:30,-126.3415
07/11/2019 21:00,-126.3
07/11/2019 21:30,-126.2875
07/11/2019 22:00,-126.417
07/11/2019 22:30,-126.3205
07/11/2019 23:00,-126.3415
07/11/2019 23:30,-126.433
08/11/2019 00:00,-126.404
08/11/2019 00:30,-126.354
08/11/2019 01:00,-126.3795
08/11/2019 01:30,-126.496
08/11/2019 02:00,-126.5085
08/11/2019 02:30,-126.417
08/11/2019 03:00,-126.4335
08/11/2019 03:30,-126.45
08/11/2019 04:00,-126.546
08/11/2019 04:30,-126.4125
08/11/2019 05:00,-126.5915
08/11/2019 05:30,-126.4625
08/11/2019 06:00,-126.6415
08/11/2019 06:30,-126.804
08/11/2019 07:00,-126.975
08/11/2019 07:30,-127.158
08/11/2019 08:00,-127.379
08/11/2019 08:30,-127.4205
08/11/2019 09:00,-127.525
08/11/2019 09:30,-127.7
08/11/2019 10:00,-127.767
08/11/2019 10:30,-128.108
08/11/2019 11:00,-128.05
08/11/2019 11:30,-128.167
08/11/2019 12:00,-128.258
08/11/2019 12:30,-128.4
08/11/2019 13:00,-128.342
08/11/2019 13:30,-128.517
08/11/2019 14:00,-128.133
08/11/2019 14:30,-127.783
08/11/2019 15:00,-127.733
08/11/2019 15:30,-127.667
08/11/2019 16:00,-127.371
08/11/2019 16:30,-127.3835
08/11/2019 17:00,-127.3875
08/11/2019 17:30,-127.3335
08/11/2019 18:00,-127.425
08/11/2019 18:30,-127.35
08/11/2019 19:00,-127.3045
08/11/2019 19:30,-127.25
08/11/2019 20:00,-127.0165
08/11/2019 20:30,-127.1915
08/11/2019 21:00,-127.4
08/11/2019 21:30,-127.3205
08/11/2019 22:00,-127.3955
08/11/2019 22:30,-127.45
08/11/2019 23:00,-127.4875
08/11/2019 23:30,-127.4415
09/11/2019 00:00,-127.5
09/11/2019 00:30,-127.5
09/11/2019 01:00,-127.5335
09/11/2019 01:30,-127.646
09/11/2019 02:00,-127.4835
09/11/2019 02:30,-127.6165
09/11/2019 03:00,-127.6415
09/11/2019 03:30,-127.6585
09/11/2019 04:00,-127.6585
09/11/2019 04:30,-127.6165
09/11/2019 05:00,-127.529
09/11/2019 05:30,-127.808
09/11/2019 06:00,-127.533
09/11/2019 06:30,-127.775
09/11/2019 07:00,-128.042
09/11/2019 07:30,-128.242
09/11/2019 08:00,-128.525
09/11/2019 08:30,-128.817
09/11/2019 09:00,-129.017
09/11/2019 09:30,-129.108
09/11/2019 10:00,-129.158
09/11/2019 10:30,-129.275
09/11/2019 11:00,-129.392
09/11/2019 11:30,-129.392
09/11/2019 12:00,-128.167
09/11/2019 12:30,-127.858
09/11/2019 13:00,-127.758
09/11/2019 13:30,-127.6665
09/11/2019 14:00,-127.7705
09/11/2019 14:30,-127.95
09/11/2019 15:00,-127.671
09/11/2019 15:30,-127.892
09/11/2019 16:00,-128
09/11/2019 16:30,-127.975
09/11/2019 17:00,-127.8455
09/11/2019 17:30,-127.8915
09/11/2019 18:00,-127.771
09/11/2019 18:30,-128.0625
09/11/2019 19:00,-128.1625
09/11/2019 19:30,-128.121
09/11/2019 20:00,-128.158
09/11/2019 20:30,-128.083
09/11/2019 21:00,-128.258
09/11/2019 21:30,-128.275
09/11/2019 22:00,-128.346
09/11/2019 22:30,-128.3
09/11/2019 23:00,-128.271
09/11/2019 23:30,-128.317
10/11/2019 00:00,-128.092
10/11/2019 00:30,-128.225
10/11/2019 01:00,-128.1375
10/11/2019 01:30,-128.196
10/11/2019 02:00,-128.1835
10/11/2019 02:30,-128.1835
10/11/2019 03:00,-128.2835
10/11/2019 03:30,-128.1835
10/11/2019 04:00,-128.225
10/11/2019 04:30,-128.3125
10/11/2019 05:00,-128.2545
10/11/2019 05:30,-128.267
10/11/2019 06:00,-128.4
10/11/2019 06:30,-128.729
10/11/2019 07:00,-128.7955
10/11/2019 07:30,-128.8205
10/11/2019 08:00,-128.8205
10/11/2019 08:30,-129.058
10/11/2019 09:00,-129.458
10/11/2019 09:30,-129.525
10/11/2019 10:00,-129.75
10/11/2019 10:30,-129.867
10/11/2019 11:00,-130.033
10/11/2019 11:30,-130.1
10/11/2019 12:00,-130.267
10/11/2019 12:30,-130.033
10/11/2019 13:00,-130.417
10/11/2019 13:30,-130.208
10/11/2019 14:00,-130.233
10/11/2019 14:30,-130.175
10/11/2019 15:00,-130.175
10/11/2019 15:30,-130
10/11/2019 16:00,-129.825
10/11/2019 16:30,-129.183
10/11/2019 17:00,-128.983
10/11/2019 17:30,-128.9915
10/11/2019 18:00,-128.95
10/11/2019 18:30,-129.0085
10/11/2019 19:00,-129.3085
10/11/2019 19:30,-129.254
10/11/2019 20:00,-129.2415
10/11/2019 20:30,-129.1835
10/11/2019 21:00,-129.217
10/11/2019 21:30,-129.217
10/11/2019 22:00,-129.1835
10/11/2019 22:30,-129.3455
10/11/2019 23:00,-129.283
10/11/2019 23:30,-129.229
11/11/2019 00:00,-129.254
11/11/2019 00:30,-129.3165
11/11/2019 01:00,-129.3
11/11/2019 01:30,-129.2125
11/11/2019 02:00,-129.3
11/11/2019 02:30,-129.2125
11/11/2019 03:00,-129.2955
11/11/2019 03:30,-129.1585
11/11/2019 04:00,-129.321
11/11/2019 04:30,-129.25
11/11/2019 05:00,-129.275
11/11/2019 05:30,-129.2165
11/11/2019 06:00,-129.579
11/11/2019 06:30,-129.696
11/11/2019 07:00,-129.8
11/11/2019 07:30,-130.017
11/11/2019 08:00,-130.567
11/11/2019 08:30,-130.442
11/11/2019 09:00,-130.392
11/11/2019 09:30,-130.742
11/11/2019 10:00,-130.683
11/11/2019 10:30,-130.425
11/11/2019 11:00,-130.767
11/11/2019 11:30,-131.258
11/11/2019 12:00,-131.375
11/11/2019 12:30,-131.492
11/11/2019 13:00,-131.342
11/11/2019 13:30,-131.658
11/11/2019 14:00,-131.308
11/11/2019 14:30,-131.575
11/11/2019 15:00,-131.4
11/11/2019 15:30,-130.525
11/11/2019 16:00,-129.879
11/11/2019 16:30,-129.7335
11/11/2019 17:00,-129.825
11/11/2019 17:30,-129.925
11/11/2019 18:00,-129.8415
11/11/2019 18:30,-129.8415
11/11/2019 19:00,-129.7585
11/11/2019 19:30,-129.725
11/11/2019 20:00,-129.725
11/11/2019 20:30,-129.7125
11/11/2019 21:00,-129.875
11/11/2019 21:30,-129.9
11/11/2019 22:00,-129.9
11/11/2019 22:30,-129.875
11/11/2019 23:00,-129.7415
11/11/2019 23:30,-129.725
12/11/2019 00:00,-129.758
12/11/2019 00:30,-129.808
12/11/2019 01:00,-129.679
12/11/2019 01:30,-129.725
12/11/2019 02:00,-129.75
12/11/2019 02:30,-129.925
12/11/2019 03:00,-129.933
12/11/2019 03:30,-129.933
12/11/2019 04:00,-130.167
12/11/2019 04:30,-129.817
12/11/2019 05:00,-130.4
12/11/2019 05:30,-130.05
12/11/2019 06:00,-130.108
12/11/2019 06:30,-130.283
12/11/2019 07:00,-130.492
12/11/2019 07:30,-130.717
12/11/2019 08:00,-130.492
12/11/2019 08:30,-130.892
12/11/2019 09:00,-130.892
12/11/2019 09:30,-131.15
12/11/2019 10:00,-131.442
12/11/2019 10:30,-131.783
12/11/2019 11:00,-131.433
12/11/2019 11:30,-131.55
12/11/2019 12:00,-131.408
12/11/2019 12:30,-130.533
12/11/2019 13:00,-130.333
12/11/2019 13:30,-130.05
12/11/2019 14:00,-103.358
12/11/2019 14:30,-103.125
12/11/2019 15:00,-103.3625
12/11/2019 15:30,-103.5625
12/11/2019 16:00,-103.5335
12/11/2019 16:30,-103.775
12/11/2019 17:00,-103.8625
12/11/2019 17:30,-103.8375
12/11/2019 18:00,-104.3
12/11/2019 18:30,-104.5375
12/11/2019 19:00,-104.9665
12/11/2019 19:30,-105.5835
12/11/2019 20:00,-106.1625
12/11/2019 20:30,-106.342
12/11/2019 21:00,-106.5295
12/11/2019 21:30,-106.7875
12/11/2019 22:00,-106.9665
12/11/2019 22:30,-107.3165
12/11/2019 23:00,-107.3
12/11/2019 23:30,-107.2875
13/11/2019 00:00,-107.5335
13/11/2019 00:30,-107.625
13/11/2019 01:00,-107.5205
13/11/2019 01:30,-107.608
13/11/2019 02:00,-107.6955
13/11/2019 02:30,-107.779
13/11/2019 03:00,-107.633
13/11/2019 03:30,-107.633
13/11/2019 04:00,-107.779
13/11/2019 04:30,-107.783
13/11/2019 05:00,-107.7955
13/11/2019 05:30,-107.933
13/11/2019 06:00,-108.0875
13/11/2019 06:30,-108.15
13/11/2019 07:00,-108.2165
13/11/2019 07:30,-108.275
13/11/2019 08:00,-108.4375
13/11/2019 08:30,-108.5625
13/11/2019 09:00,-108.45
13/11/2019 09:30,-109.042
13/11/2019 10:00,-109.392
13/11/2019 10:30,-109.325
13/11/2019 11:00,-109.617
13/11/2019 11:30,-110.033
13/11/2019 12:00,-110.025
13/11/2019 12:30,-110.233
13/11/2019 13:00,-109.533
13/11/2019 13:30,-109.3
13/11/2019 14:00,-108.892
13/11/2019 14:30,-109.408
13/11/2019 15:00,-109.583
13/11/2019 15:30,-109.467
13/11/2019 16:00,-108.692
13/11/2019 16:30,-108.692
13/11/2019 17:00,-108.575
13/11/2019 17:30,-108.808
13/11/2019 18:00,-108.633
13/11/2019 18:30,-108.725
13/11/2019 19:00,-108.258
13/11/2019 19:30,-108.875
13/11/2019 20:00,-108.608
13/11/2019 20:30,-108.842
13/11/2019 21:00,-108.55
13/11/2019 21:30,-108.675
13/11/2019 22:00,-108.617
13/11/2019 22:30,-108.442
13/11/2019 23:00,-108.442
13/11/2019 23:30,-108.442
14/11/2019 00:00,-108.708
14/11/2019 00:30,-108.592
14/11/2019 01:00,-108.792
14/11/2019 01:30,-107.617
14/11/2019 02:00,-106.45
14/11/2019 02:30,-106.258
14/11/2019 03:00,-105.667
14/11/2019 03:30,-105.408
14/11/2019 04:00,-105.2585
14/11/2019 04:30,-105.525
14/11/2019 05:00,-105.2875
14/11/2019 05:30,-105.558
14/11/2019 06:00,-105.517
14/11/2019 06:30,-105.35
14/11/2019 07:00,-105.408
14/11/2019 07:30,-105.492
14/11/2019 08:00,-104.675
14/11/2019 08:30,-104.5335
14/11/2019 09:00,-104.5835
14/11/2019 09:30,-104.7085
14/11/2019 10:00,-104.7665
14/11/2019 10:30,-104.875
14/11/2019 11:00,-105.05
14/11/2019 11:30,-105.1
14/11/2019 12:00,-105.1415
14/11/2019 12:30,-105.275
14/11/2019 13:00,-105.8
14/11/2019 13:30,-105.567
14/11/2019 14:00,-105.975
14/11/2019 14:30,-105.85
14/11/2019 15:00,-105.792
14/11/2019 15:30,-106.258
14/11/2019 16:00,-106.033
14/11/2019 16:30,-105.658
14/11/2019 17:00,-105.442
14/11/2019 17:30,-105.3875
14/11/2019 18:00,-105.4915
14/11/2019 18:30,-105.6835
14/11/2019 19:00,-105.65
14/11/2019 19:30,-106
14/11/2019 20:00,-106.1915
14/11/2019 20:30,-106.1165
14/11/2019 21:00,-106.4415
14/11/2019 21:30,-106.546
14/11/2019 22:00,-106.646
14/11/2019 22:30,-106.4085
14/11/2019 23:00,-106.4835
14/11/2019 23:30,-106.4835
15/11/2019 00:00,-106.546
15/11/2019 00:30,-106.517
15/11/2019 01:00,-106.442
15/11/2019 01:30,-106.475
15/11/2019 02:00,-106.325
15/11/2019 02:30,-106.3875
15/11/2019 03:00,-106.425
15/11/2019 03:30,-106.5875
15/11/2019 04:00,-106.5295
15/11/2019 04:30,-106.592
15/11/2019 05:00,-106.4295
15/11/2019 05:30,-106.542
15/11/2019 06:00,-106.725
15/11/2019 06:30,-106.921
15/11/2019 07:00,-106.9875
15/11/2019 07:30,-107.1955
15/11/2019 08:00,-107.4705
15/11/2019 08:30,-107.483
15/11/2019 09:00,-107.725
15/11/2019 09:30,-107.992
15/11/2019 10:00,-107.975
15/11/2019 10:30,-108.275
15/11/2019 11:00,-108.742
15/11/2019 11:30,-109.383
15/11/2019 12:00,-108.683
15/11/2019 12:30,-108.917
15/11/2019 13:00,-109.208
15/11/2019 13:30,-109.208
15/11/2019 14:00,-109.175
15/11/2019 14:30,-109.35
15/11/2019 15:00,-109.2
15/11/2019 15:30,-109
15/11/2019 16:00,-108.95
15/11/2019 16:30,-108.475
15/11/2019 17:00,-108.25
15/11/2019 17:30,-108.0205
15/11/2019 18:00,-107.95
15/11/2019 18:30,-108.0795
15/11/2019 19:00,-108.225
15/11/2019 19:30,-108.4205
15/11/2019 20:00,-108.5915
15/11/2019 20:30,-108.7125
15/11/2019 21:00,-108.7585
15/11/2019 21:30,-108.8085
15/11/2019 22:00,-108.767
15/11/2019 22:30,-108.804
15/11/2019 23:00,-108.8165
15/11/2019 23:30,-108.654
16/11/2019 00:00,-108.654
16/11/2019 00:30,-108.5375
16/11/2019 01:00,-108.654
16/11/2019 01:30,-108.7
16/11/2019 02:00,-108.7
16/11/2019 02:30,-108.5375
16/11/2019 03:00,-108.6125
16/11/2019 03:30,-108.5375
16/11/2019 04:00,-108.6415
16/11/2019 04:30,-108.554
16/11/2019 05:00,-108.6415
16/11/2019 05:30,-108.6835
16/11/2019 06:00,-108.8625
16/11/2019 06:30,-108.9915
16/11/2019 07:00,-109.079
16/11/2019 07:30,-109.425
16/11/2019 08:00,-109.6915
16/11/2019 08:30,-109.696
16/11/2019 09:00,-109.9835
16/11/2019 09:30,-110.1085
16/11/2019 10:00,-110.267
16/11/2019 10:30,-110.908
16/11/2019 11:00,-111.2
16/11/2019 11:30,-111.367
16/11/2019 12:00,-111.533
16/11/2019 12:30,-111.425
16/11/2019 13:00,-111.308
16/11/2019 13:30,-111.483
16/11/2019 14:00,-111.8
16/11/2019 14:30,-111.692
16/11/2019 15:00,-111.567
16/11/2019 15:30,-111.567
16/11/2019 16:00,-110.817
16/11/2019 16:30,-110.525
16/11/2019 17:00,-110.408
16/11/2019 17:30,-110.233
16/11/2019 18:00,-110.1835
16/11/2019 18:30,-110.2
16/11/2019 19:00,-110.1665
16/11/2019 19:30,-110.425
16/11/2019 20:00,-110.4875
16/11/2019 20:30,-110.4665
16/11/2019 21:00,-110.8375
16/11/2019 21:30,-110.9125
16/11/2019 22:00,-110.825
16/11/2019 22:30,-110.7375
16/11/2019 23:00,-110.75
16/11/2019 23:30,-110.621
17/11/2019 00:00,-110.6335
17/11/2019 00:30,-110.604
17/11/2019 01:00,-110.5165
17/11/2019 01:30,-110.679
17/11/2019 02:00,-110.654
17/11/2019 02:30,-110.65
17/11/2019 03:00,-110.654
17/11/2019 03:30,-110.654
17/11/2019 04:00,-110.504
17/11/2019 04:30,-110.596
17/11/2019 05:00,-110.5085
17/11/2019 05:30,-110.6335
17/11/2019 06:00,-110.7125
17/11/2019 06:30,-110.8165
17/11/2019 07:00,-110.95
17/11/2019 07:30,-111.158
17/11/2019 08:00,-111.3625
17/11/2019 08:30,-111.45
17/11/2019 09:00,-111.654
17/11/2019 09:30,-111.5915
17/11/2019 10:00,-112.017
17/11/2019 10:30,-111.833
17/11/2019 11:00,-112.367
17/11/2019 11:30,-112.417
17/11/2019 12:00,-112.508
17/11/2019 12:30,-112.45
17/11/2019 13:00,-112.825
17/11/2019 13:30,-112.942
17/11/2019 14:00,-113.025
17/11/2019 14:30,-113.025
17/11/2019 15:00,-113.025
17/11/2019 15:30,-112.8
17/11/2019 16:00,-112.275
17/11/2019 16:30,-112.483
17/11/2019 17:00,-111.867
17/11/2019 17:30,-111.7835
17/11/2019 18:00,-111.9
17/11/2019 18:30,-111.8165
17/11/2019 19:00,-111.9165
17/11/2019 19:30,-112.0875
17/11/2019 20:00,-112.225
17/11/2019 20:30,-112.2625
17/11/2019 21:00,-112.4085
17/11/2019 21:30,-112.4125
17/11/2019 22:00,-112.4835
17/11/2019 22:30,-112.5
17/11/2019 23:00,-112.533
17/11/2019 23:30,-112.3915
18/11/2019 00:00,-112.2915
18/11/2019 00:30,-112.3915
18/11/2019 01:00,-112.379
18/11/2019 01:30,-112.2915
18/11/2019 02:00,-112.3165
18/11/2019 02:30,-112.375
18/11/2019 03:00,-112.2915
18/11/2019 03:30,-112.204
18/11/2019 04:00,-112.3165
18/11/2019 04:30,-112.4085
18/11/2019 05:00,-112.496
18/11/2019 05:30,-112.421
18/11/2019 06:00,-112.5085
18/11/2019 06:30,-112.7125
18/11/2019 07:00,-112.8125
18/11/2019 07:30,-113.0165
18/11/2019 08:00,-113.0875
18/11/2019 08:30,-113.2835
18/11/2019 09:00,-113.467
18/11/2019 09:30,-113.646
18/11/2019 10:00,-113.758
18/11/2019 10:30,-114.075
18/11/2019 11:00,-114.342
18/11/2019 11:30,-114.458
18/11/2019 12:00,-114.75
18/11/2019 12:30,-114.692
18/11/2019 13:00,-114.333
18/11/2019 13:30,-114.55
18/11/2019 14:00,-114.342
18/11/2019 14:30,-115.308
18/11/2019 15:00,-114.833
18/11/2019 15:30,-114.842
18/11/2019 16:00,-114.367
18/11/2019 16:30,-114
18/11/2019 17:00,-113.708
18/11/2019 17:30,-113.55
18/11/2019 18:00,-113.4915
18/11/2019 18:30,-113.6835
18/11/2019 19:00,-113.7
18/11/2019 19:30,-113.6125
18/11/2019 20:00,-113.725
18/11/2019 20:30,-113.721
18/11/2019 21:00,-113.8125
18/11/2019 21:30,-113.754
18/11/2019 22:00,-113.8835
18/11/2019 22:30,-113.6415
18/11/2019 23:00,-113.8165
18/11/2019 23:30,-113.875
19/11/2019 00:00,-113.758
19/11/2019 00:30,-113.4375
19/11/2019 01:00,-113.1705
19/11/2019 01:30,-113.2625
19/11/2019 02:00,-113.1
19/11/2019 02:30,-113.1875
19/11/2019 03:00,-113.125
19/11/2019 03:30,-113.1875
19/11/2019 04:00,-113.321
19/11/2019 04:30,-113.175
19/11/2019 05:00,-113.35
19/11/2019 05:30,-113.2915
19/11/2019 06:00,-113.354
19/11/2019 06:30,-113.4875
19/11/2019 07:00,-113.5835
19/11/2019 07:30,-113.675
19/11/2019 08:00,-113.975
19/11/2019 08:30,-114.1455
19/11/2019 09:00,-114.758
19/11/2019 09:30,-114.808
19/11/2019 10:00,-114.925
19/11/2019 10:30,-115.342
19/11/2019 11:00,-115.158
19/11/2019 11:30,-115.375
19/11/2019 12:00,-115.192
19/11/2019 12:30,-115.283
19/11/2019 13:00,-114.783
19/11/2019 13:30,-114.433
19/11/2019 14:00,-114.0375
19/11/2019 14:30,-114.783
19/11/2019 15:00,-115.3
19/11/2019 15:30,-115.067
19/11/2019 16:00,-114.55
19/11/2019 16:30,-114.375
19/11/2019 17:00,-114.221
19/11/2019 17:30,-114.325
19/11/2019 18:00,-114.2955
19/11/2019 18:30,-114.3125
19/11/2019 19:00,-114.5795
19/11/2019 19:30,-114.696
19/11/2019 20:00,-114.829
19/11/2019 20:30,-115.0375
19/11/2019 21:00,-115.0955
19/11/2019 21:30,-115.2875
19/11/2019 22:00,-115.433
19/11/2019 22:30,-115.4335
19/11/2019 23:00,-115.2835
19/11/2019 23:30,-115.371
20/11/2019 00:00,-115.4335
20/11/2019 00:30,-115.3375
20/11/2019 01:00,-115.35
20/11/2019 01:30,-115.4125
20/11/2019 02:00,-115.5125
20/11/2019 02:30,-115.425
20/11/2019 03:00,-115.4375
20/11/2019 03:30,-115.55
20/11/2019 04:00,-115.6585
20/11/2019 04:30,-115.492
20/11/2019 05:00,-115.5875
20/11/2019 05:30,-115.7
20/11/2019 06:00,-115.729
20/11/2019 06:30,-115.85
20/11/2019 07:00,-116.042
20/11/2019 07:30,-116.15
20/11/2019 08:00,-116.3665
20/11/2019 08:30,-116.55
20/11/2019 09:00,-116.6125
20/11/2019 09:30,-116.8875
20/11/2019 10:00,-116.95
20/11/2019 10:30,-117.096
20/11/2019 11:00,-117.258
20/11/2019 11:30,-117.292
20/11/2019 12:00,-118.008
20/11/2019 12:30,-117.9
20/11/2019 13:00,-118.217
20/11/2019 13:30,-118.008
20/11/2019 14:00,-118.275
20/11/2019 14:30,-118.367
20/11/2019 15:00,-118.217
20/11/2019 15:30,-118.042
20/11/2019 16:00,-117.517
20/11/2019 16:30,-117.575
20/11/2019 17:00,-117.4
20/11/2019 17:30,-117.033
20/11/2019 18:00,-116.892
20/11/2019 18:30,-117.267
20/11/2019 19:00,-117.058
20/11/2019 19:30,-117.067
20/11/2019 20:00,-117.033
20/11/2019 20:30,-116.8335
20/11/2019 21:00,-116.6585
20/11/2019 21:30,-116.925
20/11/2019 22:00,-116.85
20/11/2019 22:30,-116.9125
20/11/2019 23:00,-116.9
20/11/2019 23:30,-116.883
21/11/2019 00:00,-117.1
21/11/2019 00:30,-116.929
21/11/2019 01:00,-116.9415
21/11/2019 01:30,-116.879
21/11/2019 02:00,-116.9415
21/11/2019 02:30,-116.8415
21/11/2019 03:00,-116.854
21/11/2019 03:30,-116.854
21/11/2019 04:00,-117.1
21/11/2019 04:30,-116.958
21/11/2019 05:00,-116.992
21/11/2019 05:30,-116.867
21/11/2019 06:00,-117.392
21/11/2019 06:30,-117.65
21/11/2019 07:00,-118
21/11/2019 07:30,-118.35
21/11/2019 08:00,-118.408
21/11/2019 08:30,-118.733
21/11/2019 09:00,-118.9
21/11/2019 09:30,-119.075
21/11/2019 10:00,-119.192
21/11/2019 10:30,-119.808
21/11/2019 11:00,-119.775
21/11/2019 11:30,-120.467
21/11/2019 12:00,-118.692
21/11/2019 12:30,-117.517
21/11/2019 13:00,-117.517
21/11/2019 13:30,-117.517
21/11/2019 14:00,-116.933
21/11/2019 14:30,-116.858
21/11/2019 15:00,-116.708
21/11/2019 15:30,-117.083
21/11/2019 16:00,-117.058
21/11/2019 16:30,-116.592
21/11/2019 17:00,-116.4375
21/11/2019 17:30,-116.8
21/11/2019 18:00,-116.567
21/11/2019 18:30,-116.417
21/11/2019 19:00,-116.867
21/11/2019 19:30,-116.658
21/11/2019 20:00,-116.833
21/11/2019 20:30,-116.833
21/11/2019 21:00,-117.008
21/11/2019 21:30,-117.183
21/11/2019 22:00,-117.125
21/11/2019 22:30,-116.958
21/11/2019 23:00,-115.842
21/11/2019 23:30,-115.933
22/11/2019 00:00,-115.583
22/11/2019 00:30,-115.333
22/11/2019 01:00,-115.333
22/11/2019 01:30,-115.333
22/11/2019 02:00,-115.633
22/11/2019 02:30,-115.35
22/11/2019 03:00,-115.558
22/11/2019 03:30,-115.433
22/11/2019 04:00,-115.642
22/11/2019 04:30,-115.767
22/11/2019 05:00,-115.942
22/11/2019 05:30,-115.725
22/11/2019 06:00,-115.85
22/11/2019 06:30,-116.133
22/11/2019 07:00,-116.458
22/11/2019 07:30,-116.867
22/11/2019 08:00,-117.042
22/11/2019 08:30,-117.617
22/11/2019 09:00,-118.258
22/11/2019 09:30,-118.208
22/11/2019 10:00,-118.375
22/11/2019 10:30,-118.608
22/11/2019 11:00,-119.25
22/11/2019 11:30,-119.542
22/11/2019 12:00,-119.825
22/11/2019 12:30,-118.867
22/11/2019 13:00,-118.633
22/11/2019 13:30,-119.275
22/11/2019 14:00,-119.967
22/11/2019 14:30,-115.892
22/11/2019 15:00,-97.0415
22/11/2019 15:30,-96.871
22/11/2019 16:00,-97.1335
22/11/2019 16:30,-97.3375
22/11/2019 17:00,-97.5
22/11/2019 17:30,-97.504
22/11/2019 18:00,-97.4705
22/11/2019 18:30,-97.425
22/11/2019 19:00,-97.475
22/11/2019 19:30,-97.779
22/11/2019 20:00,-97.679
22/11/2019 20:30,-97.754
22/11/2019 21:00,-97.875
22/11/2019 21:30,-97.779
22/11/2019 22:00,-97.858
22/11/2019 22:30,-97.679
22/11/2019 23:00,-97.975
22/11/2019 23:30,-97.746
23/11/2019 00:00,-97.7045
23/11/2019 00:30,-97.6295
23/11/2019 01:00,-97.65
23/11/2019 01:30,-97.7
23/11/2019 02:00,-97.775
23/11/2019 02:30,-97.675
23/11/2019 03:00,-97.75
23/11/2019 03:30,-97.617
23/11/2019 04:00,-97.675
23/11/2019 04:30,-97.792
23/11/2019 05:00,-97.85
23/11/2019 05:30,-97.7
23/11/2019 06:00,-97.825
23/11/2019 06:30,-97.767
23/11/2019 07:00,-97.942
23/11/2019 07:30,-98
23/11/2019 08:00,-97.9
23/11/2019 08:30,-98.2
23/11/2019 09:00,-98.317
23/11/2019 09:30,-98.192
23/11/2019 10:00,-98.883
23/11/2019 10:30,-99.183
23/11/2019 11:00,-99.475
23/11/2019 11:30,-99.642
23/11/2019 12:00,-99.708
23/11/2019 12:30,-99.208
23/11/2019 13:00,-99.342
23/11/2019 13:30,-99.758
23/11/2019 14:00,-99.725
23/11/2019 14:30,-99.9
23/11/2019 15:00,-99.842
23/11/2019 15:30,-99.842
23/11/2019 16:00,-99.492
23/11/2019 16:30,-98.908
23/11/2019 17:00,-98.267
23/11/2019 17:30,-98.217
23/11/2019 18:00,-97.55
23/11/2019 18:30,-97.208
23/11/2019 19:00,-97.325
23/11/2019 19:30,-97.383
23/11/2019 20:00,-97.183
23/11/2019 20:30,-97.467
23/11/2019 21:00,-97.117
23/11/2019 21:30,-96.942
23/11/2019 22:00,-97.233
23/11/2019 22:30,-96.9045
23/11/2019 23:00,-96.942
23/11/2019 23:30,-96.75
24/11/2019 00:00,-96.8955
24/11/2019 00:30,-96.908
24/11/2019 01:00,-96.917
24/11/2019 01:30,-96.967
24/11/2019 02:00,-96.742
24/11/2019 02:30,-96.6375
24/11/2019 03:00,-96.967
24/11/2019 03:30,-96.8
24/11/2019 04:00,-96.917
24/11/2019 04:30,-96.6375
24/11/2019 05:00,-96.6375
24/11/2019 05:30,-96.5335
24/11/2019 06:00,-96.5375
24/11/2019 06:30,-96.5375
24/11/2019 07:00,-96.575
24/11/2019 07:30,-96.708
24/11/2019 08:00,-97.092
24/11/2019 08:30,-97.258
24/11/2019 09:00,-97.733
24/11/2019 09:30,-97.433
24/11/2019 10:00,-97.908
24/11/2019 10:30,-97.608
24/11/2019 11:00,-98.017
24/11/2019 11:30,-98.308
24/11/2019 12:00,-97.642
24/11/2019 12:30,-97.308
24/11/2019 13:00,-97.867
24/11/2019 13:30,-97.692
24/11/2019 14:00,-97.7
24/11/2019 14:30,-97.458
24/11/2019 15:00,-97.725
24/11/2019 15:30,-97.5
24/11/2019 16:00,-97.283
24/11/2019 16:30,-97.258
24/11/2019 17:00,-97.142
24/11/2019 17:30,-96.917
24/11/2019 18:00,-96.654
24/11/2019 18:30,-96.892
24/11/2019 19:00,-96.725
24/11/2019 19:30,-96.779
24/11/2019 20:00,-96.608
24/11/2019 20:30,-96.5455
24/11/2019 21:00,-96.633
24/11/2019 21:30,-96.633
24/11/2019 22:00,-96.783
24/11/2019 22:30,-96.608
24/11/2019 23:00,-96.608
24/11/2019 23:30,-96.5665
25/11/2019 00:00,-96.55
25/11/2019 00:30,-96.45
25/11/2019 01:00,-96.5625
25/11/2019 01:30,-96.708
25/11/2019 02:00,-96.475
25/11/2019 02:30,-96.683
25/11/2019 03:00,-96.533
25/11/2019 03:30,-96.6205
25/11/2019 04:00,-96.5955
25/11/2019 04:30,-96.708
25/11/2019 05:00,-96.5625
25/11/2019 05:30,-96.5625
25/11/2019 06:00,-96.654
25/11/2019 06:30,-96.754
25/11/2019 07:00,-97
25/11/2019 07:30,-97.208
25/11/2019 08:00,-97.383
25/11/2019 08:30,-97.783
25/11/2019 09:00,-98.133
25/11/2019 09:30,-97.9
25/11/2019 10:00,-98.542
25/11/2019 10:30,-98.242
25/11/2019 11:00,-98.358
25/11/2019 11:30,-98.775
25/11/2019 12:00,-98.767
25/11/2019 12:30,-99.058
25/11/2019 13:00,-98.825
25/11/2019 13:30,-98.942
25/11/2019 14:00,-98.733
25/11/2019 14:30,-98.508
25/11/2019 15:00,-98.033
25/11/2019 15:30,-98.325
25/11/2019 16:00,-98.442
25/11/2019 16:30,-98.125
25/11/2019 17:00,-97.483
25/11/2019 17:30,-97.017
25/11/2019 18:00,-97.025
25/11/2019 18:30,-97.1125
25/11/2019 19:00,-97.1415
25/11/2019 19:30,-97.0585
25/11/2019 20:00,-97.129
25/11/2019 20:30,-96.8665
25/11/2019 21:00,-97.058
25/11/2019 21:30,-96.983
25/11/2019 22:00,-96.8955
25/11/2019 22:30,-97.058
25/11/2019 23:00,-96.983
25/11/2019 23:30,-97.008
26/11/2019 00:00,-96.9415
26/11/2019 00:30,-96.929
26/11/2019 01:00,-97.0165
26/11/2019 01:30,-96.9375
26/11/2019 02:00,-96.9
26/11/2019 02:30,-96.9875
26/11/2019 03:00,-97.1045
26/11/2019 03:30,-97.1045
26/11/2019 04:00,-96.9295
26/11/2019 04:30,-96.896
26/11/2019 05:00,-97.046
26/11/2019 05:30,-96.9
26/11/2019 06:00,-97.092
26/11/2019 06:30,-97.5
26/11/2019 07:00,-97.5
26/11/2019 07:30,-97.675
26/11/2019 08:00,-97.55
26/11/2019 08:30,-98.017
26/11/2019 09:00,-98.067
26/11/2019 09:30,-98.192
26/11/2019 10:00,-98.483
26/11/2019 10:30,-98.775
26/11/2019 11:00,-98.417
26/11/2019 11:30,-99.175
26/11/2019 12:00,-99.35
26/11/2019 12:30,-99.467
26/11/2019 13:00,-99.525
26/11/2019 13:30,-98.85
26/11/2019 14:00,-98.5
26/11/2019 14:30,-98.442
26/11/2019 15:00,-98.942
26/11/2019 15:30,-99.058
26/11/2019 16:00,-98.617
26/11/2019 16:30,-98.475
26/11/2019 17:00,-98.125
26/11/2019 17:30,-97.783
26/11/2019 18:00,-97.933
26/11/2019 18:30,-97.5295
26/11/2019 19:00,-97.8875
26/11/2019 19:30,-97.8125
26/11/2019 20:00,-98.0625
26/11/2019 20:30,-97.921
26/11/2019 21:00,-98.021
26/11/2019 21:30,-97.9335
26/11/2019 22:00,-98.021
26/11/2019 22:30,-97.904
26/11/2019 23:00,-97.979
26/11/2019 23:30,-97.9915
27/11/2019 00:00,-98.05
27/11/2019 00:30,-97.975
27/11/2019 01:00,-98.0335
27/11/2019 01:30,-98.0915
27/11/2019 02:00,-98.154
27/11/2019 02:30,-98.0085
27/11/2019 03:00,-98.0085
27/11/2019 03:30,-97.921
27/11/2019 04:00,-98.096
27/11/2019 04:30,-97.8165
27/11/2019 05:00,-97.729
27/11/2019 05:30,-98.154
27/11/2019 06:00,-97.9915
27/11/2019 06:30,-98.2585
27/11/2019 07:00,-98.5915
27/11/2019 07:30,-98.7665
27/11/2019 08:00,-98.7165
27/11/2019 08:30,-98.8665
27/11/2019 09:00,-99.475
27/11/2019 09:30,-99.817
27/11/2019 10:00,-99.883
27/11/2019 10:30,-100.05
27/11/2019 11:00,-100.392
27/11/2019 11:30,-100.458
27/11/2019 12:00,-100.725
27/11/2019 12:30,-100.867
27/11/2019 13:00,-100.683
27/11/2019 13:30,-100.95
27/11/2019 14:00,-100.9
27/11/2019 14:30,-100.95
27/11/2019 15:00,-101.067
27/11/2019 15:30,-100.192
27/11/2019 16:00,-99.817
27/11/2019 16:30,-99.35
27/11/2019 17:00,-99
27/11/2019 17:30,-99.058
27/11/2019 18:00,-99.058
27/11/2019 18:30,-98.792
27/11/2019 19:00,-98.8335
27/11/2019 19:30,-98.8335
27/11/2019 20:00,-99.033
27/11/2019 20:30,-98.958
27/11/2019 21:00,-98.8625
27/11/2019 21:30,-98.75
27/11/2019 22:00,-98.8375
27/11/2019 22:30,-98.692
27/11/2019 23:00,-98.625
27/11/2019 23:30,-98.6125
28/11/2019 00:00,-98.5835
28/11/2019 00:30,-98.6835
28/11/2019 01:00,-98.5585
28/11/2019 01:30,-98.6835
28/11/2019 02:00,-98.5835
28/11/2019 02:30,-98.5835
28/11/2019 03:00,-98.7
28/11/2019 03:30,-98.6125
28/11/2019 04:00,-98.7
28/11/2019 04:30,-98.5875
28/11/2019 05:00,-98.542
28/11/2019 05:30,-98.6295
28/11/2019 06:00,-98.7665
28/11/2019 06:30,-98.8955
28/11/2019 07:00,-99.0125
28/11/2019 07:30,-99.342
28/11/2019 08:00,-99.808
28/11/2019 08:30,-99.942
28/11/2019 09:00,-100.167
28/11/2019 09:30,-100.058
28/11/2019 10:00,-100.05
28/11/2019 10:30,-100.225
28/11/2019 11:00,-100.492
28/11/2019 11:30,-100.808
28/11/2019 12:00,-100.258
28/11/2019 12:30,-100.55
28/11/2019 13:00,-100.2
28/11/2019 13:30,-99.0045
28/11/2019 14:00,-99.1
28/11/2019 14:30,-99.9
28/11/2019 15:00,-100.025
28/11/2019 15:30,-99.558
28/11/2019 16:00,-99.583
28/11/2019 16:30,-99.358
28/11/2019 17:00,-99.0295
28/11/2019 17:30,-99.242
28/11/2019 18:00,-99.1295
28/11/2019 18:30,-99.054
28/11/2019 19:00,-99.225
28/11/2019 19:30,-99.225
28/11/2019 20:00,-99.225
28/11/2019 20:30,-99.3875
28/11/2019 21:00,-99.5375
28/11/2019 21:30,-99.242
28/11/2019 22:00,-99.3295
28/11/2019 22:30,-99.242
28/11/2019 23:00,-99.45
28/11/2019 23:30,-99.1835
29/11/2019 00:00,-99.171
29/11/2019 00:30,-99.171
29/11/2019 01:00,-99.096
29/11/2019 01:30,-99.0085
29/11/2019 02:00,-99.2335
29/11/2019 02:30,-99.1835
29/11/2019 03:00,-99.0835
29/11/2019 03:30,-99.0585
29/11/2019 04:00,-99.1875
29/11/2019 04:30,-99.1875
29/11/2019 05:00,-99.2625
29/11/2019 05:30,-99.175
29/11/2019 06:00,-99.467
29/11/2019 06:30,-99.492
29/11/2019 07:00,-99.975
29/11/2019 07:30,-99.925
29/11/2019 08:00,-100.325
29/11/2019 08:30,-100.525
29/11/2019 09:00,-100.525
29/11/2019 09:30,-100.992
29/11/2019 10:00,-101.342
29/11/2019 10:30,-101.683
29/11/2019 11:00,-101.975
29/11/2019 11:30,-102.267
29/11/2019 12:00,-102.267
29/11/2019 12:30,-102.208
29/11/2019 13:00,-102.325
29/11/2019 13:30,-102.617
29/11/2019 14:00,-102.358
29/11/2019 14:30,-102.408
29/11/2019 15:00,-102.475
29/11/2019 15:30,-102.35
29/11/2019 16:00,-102.058
29/11/2019 16:30,-101.358
29/11/2019 17:00,-101.358
29/11/2019 17:30,-101.192
29/11/2019 18:00,-101.192
29/11/2019 18:30,-100.817
29/11/2019 19:00,-99.767
29/11/2019 19:30,-95.4705
29/11/2019 20:00,-95.483
29/11/2019 20:30,-95.4375
29/11/2019 21:00,-95.658
29/11/2019 21:30,-95.425
29/11/2019 22:00,-95.275
29/11/2019 22:30,-95.325
29/11/2019 23:00,-95.25
29/11/2019 23:30,-95.2205
30/11/2019 00:00,-95.2955
30/11/2019 00:30,-95.3665
30/11/2019 01:00,-95.3665
30/11/2019 01:30,-95.379
30/11/2019 02:00,-95.2915
30/11/2019 02:30,-95.2165
30/11/2019 03:00,-95.208
30/11/2019 03:30,-95.2205
30/11/2019 04:00,-95.133
30/11/2019 04:30,-95.3375
30/11/2019 05:00,-95.3375
30/11/2019 05:30,-95.275
30/11/2019 06:00,-95.5125
30/11/2019 06:30,-95.4955
30/11/2019 07:00,-95.6705
30/11/2019 07:30,-96.125
30/11/2019 08:00,-95.858
30/11/2019 08:30,-96.208
30/11/2019 09:00,-96.208
30/11/2019 09:30,-96.675
30/11/2019 10:00,-97.317
30/11/2019 10:30,-97.192
30/11/2019 11:00,-97.317
30/11/2019 11:30,-97.283
30/11/2019 12:00,-97.575
30/11/2019 12:30,-97.658
30/11/2019 13:00,-97.825
30/11/2019 13:30,-98.125
30/11/2019 14:00,-97.742
30/11/2019 14:30,-98.267
30/11/2019 15:00,-97.983
30/11/2019 15:30,-97.683
30/11/2019 16:00,-97.217
30/11/2019 16:30,-96.642
30/11/2019 17:00,-96.025
30/11/2019 17:30,-95.683
30/11/2019 18:00,-95.683
30/11/2019 18:30,-95.742
30/11/2019 19:00,-95.8
30/11/2019 19:30,-96.008
30/11/2019 20:00,-95.575
30/11/2019 20:30,-88.554
30/11/2019 21:00,-88.454
30/11/2019 21:30,-88.3665
30/11/2019 22:00,-88.308
30/11/2019 22:30,-88.3915
30/11/2019 23:00,-88.3085
30/11/2019 23:30,-88.3625
01/12/2019 00:00,-88.3625
01/12/2019 00:30,-88.55
01/12/2019 01:00,-88.375
01/12/2019 01:30,-88.454
01/12/2019 02:00,-88.279
01/12/2019 02:30,-88.454
01/12/2019 03:00,-88.279
01/12/2019 03:30,-88.308
01/12/2019 04:00,-88.433
01/12/2019 04:30,-88.6125
01/12/2019 05:00,-88.4665
01/12/2019 05:30,-88.3835
01/12/2019 06:00,-88.571
01/12/2019 06:30,-88.6125
01/12/2019 07:00,-88.729
01/12/2019 07:30,-88.754
01/12/2019 08:00,-88.904
01/12/2019 08:30,-88.9165
01/12/2019 09:00,-89.004
01/12/2019 09:30,-89.0375
01/12/2019 10:00,-89.2085
01/12/2019 10:30,-89.608
01/12/2019 11:00,-89.725
01/12/2019 11:30,-90.05
01/12/2019 12:00,-90.192
01/12/2019 12:30,-90.108
01/12/2019 13:00,-90.1
01/12/2019 13:30,-90.342
01/12/2019 14:00,-90.508
01/12/2019 14:30,-90.275
01/12/2019 15:00,-90.425
01/12/2019 15:30,-90.275
01/12/2019 16:00,-90.333
01/12/2019 16:30,-89.983
01/12/2019 17:00,-89.158
01/12/2019 17:30,-89.208
01/12/2019 18:00,-89.0875
01/12/2019 18:30,-89.0625
01/12/2019 19:00,-89.0915
01/12/2019 19:30,-89.1205
01/12/2019 20:00,-89.208
01/12/2019 20:30,-89.033
01/12/2019 21:00,-89.1205
01/12/2019 21:30,-89.033
01/12/2019 22:00,-89.208
01/12/2019 22:30,-89.079
01/12/2019 23:00,-89.208
01/12/2019 23:30,-89.079
02/12/2019 00:00,-89.0625
02/12/2019 00:30,-89.125
02/12/2019 01:00,-89.05
02/12/2019 01:30,-89.125
02/12/2019 02:00,-89.125
02/12/2019 02:30,-88.95
02/12/2019 03:00,-89.3
02/12/2019 03:30,-89.475
02/12/2019 04:00,-89.275
02/12/2019 04:30,-89.208
02/12/2019 05:00,-89.208
02/12/2019 05:30,-89.333
02/12/2019 06:00,-89.517
02/12/2019 06:30,-89.625
02/12/2019 07:00,-89.7
02/12/2019 07:30,-90.175
02/12/2019 08:00,-90.433
02/12/2019 08:30,-90.7
02/12/2019 09:00,-90.608
02/12/2019 09:30,-90.775
02/12/2019 10:00,-91.075
02/12/2019 10:30,-91.183
02/12/2019 11:00,-91.8
02/12/2019 11:30,-91.825
02/12/2019 12:00,-91.942
02/12/2019 12:30,-91.708
02/12/2019 13:00,-91.675
02/12/2019 13:30,-91.817
02/12/2019 14:00,-90.917
02/12/2019 14:30,-85.392
02/12/2019 15:00,-82.158
02/12/2019 15:30,-81.133
02/12/2019 16:00,-80.317
02/12/2019 16:30,-79.583
02/12/2019 17:00,-79.092
02/12/2019 17:30,-78.625
02/12/2019 18:00,-78.158
02/12/2019 18:30,-77.975
02/12/2019 19:00,-77.825
02/12/2019 19:30,-78.029
02/12/2019 20:00,-78.0585
02/12/2019 20:30,-78.046
02/12/2019 21:00,-78.217
02/12/2019 21:30,-78.246
02/12/2019 22:00,-78.4665
02/12/2019 22:30,-78.696
02/12/2019 23:00,-78.65
02/12/2019 23:30,-78.8125
03/12/2019 00:00,-78.7125
03/12/2019 00:30,-78.7205
03/12/2019 01:00,-78.5455
03/12/2019 01:30,-78.808
03/12/2019 02:00,-78.858
03/12/2019 02:30,-78.808
03/12/2019 03:00,-78.958
03/12/2019 03:30,-78.954
03/12/2019 04:00,-78.8955
03/12/2019 04:30,-79.0705
03/12/2019 05:00,-79.1
03/12/2019 05:30,-79
03/12/2019 06:00,-79.1625
03/12/2019 06:30,-79.379
03/12/2019 07:00,-79.3705
03/12/2019 07:30,-79.554
03/12/2019 08:00,-79.729
03/12/2019 08:30,-79.904
03/12/2019 09:00,-80.0625
03/12/2019 09:30,-80.2375
03/12/2019 10:00,-80.458
03/12/2019 10:30,-80.6415
03/12/2019 11:00,-80.975
03/12/2019 11:30,-80.975
03/12/2019 12:00,-81.392
03/12/2019 12:30,-81.533
03/12/2019 13:00,-81.242
03/12/2019 13:30,-80.942
03/12/2019 14:00,-81.008
03/12/2019 14:30,-81.175
03/12/2019 15:00,-81.35
03/12/2019 15:30,-81.642
03/12/2019 16:00,-81.7
03/12/2019 16:30,-81.475
03/12/2019 17:00,-81.183
03/12/2019 17:30,-80.983
03/12/2019 18:00,-80.658
03/12/2019 18:30,-81.042
03/12/2019 19:00,-80.867
03/12/2019 19:30,-80.6
03/12/2019 20:00,-81.308
03/12/2019 20:30,-81.017
03/12/2019 21:00,-81.308
03/12/2019 21:30,-81.133
03/12/2019 22:00,-80.958
03/12/2019 22:30,-81.4
03/12/2019 23:00,-81.4
03/12/2019 23:30,-80.992
04/12/2019 00:00,-79.967
04/12/2019 00:30,-79.792
04/12/2019 01:00,-79.417
04/12/2019 01:30,-79.075
04/12/2019 02:00,-72.008
04/12/2019 02:30,-64.142
04/12/2019 03:00,-51.892
04/12/2019 03:30,-43.95
04/12/2019 04:00,-40.042
04/12/2019 04:30,-37.208
04/12/2019 05:00,-36.35
04/12/2019 05:30,-35.6
04/12/2019 06:00,-35.275
04/12/2019 06:30,-35.0335
04/12/2019 07:00,-34.7915
04/12/2019 07:30,-35.025
04/12/2019 08:00,-35.1375
04/12/2019 08:30,-35.3125
04/12/2019 09:00,-35.5
04/12/2019 09:30,-35.8835
04/12/2019 10:00,-36.2375
04/12/2019 10:30,-36.55
04/12/2019 11:00,-36.8705
04/12/2019 11:30,-37.021
04/12/2019 12:00,-37.129
04/12/2019 12:30,-37.321
04/12/2019 13:00,-37.6165
04/12/2019 13:30,-37.896
04/12/2019 14:00,-38.283
04/12/2019 14:30,-38.3
04/12/2019 15:00,-38.6665
04/12/2019 15:30,-38.9165
04/12/2019 16:00,-38.8835
04/12/2019 16:30,-38.7665
04/12/2019 17:00,-38.696
04/12/2019 17:30,-38.6375
04/12/2019 18:00,-39.1875
04/12/2019 18:30,-39.4875
04/12/2019 19:00,-39.8295
04/12/2019 19:30,-40.1085
04/12/2019 20:00,-40.3705
04/12/2019 20:30,-40.75
04/12/2019 21:00,-41.1585
04/12/2019 21:30,-41.554
04/12/2019 22:00,-42.021
04/12/2019 22:30,-42.5045
04/12/2019 23:00,-42.5625
04/12/2019 23:30,-43.1125
05/12/2019 00:00,-43.429
05/12/2019 00:30,-43.871
05/12/2019 01:00,-44
05/12/2019 01:30,-44.1795
05/12/2019 02:00,-44.6705
05/12/2019 02:30,-44.95
05/12/2019 03:00,-45.0835
05/12/2019 03:30,-45.225
05/12/2019 04:00,-45.1835
05/12/2019 04:30,-45.3335
05/12/2019 05:00,-45.425
05/12/2019 05:30,-45.508
05/12/2019 06:00,-46.0165
05/12/2019 06:30,-46.175
05/12/2019 07:00,-46.475
05/12/2019 07:30,-46.8875
05/12/2019 08:00,-47.1955
05/12/2019 08:30,-47.575
05/12/2019 09:00,-48.046
05/12/2019 09:30,-48.4625
05/12/2019 10:00,-48.7875
05/12/2019 10:30,-49.1545
05/12/2019 11:00,-49.4455
05/12/2019 11:30,-50.0835
05/12/2019 12:00,-50.4875
05/12/2019 12:30,-50.925
05/12/2019 13:00,-51.3205
05/12/2019 13:30,-51.471
05/12/2019 14:00,-51.9165
05/12/2019 14:30,-52.121
05/12/2019 15:00,-52.167
05/12/2019 15:30,-52.6045
05/12/2019 16:00,-52.342
05/12/2019 16:30,-52.7415
05/12/2019 17:00,-52.6625
05/12/2019 17:30,-52.7835
05/12/2019 18:00,-53.05
05/12/2019 18:30,-53.0915
05/12/2019 19:00,-53.3
05/12/2019 19:30,-53.5
05/12/2019 20:00,-53.908
05/12/2019 20:30,-54.229
05/12/2019 21:00,-54.35
05/12/2019 21:30,-54.6415
05/12/2019 22:00,-54.742
05/12/2019 22:30,-54.9
05/12/2019 23:00,-55.3665
05/12/2019 23:30,-55.646
06/12/2019 00:00,-56.121
06/12/2019 00:30,-56.4125
06/12/2019 01:00,-56.7455
06/12/2019 01:30,-57.0625
06/12/2019 02:00,-57.2415
06/12/2019 02:30,-57.3045
06/12/2019 03:00,-57.421
06/12/2019 03:30,-57.642
06/12/2019 04:00,-57.642
06/12/2019 04:30,-57.9125
06/12/2019 05:00,-57.871
06/12/2019 05:30,-58.075
06/12/2019 06:00,-58.225
06/12/2019 06:30,-58.3705
06/12/2019 07:00,-58.5
06/12/2019 07:30,-58.4875
06/12/2019 08:00,-58.9665
06/12/2019 08:30,-59.0705
06/12/2019 09:00,-59.304
06/12/2019 09:30,-59.1915
06/12/2019 10:00,-59.525
06/12/2019 10:30,-59.625
06/12/2019 11:00,-60.004
06/12/2019 11:30,-60.192
06/12/2019 12:00,-60.525
06/12/2019 12:30,-60.8045
06/12/2019 13:00,-60.9875
06/12/2019 13:30,-61.2
06/12/2019 14:00,-61.3295
06/12/2019 14:30,-61.4545
06/12/2019 15:00,-61.6375
06/12/2019 15:30,-61.9125
06/12/2019 16:00,-61.6625
06/12/2019 16:30,-62.0875
06/12/2019 17:00,-61.942
06/12/2019 17:30,-61.967
06/12/2019 18:00,-62.296
06/12/2019 18:30,-62.4125
06/12/2019 19:00,-62.6
06/12/2019 19:30,-62.6
06/12/2019 20:00,-62.7915
06/12/2019 20:30,-62.854
06/12/2019 21:00,-62.775
06/12/2019 21:30,-62.9665
06/12/2019 22:00,-62.85
06/12/2019 22:30,-62.971
06/12/2019 23:00,-63.0835
06/12/2019 23:30,-63.029
07/12/2019 00:00,-63.1125
07/12/2019 00:30,-63.275
07/12/2019 01:00,-63.246
07/12/2019 01:30,-63.2585
07/12/2019 02:00,-63.346
07/12/2019 02:30,-63.346
07/12/2019 03:00,-63.421
07/12/2019 03:30,-63.6835
07/12/2019 04:00,-63.671
07/12/2019 04:30,-63.871
07/12/2019 05:00,-63.871
07/12/2019 05:30,-63.846
07/12/2019 06:00,-64.225
07/12/2019 06:30,-64.4
07/12/2019 07:00,-64.4
07/12/2019 07:30,-64.6
07/12/2019 08:00,-65.175
07/12/2019 08:30,-65.942
07/12/2019 09:00,-65.992
07/12/2019 09:30,-66.283
07/12/2019 10:00,-66.458
07/12/2019 10:30,-67.217
07/12/2019 11:00,-67.217
07/12/2019 11:30,-67.733
07/12/2019 12:00,-68.517
07/12/2019 12:30,-68.208
07/12/2019 13:00,-68.175
07/12/2019 13:30,-69.317
07/12/2019 14:00,-69.425
07/12/2019 14:30,-69.575
07/12/2019 15:00,-69.342
07/12/2019 15:30,-69.167
07/12/2019 16:00,-68.692
07/12/2019 16:30,-69.05
07/12/2019 17:00,-68.35
07/12/2019 17:30,-68.058
07/12/2019 18:00,-68.417
07/12/2019 18:30,-67.833
07/12/2019 19:00,-65.617
07/12/2019 19:30,-63.992
07/12/2019 20:00,-62.933
07/12/2019 20:30,-61.825
07/12/2019 21:00,-61.133
07/12/2019 21:30,-60.692
07/12/2019 22:00,-60.692
07/12/2019 22:30,-60.492
07/12/2019 23:00,-60.375
07/12/2019 23:30,-60.017
08/12/2019 00:00,-59.5
08/12/2019 00:30,-59.142
08/12/2019 01:00,-58.683
08/12/2019 01:30,-58.15
08/12/2019 02:00,-57.983
08/12/2019 02:30,-57.483
08/12/2019 03:00,-57.192
08/12/2019 03:30,-56.7
08/12/2019 04:00,-56.058
08/12/2019 04:30,-55.233
08/12/2019 05:00,-54.592
08/12/2019 05:30,-53.725
08/12/2019 06:00,-53.196
08/12/2019 06:30,-53.0125
08/12/2019 07:00,-52.9835
08/12/2019 07:30,-52.746
08/12/2019 08:00,-52.779
08/12/2019 08:30,-52.604
08/12/2019 09:00,-52.904
08/12/2019 09:30,-52.775
08/12/2019 10:00,-52.8585
08/12/2019 10:30,-53.0295
08/12/2019 11:00,-53.179
08/12/2019 11:30,-53.4125
08/12/2019 12:00,-53.425
08/12/2019 12:30,-53.5
08/12/2019 13:00,-53.5835
08/12/2019 13:30,-53.7
08/12/2019 14:00,-53.6705
08/12/2019 14:30,-53.771
08/12/2019 15:00,-53.7165
08/12/2019 15:30,-53.546
08/12/2019 16:00,-53.6625
08/12/2019 16:30,-53.583
08/12/2019 17:00,-53.725
08/12/2019 17:30,-53.8625
08/12/2019 18:00,-54
08/12/2019 18:30,-54
08/12/2019 19:00,-54.0545
08/12/2019 19:30,-54.3375
08/12/2019 20:00,-54.35
08/12/2019 20:30,-54.321
08/12/2019 21:00,-54.683
08/12/2019 21:30,-54.9915
08/12/2019 22:00,-55.2915
08/12/2019 22:30,-55.5415
08/12/2019 23:00,-55.421
08/12/2019 23:30,-55.921
09/12/2019 00:00,-55.917
09/12/2019 00:30,-56.258
09/12/2019 01:00,-56.225
09/12/2019 01:30,-55.9625
09/12/2019 02:00,-55.8545
09/12/2019 02:30,-55.817
09/12/2019 03:00,-55.8045
09/12/2019 03:30,-55.7335
09/12/2019 04:00,-55.9045
09/12/2019 04:30,-55.8545
09/12/2019 05:00,-55.8835
09/12/2019 05:30,-55.975
09/12/2019 06:00,-56.108
09/12/2019 06:30,-55.95
09/12/2019 07:00,-56.1545
09/12/2019 07:30,-56.342
09/12/2019 08:00,-56.567
09/12/2019 08:30,-56.6625
09/12/2019 09:00,-56.908
09/12/2019 09:30,-57.083
09/12/2019 10:00,-57.371
09/12/2019 10:30,-57.6085
09/12/2019 11:00,-57.4955
09/12/2019 11:30,-57.771
09/12/2019 12:00,-57.9375
09/12/2019 12:30,-58.454
09/12/2019 13:00,-58.271
09/12/2019 13:30,-58.658
09/12/2019 14:00,-58.642
09/12/2019 14:30,-58.875
09/12/2019 15:00,-58.9455
09/12/2019 15:30,-58.9205
09/12/2019 16:00,-59.1085
09/12/2019 16:30,-58.95
09/12/2019 17:00,-58.908
09/12/2019 17:30,-58.8205
09/12/2019 18:00,-58.875
09/12/2019 18:30,-59.321
09/12/2019 19:00,-59.3335
09/12/2019 19:30,-59.5375
09/12/2019 20:00,-59.5415
09/12/2019 20:30,-59.871
09/12/2019 21:00,-60.1545
09/12/2019 21:30,-60.3625
09/12/2019 22:00,-60.525
09/12/2019 22:30,-60.821
09/12/2019 23:00,-60.792
09/12/2019 23:30,-60.954
10/12/2019 00:00,-61.054
10/12/2019 00:30,-60.9915
10/12/2019 01:00,-61.067
10/12/2019 01:30,-61.3
10/12/2019 02:00,-61.329
10/12/2019 02:30,-61.633
10/12/2019 03:00,-61.5915
10/12/2019 03:30,-61.5915
10/12/2019 04:00,-61.75
10/12/2019 04:30,-61.7335
10/12/2019 05:00,-61.742
10/12/2019 05:30,-61.95
10/12/2019 06:00,-62.0045
10/12/2019 06:30,-62.271
10/12/2019 07:00,-62.371
10/12/2019 07:30,-62.546
10/12/2019 08:00,-62.696
10/12/2019 08:30,-62.896
10/12/2019 09:00,-63.042
10/12/2019 09:30,-63.225
10/12/2019 10:00,-63.3875
10/12/2019 10:30,-63.621
10/12/2019 11:00,-63.6795
10/12/2019 11:30,-64.008
10/12/2019 12:00,-63.9585
10/12/2019 12:30,-64.358
10/12/2019 13:00,-64.4
10/12/2019 13:30,-63.975
10/12/2019 14:00,-64.392
10/12/2019 14:30,-64.383
10/12/2019 15:00,-64.233
10/12/2019 15:30,-63.858
10/12/2019 16:00,-63.454
10/12/2019 16:30,-63.658
10/12/2019 17:00,-63.483
10/12/2019 17:30,-63.542
10/12/2019 18:00,-63.4
10/12/2019 18:30,-63.75
10/12/2019 19:00,-63.925
10/12/2019 19:30,-63.925
10/12/2019 20:00,-64.108
10/12/2019 20:30,-64.167
10/12/2019 21:00,-63.992
10/12/2019 21:30,-64.333
10/12/2019 22:00,-64.158
10/12/2019 22:30,-64.4
10/12/2019 23:00,-64.575
10/12/2019 23:30,-64.867
11/12/2019 00:00,-64.867
11/12/2019 00:30,-64.858
11/12/2019 01:00,-65.183
11/12/2019 01:30,-64.95
11/12/2019 02:00,-65.125
11/12/2019 02:30,-65.65
11/12/2019 03:00,-65.3
11/12/2019 03:30,-65.767
11/12/2019 04:00,-65.075
11/12/2019 04:30,-64.308
11/12/2019 05:00,-64.075
11/12/2019 05:30,-63.292
11/12/2019 06:00,-62.65
11/12/2019 06:30,-62.067
11/12/2019 07:00,-61.358
11/12/2019 07:30,-61.217
11/12/2019 08:00,-61.025
11/12/2019 08:30,-60.033
11/12/2019 09:00,-59.267
11/12/2019 09:30,-59.117
11/12/2019 10:00,-58.742
11/12/2019 10:30,-58.467
11/12/2019 11:00,-58.442
11/12/2019 11:30,-58.267
11/12/2019 12:00,-58.617
11/12/2019 12:30,-58.208
11/12/2019 13:00,-58.2
11/12/2019 13:30,-58.55
11/12/2019 14:00,-58.267
11/12/2019 14:30,-58.458
11/12/2019 15:00,-58.108
11/12/2019 15:30,-57.917
11/12/2019 16:00,-57.442
11/12/2019 16:30,-57.558
11/12/2019 17:00,-57.267
11/12/2019 17:30,-56.917
11/12/2019 18:00,-56.508
11/12/2019 18:30,-56.6
11/12/2019 19:00,-56.692
11/12/2019 19:30,-56.75
11/12/2019 20:00,-56.75
11/12/2019 20:30,-56.933
11/12/2019 21:00,-56.633
11/12/2019 21:30,-56.808
11/12/2019 22:00,-57.1
11/12/2019 22:30,-56.925
11/12/2019 23:00,-57.05
11/12/2019 23:30,-57.225
12/12/2019 00:00,-57.392
12/12/2019 00:30,-57.458
12/12/2019 01:00,-56.492
12/12/2019 01:30,-56.317
12/12/2019 02:00,-55.85
12/12/2019 02:30,-55.5
12/12/2019 03:00,-55.325
12/12/2019 03:30,-55.058
12/12/2019 04:00,-55.383
12/12/2019 04:30,-55.292
12/12/2019 05:00,-54.825
12/12/2019 05:30,-55.125
12/12/2019 06:00,-55.183
12/12/2019 06:30,-55.183
12/12/2019 07:00,-54.942
12/12/2019 07:30,-54.967
12/12/2019 08:00,-54.8
12/12/2019 08:30,-54.975
12/12/2019 09:00,-55.5
12/12/2019 09:30,-55.55
12/12/2019 10:00,-55.792
12/12/2019 10:30,-55.908
12/12/2019 11:00,-56.133
12/12/2019 11:30,-56.65
12/12/2019 12:00,-56.592
12/12/2019 12:30,-56.708
12/12/2019 13:00,-57.525
12/12/2019 13:30,-57.292
12/12/2019 14:00,-56.683
12/12/2019 14:30,-56.683
12/12/2019 15:00,-56.683
12/12/2019 15:30,-56.275
12/12/2019 16:00,-55.492
12/12/2019 16:30,-55.175
12/12/2019 17:00,-53.775
12/12/2019 17:30,-52.758
12/12/2019 18:00,-52.292
12/12/2019 18:30,-51.825
12/12/2019 19:00,-51.533
12/12/2019 19:30,-50.975
12/12/2019 20:00,-50.858
12/12/2019 20:30,-50.567
12/12/2019 21:00,-50.642
12/12/2019 21:30,-50.454
12/12/2019 22:00,-50.575
12/12/2019 22:30,-50.4
12/12/2019 23:00,-50.575
12/12/2019 23:30,-50.342
13/12/2019 00:00,-50.517
13/12/2019 00:30,-50.508
13/12/2019 01:00,-50.683
13/12/2019 01:30,-50.925
13/12/2019 02:00,-50.625
13/12/2019 02:30,-50.742
13/12/2019 03:00,-50.917
13/12/2019 03:30,-51.242
13/12/2019 04:00,-51.092
13/12/2019 04:30,-51.442
13/12/2019 05:00,-51.267
13/12/2019 05:30,-51.6
13/12/2019 06:00,-51.558
13/12/2019 06:30,-52.058
13/12/2019 07:00,-52.058
13/12/2019 07:30,-52.758
13/12/2019 08:00,-53.167
13/12/2019 08:30,-53.517
13/12/2019 09:00,-53.658
13/12/2019 09:30,-54.358
13/12/2019 10:00,-53.983
13/12/2019 10:30,-51.592
13/12/2019 11:00,-50.458
13/12/2019 11:30,-49.667
13/12/2019 12:00,-49.0795
13/12/2019 12:30,-49.275
13/12/2019 13:00,-49.379
13/12/2019 13:30,-49.404
13/12/2019 14:00,-49.346
13/12/2019 14:30,-49.3125
13/12/2019 15:00,-49.1415
13/12/2019 15:30,-49.379
13/12/2019 16:00,-49.429
13/12/2019 16:30,-49.5165
13/12/2019 17:00,-49.479
13/12/2019 17:30,-49.5665
13/12/2019 18:00,-49.729
13/12/2019 18:30,-49.9625
13/12/2019 19:00,-50.092
13/12/2019 19:30,-50.496
13/12/2019 20:00,-50.5585
13/12/2019 20:30,-51.2125
13/12/2019 21:00,-51.4455
13/12/2019 21:30,-51.679
13/12/2019 22:00,-51.8375
13/12/2019 22:30,-51.821
13/12/2019 23:00,-52.3875
13/12/2019 23:30,-52.4335
14/12/2019 00:00,-52.629
14/12/2019 00:30,-52.9165
14/12/2019 01:00,-53.271
14/12/2019 01:30,-53.4165
14/12/2019 02:00,-53.5165
14/12/2019 02:30,-53.492
14/12/2019 03:00,-53.604
14/12/2019 03:30,-53.804
14/12/2019 04:00,-53.729
14/12/2019 04:30,-54.054
14/12/2019 05:00,-54.129
14/12/2019 05:30,-54.358
14/12/2019 06:00,-54.5415
14/12/2019 06:30,-54.6835
14/12/2019 07:00,-54.9335
14/12/2019 07:30,-55.246
14/12/2019 08:00,-55.375
14/12/2019 08:30,-55.9625
14/12/2019 09:00,-56.1125
14/12/2019 09:30,-56.2915
14/12/2019 10:00,-56.4375
14/12/2019 10:30,-56.983
14/12/2019 11:00,-57.25
14/12/2019 11:30,-57.35
14/12/2019 12:00,-56.9545
14/12/2019 12:30,-57.521
14/12/2019 13:00,-57.8125
14/12/2019 13:30,-58.0165
14/12/2019 14:00,-58.029
14/12/2019 14:30,-58.233
14/12/2019 15:00,-58.379
14/12/2019 15:30,-58.35
14/12/2019 16:00,-58.625
14/12/2019 16:30,-58.829
14/12/2019 17:00,-58.704
14/12/2019 17:30,-58.254
14/12/2019 18:00,-58.471
14/12/2019 18:30,-58.5
14/12/2019 19:00,-58.604
14/12/2019 19:30,-58.771
14/12/2019 20:00,-59.0875
14/12/2019 20:30,-59.029
14/12/2019 21:00,-59.1875
14/12/2019 21:30,-59.1875
14/12/2019 22:00,-59.396
14/12/2019 22:30,-59.3915
14/12/2019 23:00,-59.55
14/12/2019 23:30,-59.6125
15/12/2019 00:00,-59.7125
15/12/2019 00:30,-59.742
15/12/2019 01:00,-59.8415
15/12/2019 01:30,-59.9165
15/12/2019 02:00,-59.8455
15/12/2019 02:30,-60.133
15/12/2019 03:00,-59.958
15/12/2019 03:30,-60.004
15/12/2019 04:00,-60.0165
15/12/2019 04:30,-60.1085
15/12/2019 05:00,-60.1875
15/12/2019 05:30,-60.2165
15/12/2019 06:00,-60.4625
15/12/2019 06:30,-60.5545
15/12/2019 07:00,-60.6835
15/12/2019 07:30,-60.9375
15/12/2019 08:00,-61.071
15/12/2019 08:30,-61.071
15/12/2019 09:00,-61.079
15/12/2019 09:30,-61
15/12/2019 10:00,-61
15/12/2019 10:30,-61.1875
15/12/2019 11:00,-61.3295
15/12/2019 11:30,-61.375
15/12/2019 12:00,-61.85
15/12/2019 12:30,-61.7045
15/12/2019 13:00,-61.792
15/12/2019 13:30,-61.6125
15/12/2019 14:00,-62.225
15/12/2019 14:30,-62.192
15/12/2019 15:00,-62.225
15/12/2019 15:30,-61.992
15/12/2019 16:00,-61.867
15/12/2019 16:30,-61.546
15/12/2019 17:00,-61.625
15/12/2019 17:30,-61.471
15/12/2019 18:00,-61.508
15/12/2019 18:30,-61.679
15/12/2019 19:00,-61.9165
15/12/2019 19:30,-62.2205
15/12/2019 20:00,-62.3375
15/12/2019 20:30,-62.3705
15/12/2019 21:00,-62.7205
15/12/2019 21:30,-62.829
15/12/2019 22:00,-63.0875
15/12/2019 22:30,-63.0625
15/12/2019 23:00,-63.2835
15/12/2019 23:30,-63.2545
16/12/2019 00:00,-63.3125
16/12/2019 00:30,-63.6625
16/12/2019 01:00,-63.646
16/12/2019 01:30,-63.675
16/12/2019 02:00,-63.742
16/12/2019 02:30,-63.6585
16/12/2019 03:00,-63.6875
16/12/2019 03:30,-63.871
16/12/2019 04:00,-63.971
16/12/2019 04:30,-64
16/12/2019 05:00,-64.1085
16/12/2019 05:30,-64.104
16/12/2019 06:00,-64.1375
16/12/2019 06:30,-64.3455
16/12/2019 07:00,-64.5165
16/12/2019 07:30,-64.804
16/12/2019 08:00,-64.921
16/12/2019 08:30,-65.175
16/12/2019 09:00,-65.35
16/12/2019 09:30,-65.4585
16/12/2019 10:00,-65.725
16/12/2019 10:30,-65.746
16/12/2019 11:00,-66.092
16/12/2019 11:30,-66.321
16/12/2019 12:00,-66.3
16/12/2019 12:30,-66.2875
16/12/2019 13:00,-66.2585
16/12/2019 13:30,-66.4795
16/12/2019 14:00,-66.042
16/12/2019 14:30,-66.042
16/12/2019 15:00,-66.1
16/12/2019 15:30,-66.317
16/12/2019 16:00,-66.4045
16/12/2019 16:30,-66.4795
16/12/2019 17:00,-66.217
16/12/2019 17:30,-66.246
16/12/2019 18:00,-66.3085
16/12/2019 18:30,-66.35
16/12/2019 19:00,-66.3375
16/12/2019 19:30,-66.342
16/12/2019 20:00,-66.3085
16/12/2019 20:30,-66.371
16/12/2019 21:00,-66.3835
16/12/2019 21:30,-66.3835
16/12/2019 22:00,-66.296
16/12/2019 22:30,-66.4585
16/12/2019 23:00,-66.2545
16/12/2019 23:30,-66.4295
17/12/2019 00:00,-66.4875
17/12/2019 00:30,-66.675
17/12/2019 01:00,-66.675
17/12/2019 01:30,-66.592
17/12/2019 02:00,-66.592
17/12/2019 02:30,-66.592
17/12/2019 03:00,-66.825
17/12/2019 03:30,-66.792
17/12/2019 04:00,-66.825
17/12/2019 04:30,-67.025
17/12/2019 05:00,-67.025
17/12/2019 05:30,-67.025
17/12/2019 06:00,-67.375
17/12/2019 06:30,-67.783
17/12/2019 07:00,-68.333
17/12/2019 07:30,-68.558
17/12/2019 08:00,-68.792
17/12/2019 08:30,-69.033
17/12/2019 09:00,-69.433
17/12/2019 09:30,-69.933
17/12/2019 10:00,-70.375
17/12/2019 10:30,-70.367
17/12/2019 11:00,-70.608
17/12/2019 11:30,-70.825
17/12/2019 12:00,-71.583
17/12/2019 12:30,-71.825
17/12/2019 13:00,-71.217
17/12/2019 13:30,-68.158
17/12/2019 14:00,-65.417
17/12/2019 14:30,-63.142
17/12/2019 15:00,-61.858
17/12/2019 15:30,-60.8
17/12/2019 16:00,-59.867
17/12/2019 16:30,-59.083
17/12/2019 17:00,-58.592
17/12/2019 17:30,-57.775
17/12/2019 18:00,-56.842
17/12/2019 18:30,-56.458
17/12/2019 19:00,-55.992
17/12/2019 19:30,-55.758
17/12/2019 20:00,-55.417
17/12/2019 20:30,-55.242
17/12/2019 21:00,-54.95
17/12/2019 21:30,-54.508
17/12/2019 22:00,-54.308
17/12/2019 22:30,-53.958
17/12/2019 23:00,-53.608
17/12/2019 23:30,-53.404
18/12/2019 00:00,-53.2625
18/12/2019 00:30,-53.0625
18/12/2019 01:00,-53.0875
18/12/2019 01:30,-52.975
18/12/2019 02:00,-52.8875
18/12/2019 02:30,-52.8875
18/12/2019 03:00,-52.9125
18/12/2019 03:30,-52.825
18/12/2019 04:00,-52.642
18/12/2019 04:30,-52.746
18/12/2019 05:00,-52.771
18/12/2019 05:30,-52.775
18/12/2019 06:00,-52.7545
18/12/2019 06:30,-52.9045
18/12/2019 07:00,-52.992
18/12/2019 07:30,-52.9335
18/12/2019 08:00,-53.1045
18/12/2019 08:30,-53.542
18/12/2019 09:00,-53.3795
18/12/2019 09:30,-53.717
18/12/2019 10:00,-54.158
18/12/2019 10:30,-54.475
18/12/2019 11:00,-54.617
18/12/2019 11:30,-55.258
18/12/2019 12:00,-55.667
18/12/2019 12:30,-56.133
18/12/2019 13:00,-56.075
18/12/2019 13:30,-56.367
18/12/2019 14:00,-56.358
18/12/2019 14:30,-55.95
18/12/2019 15:00,-56.475
18/12/2019 15:30,-56.742
18/12/2019 16:00,-56.167
18/12/2019 16:30,-55.233
18/12/2019 17:00,-54.392
18/12/2019 17:30,-53.75
18/12/2019 18:00,-53.783
18/12/2019 18:30,-53.667
18/12/2019 19:00,-53.425
18/12/2019 19:30,-53.55
18/12/2019 20:00,-53.633
18/12/2019 20:30,-53.692
18/12/2019 21:00,-53.342
18/12/2019 21:30,-53.867
18/12/2019 22:00,-54.042
18/12/2019 22:30,-53.517
18/12/2019 23:00,-53.633
18/12/2019 23:30,-53.517
19/12/2019 00:00,-53.567
19/12/2019 00:30,-53.258
19/12/2019 01:00,-52.617
19/12/2019 01:30,-52.2
19/12/2019 02:00,-51.954
19/12/2019 02:30,-51.825
19/12/2019 03:00,-51.5625
19/12/2019 03:30,-51.4125
19/12/2019 04:00,-51.271
19/12/2019 04:30,-51.1295
19/12/2019 05:00,-51.1875
19/12/2019 05:30,-51.1875
19/12/2019 06:00,-51.1415
19/12/2019 06:30,-51.246
19/12/2019 07:00,-51.304
19/12/2019 07:30,-51.3665
19/12/2019 08:00,-51.3955
19/12/2019 08:30,-51.508
19/12/2019 09:00,-51.525
19/12/2019 09:30,-51.675
19/12/2019 10:00,-51.925
19/12/2019 10:30,-52.1455
19/12/2019 11:00,-52.1585
19/12/2019 11:30,-52.429
19/12/2019 12:00,-52.4875
19/12/2019 12:30,-52.625
19/12/2019 13:00,-52.5335
19/12/2019 13:30,-53.558
19/12/2019 14:00,-53.8
19/12/2019 14:30,-53.617
19/12/2019 15:00,-54.258
19/12/2019 15:30,-53.858
19/12/2019 16:00,-53.067
19/12/2019 16:30,-52.6375
19/12/2019 17:00,-52.5415
19/12/2019 17:30,-52.425
19/12/2019 18:00,-52.321
19/12/2019 18:30,-52.7165
19/12/2019 19:00,-52.8875
19/12/2019 19:30,-53.0625
19/12/2019 20:00,-53.275
19/12/2019 20:30,-53.5
19/12/2019 21:00,-53.679
19/12/2019 21:30,-53.842
19/12/2019 22:00,-53.8955
19/12/2019 22:30,-54.2165
19/12/2019 23:00,-54.496
19/12/2019 23:30,-54.3915
20/12/2019 00:00,-54.3875
20/12/2019 00:30,-54.454
20/12/2019 01:00,-54.5665
20/12/2019 01:30,-54.5955
20/12/2019 02:00,-54.7
20/12/2019 02:30,-54.6205
20/12/2019 03:00,-54.679
20/12/2019 03:30,-54.65
20/12/2019 04:00,-54.6375
20/12/2019 04:30,-54.8875
20/12/2019 05:00,-54.729
20/12/2019 05:30,-54.7915
20/12/2019 06:00,-54.9335
20/12/2019 06:30,-55.225
20/12/2019 07:00,-55.283
20/12/2019 07:30,-55.525
20/12/2019 08:00,-55.879
20/12/2019 08:30,-55.929
20/12/2019 09:00,-56.2
20/12/2019 09:30,-56.446
20/12/2019 10:00,-56.5625
20/12/2019 10:30,-56.9375
20/12/2019 11:00,-57.0875
20/12/2019 11:30,-57.1455
20/12/2019 12:00,-57.175
20/12/2019 12:30,-57.667
20/12/2019 13:00,-57.7375
20/12/2019 13:30,-58.204
20/12/2019 14:00,-58.2375
20/12/2019 14:30,-58.0455
20/12/2019 15:00,-57.7125
20/12/2019 15:30,-57.579
20/12/2019 16:00,-57.8
20/12/2019 16:30,-57.8585
20/12/2019 17:00,-58.0165
20/12/2019 17:30,-57.996
20/12/2019 18:00,-58.05
20/12/2019 18:30,-58.058
20/12/2019 19:00,-58.4335
20/12/2019 19:30,-58.7665
20/12/2019 20:00,-59.0375
20/12/2019 20:30,-59.0415
20/12/2019 21:00,-59.454
20/12/2019 21:30,-59.771
20/12/2019 22:00,-60.196
20/12/2019 22:30,-60.4415
20/12/2019 23:00,-60.4875
20/12/2019 23:30,-60.6125
21/12/2019 00:00,-60.6705
21/12/2019 00:30,-60.671
21/12/2019 01:00,-60.746
21/12/2019 01:30,-60.879
21/12/2019 02:00,-60.908
21/12/2019 02:30,-61.2165
21/12/2019 03:00,-61.404
21/12/2019 03:30,-61.3415
21/12/2019 04:00,-61.3835
21/12/2019 04:30,-61.396
21/12/2019 05:00,-61.471
21/12/2019 05:30,-61.317
21/12/2019 06:00,-61.546
21/12/2019 06:30,-61.6915
21/12/2019 07:00,-62.2085
21/12/2019 07:30,-62.4705
21/12/2019 08:00,-62.671
21/12/2019 08:30,-62.9085
21/12/2019 09:00,-63.096
21/12/2019 09:30,-63.6335
21/12/2019 10:00,-63.471
21/12/2019 10:30,-63.7665
21/12/2019 11:00,-64.229
21/12/2019 11:30,-64.021
21/12/2019 12:00,-64.05
21/12/2019 12:30,-64.304
21/12/2019 13:00,-64.342
21/12/2019 13:30,-64.854
21/12/2019 14:00,-65
21/12/2019 14:30,-64.992
21/12/2019 15:00,-64.8795
21/12/2019 15:30,-65.167
21/12/2019 16:00,-65.117
21/12/2019 16:30,-64.971
21/12/2019 17:00,-64.5625
21/12/2019 17:30,-64.5585
21/12/2019 18:00,-64.25
21/12/2019 18:30,-64.583
21/12/2019 19:00,-64.625
21/12/2019 19:30,-65.021
21/12/2019 20:00,-65.021
21/12/2019 20:30,-65.471
21/12/2019 21:00,-65.621
21/12/2019 21:30,-65.804
21/12/2019 22:00,-65.7875
21/12/2019 22:30,-66.0085
21/12/2019 23:00,-66.0875
21/12/2019 23:30,-66.171
22/12/2019 00:00,-66.2165
22/12/2019 00:30,-66.2625
22/12/2019 01:00,-66.2335
22/12/2019 01:30,-66.417
22/12/2019 02:00,-66.3085
22/12/2019 02:30,-66.483
22/12/2019 03:00,-66.35
22/12/2019 03:30,-66.6375
22/12/2019 04:00,-66.8085
22/12/2019 04:30,-66.8875
22/12/2019 05:00,-66.8875
22/12/2019 05:30,-66.842
22/12/2019 06:00,-66.871
22/12/2019 06:30,-67.0875
22/12/2019 07:00,-67.2955
22/12/2019 07:30,-67.6
22/12/2019 08:00,-67.621
22/12/2019 08:30,-67.9085
22/12/2019 09:00,-68
22/12/2019 09:30,-68.1955
22/12/2019 10:00,-68.2125
22/12/2019 10:30,-68.2835
22/12/2019 11:00,-68.446
22/12/2019 11:30,-68.5955
22/12/2019 12:00,-69.05
22/12/2019 12:30,-69.608
22/12/2019 13:00,-69.233
22/12/2019 13:30,-68.7205
22/12/2019 14:00,-68.621
22/12/2019 14:30,-68.667
22/12/2019 15:00,-68.6835
22/12/2019 15:30,-68.7545
22/12/2019 16:00,-68.7335
22/12/2019 16:30,-68.833
22/12/2019 17:00,-68.7705
22/12/2019 17:30,-68.5125
22/12/2019 18:00,-68.6295
22/12/2019 18:30,-68.7585
22/12/2019 19:00,-69.1125
22/12/2019 19:30,-69.2665
22/12/2019 20:00,-69.533
22/12/2019 20:30,-69.704
22/12/2019 21:00,-70.2
22/12/2019 21:30,-70.379
22/12/2019 22:00,-70.233
22/12/2019 22:30,-70.479
22/12/2019 23:00,-70.496
22/12/2019 23:30,-70.4335
23/12/2019 00:00,-70.6295
23/12/2019 00:30,-70.625
23/12/2019 01:00,-70.617
23/12/2019 01:30,-70.7
23/12/2019 02:00,-70.5955
23/12/2019 02:30,-70.6375
23/12/2019 03:00,-70.8455
23/12/2019 03:30,-70.817
23/12/2019 04:00,-70.8875
23/12/2019 04:30,-70.8085
23/12/2019 05:00,-70.9625
23/12/2019 05:30,-70.9415
23/12/2019 06:00,-71.146
23/12/2019 06:30,-71.2085
23/12/2019 07:00,-71.596
23/12/2019 07:30,-71.8165
23/12/2019 08:00,-71.925
23/12/2019 08:30,-72.125
23/12/2019 09:00,-72.4665
23/12/2019 09:30,-72.646
23/12/2019 10:00,-72.9125
23/12/2019 10:30,-73.175
23/12/2019 11:00,-73.179
23/12/2019 11:30,-73.95
23/12/2019 12:00,-73.892
23/12/2019 12:30,-73.483
23/12/2019 13:00,-73.229
23/12/2019 13:30,-73.15
23/12/2019 14:00,-73.808
23/12/2019 14:30,-74.625
23/12/2019 15:00,-74.7
23/12/2019 15:30,-75
23/12/2019 16:00,-73.458
23/12/2019 16:30,-73.2455
23/12/2019 17:00,-72.867
23/12/2019 17:30,-72.9625
23/12/2019 18:00,-72.8585
23/12/2019 18:30,-73.1375
23/12/2019 19:00,-73.154
23/12/2019 19:30,-73.3835
23/12/2019 20:00,-73.496
23/12/2019 20:30,-73.8795
23/12/2019 21:00,-73.967
23/12/2019 21:30,-74.3125
23/12/2019 22:00,-74.404
23/12/2019 22:30,-74.333
23/12/2019 23:00,-74.425
23/12/2019 23:30,-74.5375
24/12/2019 00:00,-74.654
24/12/2019 00:30,-74.679
24/12/2019 01:00,-74.575
24/12/2019 01:30,-74.8375
24/12/2019 02:00,-74.9
24/12/2019 02:30,-74.8915
24/12/2019 03:00,-75.008
24/12/2019 03:30,-75.104
24/12/2019 04:00,-75.0665
24/12/2019 04:30,-75.0205
24/12/2019 05:00,-75
24/12/2019 05:30,-75.1125
24/12/2019 06:00,-75.275
24/12/2019 06:30,-75.367
24/12/2019 07:00,-75.6
24/12/2019 07:30,-75.721
24/12/2019 08:00,-75.9
24/12/2019 08:30,-76.225
24/12/2019 09:00,-76.4585
24/12/2019 09:30,-76.7955
24/12/2019 10:00,-76.775
24/12/2019 10:30,-77.054
24/12/2019 11:00,-77.1625
24/12/2019 11:30,-77.508
24/12/2019 12:00,-77.808
24/12/2019 12:30,-78.375
24/12/2019 13:00,-78.092
24/12/2019 13:30,-77.658
24/12/2019 14:00,-77.95
24/12/2019 14:30,-78.125
24/12/2019 15:00,-77.65
24/12/2019 15:30,-78.642
24/12/2019 16:00,-78.642
24/12/2019 16:30,-78.242
24/12/2019 17:00,-77.367
24/12/2019 17:30,-77.2125
24/12/2019 18:00,-77.0375
24/12/2019 18:30,-76.9955
24/12/2019 19:00,-76.7875
24/12/2019 19:30,-76.996
24/12/2019 20:00,-77.0415
24/12/2019 20:30,-77.1
24/12/2019 21:00,-77.204
24/12/2019 21:30,-77.233
24/12/2019 22:00,-77.5205
24/12/2019 22:30,-77.558
24/12/2019 23:00,-77.6085
24/12/2019 23:30,-77.592
25/12/2019 00:00,-77.4045
25/12/2019 00:30,-77.733
25/12/2019 01:00,-77.533
25/12/2019 01:30,-77.746
25/12/2019 02:00,-77.604
25/12/2019 02:30,-77.625
25/12/2019 03:00,-77.8415
25/12/2019 03:30,-77.9455
25/12/2019 04:00,-77.958
25/12/2019 04:30,-77.883
25/12/2019 05:00,-77.7705
25/12/2019 05:30,-77.833
25/12/2019 06:00,-77.7125
25/12/2019 06:30,-77.929
25/12/2019 07:00,-77.929
25/12/2019 07:30,-78.079
25/12/2019 08:00,-78.254
25/12/2019 08:30,-78.25
25/12/2019 09:00,-78.892
25/12/2019 09:30,-79.492
25/12/2019 10:00,-80.133
25/12/2019 10:30,-80.083
25/12/2019 11:00,-80.9
25/12/2019 11:30,-81.25
25/12/2019 12:00,-80.542
25/12/2019 12:30,-80.367
25/12/2019 13:00,-79.583
25/12/2019 13:30,-79.35
25/12/2019 14:00,-79.267
25/12/2019 14:30,-79.117
25/12/2019 15:00,-79.267
25/12/2019 15:30,-79.267
25/12/2019 16:00,-78.458
25/12/2019 16:30,-78.333
25/12/2019 17:00,-78.008
25/12/2019 17:30,-78.083
25/12/2019 18:00,-78.158
25/12/2019 18:30,-78.217
25/12/2019 19:00,-78.217
25/12/2019 19:30,-78.233
25/12/2019 20:00,-78.133
25/12/2019 20:30,-78.317
25/12/2019 21:00,-78.192
25/12/2019 21:30,-78.308
25/12/2019 22:00,-78.483
25/12/2019 22:30,-78.658
25/12/2019 23:00,-78.575
25/12/2019 23:30,-78.517
26/12/2019 00:00,-78.517
26/12/2019 00:30,-78.367
26/12/2019 01:00,-78.692
26/12/2019 01:30,-78.892
26/12/2019 02:00,-78.717
26/12/2019 02:30,-78.692
26/12/2019 03:00,-78.717
26/12/2019 03:30,-79.167
26/12/2019 04:00,-78.4
26/12/2019 04:30,-78.258
26/12/2019 05:00,-78.258
26/12/2019 05:30,-78.367
26/12/2019 06:00,-77.558
26/12/2019 06:30,-76.442
26/12/2019 07:00,-75.925
26/12/2019 07:30,-75.925
26/12/2019 08:00,-75.983
26/12/2019 08:30,-75.95
26/12/2019 09:00,-75.533
26/12/2019 09:30,-75.725
26/12/2019 10:00,-75.308
26/12/2019 10:30,-75.775
26/12/2019 11:00,-75.475
26/12/2019 11:30,-75.525
26/12/2019 12:00,-75.117
26/12/2019 12:30,-74.917
26/12/2019 13:00,-74.283
26/12/2019 13:30,-74.05
26/12/2019 14:00,-74.45
26/12/2019 14:30,-74.683
26/12/2019 15:00,-74.683
26/12/2019 15:30,-74.683
26/12/2019 16:00,-74.333
26/12/2019 16:30,-74.108
26/12/2019 17:00,-73.633
26/12/2019 17:30,-73.408
26/12/2019 18:00,-72.767
26/12/2019 18:30,-72.654
26/12/2019 19:00,-72.858
26/12/2019 19:30,-72.825
26/12/2019 20:00,-72.95
26/12/2019 20:30,-73.1375
26/12/2019 21:00,-73.25
26/12/2019 21:30,-73.5585
26/12/2019 22:00,-73.825
26/12/2019 22:30,-73.8375
26/12/2019 23:00,-73.696
26/12/2019 23:30,-73.8915
27/12/2019 00:00,-73.908
27/12/2019 00:30,-73.9375
27/12/2019 01:00,-73.8625
27/12/2019 01:30,-74.0125
27/12/2019 02:00,-73.925
27/12/2019 02:30,-73.875
27/12/2019 03:00,-74.0125
27/12/2019 03:30,-73.8545
27/12/2019 04:00,-73.8545
27/12/2019 04:30,-73.95
27/12/2019 05:00,-73.9085
27/12/2019 05:30,-74.071
27/12/2019 06:00,-74.1375
27/12/2019 06:30,-74.5625
27/12/2019 07:00,-74.9165
27/12/2019 07:30,-74.992
27/12/2019 08:00,-75.1205
27/12/2019 08:30,-75.3125
27/12/2019 09:00,-75.575
27/12/2019 09:30,-75.746
27/12/2019 10:00,-76.1335
27/12/2019 10:30,-76.3795
27/12/2019 11:00,-76.3795
27/12/2019 11:30,-77.333
27/12/2019 12:00,-77.575
27/12/2019 12:30,-77.867
27/12/2019 13:00,-77.858
27/12/2019 13:30,-78.325
27/12/2019 14:00,-78.267
27/12/2019 14:30,-78.067
27/12/2019 15:00,-77.308
27/12/2019 15:30,-76.933
27/12/2019 16:00,-76.758
27/12/2019 16:30,-77.483
27/12/2019 17:00,-76.492
27/12/2019 17:30,-76.417
27/12/2019 18:00,-76.3125
27/12/2019 18:30,-76.675
27/12/2019 19:00,-76.808
27/12/2019 19:30,-76.983
27/12/2019 20:00,-77.408
27/12/2019 20:30,-77.608
27/12/2019 21:00,-77.7625
27/12/2019 21:30,-77.8125
27/12/2019 22:00,-77.825
27/12/2019 22:30,-77.733
27/12/2019 23:00,-77.7205
27/12/2019 23:30,-77.808
28/12/2019 00:00,-77.779
28/12/2019 00:30,-77.6915
28/12/2019 01:00,-77.725
28/12/2019 01:30,-77.725
28/12/2019 02:00,-77.65
28/12/2019 02:30,-77.6625
28/12/2019 03:00,-77.8375
28/12/2019 03:30,-77.8125
28/12/2019 04:00,-77.8625
28/12/2019 04:30,-77.75
28/12/2019 05:00,-77.8125
28/12/2019 05:30,-77.9
28/12/2019 06:00,-77.954
28/12/2019 06:30,-78.229
28/12/2019 07:00,-78.5205
28/12/2019 07:30,-78.6955
28/12/2019 08:00,-78.9455
28/12/2019 08:30,-79.233
28/12/2019 09:00,-79.258
28/12/2019 09:30,-80.2
28/12/2019 10:00,-80.6
28/12/2019 10:30,-81.242
28/12/2019 11:00,-81.658
28/12/2019 11:30,-81.95
28/12/2019 12:00,-80.892
28/12/2019 12:30,-81.067
28/12/2019 13:00,-81.3
28/12/2019 13:30,-82.092
28/12/2019 14:00,-82.633
28/12/2019 14:30,-83.225
28/12/2019 15:00,-83.025
28/12/2019 15:30,-82.875
28/12/2019 16:00,-82.15
28/12/2019 16:30,-82.7
28/12/2019 17:00,-82.375
28/12/2019 17:30,-81.592
28/12/2019 18:00,-80.692
28/12/2019 18:30,-80.492
28/12/2019 19:00,-80.492
28/12/2019 19:30,-80.458
28/12/2019 20:00,-79.767
28/12/2019 20:30,-79.767
28/12/2019 21:00,-79.425
28/12/2019 21:30,-77.55
28/12/2019 22:00,-75.917
28/12/2019 22:30,-75.158
28/12/2019 23:00,-74.342
28/12/2019 23:30,-73.883
29/12/2019 00:00,-72.425
29/12/2019 00:30,-71.55
29/12/2019 01:00,-70.35
29/12/2019 01:30,-69.917
29/12/2019 02:00,-68.45
29/12/2019 02:30,-67.817
29/12/2019 03:00,-66.558
29/12/2019 03:30,-65.692
29/12/2019 04:00,-64.833
29/12/2019 04:30,-64.317
29/12/2019 05:00,-63.175
29/12/2019 05:30,-62.975
29/12/2019 06:00,-61.925
29/12/2019 06:30,-62.05
29/12/2019 07:00,-61.292
29/12/2019 07:30,-61.3
29/12/2019 08:00,-61.35
29/12/2019 08:30,-61.533
29/12/2019 09:00,-61.4125
29/12/2019 09:30,-61.3625
29/12/2019 10:00,-61.517
29/12/2019 10:30,-61.708
29/12/2019 11:00,-61.45
29/12/2019 11:30,-62.058
29/12/2019 12:00,-62.3
29/12/2019 12:30,-61.767
29/12/2019 13:00,-61.3165
29/12/2019 13:30,-62.208
29/12/2019 14:00,-62.35
29/12/2019 14:30,-62.142
29/12/2019 15:00,-61.75
29/12/2019 15:30,-61.608
29/12/2019 16:00,-61.6375
29/12/2019 16:30,-61.8875
29/12/2019 17:00,-61.8415
29/12/2019 17:30,-62.004
29/12/2019 18:00,-62.0375
29/12/2019 18:30,-61.8875
29/12/2019 19:00,-61.95
29/12/2019 19:30,-62.421
29/12/2019 20:00,-62.417
29/12/2019 20:30,-62.7625
29/12/2019 21:00,-62.6585
29/12/2019 21:30,-62.842
29/12/2019 22:00,-62.85
29/12/2019 22:30,-63.071
29/12/2019 23:00,-63.1835
29/12/2019 23:30,-63.6545
30/12/2019 00:00,-63.9705
30/12/2019 00:30,-64.279
30/12/2019 01:00,-64.2795
30/12/2019 01:30,-64.471
30/12/2019 02:00,-64.529
30/12/2019 02:30,-64.5085
30/12/2019 03:00,-64.4705
30/12/2019 03:30,-64.558
30/12/2019 04:00,-64.7625
30/12/2019 04:30,-64.9625
30/12/2019 05:00,-65.0415
30/12/2019 05:30,-65.2165
30/12/2019 06:00,-65.542
30/12/2019 06:30,-65.6545
30/12/2019 07:00,-65.8625
30/12/2019 07:30,-66.071
30/12/2019 08:00,-66.0665
30/12/2019 08:30,-66.421
30/12/2019 09:00,-66.7125
30/12/2019 09:30,-66.6125
30/12/2019 10:00,-66.4625
30/12/2019 10:30,-66.704
30/12/2019 11:00,-67.125
30/12/2019 11:30,-67.2295
30/12/2019 12:00,-67.5875
30/12/2019 12:30,-67.8795
30/12/2019 13:00,-67.967
30/12/2019 13:30,-68.4665
30/12/2019 14:00,-68.6295
30/12/2019 14:30,-68.808
30/12/2019 15:00,-68.933
30/12/2019 15:30,-69.2
30/12/2019 16:00,-68.933
30/12/2019 16:30,-68.6625
30/12/2019 17:00,-68.625
30/12/2019 17:30,-68.567
30/12/2019 18:00,-68.25
30/12/2019 18:30,-68.2545
30/12/2019 19:00,-68.279
30/12/2019 19:30,-68.3205
30/12/2019 20:00,-68.558
30/12/2019 20:30,-68.675
30/12/2019 21:00,-68.8165
30/12/2019 21:30,-69.3125
30/12/2019 22:00,-69.4335
30/12/2019 22:30,-69.8125
30/12/2019 23:00,-69.7545
30/12/2019 23:30,-70.1875
31/12/2019 00:00,-70.3665
31/12/2019 00:30,-70.55
31/12/2019 01:00,-70.6125
31/12/2019 01:30,-70.8165
31/12/2019 02:00,-70.671
31/12/2019 02:30,-70.871
31/12/2019 03:00,-70.975
31/12/2019 03:30,-70.8335
31/12/2019 04:00,-70.775
31/12/2019 04:30,-70.871
31/12/2019 05:00,-71.0585
31/12/2019 05:30,-71.2835
31/12/2019 06:00,-71.225
31/12/2019 06:30,-71.258
31/12/2019 07:00,-71.429
31/12/2019 07:30,-71.6165
31/12/2019 08:00,-71.6915
31/12/2019 08:30,-71.854
31/12/2019 09:00,-71.971
31/12/2019 09:30,-72.2585
31/12/2019 10:00,-72.4625
31/12/2019 10:30,-72.642
31/12/2019 11:00,-72.675
31/12/2019 11:30,-73.0125
31/12/2019 12:00,-73.075
31/12/2019 12:30,-73.3665
31/12/2019 13:00,-73.7125
31/12/2019 13:30,-73.858
31/12/2019 14:00,-74.125
31/12/2019 14:30,-74.392
31/12/2019 15:00,-74.417
31/12/2019 15:30,-74.567
31/12/2019 16:00,-74.183
31/12/2019 16:30,-74.217
31/12/2019 17:00,-73.9045
31/12/2019 17:30,-73.771
31/12/2019 18:00,-73.6165
31/12/2019 18:30,-73.5045
31/12/2019 19:00,-73.546
31/12/2019 19:30,-73.604
31/12/2019 20:00,-73.6915
31/12/2019 20:30,-73.75
31/12/2019 21:00,-73.996
31/12/2019 21:30,-74.2375
31/12/2019 22:00,-74.479
31/12/2019 22:30,-74.6835
31/12/2019 23:00,-75.029
31/12/2019 23:30,-75.233
01/01/2020 00:00,-75.0625
01/01/2020 00:30,-75.1165
01/01/2020 01:00,-75.175
01/01/2020 01:30,-75.204
01/01/2020 02:00,-75.2625
01/01/2020 02:30,-75.4335
01/01/2020 03:00,-75.3545
01/01/2020 03:30,-75.4125
01/01/2020 04:00,-75.5875
01/01/2020 04:30,-75.4665
01/01/2020 05:00,-75.471
01/01/2020 05:30,-75.483
01/01/2020 06:00,-75.667
01/01/2020 06:30,-75.617
01/01/2020 07:00,-75.7125
01/01/2020 07:30,-75.775
01/01/2020 08:00,-75.8915
01/01/2020 08:30,-75.954
01/01/2020 09:00,-76.125
01/01/2020 09:30,-76.2665
01/01/2020 10:00,-76.5165
01/01/2020 10:30,-76.4915
01/01/2020 11:00,-76.9085
01/01/2020 11:30,-77.2335
01/01/2020 12:00,-77.371
01/01/2020 12:30,-77.633
01/01/2020 13:00,-78.45
01/01/2020 13:30,-78.517
01/01/2020 14:00,-78.917
01/01/2020 14:30,-78.158
01/01/2020 15:00,-78.133
01/01/2020 15:30,-77.983
01/01/2020 16:00,-77.958
01/01/2020 16:30,-77.842
01/01/2020 17:00,-77.575
01/01/2020 17:30,-77.85
01/01/2020 18:00,-77.2455
01/01/2020 18:30,-77.2455
01/01/2020 19:00,-77.2205
01/01/2020 19:30,-77.342
01/01/2020 20:00,-77.175
01/01/2020 20:30,-77.05
01/01/2020 21:00,-76.9625
01/01/2020 21:30,-76.904
01/01/2020 22:00,-77.025
01/01/2020 22:30,-77.0835
01/01/2020 23:00,-76.9085
01/01/2020 23:30,-77.079
02/01/2020 00:00,-76.9915
02/01/2020 00:30,-77.0125
02/01/2020 01:00,-76.95
02/01/2020 01:30,-77.096
02/01/2020 02:00,-76.979
02/01/2020 02:30,-77.0915
02/01/2020 03:00,-77.258
02/01/2020 03:30,-77.092
02/01/2020 04:00,-77.1
02/01/2020 04:30,-77.525
02/01/2020 05:00,-77.325
02/01/2020 05:30,-77.675
02/01/2020 06:00,-77.708
02/01/2020 06:30,-78.283
02/01/2020 07:00,-78.517
02/01/2020 07:30,-78.842
02/01/2020 08:00,-79.192
02/01/2020 08:30,-79.717
02/01/2020 09:00,-80.008
02/01/2020 09:30,-80.408
02/01/2020 10:00,-80.525
02/01/2020 10:30,-80.525
02/01/2020 11:00,-80.492
02/01/2020 11:30,-80.958
02/01/2020 12:00,-80.9
02/01/2020 12:30,-80.317
02/01/2020 13:00,-79.592
02/01/2020 13:30,-79.717
02/01/2020 14:00,-79.533
02/01/2020 14:30,-79.65
02/01/2020 15:00,-79.775
02/01/2020 15:30,-79.242
02/01/2020 16:00,-76.617
02/01/2020 16:30,-74.983
02/01/2020 17:00,-73.775
02/01/2020 17:30,-73.067
02/01/2020 18:00,-72.308
02/01/2020 18:30,-71.25
02/01/2020 19:00,-70.733
02/01/2020 19:30,-70.267
02/01/2020 20:00,-69.533
02/01/2020 20:30,-68.842
02/01/2020 21:00,-68.025
02/01/2020 21:30,-68.308
02/01/2020 22:00,-67.783
02/01/2020 22:30,-67.217
02/01/2020 23:00,-66.742
02/01/2020 23:30,-66.892
03/01/2020 00:00,-66.542
03/01/2020 00:30,-66.533
03/01/2020 01:00,-66.417
03/01/2020 01:30,-66.233
03/01/2020 02:00,-66.25
03/01/2020 02:30,-65.95
03/01/2020 03:00,-65.717
03/01/2020 03:30,-65.425
03/01/2020 04:00,-65.133
03/01/2020 04:30,-65.492
03/01/2020 05:00,-65.017
03/01/2020 05:30,-64.9
03/01/2020 06:00,-65.25
03/01/2020 06:30,-65.608
03/01/2020 07:00,-66.158
03/01/2020 07:30,-66.158
03/01/2020 08:00,-66.508
03/01/2020 08:30,-66.908
03/01/2020 09:00,-67.383
03/01/2020 09:30,-67.608
03/01/2020 10:00,-67.725
03/01/2020 10:30,-68.242
03/01/2020 11:00,-68.533
03/01/2020 11:30,-68.758
03/01/2020 12:00,-69.125
03/01/2020 12:30,-69.458
03/01/2020 13:00,-69.225
03/01/2020 13:30,-69.283
03/01/2020 14:00,-66.15
03/01/2020 14:30,-65.067
03/01/2020 15:00,-65.358
03/01/2020 15:30,-65.208
03/01/2020 16:00,-64.517
03/01/2020 16:30,-64.75
03/01/2020 17:00,-63.958
03/01/2020 17:30,-64.258
03/01/2020 18:00,-63.608
03/01/2020 18:30,-63.442
03/01/2020 19:00,-63.029
03/01/2020 19:30,-63.1
03/01/2020 20:00,-62.9835
03/01/2020 20:30,-63.2375
03/01/2020 21:00,-63.4375
03/01/2020 21:30,-63.775
03/01/2020 22:00,-63.679
03/01/2020 22:30,-63.7165
03/01/2020 23:00,-63.6205
03/01/2020 23:30,-63.5625
04/01/2020 00:00,-63.708
04/01/2020 00:30,-63.6955
04/01/2020 01:00,-63.5205
04/01/2020 01:30,-63.579
04/01/2020 02:00,-63.4625
04/01/2020 02:30,-63.429
04/01/2020 03:00,-63.579
04/01/2020 03:30,-63.579
04/01/2020 04:00,-63.579
04/01/2020 04:30,-63.4455
04/01/2020 05:00,-63.433
04/01/2020 05:30,-63.4915
04/01/2020 06:00,-63.5205
04/01/2020 06:30,-63.783
04/01/2020 07:00,-63.7955
04/01/2020 07:30,-63.9705
04/01/2020 08:00,-64.1
04/01/2020 08:30,-64.4125
04/01/2020 09:00,-64.525
04/01/2020 09:30,-64.775
04/01/2020 10:00,-65.033
04/01/2020 10:30,-65.675
04/01/2020 11:00,-66.017
04/01/2020 11:30,-66.058
04/01/2020 12:00,-66.2
04/01/2020 12:30,-66.342
04/01/2020 13:00,-66.583
04/01/2020 13:30,-66.75
04/01/2020 14:00,-66.917
04/01/2020 14:30,-67.858
04/01/2020 15:00,-67.208
04/01/2020 15:30,-67.383
04/01/2020 16:00,-66.983
04/01/2020 16:30,-66.783
04/01/2020 17:00,-65.933
04/01/2020 17:30,-66.083
04/01/2020 18:00,-65.617
04/01/2020 18:30,-65.675
04/01/2020 19:00,-65.825
04/01/2020 19:30,-66.058
04/01/2020 20:00,-66.117
04/01/2020 20:30,-66.292
04/01/2020 21:00,-66.292
04/01/2020 21:30,-66.358
04/01/2020 22:00,-66.233
04/01/2020 22:30,-63.208
04/01/2020 23:00,-56.408
04/01/2020 23:30,-52.917
05/01/2020 00:00,-49.808
05/01/2020 00:30,-47.433
05/01/2020 01:00,-43.35
05/01/2020 01:30,-37.858
05/01/2020 02:00,-32.025
05/01/2020 02:30,-28.65
05/01/2020 03:00,-25.958
05/01/2020 03:30,-24.383
05/01/2020 04:00,-23.1
05/01/2020 04:30,-22.108
05/01/2020 05:00,-21.425
05/01/2020 05:30,-21.1165
05/01/2020 06:00,-21.146
05/01/2020 06:30,-21.267
05/01/2020 07:00,-20.9835
05/01/2020 07:30,-21.383
05/01/2020 08:00,-21.3085
05/01/2020 08:30,-21.542
05/01/2020 09:00,-21.7875
05/01/2020 09:30,-21.95
05/01/2020 10:00,-22.25
05/01/2020 10:30,-22.525
05/01/2020 11:00,-22.775
05/01/2020 11:30,-22.95
05/01/2020 12:00,-22.95
05/01/2020 12:30,-23.142
05/01/2020 13:00,-23.292
05/01/2020 13:30,-23.708
05/01/2020 14:00,-23.7
05/01/2020 14:30,-24.05
05/01/2020 15:00,-24.225
05/01/2020 15:30,-24.167
05/01/2020 16:00,-23.175
05/01/2020 16:30,-22.033
05/01/2020 17:00,-22.05
05/01/2020 17:30,-22.192
05/01/2020 18:00,-22.2085
05/01/2020 18:30,-22.3415
05/01/2020 19:00,-22.3585
05/01/2020 19:30,-22.5875
05/01/2020 20:00,-22.9125
05/01/2020 20:30,-23.0835
05/01/2020 21:00,-23.2585
05/01/2020 21:30,-23.5795
05/01/2020 22:00,-23.9875
05/01/2020 22:30,-24.221
05/01/2020 23:00,-24.254
05/01/2020 23:30,-25.0375
06/01/2020 00:00,-25.033
06/01/2020 00:30,-25.2835
06/01/2020 01:00,-25.371
06/01/2020 01:30,-25.546
06/01/2020 02:00,-25.475
06/01/2020 02:30,-25.65
06/01/2020 03:00,-25.692
06/01/2020 03:30,-25.792
06/01/2020 04:00,-25.817
06/01/2020 04:30,-25.9375
06/01/2020 05:00,-25.9625
06/01/2020 05:30,-26.1
06/01/2020 06:00,-26.1875
06/01/2020 06:30,-26.3915
06/01/2020 07:00,-26.496
06/01/2020 07:30,-26.7875
06/01/2020 08:00,-27.1375
06/01/2020 08:30,-27.496
06/01/2020 09:00,-27.721
06/01/2020 09:30,-28.142
06/01/2020 10:00,-28.554
06/01/2020 10:30,-29.254
06/01/2020 11:00,-29.1085
06/01/2020 11:30,-29.7585
06/01/2020 12:00,-30.15
06/01/2020 12:30,-30.446
06/01/2020 13:00,-30.475
06/01/2020 13:30,-30.917
06/01/2020 14:00,-30.8085
06/01/2020 14:30,-31.45
06/01/2020 15:00,-30.8545
06/01/2020 15:30,-31.025
06/01/2020 16:00,-31.0875
06/01/2020 16:30,-31.3455
06/01/2020 17:00,-31.408
06/01/2020 17:30,-31.6455
06/01/2020 18:00,-31.4955
06/01/2020 18:30,-31.9955
06/01/2020 19:00,-32.1125
06/01/2020 19:30,-32.554
06/01/2020 20:00,-32.996
06/01/2020 20:30,-33.521
06/01/2020 21:00,-33.4625
06/01/2020 21:30,-34.1795
06/01/2020 22:00,-34.4665
06/01/2020 22:30,-35.146
06/01/2020 23:00,-35.333
06/01/2020 23:30,-35.6665
07/01/2020 00:00,-35.5335
07/01/2020 00:30,-35.75
07/01/2020 01:00,-36.0455
07/01/2020 01:30,-36.2665
07/01/2020 02:00,-36.3
07/01/2020 02:30,-36.575
07/01/2020 03:00,-36.6375
07/01/2020 03:30,-36.8375
07/01/2020 04:00,-36.8665
07/01/2020 04:30,-37.125
07/01/2020 05:00,-37.3375
07/01/2020 05:30,-37.6
07/01/2020 06:00,-37.65
07/01/2020 06:30,-38.0415
07/01/2020 07:00,-38.2705
07/01/2020 07:30,-38.521
07/01/2020 08:00,-38.979
07/01/2020 08:30,-39.321
07/01/2020 09:00,-39.504
07/01/2020 09:30,-39.85
07/01/2020 10:00,-40.1455
07/01/2020 10:30,-40.579
07/01/2020 11:00,-40.867
07/01/2020 11:30,-41.275
07/01/2020 12:00,-41.4795
07/01/2020 12:30,-41.8
07/01/2020 13:00,-42.0915
07/01/2020 13:30,-42.4085
07/01/2020 14:00,-42.5875
07/01/2020 14:30,-42.85
07/01/2020 15:00,-42.9585
07/01/2020 15:30,-43.071
07/01/2020 16:00,-42.8545
07/01/2020 16:30,-42.1705
07/01/2020 17:00,-41.8205
07/01/2020 17:30,-42.2455
07/01/2020 18:00,-42.3205
07/01/2020 18:30,-42.758
07/01/2020 19:00,-43.1625
07/01/2020 19:30,-43.5875
07/01/2020 20:00,-43.854
07/01/2020 20:30,-43.996
07/01/2020 21:00,-44.4375
07/01/2020 21:30,-44.6335
07/01/2020 22:00,-45.05
07/01/2020 22:30,-45.5375
07/01/2020 23:00,-45.7455
07/01/2020 23:30,-46.354
08/01/2020 00:00,-46.7795
08/01/2020 00:30,-46.9665
08/01/2020 01:00,-47.008
08/01/2020 01:30,-47.3335
08/01/2020 02:00,-47.579
08/01/2020 02:30,-47.571
08/01/2020 03:00,-47.592
08/01/2020 03:30,-47.725
08/01/2020 04:00,-47.675
08/01/2020 04:30,-47.9
08/01/2020 05:00,-47.829
08/01/2020 05:30,-48.3
08/01/2020 06:00,-48.5
08/01/2020 06:30,-48.7665
08/01/2020 07:00,-48.921
08/01/2020 07:30,-49.2705
08/01/2020 08:00,-49.5665
08/01/2020 08:30,-49.75
08/01/2020 09:00,-49.979
08/01/2020 09:30,-50.154
08/01/2020 10:00,-50.467
08/01/2020 10:30,-50.9335
08/01/2020 11:00,-51.1955
08/01/2020 11:30,-51.696
08/01/2020 12:00,-52.0795
08/01/2020 12:30,-52.129
08/01/2020 13:00,-52.071
08/01/2020 13:30,-52.808
08/01/2020 14:00,-52.854
08/01/2020 14:30,-52.971
08/01/2020 15:00,-52.804
08/01/2020 15:30,-52.946
08/01/2020 16:00,-52.829
08/01/2020 16:30,-52.9125
08/01/2020 17:00,-52.7665
08/01/2020 17:30,-53.0335
08/01/2020 18:00,-52.921
08/01/2020 18:30,-53.6625
08/01/2020 19:00,-53.6625
08/01/2020 19:30,-54.1
08/01/2020 20:00,-54.1875
08/01/2020 20:30,-54.525
08/01/2020 21:00,-54.8125
08/01/2020 21:30,-54.9585
08/01/2020 22:00,-55.3415
08/01/2020 22:30,-56.2125
08/01/2020 23:00,-56.292
08/01/2020 23:30,-56.35
09/01/2020 00:00,-56.446
09/01/2020 00:30,-56.5375
09/01/2020 01:00,-56.4795
09/01/2020 01:30,-56.8125
09/01/2020 02:00,-56.7455
09/01/2020 02:30,-56.9625
09/01/2020 03:00,-56.9415
09/01/2020 03:30,-57.2085
09/01/2020 04:00,-57.2085
09/01/2020 04:30,-57.267
09/01/2020 05:00,-57.3415
09/01/2020 05:30,-57.5085
09/01/2020 06:00,-57.6165
09/01/2020 06:30,-58.0705
09/01/2020 07:00,-58.308
09/01/2020 07:30,-58.5955
09/01/2020 08:00,-58.754
09/01/2020 08:30,-59.0125
09/01/2020 09:00,-59.3375
09/01/2020 09:30,-59.421
09/01/2020 10:00,-59.6625
09/01/2020 10:30,-60.371
09/01/2020 11:00,-60.517
09/01/2020 11:30,-60.746
09/01/2020 12:00,-60.6665
09/01/2020 12:30,-60.929
09/01/2020 13:00,-61.1295
09/01/2020 13:30,-60.9125
09/01/2020 14:00,-60.9875
09/01/2020 14:30,-61.221
09/01/2020 15:00,-61.546
09/01/2020 15:30,-61.796
09/01/2020 16:00,-61.575
09/01/2020 16:30,-61.6335
09/01/2020 17:00,-61.525
09/01/2020 17:30,-61.3165
09/01/2020 18:00,-61.2205
09/01/2020 18:30,-61.571
09/01/2020 19:00,-61.5545
09/01/2020 19:30,-61.5295
09/01/2020 20:00,-61.442
09/01/2020 20:30,-61.642
09/01/2020 21:00,-61.3795
09/01/2020 21:30,-61.6125
09/01/2020 22:00,-61.642
09/01/2020 22:30,-61.7
09/01/2020 23:00,-61.85
09/01/2020 23:30,-61.9085
10/01/2020 00:00,-61.9795
10/01/2020 00:30,-61.9795
10/01/2020 01:00,-61.8625
10/01/2020 01:30,-62.2125
10/01/2020 02:00,-62.0085
10/01/2020 02:30,-62.267
10/01/2020 03:00,-62.3585
10/01/2020 03:30,-62.5295
10/01/2020 04:00,-62.5335
10/01/2020 04:30,-62.5585
10/01/2020 05:00,-62.471
10/01/2020 05:30,-62.446
10/01/2020 06:00,-62.65
10/01/2020 06:30,-63.033
10/01/2020 07:00,-63.267
10/01/2020 07:30,-63.442
10/01/2020 08:00,-63.7
10/01/2020 08:30,-64.517
10/01/2020 09:00,-64.692
10/01/2020 09:30,-65.508
10/01/2020 10:00,-65.383
10/01/2020 10:30,-66.2
10/01/2020 11:00,-66.142
10/01/2020 11:30,-67.358
10/01/2020 12:00,-67.825
10/01/2020 12:30,-67.892
10/01/2020 13:00,-68.633
10/01/2020 13:30,-68.7
10/01/2020 14:00,-68.967
10/01/2020 14:30,-67.275
10/01/2020 15:00,-64.633
10/01/2020 15:30,-64.508
10/01/2020 16:00,-64.392
10/01/2020 16:30,-63.817
10/01/2020 17:00,-63.75
10/01/2020 17:30,-63.933
10/01/2020 18:00,-62.942
10/01/2020 18:30,-63
10/01/2020 19:00,-62.617
10/01/2020 19:30,-62.45
10/01/2020 20:00,-62.208
10/01/2020 20:30,-62.033
10/01/2020 21:00,-61.742
10/01/2020 21:30,-61.567
10/01/2020 22:00,-61.275
10/01/2020 22:30,-60.875
10/01/2020 23:00,-60.575
10/01/2020 23:30,-60.475
11/01/2020 00:00,-60.4
11/01/2020 00:30,-60.4
11/01/2020 01:00,-60.15
11/01/2020 01:30,-59.825
11/01/2020 02:00,-59.642
11/01/2020 02:30,-59.792
11/01/2020 03:00,-59.617
11/01/2020 03:30,-59.467
11/01/2020 04:00,-59.5
11/01/2020 04:30,-59.4125
11/01/2020 05:00,-59.4625
11/01/2020 05:30,-59.825
11/01/2020 06:00,-59.583
11/01/2020 06:30,-59.533
11/01/2020 07:00,-59.842
11/01/2020 07:30,-60.117
11/01/2020 08:00,-60.142
11/01/2020 08:30,-60.842
11/01/2020 09:00,-60.675
11/01/2020 09:30,-60.967
11/01/2020 10:00,-61.258
11/01/2020 10:30,-61.358
11/01/2020 11:00,-61.133
11/01/2020 11:30,-61.425
11/01/2020 12:00,-61.567
11/01/2020 12:30,-61.942
11/01/2020 13:00,-62.033
11/01/2020 13:30,-62.2
11/01/2020 14:00,-62.442
11/01/2020 14:30,-63.342
11/01/2020 15:00,-62.7
11/01/2020 15:30,-60.642
11/01/2020 16:00,-59.742
11/01/2020 16:30,-59.546
11/01/2020 17:00,-59.521
11/01/2020 17:30,-59.4
11/01/2020 18:00,-59.475
11/01/2020 18:30,-59.6205
11/01/2020 19:00,-59.7335
11/01/2020 19:30,-59.85
11/01/2020 20:00,-59.954
11/01/2020 20:30,-60.3625
11/01/2020 21:00,-60.129
11/01/2020 21:30,-60.8835
11/01/2020 22:00,-61.025
11/01/2020 22:30,-61.3165
11/01/2020 23:00,-61.571
11/01/2020 23:30,-61.8045
12/01/2020 00:00,-61.8085
12/01/2020 00:30,-61.8875
12/01/2020 01:00,-61.771
12/01/2020 01:30,-61.879
12/01/2020 02:00,-61.8875
12/01/2020 02:30,-62.0375
12/01/2020 03:00,-62.0915
12/01/2020 03:30,-62.004
12/01/2020 04:00,-62.271
12/01/2020 04:30,-62.275
12/01/2020 05:00,-62.1125
12/01/2020 05:30,-62.3
12/01/2020 06:00,-62.2165
12/01/2020 06:30,-62.4205
12/01/2020 07:00,-62.7085
12/01/2020 07:30,-62.8
12/01/2020 08:00,-62.9205
12/01/2020 08:30,-63.35
12/01/2020 09:00,-63.371
12/01/2020 09:30,-63.9875
12/01/2020 10:00,-64.221
12/01/2020 10:30,-64.529
12/01/2020 11:00,-65.004
12/01/2020 11:30,-65.071
12/01/2020 12:00,-65.3045
12/01/2020 12:30,-65.608
12/01/2020 13:00,-65.4375
12/01/2020 13:30,-65.842
12/01/2020 14:00,-66.017
12/01/2020 14:30,-66.783
12/01/2020 15:00,-65.883
12/01/2020 15:30,-65.958
12/01/2020 16:00,-65.875
12/01/2020 16:30,-65.875
12/01/2020 17:00,-65.108
12/01/2020 17:30,-65.1955
12/01/2020 18:00,-65.1705
12/01/2020 18:30,-65.3295
12/01/2020 19:00,-65.4795
12/01/2020 19:30,-66.0085
12/01/2020 20:00,-66.0835
12/01/2020 20:30,-66.421
12/01/2020 21:00,-66.5665
12/01/2020 21:30,-66.804
12/01/2020 22:00,-67.1625
12/01/2020 22:30,-67.421
12/01/2020 23:00,-67.371
12/01/2020 23:30,-67.471
13/01/2020 00:00,-67.4915
13/01/2020 00:30,-67.4665
13/01/2020 01:00,-67.529
13/01/2020 01:30,-67.7085
13/01/2020 02:00,-67.8585
13/01/2020 02:30,-67.921
13/01/2020 03:00,-68.129
13/01/2020 03:30,-67.9705
13/01/2020 04:00,-67.9125
13/01/2020 04:30,-68.025
13/01/2020 05:00,-67.9705
13/01/2020 05:30,-68.175
13/01/2020 06:00,-68.208
13/01/2020 06:30,-68.6295
13/01/2020 07:00,-68.9375
13/01/2020 07:30,-69.1835
13/01/2020 08:00,-69.3085
13/01/2020 08:30,-69.575
13/01/2020 09:00,-69.8125
13/01/2020 09:30,-70.158
13/01/2020 10:00,-70.5835
13/01/2020 10:30,-70.8
13/01/2020 11:00,-70.6625
13/01/2020 11:30,-71.392
13/01/2020 12:00,-71.575
13/01/2020 12:30,-71.975
13/01/2020 13:00,-71.392
13/01/2020 13:30,-71.858
13/01/2020 14:00,-73.2
13/01/2020 14:30,-73.6
13/01/2020 15:00,-73.375
13/01/2020 15:30,-73.6
13/01/2020 16:00,-73.025
13/01/2020 16:30,-72.2
13/01/2020 17:00,-71.708
13/01/2020 17:30,-71.708
13/01/2020 18:00,-70.8415
13/01/2020 18:30,-71.167
13/01/2020 19:00,-71.4295
13/01/2020 19:30,-71.4335
13/01/2020 20:00,-71.1335
13/01/2020 20:30,-71.3835
13/01/2020 21:00,-71.371
13/01/2020 21:30,-71.546
13/01/2020 22:00,-71.2835
13/01/2020 22:30,-71.4085
13/01/2020 23:00,-71.4585
13/01/2020 23:30,-71.8085
14/01/2020 00:00,-71.7795
14/01/2020 00:30,-71.817
14/01/2020 01:00,-71.6625
14/01/2020 01:30,-71.8375
14/01/2020 02:00,-71.8085
14/01/2020 02:30,-71.896
14/01/2020 03:00,-71.8545
14/01/2020 03:30,-71.8835
14/01/2020 04:00,-71.725
14/01/2020 04:30,-71.871
14/01/2020 05:00,-71.696
14/01/2020 05:30,-71.8125
14/01/2020 06:00,-71.8
14/01/2020 06:30,-72.1045
14/01/2020 07:00,-72.542
14/01/2020 07:30,-73.267
14/01/2020 08:00,-73.492
14/01/2020 08:30,-74.192
14/01/2020 09:00,-74.842
14/01/2020 09:30,-75.308
14/01/2020 10:00,-75.85
14/01/2020 10:30,-76.592
14/01/2020 11:00,-76.842
14/01/2020 11:30,-77.083
14/01/2020 12:00,-77.225
14/01/2020 12:30,-77.517
14/01/2020 13:00,-77.517
14/01/2020 13:30,-77.858
14/01/2020 14:00,-77.625
14/01/2020 14:30,-79.2
14/01/2020 15:00,-78.567
14/01/2020 15:30,-78.442
14/01/2020 16:00,-77.342
14/01/2020 16:30,-75.875
14/01/2020 17:00,-76.525
14/01/2020 17:30,-75.033
14/01/2020 18:00,-75.508
14/01/2020 18:30,-76.458
14/01/2020 19:00,-75.425
14/01/2020 19:30,-72.142
14/01/2020 20:00,-70.275
14/01/2020 20:30,-68.7
14/01/2020 21:00,-67.375
14/01/2020 21:30,-66.433
14/01/2020 22:00,-64.675
14/01/2020 22:30,-63.525
14/01/2020 23:00,-61.892
14/01/2020 23:30,-60.008
15/01/2020 00:00,-58.85
15/01/2020 00:30,-56.692
15/01/2020 01:00,-55.108
15/01/2020 01:30,-53.883
15/01/2020 02:00,-52.267
15/01/2020 02:30,-51.033
15/01/2020 03:00,-50.15
15/01/2020 03:30,-49.517
15/01/2020 04:00,-49.167
15/01/2020 04:30,-48.283
15/01/2020 05:00,-47.35
15/01/2020 05:30,-47.058
15/01/2020 06:00,-46.492
15/01/2020 06:30,-46.575
15/01/2020 07:00,-46.271
15/01/2020 07:30,-45.979
15/01/2020 08:00,-45.933
15/01/2020 08:30,-46.11025
15/01/2020 09:00,-45.9375
15/01/2020 09:30,-45.9895
15/01/2020 10:00,-45.954
15/01/2020 10:30,-45.956
15/01/2020 11:00,-45.929
15/01/2020 11:30,-46.204
15/01/2020 12:00,-46.1
15/01/2020 12:30,-46.34975
15/01/2020 13:00,-46.254
15/01/2020 13:30,-46.39175
15/01/2020 14:00,-46.392
15/01/2020 14:30,-46.61075
15/01/2020 15:00,-46.692
15/01/2020 15:30,-46.794
15/01/2020 16:00,-46.804
15/01/2020 16:30,-46.931
15/01/2020 17:00,-47.0375
15/01/2020 17:30,-47.21875
15/01/2020 18:00,-47.1665
15/01/2020 18:30,-47.379
15/01/2020 19:00,-47.179
15/01/2020 19:30,-47.506
15/01/2020 20:00,-47.304
15/01/2020 20:30,-47.77475
15/01/2020 21:00,-47.8705
15/01/2020 21:30,-48.2
15/01/2020 22:00,-48.033
15/01/2020 22:30,-48.0875
15/01/2020 23:00,-48.5
15/01/2020 23:30,-
16/01/2020 00:00,-
16/01/2020 00:30,-
16/01/2020 01:00,-
16/01/2020 01:30,-
16/01/2020 02:00,-
16/01/2020 02:30,-
16/01/2020 03:00,-
16/01/2020 03:30,-
16/01/2020 04:00,-
16/01/2020 04:30,-
16/01/2020 05:00,-
16/01/2020 05:30,-
16/01/2020 06:00,-
16/01/2020 06:30,-
16/01/2020 07:00,-
16/01/2020 07:30,-
16/01/2020 08:00,-
16/01/2020 08:30,-
16/01/2020 09:00,-
16/01/2020 09:30,-
16/01/2020 10:00,-
16/01/2020 10:30,-
16/01/2020 11:00,-
16/01/2020 11:30,-
16/01/2020 12:00,-
16/01/2020 12:30,-
16/01/2020 13:00,-
16/01/2020 13:30,-
16/01/2020 14:00,-
16/01/2020 14:30,-
16/01/2020 15:00,-
16/01/2020 15:30,-
16/01/2020 16:00,-
16/01/2020 16:30,-
16/01/2020 17:00,-
16/01/2020 17:30,-
16/01/2020 18:00,-
16/01/2020 18:30,-
16/01/2020 19:00,-
16/01/2020 19:30,-
16/01/2020 20:00,-
16/01/2020 20:30,-
16/01/2020 21:00,-
16/01/2020 21:30,-
16/01/2020 22:00,-
16/01/2020 22:30,-
16/01/2020 23:00,-
16/01/2020 23:30,-
17/01/2020 00:00,-
17/01/2020 00:30,-
17/01/2020 01:00,-
17/01/2020 01:30,-
17/01/2020 02:00,-
17/01/2020 02:30,-
17/01/2020 03:00,-
17/01/2020 03:30,-
17/01/2020 04:00,-
17/01/2020 04:30,-
17/01/2020 05:00,-
17/01/2020 05:30,-
17/01/2020 06:00,-
17/01/2020 06:30,-
17/01/2020 07:00,-
17/01/2020 07:30,-
17/01/2020 08:00,-
17/01/2020 08:30,-
17/01/2020 09:00,-
17/01/2020 09:30,-
17/01/2020 10:00,-
17/01/2020 10:30,-
17/01/2020 11:00,-
17/01/2020 11:30,-
17/01/2020 12:00,-
17/01/2020 12:30,-
17/01/2020 13:00,-
17/01/2020 13:30,-
17/01/2020 14:00,-
17/01/2020 14:30,-
17/01/2020 15:00,-
17/01/2020 15:30,-
17/01/2020 16:00,-
17/01/2020 16:30,-
17/01/2020 17:00,-
17/01/2020 17:30,-
17/01/2020 18:00,-
17/01/2020 18:30,-
17/01/2020 19:00,-
17/01/2020 19:30,-
17/01/2020 20:00,-
17/01/2020 20:30,-
17/01/2020 21:00,-
17/01/2020 21:30,-
17/01/2020 22:00,-
17/01/2020 22:30,-
17/01/2020 23:00,-
17/01/2020 23:30,-
18/01/2020 00:00,-
18/01/2020 00:30,-
18/01/2020 01:00,-
18/01/2020 01:30,-
18/01/2020 02:00,-
18/01/2020 02:30,-
18/01/2020 03:00,-
18/01/2020 03:30,-
18/01/2020 04:00,-
18/01/2020 04:30,-
18/01/2020 05:00,-
18/01/2020 05:30,-
18/01/2020 06:00,-
18/01/2020 06:30,-
18/01/2020 07:00,-
18/01/2020 07:30,-
18/01/2020 08:00,-
18/01/2020 08:30,-
18/01/2020 09:00,-
18/01/2020 09:30,-
18/01/2020 10:00,-
18/01/2020 10:30,-
18/01/2020 11:00,-
18/01/2020 11:30,-
18/01/2020 12:00,-
18/01/2020 12:30,-
18/01/2020 13:00,-
18/01/2020 13:30,-
18/01/2020 14:00,-
18/01/2020 14:30,-
18/01/2020 15:00,-
18/01/2020 15:30,-
18/01/2020 16:00,-
18/01/2020 16:30,-
18/01/2020 17:00,-
18/01/2020 17:30,-
18/01/2020 18:00,-
18/01/2020 18:30,-
18/01/2020 19:00,-
18/01/2020 19:30,-
18/01/2020 20:00,-
18/01/2020 20:30,-
18/01/2020 21:00,-
18/01/2020 21:30,-
18/01/2020 22:00,-
18/01/2020 22:30,-
18/01/2020 23:00,-
18/01/2020 23:30,-
19/01/2020 00:00,-
19/01/2020 00:30,-
19/01/2020 01:00,-
19/01/2020 01:30,-
19/01/2020 02:00,-
19/01/2020 02:30,-
19/01/2020 03:00,-
19/01/2020 03:30,-
19/01/2020 04:00,-
19/01/2020 04:30,-
19/01/2020 05:00,-
19/01/2020 05:30,-
19/01/2020 06:00,-
19/01/2020 06:30,-
19/01/2020 07:00,-
19/01/2020 07:30,-
19/01/2020 08:00,-
19/01/2020 08:30,-
19/01/2020 09:00,-
19/01/2020 09:30,-
19/01/2020 10:00,-
19/01/2020 10:30,-
19/01/2020 11:00,-
19/01/2020 11:30,-
19/01/2020 12:00,-
19/01/2020 12:30,-
19/01/2020 13:00,-
19/01/2020 13:30,-
19/01/2020 14:00,-
19/01/2020 14:30,-
19/01/2020 15:00,-
19/01/2020 15:30,-
19/01/2020 16:00,-
19/01/2020 16:30,-
19/01/2020 17:00,-
19/01/2020 17:30,-
19/01/2020 18:00,-
19/01/2020 18:30,-
19/01/2020 19:00,-
19/01/2020 19:30,-
19/01/2020 20:00,-
19/01/2020 20:30,-
19/01/2020 21:00,-
19/01/2020 21:30,-
19/01/2020 22:00,-
19/01/2020 22:30,-
19/01/2020 23:00,-
19/01/2020 23:30,-
20/01/2020 00:00,-
20/01/2020 00:30,-
20/01/2020 01:00,-
20/01/2020 01:30,-
20/01/2020 02:00,-
20/01/2020 02:30,-
20/01/2020 03:00,-
20/01/2020 03:30,-
20/01/2020 04:00,-
20/01/2020 04:30,-
20/01/2020 05:00,-
20/01/2020 05:30,-
20/01/2020 06:00,-
20/01/2020 06:30,-
20/01/2020 07:00,-
20/01/2020 07:30,-
20/01/2020 08:00,-
20/01/2020 08:30,-
20/01/2020 09:00,-
20/01/2020 09:30,-
20/01/2020 10:00,-
20/01/2020 10:30,-
20/01/2020 11:00,-
20/01/2020 11:30,-
20/01/2020 12:00,-
20/01/2020 12:30,-
20/01/2020 13:00,-
20/01/2020 13:30,-
20/01/2020 14:00,-
20/01/2020 14:30,-
20/01/2020 15:00,-
20/01/2020 15:30,-
20/01/2020 16:00,-
20/01/2020 16:30,-
20/01/2020 17:00,-
20/01/2020 17:30,-
20/01/2020 18:00,-
20/01/2020 18:30,-
20/01/2020 19:00,-
20/01/2020 19:30,-
20/01/2020 20:00,-
20/01/2020 20:30,-
20/01/2020 21:00,-
20/01/2020 21:30,-
20/01/2020 22:00,-
20/01/2020 22:30,-
20/01/2020 23:00,-
20/01/2020 23:30,-
21/01/2020 00:00,-
21/01/2020 00:30,-
21/01/2020 01:00,-
21/01/2020 01:30,-
21/01/2020 02:00,-
21/01/2020 02:30,-
21/01/2020 03:00,-
21/01/2020 03:30,-
21/01/2020 04:00,-
21/01/2020 04:30,-
21/01/2020 05:00,-
21/01/2020 05:30,-
21/01/2020 06:00,-
21/01/2020 06:30,-
21/01/2020 07:00,-
21/01/2020 07:30,-
21/01/2020 08:00,-
21/01/2020 08:30,-
21/01/2020 09:00,-
21/01/2020 09:30,-
21/01/2020 10:00,-
21/01/2020 10:30,-
21/01/2020 11:00,-
21/01/2020 11:30,-
21/01/2020 12:00,-
21/01/2020 12:30,-
21/01/2020 13:00,-
21/01/2020 13:30,-
21/01/2020 14:00,-
21/01/2020 14:30,-
21/01/2020 15:00,-
21/01/2020 15:30,-
21/01/2020 16:00,-
21/01/2020 16:30,-
21/01/2020 17:00,-
21/01/2020 17:30,-
21/01/2020 18:00,-
21/01/2020 18:30,-
21/01/2020 19:00,-
21/01/2020 19:30,-
21/01/2020 20:00,-
21/01/2020 20:30,-
21/01/2020 21:00,-
21/01/2020 21:30,-
21/01/2020 22:00,-
21/01/2020 22:30,-
21/01/2020 23:00,-
21/01/2020 23:30,-
22/01/2020 00:00,-
22/01/2020 00:30,-
22/01/2020 01:00,-
22/01/2020 01:30,-
22/01/2020 02:00,-
22/01/2020 02:30,-
22/01/2020 03:00,-
22/01/2020 03:30,-
22/01/2020 04:00,-
22/01/2020 04:30,-
22/01/2020 05:00,-
22/01/2020 05:30,-
22/01/2020 06:00,-
22/01/2020 06:30,-
22/01/2020 07:00,-
22/01/2020 07:30,-
22/01/2020 08:00,-
22/01/2020 08:30,-
22/01/2020 09:00,-
22/01/2020 09:30,-
22/01/2020 10:00,-
22/01/2020 10:30,-
22/01/2020 11:00,-
22/01/2020 11:30,-
22/01/2020 12:00,-
22/01/2020 12:30,-
22/01/2020 13:00,-
22/01/2020 13:30,-
22/01/2020 14:00,-
22/01/2020 14:30,-
22/01/2020 15:00,-
22/01/2020 15:30,-
22/01/2020 16:00,-
22/01/2020 16:30,-
22/01/2020 17:00,-
22/01/2020 17:30,-
22/01/2020 18:00,-
22/01/2020 18:30,-
22/01/2020 19:00,-
22/01/2020 19:30,-
22/01/2020 20:00,-
22/01/2020 20:30,-
22/01/2020 21:00,-
22/01/2020 21:30,-
22/01/2020 22:00,-
22/01/2020 22:30,-
22/01/2020 23:00,-
22/01/2020 23:30,-
23/01/2020 00:00,-
23/01/2020 00:30,-
23/01/2020 01:00,-
23/01/2020 01:30,-
23/01/2020 02:00,-
23/01/2020 02:30,-
23/01/2020 03:00,-
23/01/2020 03:30,-
23/01/2020 04:00,-
23/01/2020 04:30,-
23/01/2020 05:00,-
23/01/2020 05:30,-
23/01/2020 06:00,-
23/01/2020 06:30,-
23/01/2020 07:00,-
23/01/2020 07:30,-
23/01/2020 08:00,-
23/01/2020 08:30,-
23/01/2020 09:00,-
23/01/2020 09:30,-
23/01/2020 10:00,-
23/01/2020 10:30,-
23/01/2020 11:00,-
23/01/2020 11:30,-
23/01/2020 12:00,-
23/01/2020 12:30,-
23/01/2020 13:00,-
23/01/2020 13:30,-
23/01/2020 14:00,-
23/01/2020 14:30,-
23/01/2020 15:00,-
23/01/2020 15:30,-
23/01/2020 16:00,-
23/01/2020 16:30,-
23/01/2020 17:00,-
23/01/2020 17:30,-
23/01/2020 18:00,-
23/01/2020 18:30,-
23/01/2020 19:00,-
23/01/2020 19:30,-
23/01/2020 20:00,-
23/01/2020 20:30,-
23/01/2020 21:00,-
23/01/2020 21:30,-
23/01/2020 22:00,-
23/01/2020 22:30,-
23/01/2020 23:00,-
23/01/2020 23:30,-
24/01/2020 00:00,-
24/01/2020 00:30,-
24/01/2020 01:00,-
24/01/2020 01:30,-
24/01/2020 02:00,-
24/01/2020 02:30,-
24/01/2020 03:00,-
24/01/2020 03:30,-
24/01/2020 04:00,-
24/01/2020 04:30,-
24/01/2020 05:00,-
24/01/2020 05:30,-
24/01/2020 06:00,-
24/01/2020 06:30,-
24/01/2020 07:00,-
24/01/2020 07:30,-
24/01/2020 08:00,-
24/01/2020 08:30,-
24/01/2020 09:00,-
24/01/2020 09:30,-
24/01/2020 10:00,-
24/01/2020 10:30,-
24/01/2020 11:00,-
24/01/2020 11:30,-
24/01/2020 12:00,-
24/01/2020 12:30,-
24/01/2020 13:00,-
24/01/2020 13:30,-
24/01/2020 14:00,-
24/01/2020 14:30,-
24/01/2020 15:00,-
24/01/2020 15:30,-
24/01/2020 16:00,-
24/01/2020 16:30,-
24/01/2020 17:00,-
24/01/2020 17:30,-
24/01/2020 18:00,-
24/01/2020 18:30,-
24/01/2020 19:00,-
24/01/2020 19:30,-
24/01/2020 20:00,-
24/01/2020 20:30,-
24/01/2020 21:00,-
24/01/2020 21:30,-
24/01/2020 22:00,-
24/01/2020 22:30,-
24/01/2020 23:00,-
24/01/2020 23:30,-
25/01/2020 00:00,-
25/01/2020 00:30,-
25/01/2020 01:00,-
25/01/2020 01:30,-
25/01/2020 02:00,-
25/01/2020 02:30,-
25/01/2020 03:00,-
25/01/2020 03:30,-
25/01/2020 04:00,-
25/01/2020 04:30,-
25/01/2020 05:00,-
25/01/2020 05:30,-
25/01/2020 06:00,-
25/01/2020 06:30,-
25/01/2020 07:00,-
25/01/2020 07:30,-
25/01/2020 08:00,-
25/01/2020 08:30,-
25/01/2020 09:00,-
25/01/2020 09:30,-
25/01/2020 10:00,-
25/01/2020 10:30,-
25/01/2020 11:00,-
25/01/2020 11:30,-
25/01/2020 12:00,-
25/01/2020 12:30,-
25/01/2020 13:00,-
25/01/2020 13:30,-
25/01/2020 14:00,-
25/01/2020 14:30,-
25/01/2020 15:00,-
25/01/2020 15:30,-
25/01/2020 16:00,-
25/01/2020 16:30,-
25/01/2020 17:00,-
25/01/2020 17:30,-
25/01/2020 18:00,-
25/01/2020 18:30,-
25/01/2020 19:00,-
25/01/2020 19:30,-
25/01/2020 20:00,-
25/01/2020 20:30,-
25/01/2020 21:00,-
25/01/2020 21:30,-
25/01/2020 22:00,-
25/01/2020 22:30,-
25/01/2020 23:00,-
25/01/2020 23:30,-
26/01/2020 00:00,-
26/01/2020 00:30,-
26/01/2020 01:00,-
26/01/2020 01:30,-
26/01/2020 02:00,-
26/01/2020 02:30,-
26/01/2020 03:00,-
26/01/2020 03:30,-
26/01/2020 04:00,-
26/01/2020 04:30,-
26/01/2020 05:00,-
26/01/2020 05:30,-
26/01/2020 06:00,-
26/01/2020 06:30,-
