Day,Daily Rainfall (mm)
22/08/2019 00:00,0
23/08/2019 00:00,0
24/08/2019 00:00,1.063066996
25/08/2019 00:00,0
26/08/2019 00:00,1.417422661
27/08/2019 00:00,1.063066996
28/08/2019 00:00,0
29/08/2019 00:00,0
30/08/2019 00:00,0
31/08/2019 00:00,0
01/09/2019 00:00,0
02/09/2019 00:00,0
03/09/2019 00:00,0
04/09/2019 00:00,0
05/09/2019 00:00,0
06/09/2019 00:00,0
07/09/2019 00:00,0
08/09/2019 00:00,0
09/09/2019 00:00,0
10/09/2019 00:00,0
11/09/2019 00:00,0
12/09/2019 00:00,0
13/09/2019 00:00,0
14/09/2019 00:00,0
15/09/2019 00:00,0
16/09/2019 00:00,0
17/09/2019 00:00,0
18/09/2019 00:00,0
19/09/2019 00:00,0
20/09/2019 00:00,0
21/09/2019 00:00,0
22/09/2019 00:00,0
23/09/2019 00:00,0
24/09/2019 00:00,0
25/09/2019 00:00,3.543556652
26/09/2019 00:00,0
27/09/2019 00:00,6.732757638
28/09/2019 00:00,0
29/09/2019 00:00,0
30/09/2019 00:00,3.897912317
01/10/2019 00:00,0
02/10/2019 00:00,2.834845321
03/10/2019 00:00,0
04/10/2019 00:00,1.771778326
05/10/2019 00:00,0
06/10/2019 00:00,3.543556652
07/10/2019 00:00,0
08/10/2019 00:00,0
09/10/2019 00:00,0
10/10/2019 00:00,0
11/10/2019 00:00,0
12/10/2019 00:00,0.354355665
13/10/2019 00:00,0
14/10/2019 00:00,0
15/10/2019 00:00,0.70871133
16/10/2019 00:00,0.70871133
17/10/2019 00:00,4.960979312
18/10/2019 00:00,0
19/10/2019 00:00,1.063066996
20/10/2019 00:00,0
21/10/2019 00:00,3.897912317
22/10/2019 00:00,0
23/10/2019 00:00,0
24/10/2019 00:00,0
25/10/2019 00:00,0
26/10/2019 00:00,6.732757638
27/10/2019 00:00,0
28/10/2019 00:00,0
29/10/2019 00:00,0
30/10/2019 00:00,0
31/10/2019 00:00,6.378401973
01/11/2019 00:00,14.52858227
02/11/2019 00:00,0
03/11/2019 00:00,0
04/11/2019 00:00,0
05/11/2019 00:00,0.354355665
06/11/2019 00:00,0
07/11/2019 00:00,0
08/11/2019 00:00,0
09/11/2019 00:00,2.126133991
10/11/2019 00:00,0
11/11/2019 00:00,19.48956158
12/11/2019 00:00,0
13/11/2019 00:00,0
14/11/2019 00:00,74.41468969
15/11/2019 00:00,0
16/11/2019 00:00,0
17/11/2019 00:00,0
18/11/2019 00:00,3.189200987
19/11/2019 00:00,0
20/11/2019 00:00,1.417422661
21/11/2019 00:00,6.732757638
22/11/2019 00:00,0.354355665
23/11/2019 00:00,52.09028278
24/11/2019 00:00,9.921958625
25/11/2019 00:00,0
26/11/2019 00:00,0
27/11/2019 00:00,0
28/11/2019 00:00,31.18329853
29/11/2019 00:00,0
30/11/2019 00:00,0
01/12/2019 00:00,0.70871133
02/12/2019 00:00,11.33938129
03/12/2019 00:00,0.354355665
04/12/2019 00:00,0.70871133
05/12/2019 00:00,0
06/12/2019 00:00,0
07/12/2019 00:00,2.126133991
08/12/2019 00:00,3.189200987
09/12/2019 00:00,1.063066996
10/12/2019 00:00,1.417422661
11/12/2019 00:00,6.024046308
12/12/2019 00:00,4.252267982
13/12/2019 00:00,0
14/12/2019 00:00,0
15/12/2019 00:00,31.89200987
16/12/2019 00:00,0.70871133
17/12/2019 00:00,4.606623647
18/12/2019 00:00,16.3003606
19/12/2019 00:00,9.56760296
20/12/2019 00:00,0
21/12/2019 00:00,4.960979312
22/12/2019 00:00,18.78085025
23/12/2019 00:00,4.252267982
24/12/2019 00:00,0
25/12/2019 00:00,7.795824634
26/12/2019 00:00,1.063066996
27/12/2019 00:00,0
28/12/2019 00:00,6.024046308
29/12/2019 00:00,10.98502562
30/12/2019 00:00,10.27631429
31/12/2019 00:00,0
01/01/2020 00:00,0
02/01/2020 00:00,85.39971531
03/01/2020 00:00,3.897912317
04/01/2020 00:00,22.32440691
05/01/2020 00:00,32.24636553
06/01/2020 00:00,0
07/01/2020 00:00,1.771778326
08/01/2020 00:00,0
09/01/2020 00:00,0
10/01/2020 00:00,12.75680395
11/01/2020 00:00,6.378401973
12/01/2020 00:00,0
13/01/2020 00:00,0
14/01/2020 00:00,17.00907193
15/01/2020 00:00,6.732757638
16/01/2020 00:00,0
17/01/2020 00:00,0.70871133
22/08/2019 12:28,0
22/08/2019 12:33,0
22/08/2019 12:38,0
22/08/2019 12:43,0
22/08/2019 12:48,0
22/08/2019 12:53,0
22/08/2019 12:58,0
22/08/2019 13:03,0
22/08/2019 13:08,0
22/08/2019 13:13,0
22/08/2019 13:18,0
22/08/2019 13:23,0
22/08/2019 13:28,0
22/08/2019 13:33,0
22/08/2019 13:38,0
22/08/2019 13:43,0
22/08/2019 13:48,0
22/08/2019 13:53,0
22/08/2019 13:58,0
22/08/2019 14:03,0
22/08/2019 14:08,0
22/08/2019 14:13,0
22/08/2019 14:18,0
22/08/2019 14:23,0
22/08/2019 14:28,0
22/08/2019 14:33,0
22/08/2019 14:38,0
22/08/2019 14:43,0
22/08/2019 14:48,0
22/08/2019 14:53,0
22/08/2019 14:58,0
22/08/2019 15:03,0
22/08/2019 15:08,0
22/08/2019 15:13,0
22/08/2019 15:18,0
22/08/2019 15:23,0
22/08/2019 15:28,0
22/08/2019 15:33,0
22/08/2019 15:38,0
22/08/2019 15:43,0
22/08/2019 15:48,0
22/08/2019 15:53,0
22/08/2019 15:58,0
22/08/2019 16:03,0
22/08/2019 16:08,0
22/08/2019 16:13,0
22/08/2019 16:18,0
22/08/2019 16:23,0
22/08/2019 16:28,0
22/08/2019 16:33,0
22/08/2019 16:38,0
22/08/2019 16:43,0
22/08/2019 16:48,0
22/08/2019 16:53,0
22/08/2019 16:58,0
22/08/2019 17:03,0
22/08/2019 17:08,0
22/08/2019 17:13,0
22/08/2019 17:18,0
22/08/2019 17:23,0
22/08/2019 17:28,0
22/08/2019 17:33,0
22/08/2019 17:38,0
22/08/2019 17:43,0
22/08/2019 17:48,0
22/08/2019 17:53,0
22/08/2019 17:58,0
22/08/2019 18:03,0
22/08/2019 18:08,0
22/08/2019 18:13,0
22/08/2019 18:18,0
22/08/2019 18:23,0
22/08/2019 18:28,0
22/08/2019 18:33,0
22/08/2019 18:38,0
22/08/2019 18:43,0
22/08/2019 18:48,0
22/08/2019 18:53,0
22/08/2019 18:58,0
22/08/2019 19:03,0
22/08/2019 19:08,0
22/08/2019 19:13,0
22/08/2019 19:18,0
22/08/2019 19:23,0
22/08/2019 19:28,0
22/08/2019 19:33,0
22/08/2019 19:38,0
22/08/2019 19:43,0
22/08/2019 19:48,0
22/08/2019 19:53,0
22/08/2019 19:58,0
22/08/2019 20:03,0
22/08/2019 20:08,0
22/08/2019 20:13,0
22/08/2019 20:18,0
22/08/2019 20:23,0
22/08/2019 20:28,0
22/08/2019 20:33,0
22/08/2019 20:38,0
22/08/2019 20:43,0
22/08/2019 20:48,0
22/08/2019 20:53,0
22/08/2019 20:58,0
22/08/2019 21:03,0
22/08/2019 21:08,0
22/08/2019 21:13,0
22/08/2019 21:18,0
22/08/2019 21:23,0
22/08/2019 21:28,0
22/08/2019 21:33,0
22/08/2019 21:38,0
22/08/2019 21:43,0
22/08/2019 21:48,0
22/08/2019 21:53,0
22/08/2019 21:58,0
22/08/2019 22:03,0
22/08/2019 22:08,0
22/08/2019 22:13,0
22/08/2019 22:18,0
22/08/2019 22:23,0
22/08/2019 22:28,0
22/08/2019 22:33,0
22/08/2019 22:38,0
22/08/2019 22:43,0
22/08/2019 22:48,0
22/08/2019 22:53,0
22/08/2019 22:58,0
22/08/2019 23:03,0
22/08/2019 23:08,0
22/08/2019 23:13,0
22/08/2019 23:18,0
22/08/2019 23:23,0
22/08/2019 23:28,0
22/08/2019 23:33,0
22/08/2019 23:38,0
22/08/2019 23:43,0
22/08/2019 23:48,0
22/08/2019 23:53,0
22/08/2019 23:58,0
23/08/2019 00:03,0
23/08/2019 00:08,0
23/08/2019 00:13,0
23/08/2019 00:18,0
23/08/2019 00:23,0
23/08/2019 00:28,0
23/08/2019 00:33,0
23/08/2019 00:38,0
23/08/2019 00:43,0
23/08/2019 00:48,0
23/08/2019 00:53,0
23/08/2019 00:58,0
23/08/2019 01:03,0
23/08/2019 01:08,0
23/08/2019 01:13,0
23/08/2019 01:18,0
23/08/2019 01:23,0
23/08/2019 01:28,0
23/08/2019 01:33,0
23/08/2019 01:38,0
23/08/2019 01:43,0
23/08/2019 01:48,0
23/08/2019 01:53,0
23/08/2019 01:58,0
23/08/2019 02:03,0
23/08/2019 02:08,0
23/08/2019 02:13,0
23/08/2019 02:18,0
23/08/2019 02:23,0
23/08/2019 02:28,0
23/08/2019 02:33,0
23/08/2019 02:38,0
23/08/2019 02:43,0
23/08/2019 02:48,0
23/08/2019 02:53,0
23/08/2019 02:58,0
23/08/2019 03:03,0
23/08/2019 03:08,0
23/08/2019 03:13,0
23/08/2019 03:18,0
23/08/2019 03:23,0
23/08/2019 03:28,0
23/08/2019 03:33,0
23/08/2019 03:38,0
23/08/2019 03:43,0
23/08/2019 03:48,0
23/08/2019 03:53,0
23/08/2019 03:58,0
23/08/2019 04:03,0
23/08/2019 04:08,0
23/08/2019 04:13,0
23/08/2019 04:18,0
23/08/2019 04:23,0
23/08/2019 04:28,0
23/08/2019 04:33,0
23/08/2019 04:38,0
23/08/2019 04:43,0
23/08/2019 04:48,0
23/08/2019 04:53,0
23/08/2019 04:58,0
23/08/2019 05:03,0
23/08/2019 05:08,0
23/08/2019 05:13,0
23/08/2019 05:18,0
23/08/2019 05:23,0
23/08/2019 05:28,0
23/08/2019 05:33,0
23/08/2019 05:38,0
23/08/2019 05:43,0
23/08/2019 05:48,0
23/08/2019 05:53,0
23/08/2019 05:58,0
23/08/2019 06:03,0
23/08/2019 06:08,0
23/08/2019 06:13,0
23/08/2019 06:18,0
23/08/2019 06:23,0
23/08/2019 06:28,0
23/08/2019 06:33,0
23/08/2019 06:38,0
23/08/2019 06:43,0
23/08/2019 06:48,0
23/08/2019 06:53,0
23/08/2019 06:58,0
23/08/2019 07:03,0
23/08/2019 07:08,0
23/08/2019 07:13,0
23/08/2019 07:18,0
23/08/2019 07:23,0
23/08/2019 07:28,0
23/08/2019 07:33,0
23/08/2019 07:38,0
23/08/2019 07:43,0
23/08/2019 07:48,0
23/08/2019 07:53,0
23/08/2019 07:58,0
23/08/2019 08:03,0
23/08/2019 08:08,0
23/08/2019 08:13,0
23/08/2019 08:18,0
23/08/2019 08:23,0
23/08/2019 08:28,0
23/08/2019 08:33,0
23/08/2019 08:38,0
23/08/2019 08:43,0
23/08/2019 08:48,0
23/08/2019 08:53,0
23/08/2019 08:58,0
23/08/2019 09:03,0
23/08/2019 09:08,0
23/08/2019 09:13,0
23/08/2019 09:18,0
23/08/2019 09:23,0
23/08/2019 09:28,0
23/08/2019 09:33,0
23/08/2019 09:38,0
23/08/2019 09:43,0
23/08/2019 09:48,0
23/08/2019 09:53,0
23/08/2019 09:58,0
23/08/2019 10:03,0
23/08/2019 10:08,0
23/08/2019 10:13,0
23/08/2019 10:18,0
23/08/2019 10:23,0
23/08/2019 10:28,0
23/08/2019 10:33,0
23/08/2019 10:38,0
23/08/2019 10:43,0
23/08/2019 10:48,0
23/08/2019 10:53,0
23/08/2019 10:58,0
23/08/2019 11:03,0
23/08/2019 11:08,0
23/08/2019 11:13,0
23/08/2019 11:18,0
23/08/2019 11:23,0
23/08/2019 11:28,0
23/08/2019 11:33,0
23/08/2019 11:38,0
23/08/2019 11:43,0
23/08/2019 11:48,0
23/08/2019 11:53,0
23/08/2019 11:58,0
23/08/2019 12:03,0
23/08/2019 12:08,0
23/08/2019 12:13,0
23/08/2019 12:18,0
23/08/2019 12:23,0
23/08/2019 12:28,0
23/08/2019 12:33,0
23/08/2019 12:38,0
23/08/2019 12:43,0
23/08/2019 12:48,0
23/08/2019 12:53,0
23/08/2019 12:58,0
23/08/2019 13:03,0
23/08/2019 13:08,0
23/08/2019 13:13,0
23/08/2019 13:18,0
23/08/2019 13:23,0
23/08/2019 13:28,0
23/08/2019 13:33,0
23/08/2019 13:38,0
23/08/2019 13:43,0
23/08/2019 13:48,0
23/08/2019 13:53,0
23/08/2019 13:58,0
23/08/2019 14:03,0
23/08/2019 14:08,0
23/08/2019 14:13,0
23/08/2019 14:18,0
23/08/2019 14:23,0
23/08/2019 14:28,0
23/08/2019 14:33,0
23/08/2019 14:38,0
23/08/2019 14:43,0
23/08/2019 14:48,0
23/08/2019 14:53,0
23/08/2019 14:58,0
23/08/2019 15:03,0
23/08/2019 15:08,0
23/08/2019 15:13,0
23/08/2019 15:18,0
23/08/2019 15:23,0
23/08/2019 15:28,0
23/08/2019 15:33,0
23/08/2019 15:38,0
23/08/2019 15:43,0
23/08/2019 15:48,0
23/08/2019 15:53,0
23/08/2019 15:58,0
23/08/2019 16:03,0
23/08/2019 16:08,0
23/08/2019 16:13,0
23/08/2019 16:18,0
23/08/2019 16:23,0
23/08/2019 16:28,0
23/08/2019 16:33,0
23/08/2019 16:38,0
23/08/2019 16:43,0
23/08/2019 16:48,0
23/08/2019 16:53,0
23/08/2019 16:58,0
23/08/2019 17:03,0
23/08/2019 17:08,0
23/08/2019 17:13,0
23/08/2019 17:18,0
23/08/2019 17:23,0
23/08/2019 17:28,0
23/08/2019 17:33,0
23/08/2019 17:38,0
23/08/2019 17:43,0
23/08/2019 17:48,0
23/08/2019 17:53,0
23/08/2019 17:58,0
23/08/2019 18:03,0
23/08/2019 18:08,0
23/08/2019 18:13,0
23/08/2019 18:18,0
23/08/2019 18:23,0
23/08/2019 18:28,0
23/08/2019 18:33,0
23/08/2019 18:38,0
23/08/2019 18:43,0
23/08/2019 18:48,0
23/08/2019 18:53,0
23/08/2019 18:58,0
23/08/2019 19:03,0
23/08/2019 19:08,0
23/08/2019 19:13,0
23/08/2019 19:18,0
23/08/2019 19:23,0
23/08/2019 19:28,0
23/08/2019 19:33,0
23/08/2019 19:38,0
23/08/2019 19:43,0
23/08/2019 19:48,0
23/08/2019 19:53,0
23/08/2019 19:58,0
23/08/2019 20:03,0
23/08/2019 20:08,0
23/08/2019 20:13,0
23/08/2019 20:18,0
23/08/2019 20:23,0
23/08/2019 20:28,0
23/08/2019 20:33,0
23/08/2019 20:38,0
23/08/2019 20:43,0
23/08/2019 20:48,0
23/08/2019 20:53,0
23/08/2019 20:58,0
23/08/2019 21:03,0
23/08/2019 21:08,0
23/08/2019 21:13,0
23/08/2019 21:18,0
23/08/2019 21:23,0
23/08/2019 21:28,0
23/08/2019 21:33,0
23/08/2019 21:38,0
23/08/2019 21:43,0
23/08/2019 21:48,0
23/08/2019 21:53,0
23/08/2019 21:58,0
23/08/2019 22:03,0
23/08/2019 22:08,0
23/08/2019 22:13,0
23/08/2019 22:18,0
23/08/2019 22:23,0
23/08/2019 22:28,0
23/08/2019 22:33,0
23/08/2019 22:38,0
23/08/2019 22:43,0
23/08/2019 22:48,0
23/08/2019 22:53,0
23/08/2019 22:58,0
23/08/2019 23:03,0
23/08/2019 23:08,0
23/08/2019 23:13,0
23/08/2019 23:18,0
23/08/2019 23:23,0
23/08/2019 23:28,0
23/08/2019 23:33,0
23/08/2019 23:38,0
23/08/2019 23:43,0
23/08/2019 23:48,0
23/08/2019 23:53,0
23/08/2019 23:58,0
24/08/2019 00:03,0
24/08/2019 00:08,0
24/08/2019 00:13,0
24/08/2019 00:18,0
24/08/2019 00:23,0
24/08/2019 00:28,0
24/08/2019 00:33,0
24/08/2019 00:38,0
24/08/2019 00:43,0
24/08/2019 00:48,0
24/08/2019 00:53,0
24/08/2019 00:58,0
24/08/2019 01:03,0
24/08/2019 01:08,0
24/08/2019 01:13,0
24/08/2019 01:18,0
24/08/2019 01:23,0
24/08/2019 01:28,0
24/08/2019 01:33,0
24/08/2019 01:38,0
24/08/2019 01:43,0
24/08/2019 01:48,0
24/08/2019 01:53,0
24/08/2019 01:58,0
24/08/2019 02:03,0
24/08/2019 02:08,0
24/08/2019 02:13,0
24/08/2019 02:18,0
24/08/2019 02:23,0
24/08/2019 02:28,0
24/08/2019 02:33,0
24/08/2019 02:38,0
24/08/2019 02:43,0
24/08/2019 02:48,0
24/08/2019 02:53,0
24/08/2019 02:58,0
24/08/2019 03:03,0
24/08/2019 03:08,0
24/08/2019 03:13,0
24/08/2019 03:18,0
24/08/2019 03:23,0
24/08/2019 03:28,0
24/08/2019 03:33,0
24/08/2019 03:38,0
24/08/2019 03:43,0
24/08/2019 03:48,0
24/08/2019 03:53,0
24/08/2019 03:58,0
24/08/2019 04:03,0
24/08/2019 04:08,0
24/08/2019 04:13,0
24/08/2019 04:18,0
24/08/2019 04:23,0
24/08/2019 04:28,0
24/08/2019 04:33,0
24/08/2019 04:38,0
24/08/2019 04:43,0
24/08/2019 04:48,0
24/08/2019 04:53,0
24/08/2019 04:58,0
24/08/2019 05:03,0
24/08/2019 05:08,0
24/08/2019 05:13,0
24/08/2019 05:18,0
24/08/2019 05:23,0
24/08/2019 05:28,0
24/08/2019 05:33,0
24/08/2019 05:38,0
24/08/2019 05:43,0
24/08/2019 05:48,0
24/08/2019 05:53,0
24/08/2019 05:58,0
24/08/2019 06:03,0
24/08/2019 06:08,0
24/08/2019 06:13,0
24/08/2019 06:18,0
24/08/2019 06:23,0
24/08/2019 06:28,0
24/08/2019 06:33,0
24/08/2019 06:38,0
24/08/2019 06:43,0
24/08/2019 06:48,0
24/08/2019 06:53,0
24/08/2019 06:58,0
24/08/2019 07:03,0
24/08/2019 07:08,0
24/08/2019 07:13,0
24/08/2019 07:18,0
24/08/2019 07:23,0
24/08/2019 07:28,0
24/08/2019 07:33,0
24/08/2019 07:38,0
24/08/2019 07:43,0
24/08/2019 07:48,0
24/08/2019 07:53,0
24/08/2019 07:58,0
24/08/2019 08:03,0
24/08/2019 08:08,0
24/08/2019 08:13,0
24/08/2019 08:18,0
24/08/2019 08:23,0
24/08/2019 08:28,0
24/08/2019 08:33,0
24/08/2019 08:38,0
24/08/2019 08:43,0
24/08/2019 08:48,0
24/08/2019 08:53,0
24/08/2019 08:58,0
24/08/2019 09:03,0
24/08/2019 09:08,0
24/08/2019 09:13,0
24/08/2019 09:18,0
24/08/2019 09:23,0
24/08/2019 09:28,0
24/08/2019 09:33,0
24/08/2019 09:38,0
24/08/2019 09:43,0
24/08/2019 09:48,0
24/08/2019 09:53,0
24/08/2019 09:58,0
24/08/2019 10:03,0
24/08/2019 10:08,0
24/08/2019 10:13,0
24/08/2019 10:18,0
24/08/2019 10:23,0
24/08/2019 10:28,0
24/08/2019 10:33,0.70871133
24/08/2019 10:38,0
24/08/2019 10:43,0
24/08/2019 10:48,0.354355665
24/08/2019 10:53,0
24/08/2019 10:58,0
24/08/2019 11:03,0
24/08/2019 11:08,0
24/08/2019 11:13,0
24/08/2019 11:18,0
24/08/2019 11:23,0
24/08/2019 11:28,0
24/08/2019 11:33,0
24/08/2019 11:38,0
24/08/2019 11:43,0
24/08/2019 11:48,0
24/08/2019 11:53,0
24/08/2019 11:58,0
24/08/2019 12:03,0
24/08/2019 12:08,0
24/08/2019 12:13,0
24/08/2019 12:18,0
24/08/2019 12:23,0
24/08/2019 12:28,0
24/08/2019 12:33,0
24/08/2019 12:38,0
24/08/2019 12:43,0
24/08/2019 12:48,0
24/08/2019 12:53,0
24/08/2019 12:58,0
24/08/2019 13:03,0
24/08/2019 13:08,0
24/08/2019 13:13,0
24/08/2019 13:18,0
24/08/2019 13:23,0
24/08/2019 13:28,0
24/08/2019 13:33,0
24/08/2019 13:38,0
24/08/2019 13:43,0
24/08/2019 13:48,0
24/08/2019 13:53,0
24/08/2019 13:58,0
24/08/2019 14:03,0
24/08/2019 14:08,0
24/08/2019 14:13,0
24/08/2019 14:18,0
24/08/2019 14:23,0
24/08/2019 14:28,0
24/08/2019 14:33,0
24/08/2019 14:38,0
24/08/2019 14:43,0
24/08/2019 14:48,0
24/08/2019 14:53,0
24/08/2019 14:58,0
24/08/2019 15:03,0
24/08/2019 15:08,0
24/08/2019 15:13,0
24/08/2019 15:18,0
24/08/2019 15:23,0
24/08/2019 15:28,0
24/08/2019 15:33,0
24/08/2019 15:38,0
24/08/2019 15:43,0
24/08/2019 15:48,0
24/08/2019 15:53,0
24/08/2019 15:58,0
24/08/2019 16:03,0
24/08/2019 16:08,0
24/08/2019 16:13,0
24/08/2019 16:18,0
24/08/2019 16:23,0
24/08/2019 16:28,0
24/08/2019 16:33,0
24/08/2019 16:38,0
24/08/2019 16:43,0
24/08/2019 16:48,0
24/08/2019 16:53,0
24/08/2019 16:58,0
24/08/2019 17:03,0
24/08/2019 17:08,0
24/08/2019 17:13,0
24/08/2019 17:18,0
24/08/2019 17:23,0
24/08/2019 17:28,0
24/08/2019 17:33,0
24/08/2019 17:38,0
24/08/2019 17:43,0
24/08/2019 17:48,0
24/08/2019 17:53,0
24/08/2019 17:58,0
24/08/2019 18:03,0
24/08/2019 18:08,0
24/08/2019 18:13,0
24/08/2019 18:18,0
24/08/2019 18:23,0
24/08/2019 18:28,0
24/08/2019 18:33,0
24/08/2019 18:38,0
24/08/2019 18:43,0
24/08/2019 18:48,0
24/08/2019 18:53,0
24/08/2019 18:58,0
24/08/2019 19:03,0
24/08/2019 19:08,0
24/08/2019 19:13,0
24/08/2019 19:18,0
24/08/2019 19:23,0
24/08/2019 19:28,0
24/08/2019 19:33,0
24/08/2019 19:38,0
24/08/2019 19:43,0
24/08/2019 19:48,0
24/08/2019 19:53,0
24/08/2019 19:58,0
24/08/2019 20:03,0
24/08/2019 20:08,0
24/08/2019 20:13,0
24/08/2019 20:18,0
24/08/2019 20:23,0
24/08/2019 20:28,0
24/08/2019 20:33,0
24/08/2019 20:38,0
24/08/2019 20:43,0
24/08/2019 20:48,0
24/08/2019 20:53,0
24/08/2019 20:58,0
24/08/2019 21:03,0
24/08/2019 21:08,0
24/08/2019 21:13,0
24/08/2019 21:18,0
24/08/2019 21:23,0
24/08/2019 21:28,0
24/08/2019 21:33,0
24/08/2019 21:38,0
24/08/2019 21:43,0
24/08/2019 21:48,0
24/08/2019 21:53,0
24/08/2019 21:58,0
24/08/2019 22:03,0
24/08/2019 22:08,0
24/08/2019 22:13,0
24/08/2019 22:18,0
24/08/2019 22:23,0
24/08/2019 22:28,0
24/08/2019 22:33,0
24/08/2019 22:38,0
24/08/2019 22:43,0
24/08/2019 22:48,0
24/08/2019 22:53,0
24/08/2019 22:58,0
24/08/2019 23:03,0
24/08/2019 23:08,0
24/08/2019 23:13,0
24/08/2019 23:18,0
24/08/2019 23:23,0
24/08/2019 23:28,0
24/08/2019 23:33,0
24/08/2019 23:38,0
24/08/2019 23:43,0
24/08/2019 23:48,0
24/08/2019 23:53,0
24/08/2019 23:58,0
25/08/2019 00:03,0
25/08/2019 00:08,0
25/08/2019 00:13,0
25/08/2019 00:18,0
25/08/2019 00:23,0
25/08/2019 00:28,0
25/08/2019 00:33,0
25/08/2019 00:38,0
25/08/2019 00:43,0
25/08/2019 00:48,0
25/08/2019 00:53,0
25/08/2019 00:58,0
25/08/2019 01:03,0
25/08/2019 01:08,0
25/08/2019 01:13,0
25/08/2019 01:18,0
25/08/2019 01:23,0
25/08/2019 01:28,0
25/08/2019 01:33,0
25/08/2019 01:38,0
25/08/2019 01:43,0
25/08/2019 01:48,0
25/08/2019 01:53,0
25/08/2019 01:58,0
25/08/2019 02:03,0
25/08/2019 02:08,0
25/08/2019 02:13,0
25/08/2019 02:18,0
25/08/2019 02:23,0
25/08/2019 02:28,0
25/08/2019 02:33,0
25/08/2019 02:38,0
25/08/2019 02:43,0
25/08/2019 02:48,0
25/08/2019 02:53,0
25/08/2019 02:58,0
25/08/2019 03:03,0
25/08/2019 03:08,0
25/08/2019 03:13,0
25/08/2019 03:18,0
25/08/2019 03:23,0
25/08/2019 03:28,0
25/08/2019 03:33,0
25/08/2019 03:38,0
25/08/2019 03:43,0
25/08/2019 03:48,0
25/08/2019 03:53,0
25/08/2019 03:58,0
25/08/2019 04:03,0
25/08/2019 04:08,0
25/08/2019 04:13,0
25/08/2019 04:18,0
25/08/2019 04:23,0
25/08/2019 04:28,0
25/08/2019 04:33,0
25/08/2019 04:38,0
25/08/2019 04:43,0
25/08/2019 04:48,0
25/08/2019 04:53,0
25/08/2019 04:58,0
25/08/2019 05:03,0
25/08/2019 05:08,0
25/08/2019 05:13,0
25/08/2019 05:18,0
25/08/2019 05:23,0
25/08/2019 05:28,0
25/08/2019 05:33,0
25/08/2019 05:38,0
25/08/2019 05:43,0
25/08/2019 05:48,0
25/08/2019 05:53,0
25/08/2019 05:58,0
25/08/2019 06:03,0
25/08/2019 06:08,0
25/08/2019 06:13,0
25/08/2019 06:18,0
25/08/2019 06:23,0
25/08/2019 06:28,0
25/08/2019 06:33,0
25/08/2019 06:38,0
25/08/2019 06:43,0
25/08/2019 06:48,0
25/08/2019 06:53,0
25/08/2019 06:58,0
25/08/2019 07:03,0
25/08/2019 07:08,0
25/08/2019 07:13,0
25/08/2019 07:18,0
25/08/2019 07:23,0
25/08/2019 07:28,0
25/08/2019 07:33,0
25/08/2019 07:38,0
25/08/2019 07:43,0
25/08/2019 07:48,0
25/08/2019 07:53,0
25/08/2019 07:58,0
25/08/2019 08:03,0
25/08/2019 08:08,0
25/08/2019 08:13,0
25/08/2019 08:18,0
25/08/2019 08:23,0
25/08/2019 08:28,0
25/08/2019 08:33,0
25/08/2019 08:38,0
25/08/2019 08:43,0
25/08/2019 08:48,0
25/08/2019 08:53,0
25/08/2019 08:58,0
25/08/2019 09:03,0
25/08/2019 09:08,0
25/08/2019 09:13,0
25/08/2019 09:18,0
25/08/2019 09:23,0
25/08/2019 09:28,0
25/08/2019 09:33,0
25/08/2019 09:38,0
25/08/2019 09:43,0
25/08/2019 09:48,0
25/08/2019 09:53,0
25/08/2019 09:58,0
25/08/2019 10:03,0
25/08/2019 10:08,0
25/08/2019 10:13,0
25/08/2019 10:18,0
25/08/2019 10:23,0
25/08/2019 10:28,0
25/08/2019 10:33,0
25/08/2019 10:38,0
25/08/2019 10:43,0
25/08/2019 10:48,0
25/08/2019 10:53,0
25/08/2019 10:58,0
25/08/2019 11:03,0
25/08/2019 11:08,0
25/08/2019 11:13,0
25/08/2019 11:18,0
25/08/2019 11:23,0
25/08/2019 11:28,0
25/08/2019 11:33,0
25/08/2019 11:38,0
25/08/2019 11:43,0
25/08/2019 11:48,0
25/08/2019 11:53,0
25/08/2019 11:58,0
25/08/2019 12:03,0
25/08/2019 12:08,0
25/08/2019 12:13,0
25/08/2019 12:18,0
25/08/2019 12:23,0
25/08/2019 12:28,0
25/08/2019 12:33,0
25/08/2019 12:38,0
25/08/2019 12:43,0
25/08/2019 12:48,0
25/08/2019 12:53,0
25/08/2019 12:58,0
25/08/2019 13:03,0
25/08/2019 13:08,0
25/08/2019 13:13,0
25/08/2019 13:18,0
25/08/2019 13:23,0
25/08/2019 13:28,0
25/08/2019 13:33,0
25/08/2019 13:38,0
25/08/2019 13:43,0
25/08/2019 13:48,0
25/08/2019 13:53,0
25/08/2019 13:58,0
25/08/2019 14:03,0
25/08/2019 14:08,0
25/08/2019 14:13,0
25/08/2019 14:18,0
25/08/2019 14:23,0
25/08/2019 14:28,0
25/08/2019 14:33,0
25/08/2019 14:38,0
25/08/2019 14:43,0
25/08/2019 14:48,0
25/08/2019 14:53,0
25/08/2019 14:58,0
25/08/2019 15:03,0
25/08/2019 15:08,0
25/08/2019 15:13,0
25/08/2019 15:18,0
25/08/2019 15:23,0
25/08/2019 15:28,0
25/08/2019 15:33,0
25/08/2019 15:38,0
25/08/2019 15:43,0
25/08/2019 15:48,0
25/08/2019 15:53,0
25/08/2019 15:58,0
25/08/2019 16:03,0
25/08/2019 16:08,0
25/08/2019 16:13,0
25/08/2019 16:18,0
25/08/2019 16:23,0
25/08/2019 16:28,0
25/08/2019 16:33,0
25/08/2019 16:38,0
25/08/2019 16:43,0
25/08/2019 16:48,0
25/08/2019 16:53,0
25/08/2019 16:58,0
25/08/2019 17:03,0
25/08/2019 17:08,0
25/08/2019 17:13,0
25/08/2019 17:18,0
25/08/2019 17:23,0
25/08/2019 17:28,0
25/08/2019 17:33,0
25/08/2019 17:38,0
25/08/2019 17:43,0
25/08/2019 17:48,0
25/08/2019 17:53,0
25/08/2019 17:58,0
25/08/2019 18:03,0
25/08/2019 18:08,0
25/08/2019 18:13,0
25/08/2019 18:18,0
25/08/2019 18:23,0
25/08/2019 18:28,0
25/08/2019 18:33,0
25/08/2019 18:38,0
25/08/2019 18:43,0
25/08/2019 18:48,0
25/08/2019 18:53,0
25/08/2019 18:58,0
25/08/2019 19:03,0
25/08/2019 19:08,0
25/08/2019 19:13,0
25/08/2019 19:18,0
25/08/2019 19:23,0
25/08/2019 19:28,0
25/08/2019 19:33,0
25/08/2019 19:38,0
25/08/2019 19:43,0
25/08/2019 19:48,0
25/08/2019 19:53,0
25/08/2019 19:58,0
25/08/2019 20:03,0
25/08/2019 20:08,0
25/08/2019 20:13,0
25/08/2019 20:18,0
25/08/2019 20:23,0
25/08/2019 20:28,0
25/08/2019 20:33,0
25/08/2019 20:38,0
25/08/2019 20:43,0
25/08/2019 20:48,0
25/08/2019 20:53,0
25/08/2019 20:58,0
25/08/2019 21:03,0
25/08/2019 21:08,0
25/08/2019 21:13,0
25/08/2019 21:18,0
25/08/2019 21:23,0
25/08/2019 21:28,0
25/08/2019 21:33,0
25/08/2019 21:38,0
25/08/2019 21:43,0
25/08/2019 21:48,0
25/08/2019 21:53,0
25/08/2019 21:58,0
25/08/2019 22:03,0
25/08/2019 22:08,0
25/08/2019 22:13,0
25/08/2019 22:18,0
25/08/2019 22:23,0
25/08/2019 22:28,0
25/08/2019 22:33,0
25/08/2019 22:38,0
25/08/2019 22:43,0
25/08/2019 22:48,0
25/08/2019 22:53,0
25/08/2019 22:58,0
25/08/2019 23:03,0
25/08/2019 23:08,0
25/08/2019 23:13,0
25/08/2019 23:18,0
25/08/2019 23:23,0
25/08/2019 23:28,0
25/08/2019 23:33,0
25/08/2019 23:38,0
25/08/2019 23:43,0
25/08/2019 23:48,0
25/08/2019 23:53,0
25/08/2019 23:58,0
26/08/2019 00:03,0
26/08/2019 00:08,0
26/08/2019 00:13,0
26/08/2019 00:18,0
26/08/2019 00:23,0
26/08/2019 00:28,0
26/08/2019 00:33,0
26/08/2019 00:38,0
26/08/2019 00:43,0
26/08/2019 00:48,0
26/08/2019 00:53,0
26/08/2019 00:58,0
26/08/2019 01:03,0
26/08/2019 01:08,0
26/08/2019 01:13,0
26/08/2019 01:18,0
26/08/2019 01:23,0
26/08/2019 01:28,0
26/08/2019 01:33,0
26/08/2019 01:38,0
26/08/2019 01:43,0
26/08/2019 01:48,0
26/08/2019 01:53,0
26/08/2019 01:58,0
26/08/2019 02:03,0
26/08/2019 02:08,0
26/08/2019 02:13,0
26/08/2019 02:18,0
26/08/2019 02:23,0
26/08/2019 02:28,0
26/08/2019 02:33,0
26/08/2019 02:38,0
26/08/2019 02:43,0
26/08/2019 02:48,0
26/08/2019 02:53,0
26/08/2019 02:58,0
26/08/2019 03:03,0
26/08/2019 03:08,0
26/08/2019 03:13,0
26/08/2019 03:18,0
26/08/2019 03:23,0
26/08/2019 03:28,0
26/08/2019 03:33,0
26/08/2019 03:38,0.354355665
26/08/2019 03:43,0
26/08/2019 03:48,0
26/08/2019 03:53,0
26/08/2019 03:58,0
26/08/2019 04:03,0
26/08/2019 04:08,0
26/08/2019 04:13,0
26/08/2019 04:18,0
26/08/2019 04:23,0
26/08/2019 04:28,0
26/08/2019 04:33,0
26/08/2019 04:38,0
26/08/2019 04:43,0
26/08/2019 04:48,0
26/08/2019 04:53,0
26/08/2019 04:58,0
26/08/2019 05:03,0
26/08/2019 05:08,0
26/08/2019 05:13,0
26/08/2019 05:18,0
26/08/2019 05:23,0
26/08/2019 05:28,0
26/08/2019 05:33,0
26/08/2019 05:38,0
26/08/2019 05:43,0
26/08/2019 05:48,0
26/08/2019 05:53,0
26/08/2019 05:58,0
26/08/2019 06:03,0
26/08/2019 06:08,0
26/08/2019 06:13,0
26/08/2019 06:18,0
26/08/2019 06:23,0
26/08/2019 06:28,0
26/08/2019 06:33,0
26/08/2019 06:38,0
26/08/2019 06:43,0
26/08/2019 06:48,0
26/08/2019 06:53,0
26/08/2019 06:58,0
26/08/2019 07:03,0
26/08/2019 07:08,0
26/08/2019 07:13,0
26/08/2019 07:18,0
26/08/2019 07:23,0
26/08/2019 07:28,0
26/08/2019 07:33,0
26/08/2019 07:38,0
26/08/2019 07:43,0
26/08/2019 07:48,0
26/08/2019 07:53,0
26/08/2019 07:58,0
26/08/2019 08:03,0
26/08/2019 08:08,0
26/08/2019 08:13,0
26/08/2019 08:18,0
26/08/2019 08:23,0
26/08/2019 08:28,0
26/08/2019 08:33,0
26/08/2019 08:38,0
26/08/2019 08:43,0
26/08/2019 08:48,0
26/08/2019 08:53,0
26/08/2019 08:58,0
26/08/2019 09:03,0
26/08/2019 09:08,0
26/08/2019 09:13,0
26/08/2019 09:18,0
26/08/2019 09:23,0
26/08/2019 09:28,0
26/08/2019 09:33,0
26/08/2019 09:38,0
26/08/2019 09:43,0
26/08/2019 09:48,0
26/08/2019 09:53,0
26/08/2019 09:58,0
26/08/2019 10:03,0
26/08/2019 10:08,0
26/08/2019 10:13,0
26/08/2019 10:18,0
26/08/2019 10:23,0
26/08/2019 10:28,0
26/08/2019 10:33,0
26/08/2019 10:38,0
26/08/2019 10:43,0
26/08/2019 10:48,0
26/08/2019 10:53,0
26/08/2019 10:58,0
26/08/2019 11:03,0
26/08/2019 11:08,0
26/08/2019 11:13,0
26/08/2019 11:18,0
26/08/2019 11:23,0
26/08/2019 11:28,0
26/08/2019 11:33,0
26/08/2019 11:38,0
26/08/2019 11:43,0
26/08/2019 11:48,0
26/08/2019 11:53,0
26/08/2019 11:58,0
26/08/2019 12:03,0
26/08/2019 12:08,0
26/08/2019 12:13,0
26/08/2019 12:18,0
26/08/2019 12:23,0
26/08/2019 12:28,0
26/08/2019 12:33,0
26/08/2019 12:38,0
26/08/2019 12:43,0
26/08/2019 12:48,0
26/08/2019 12:53,0
26/08/2019 12:58,0
26/08/2019 13:03,0
26/08/2019 13:08,0
26/08/2019 13:13,0
26/08/2019 13:18,0
26/08/2019 13:23,0
26/08/2019 13:28,0
26/08/2019 13:33,0
26/08/2019 13:38,0
26/08/2019 13:43,0
26/08/2019 13:48,0
26/08/2019 13:53,0
26/08/2019 13:58,0
26/08/2019 14:03,0
26/08/2019 14:08,0
26/08/2019 14:13,0
26/08/2019 14:18,0
26/08/2019 14:23,0
26/08/2019 14:28,0
26/08/2019 14:33,0
26/08/2019 14:38,0
26/08/2019 14:43,0
26/08/2019 14:48,0
26/08/2019 14:53,0
26/08/2019 14:58,0
26/08/2019 15:03,0
26/08/2019 15:08,0
26/08/2019 15:13,0
26/08/2019 15:18,0
26/08/2019 15:23,0
26/08/2019 15:28,0
26/08/2019 15:33,0
26/08/2019 15:38,0
26/08/2019 15:43,0
26/08/2019 15:48,0
26/08/2019 15:53,0
26/08/2019 15:58,0
26/08/2019 16:03,0
26/08/2019 16:08,0
26/08/2019 16:13,0
26/08/2019 16:18,0
26/08/2019 16:23,0
26/08/2019 16:28,0
26/08/2019 16:33,0
26/08/2019 16:38,0
26/08/2019 16:43,0
26/08/2019 16:48,0
26/08/2019 16:53,0
26/08/2019 16:58,0
26/08/2019 17:03,0
26/08/2019 17:08,0
26/08/2019 17:13,0
26/08/2019 17:18,0
26/08/2019 17:23,0
26/08/2019 17:28,0
26/08/2019 17:33,0.354355665
26/08/2019 17:38,0
26/08/2019 17:43,0.354355665
26/08/2019 17:48,0
26/08/2019 17:53,0
26/08/2019 17:58,0
26/08/2019 18:03,0
26/08/2019 18:08,0
26/08/2019 18:13,0
26/08/2019 18:18,0
26/08/2019 18:23,0.354355665
26/08/2019 18:28,0
26/08/2019 18:33,0
26/08/2019 18:38,0
26/08/2019 18:43,0
26/08/2019 18:48,0
26/08/2019 18:53,0
26/08/2019 18:58,0
26/08/2019 19:03,0
26/08/2019 19:08,0
26/08/2019 19:13,0
26/08/2019 19:18,0
26/08/2019 19:23,0
26/08/2019 19:28,0
26/08/2019 19:33,0
26/08/2019 19:38,0
26/08/2019 19:43,0
26/08/2019 19:48,0
26/08/2019 19:53,0
26/08/2019 19:58,0
26/08/2019 20:03,0
26/08/2019 20:08,0
26/08/2019 20:13,0
26/08/2019 20:18,0
26/08/2019 20:23,0
26/08/2019 20:28,0
26/08/2019 20:33,0
26/08/2019 20:38,0
26/08/2019 20:43,0
26/08/2019 20:48,0
26/08/2019 20:53,0
26/08/2019 20:58,0
26/08/2019 21:03,0
26/08/2019 21:08,0
26/08/2019 21:13,0
26/08/2019 21:18,0
26/08/2019 21:23,0
26/08/2019 21:28,0
26/08/2019 21:33,0
26/08/2019 21:38,0
26/08/2019 21:43,0
26/08/2019 21:48,0
26/08/2019 21:53,0
26/08/2019 21:58,0
26/08/2019 22:03,0
26/08/2019 22:08,0
26/08/2019 22:13,0
26/08/2019 22:18,0
26/08/2019 22:23,0
26/08/2019 22:28,0
26/08/2019 22:33,0
26/08/2019 22:38,0
26/08/2019 22:43,0
26/08/2019 22:48,0
26/08/2019 22:53,0
26/08/2019 22:58,0
26/08/2019 23:03,0
26/08/2019 23:08,0
26/08/2019 23:13,0
26/08/2019 23:18,0
26/08/2019 23:23,0
26/08/2019 23:28,0
26/08/2019 23:33,0
26/08/2019 23:38,0
26/08/2019 23:43,0
26/08/2019 23:48,0
26/08/2019 23:53,0
26/08/2019 23:58,0
27/08/2019 00:03,0
27/08/2019 00:08,0
27/08/2019 00:13,0
27/08/2019 00:18,0
27/08/2019 00:23,0
27/08/2019 00:28,0
27/08/2019 00:33,0
27/08/2019 00:38,0
27/08/2019 00:43,0
27/08/2019 00:48,0
27/08/2019 00:53,0
27/08/2019 00:58,0
27/08/2019 01:03,0
27/08/2019 01:08,0
27/08/2019 01:13,0
27/08/2019 01:18,0
27/08/2019 01:23,0
27/08/2019 01:28,0
27/08/2019 01:33,0
27/08/2019 01:38,0
27/08/2019 01:43,0
27/08/2019 01:48,0
27/08/2019 01:53,0
27/08/2019 01:58,0
27/08/2019 02:03,0
27/08/2019 02:08,0
27/08/2019 02:13,0
27/08/2019 02:18,0
27/08/2019 02:23,0
27/08/2019 02:28,0
27/08/2019 02:33,0
27/08/2019 02:38,0
27/08/2019 02:43,0
27/08/2019 02:48,0
27/08/2019 02:53,0
27/08/2019 02:58,0
27/08/2019 03:03,0
27/08/2019 03:08,0
27/08/2019 03:13,0
27/08/2019 03:18,0
27/08/2019 03:23,0
27/08/2019 03:28,0
27/08/2019 03:33,0
27/08/2019 03:38,0
27/08/2019 03:43,0
27/08/2019 03:48,0
27/08/2019 03:53,0
27/08/2019 03:58,0
27/08/2019 04:03,0
27/08/2019 04:08,0
27/08/2019 04:13,0
27/08/2019 04:18,0
27/08/2019 04:23,0
27/08/2019 04:28,0
27/08/2019 04:33,0
27/08/2019 04:38,0
27/08/2019 04:43,0
27/08/2019 04:48,0
27/08/2019 04:53,0
27/08/2019 04:58,0
27/08/2019 05:03,0
27/08/2019 05:08,0
27/08/2019 05:13,0
27/08/2019 05:18,0
27/08/2019 05:23,0
27/08/2019 05:28,0
27/08/2019 05:33,0
27/08/2019 05:38,0
27/08/2019 05:43,0
27/08/2019 05:48,0.354355665
27/08/2019 05:53,0
27/08/2019 05:58,0
27/08/2019 06:03,0
27/08/2019 06:08,0
27/08/2019 06:13,0
27/08/2019 06:18,0.354355665
27/08/2019 06:23,0
27/08/2019 06:28,0
27/08/2019 06:33,0
27/08/2019 06:38,0
27/08/2019 06:43,0
27/08/2019 06:48,0.354355665
27/08/2019 06:53,0
27/08/2019 06:58,0
27/08/2019 07:03,0
27/08/2019 07:08,0
27/08/2019 07:13,0
27/08/2019 07:18,0
27/08/2019 07:23,0
27/08/2019 07:28,0
27/08/2019 07:33,0
27/08/2019 07:38,0
27/08/2019 07:43,0
27/08/2019 07:48,0
27/08/2019 07:53,0
27/08/2019 07:58,0
27/08/2019 08:03,0
27/08/2019 08:08,0
27/08/2019 08:13,0
27/08/2019 08:18,0
27/08/2019 08:23,0
27/08/2019 08:28,0
27/08/2019 08:33,0
27/08/2019 08:38,0
27/08/2019 08:43,0
27/08/2019 08:48,0
27/08/2019 08:53,0
27/08/2019 08:58,0
27/08/2019 09:03,0
27/08/2019 09:08,0
27/08/2019 09:13,0
27/08/2019 09:18,0
27/08/2019 09:23,0
27/08/2019 09:28,0
27/08/2019 09:33,0
27/08/2019 09:38,0
27/08/2019 09:43,0
27/08/2019 09:48,0
27/08/2019 09:53,0
27/08/2019 09:58,0
27/08/2019 10:03,0
27/08/2019 10:08,0
27/08/2019 10:13,0
27/08/2019 10:18,0
27/08/2019 10:23,0
27/08/2019 10:28,0
27/08/2019 10:33,0
27/08/2019 10:38,0
27/08/2019 10:43,0
27/08/2019 10:48,0
27/08/2019 10:53,0
27/08/2019 10:58,0
27/08/2019 11:03,0
27/08/2019 11:08,0
27/08/2019 11:13,0
27/08/2019 11:18,0
27/08/2019 11:23,0
27/08/2019 11:28,0
27/08/2019 11:33,0
27/08/2019 11:38,0
27/08/2019 11:43,0
27/08/2019 11:48,0
27/08/2019 11:53,0
27/08/2019 11:58,0
27/08/2019 12:03,0
27/08/2019 12:08,0
27/08/2019 12:13,0
27/08/2019 12:18,0
27/08/2019 12:23,0
27/08/2019 12:28,0
27/08/2019 12:33,0
27/08/2019 12:38,0
27/08/2019 12:43,0
27/08/2019 12:48,0
27/08/2019 12:53,0
27/08/2019 12:58,0
27/08/2019 13:03,0
27/08/2019 13:08,0
27/08/2019 13:13,0
27/08/2019 13:18,0
27/08/2019 13:23,0
27/08/2019 13:28,0
27/08/2019 13:33,0
27/08/2019 13:38,0
27/08/2019 13:43,0
27/08/2019 13:48,0
27/08/2019 13:53,0
27/08/2019 13:58,0
27/08/2019 14:03,0
27/08/2019 14:08,0
27/08/2019 14:13,0
27/08/2019 14:18,0
27/08/2019 14:23,0
27/08/2019 14:28,0
27/08/2019 14:33,0
27/08/2019 14:38,0
27/08/2019 14:43,0
27/08/2019 14:48,0
27/08/2019 14:53,0
27/08/2019 14:58,0
27/08/2019 15:03,0
27/08/2019 15:08,0
27/08/2019 15:13,0
27/08/2019 15:18,0
27/08/2019 15:23,0
27/08/2019 15:28,0
27/08/2019 15:33,0
27/08/2019 15:38,0
27/08/2019 15:43,0
27/08/2019 15:48,0
27/08/2019 15:53,0
27/08/2019 15:58,0
27/08/2019 16:03,0
27/08/2019 16:08,0
27/08/2019 16:13,0
27/08/2019 16:18,0
27/08/2019 16:23,0
27/08/2019 16:28,0
27/08/2019 16:33,0
27/08/2019 16:38,0
27/08/2019 16:43,0
27/08/2019 16:48,0
27/08/2019 16:53,0
27/08/2019 16:58,0
27/08/2019 17:03,0
27/08/2019 17:08,0
27/08/2019 17:13,0
27/08/2019 17:18,0
27/08/2019 17:23,0
27/08/2019 17:28,0
27/08/2019 17:33,0
27/08/2019 17:38,0
27/08/2019 17:43,0
27/08/2019 17:48,0
27/08/2019 17:53,0
27/08/2019 17:58,0
27/08/2019 18:03,0
27/08/2019 18:08,0
27/08/2019 18:13,0
27/08/2019 18:18,0
27/08/2019 18:23,0
27/08/2019 18:28,0
27/08/2019 18:33,0
27/08/2019 18:38,0
27/08/2019 18:43,0
27/08/2019 18:48,0
27/08/2019 18:53,0
27/08/2019 18:58,0
27/08/2019 19:03,0
27/08/2019 19:08,0
27/08/2019 19:13,0
27/08/2019 19:18,0
27/08/2019 19:23,0
27/08/2019 19:28,0
27/08/2019 19:33,0
27/08/2019 19:38,0
27/08/2019 19:43,0
27/08/2019 19:48,0
27/08/2019 19:53,0
27/08/2019 19:58,0
27/08/2019 20:03,0
27/08/2019 20:08,0
27/08/2019 20:13,0
27/08/2019 20:18,0
27/08/2019 20:23,0
27/08/2019 20:28,0
27/08/2019 20:33,0
27/08/2019 20:38,0
27/08/2019 20:43,0
27/08/2019 20:48,0
27/08/2019 20:53,0
27/08/2019 20:58,0
27/08/2019 21:03,0
27/08/2019 21:08,0
27/08/2019 21:13,0
27/08/2019 21:18,0
27/08/2019 21:23,0
27/08/2019 21:28,0
27/08/2019 21:33,0
27/08/2019 21:38,0
27/08/2019 21:43,0
27/08/2019 21:48,0
27/08/2019 21:53,0
27/08/2019 21:58,0
27/08/2019 22:03,0
27/08/2019 22:08,0
27/08/2019 22:13,0
27/08/2019 22:18,0
27/08/2019 22:23,0
27/08/2019 22:28,0
27/08/2019 22:33,0
27/08/2019 22:38,0
27/08/2019 22:43,0
27/08/2019 22:48,0
27/08/2019 22:53,0
27/08/2019 22:58,0
27/08/2019 23:03,0
27/08/2019 23:08,0
27/08/2019 23:13,0
27/08/2019 23:18,0
27/08/2019 23:23,0
27/08/2019 23:28,0
27/08/2019 23:33,0
27/08/2019 23:38,0
27/08/2019 23:43,0
27/08/2019 23:48,0
27/08/2019 23:53,0
27/08/2019 23:58,0
28/08/2019 00:03,0
28/08/2019 00:08,0
28/08/2019 00:13,0
28/08/2019 00:18,0
28/08/2019 00:23,0
28/08/2019 00:28,0
28/08/2019 00:33,0
28/08/2019 00:38,0
28/08/2019 00:43,0
28/08/2019 00:48,0
28/08/2019 00:53,0
28/08/2019 00:58,0
28/08/2019 01:03,0
28/08/2019 01:08,0
28/08/2019 01:13,0
28/08/2019 01:18,0
28/08/2019 01:23,0
28/08/2019 01:28,0
28/08/2019 01:33,0
28/08/2019 01:38,0
28/08/2019 01:43,0
28/08/2019 01:48,0
28/08/2019 01:53,0
28/08/2019 01:58,0
28/08/2019 02:03,0
28/08/2019 02:08,0
28/08/2019 02:13,0
28/08/2019 02:18,0
28/08/2019 02:23,0
28/08/2019 02:28,0
28/08/2019 02:33,0
28/08/2019 02:38,0
28/08/2019 02:43,0
28/08/2019 02:48,0
28/08/2019 02:53,0
28/08/2019 02:58,0
28/08/2019 03:03,0
28/08/2019 03:08,0
28/08/2019 03:13,0
28/08/2019 03:18,0
28/08/2019 03:23,0
28/08/2019 03:28,0
28/08/2019 03:33,0
28/08/2019 03:38,0
28/08/2019 03:43,0
28/08/2019 03:48,0
28/08/2019 03:53,0
28/08/2019 03:58,0
28/08/2019 04:03,0
28/08/2019 04:08,0
28/08/2019 04:13,0
28/08/2019 04:18,0
28/08/2019 04:23,0
28/08/2019 04:28,0
28/08/2019 04:33,0
28/08/2019 04:38,0
28/08/2019 04:43,0
28/08/2019 04:48,0
28/08/2019 04:53,0
28/08/2019 04:58,0
28/08/2019 05:03,0
28/08/2019 05:08,0
28/08/2019 05:13,0
28/08/2019 05:18,0
28/08/2019 05:23,0
28/08/2019 05:28,0
28/08/2019 05:33,0
28/08/2019 05:38,0
28/08/2019 05:43,0
28/08/2019 05:48,0
28/08/2019 05:53,0
28/08/2019 05:58,0
28/08/2019 06:03,0
28/08/2019 06:08,0
28/08/2019 06:13,0
28/08/2019 06:18,0
28/08/2019 06:23,0
28/08/2019 06:28,0
28/08/2019 06:33,0
28/08/2019 06:38,0
28/08/2019 06:43,0
28/08/2019 06:48,0
28/08/2019 06:53,0
28/08/2019 06:58,0
28/08/2019 07:03,0
28/08/2019 07:08,0
28/08/2019 07:13,0
28/08/2019 07:18,0
28/08/2019 07:23,0
28/08/2019 07:28,0
28/08/2019 07:33,0
28/08/2019 07:38,0
28/08/2019 07:43,0
28/08/2019 07:48,0
28/08/2019 07:53,0
28/08/2019 07:58,0
28/08/2019 08:03,0
28/08/2019 08:08,0
28/08/2019 08:13,0
28/08/2019 08:18,0
28/08/2019 08:23,0
28/08/2019 08:28,0
28/08/2019 08:33,0
28/08/2019 08:38,0
28/08/2019 08:43,0
28/08/2019 08:48,0
28/08/2019 08:53,0
28/08/2019 08:58,0
28/08/2019 09:03,0
28/08/2019 09:08,0
28/08/2019 09:13,0
28/08/2019 09:18,0
28/08/2019 09:23,0
28/08/2019 09:28,0
28/08/2019 09:33,0
28/08/2019 09:38,0
28/08/2019 09:43,0
28/08/2019 09:48,0
28/08/2019 09:53,0
28/08/2019 09:58,0
28/08/2019 10:03,0
28/08/2019 10:08,0
28/08/2019 10:13,0
28/08/2019 10:18,0
28/08/2019 10:23,0
28/08/2019 10:28,0
28/08/2019 10:33,0
28/08/2019 10:38,0
28/08/2019 10:43,0
28/08/2019 10:48,0
28/08/2019 10:53,0
28/08/2019 10:58,0
28/08/2019 11:03,0
28/08/2019 11:08,0
28/08/2019 11:13,0
28/08/2019 11:18,0
28/08/2019 11:23,0
28/08/2019 11:28,0
28/08/2019 11:33,0
28/08/2019 11:38,0
28/08/2019 11:43,0
28/08/2019 11:48,0
28/08/2019 11:53,0
28/08/2019 11:58,0
28/08/2019 12:03,0
28/08/2019 12:08,0
28/08/2019 12:13,0
28/08/2019 12:18,0
28/08/2019 12:23,0
28/08/2019 12:28,0
28/08/2019 12:33,0
28/08/2019 12:38,0
28/08/2019 12:43,0
28/08/2019 12:48,0
28/08/2019 12:53,0
28/08/2019 12:58,0
28/08/2019 13:03,0
28/08/2019 13:08,0
28/08/2019 13:13,0
28/08/2019 13:18,0
28/08/2019 13:23,0
28/08/2019 13:28,0
28/08/2019 13:33,0
28/08/2019 13:38,0
28/08/2019 13:43,0
28/08/2019 13:48,0
28/08/2019 13:53,0
28/08/2019 13:58,0
28/08/2019 14:03,0
28/08/2019 14:08,0
28/08/2019 14:13,0
28/08/2019 14:18,0
28/08/2019 14:23,0
28/08/2019 14:28,0
28/08/2019 14:33,0
28/08/2019 14:38,0
28/08/2019 14:43,0
28/08/2019 14:48,0
28/08/2019 14:53,0
28/08/2019 14:58,0
28/08/2019 15:03,0
28/08/2019 15:08,0
28/08/2019 15:13,0
28/08/2019 15:18,0
28/08/2019 15:23,0
28/08/2019 15:28,0
28/08/2019 15:33,0
28/08/2019 15:38,0
28/08/2019 15:43,0
28/08/2019 15:48,0
28/08/2019 15:53,0
28/08/2019 15:58,0
28/08/2019 16:03,0
28/08/2019 16:08,0
28/08/2019 16:13,0
28/08/2019 16:18,0
28/08/2019 16:23,0
28/08/2019 16:28,0
28/08/2019 16:33,0
28/08/2019 16:38,0
28/08/2019 16:43,0
28/08/2019 16:48,0
28/08/2019 16:53,0
28/08/2019 16:58,0
28/08/2019 17:03,0
28/08/2019 17:08,0
28/08/2019 17:13,0
28/08/2019 17:18,0
28/08/2019 17:23,0
28/08/2019 17:28,0
28/08/2019 17:33,0
28/08/2019 17:38,0
28/08/2019 17:43,0
28/08/2019 17:48,0
28/08/2019 17:53,0
28/08/2019 17:58,0
28/08/2019 18:03,0
28/08/2019 18:08,0
28/08/2019 18:13,0
28/08/2019 18:18,0
28/08/2019 18:23,0
28/08/2019 18:28,0
28/08/2019 18:33,0
28/08/2019 18:38,0
28/08/2019 18:43,0
28/08/2019 18:48,0
28/08/2019 18:53,0
28/08/2019 18:58,0
28/08/2019 19:03,0
28/08/2019 19:08,0
28/08/2019 19:13,0
28/08/2019 19:18,0
28/08/2019 19:23,0
28/08/2019 19:28,0
28/08/2019 19:33,0
28/08/2019 19:38,0
28/08/2019 19:43,0
28/08/2019 19:48,0
28/08/2019 19:53,0
28/08/2019 19:58,0
28/08/2019 20:03,0
28/08/2019 20:08,0
28/08/2019 20:13,0
28/08/2019 20:18,0
28/08/2019 20:23,0
28/08/2019 20:28,0
28/08/2019 20:33,0
28/08/2019 20:38,0
28/08/2019 20:43,0
28/08/2019 20:48,0
28/08/2019 20:53,0
28/08/2019 20:58,0
28/08/2019 21:03,0
28/08/2019 21:08,0
28/08/2019 21:13,0
28/08/2019 21:18,0
28/08/2019 21:23,0
28/08/2019 21:28,0
28/08/2019 21:33,0
28/08/2019 21:38,0
28/08/2019 21:43,0
28/08/2019 21:48,0
28/08/2019 21:53,0
28/08/2019 21:58,0
28/08/2019 22:03,0
28/08/2019 22:08,0
28/08/2019 22:13,0
28/08/2019 22:18,0
28/08/2019 22:23,0
28/08/2019 22:28,0
28/08/2019 22:33,0
28/08/2019 22:38,0
28/08/2019 22:43,0
28/08/2019 22:48,0
28/08/2019 22:53,0
28/08/2019 22:58,0
28/08/2019 23:03,0
28/08/2019 23:08,0
28/08/2019 23:13,0
28/08/2019 23:18,0
28/08/2019 23:23,0
28/08/2019 23:28,0
28/08/2019 23:33,0
28/08/2019 23:38,0
28/08/2019 23:43,0
28/08/2019 23:48,0
28/08/2019 23:53,0
28/08/2019 23:58,0
29/08/2019 00:03,0
29/08/2019 00:08,0
29/08/2019 00:13,0
29/08/2019 00:18,0
29/08/2019 00:23,0
29/08/2019 00:28,0
29/08/2019 00:33,0
29/08/2019 00:38,0
29/08/2019 00:43,0
29/08/2019 00:48,0
29/08/2019 00:53,0
29/08/2019 00:58,0
29/08/2019 01:03,0
29/08/2019 01:08,0
29/08/2019 01:13,0
29/08/2019 01:18,0
29/08/2019 01:23,0
29/08/2019 01:28,0
29/08/2019 01:33,0
29/08/2019 01:38,0
29/08/2019 01:43,0
29/08/2019 01:48,0
29/08/2019 01:53,0
29/08/2019 01:58,0
29/08/2019 02:03,0
29/08/2019 02:08,0
29/08/2019 02:13,0
29/08/2019 02:18,0
29/08/2019 02:23,0
29/08/2019 02:28,0
29/08/2019 02:33,0
29/08/2019 02:38,0
29/08/2019 02:43,0
29/08/2019 02:48,0
29/08/2019 02:53,0
29/08/2019 02:58,0
29/08/2019 03:03,0
29/08/2019 03:08,0
29/08/2019 03:13,0
29/08/2019 03:18,0
29/08/2019 03:23,0
29/08/2019 03:28,0
29/08/2019 03:33,0
29/08/2019 03:38,0
29/08/2019 03:43,0
29/08/2019 03:48,0
29/08/2019 03:53,0
29/08/2019 03:58,0
29/08/2019 04:03,0
29/08/2019 04:08,0
29/08/2019 04:13,0
29/08/2019 04:18,0
29/08/2019 04:23,0
29/08/2019 04:28,0
29/08/2019 04:33,0
29/08/2019 04:38,0
29/08/2019 04:43,0
29/08/2019 04:48,0
29/08/2019 04:53,0
29/08/2019 04:58,0
29/08/2019 05:03,0
29/08/2019 05:08,0
29/08/2019 05:13,0
29/08/2019 05:18,0
29/08/2019 05:23,0
29/08/2019 05:28,0
29/08/2019 05:33,0
29/08/2019 05:38,0
29/08/2019 05:43,0
29/08/2019 05:48,0
29/08/2019 05:53,0
29/08/2019 05:58,0
29/08/2019 06:03,0
29/08/2019 06:08,0
29/08/2019 06:13,0
29/08/2019 06:18,0
29/08/2019 06:23,0
29/08/2019 06:28,0
29/08/2019 06:33,0
29/08/2019 06:38,0
29/08/2019 06:43,0
29/08/2019 06:48,0
29/08/2019 06:53,0
29/08/2019 06:58,0
29/08/2019 07:03,0
29/08/2019 07:08,0
29/08/2019 07:13,0
29/08/2019 07:18,0
29/08/2019 07:23,0
29/08/2019 07:28,0
29/08/2019 07:33,0
29/08/2019 07:38,0
29/08/2019 07:43,0
29/08/2019 07:48,0
29/08/2019 07:53,0
29/08/2019 07:58,0
29/08/2019 08:03,0
29/08/2019 08:08,0
29/08/2019 08:13,0
29/08/2019 08:18,0
29/08/2019 08:23,0
29/08/2019 08:28,0
29/08/2019 08:33,0
29/08/2019 08:38,0
29/08/2019 08:43,0
29/08/2019 08:48,0
29/08/2019 08:53,0
29/08/2019 08:58,0
29/08/2019 09:03,0
29/08/2019 09:08,0
29/08/2019 09:13,0
29/08/2019 09:18,0
29/08/2019 09:23,0
29/08/2019 09:28,0
29/08/2019 09:33,0
29/08/2019 09:38,0
29/08/2019 09:43,0
29/08/2019 09:48,0
29/08/2019 09:53,0
29/08/2019 09:58,0
29/08/2019 10:03,0
29/08/2019 10:08,0
29/08/2019 10:13,0
29/08/2019 10:18,0
29/08/2019 10:23,0
29/08/2019 10:28,0
29/08/2019 10:33,0
29/08/2019 10:38,0
29/08/2019 10:43,0
29/08/2019 10:48,0
29/08/2019 10:53,0
29/08/2019 10:58,0
29/08/2019 11:03,0
29/08/2019 11:08,0
29/08/2019 11:13,0
29/08/2019 11:18,0
29/08/2019 11:23,0
29/08/2019 11:28,0
29/08/2019 11:33,0
29/08/2019 11:38,0
29/08/2019 11:43,0
29/08/2019 11:48,0
29/08/2019 11:53,0
29/08/2019 11:58,0
29/08/2019 12:03,0
29/08/2019 12:08,0
29/08/2019 12:13,0
29/08/2019 12:18,0
29/08/2019 12:23,0
29/08/2019 12:28,0
29/08/2019 12:33,0
29/08/2019 12:38,0
29/08/2019 12:43,0
29/08/2019 12:48,0
29/08/2019 12:53,0
29/08/2019 12:58,0
29/08/2019 13:03,0
29/08/2019 13:08,0
29/08/2019 13:13,0
29/08/2019 13:18,0
29/08/2019 13:23,0
29/08/2019 13:28,0
29/08/2019 13:33,0
29/08/2019 13:38,0
29/08/2019 13:43,0
29/08/2019 13:48,0
29/08/2019 13:53,0
29/08/2019 13:58,0
29/08/2019 14:03,0
29/08/2019 14:08,0
29/08/2019 14:13,0
29/08/2019 14:18,0
29/08/2019 14:23,0
29/08/2019 14:28,0
29/08/2019 14:33,0
29/08/2019 14:38,0
29/08/2019 14:43,0
29/08/2019 14:48,0
29/08/2019 14:53,0
29/08/2019 14:58,0
29/08/2019 15:03,0
29/08/2019 15:08,0
29/08/2019 15:13,0
29/08/2019 15:18,0
29/08/2019 15:23,0
29/08/2019 15:28,0
29/08/2019 15:33,0
29/08/2019 15:38,0
29/08/2019 15:43,0
29/08/2019 15:48,0
29/08/2019 15:53,0
29/08/2019 15:58,0
29/08/2019 16:03,0
29/08/2019 16:08,0
29/08/2019 16:13,0
29/08/2019 16:18,0
29/08/2019 16:23,0
29/08/2019 16:28,0
29/08/2019 16:33,0
29/08/2019 16:38,0
29/08/2019 16:43,0
29/08/2019 16:48,0
29/08/2019 16:53,0
29/08/2019 16:58,0
29/08/2019 17:03,0
29/08/2019 17:08,0
29/08/2019 17:13,0
29/08/2019 17:18,0
29/08/2019 17:23,0
29/08/2019 17:28,0
29/08/2019 17:33,0
29/08/2019 17:38,0
29/08/2019 17:43,0
29/08/2019 17:48,0
29/08/2019 17:53,0
29/08/2019 17:58,0
29/08/2019 18:03,0
29/08/2019 18:08,0
29/08/2019 18:13,0
29/08/2019 18:18,0
29/08/2019 18:23,0
29/08/2019 18:28,0
29/08/2019 18:33,0
29/08/2019 18:38,0
29/08/2019 18:43,0
29/08/2019 18:48,0
29/08/2019 18:53,0
29/08/2019 18:58,0
29/08/2019 19:03,0
29/08/2019 19:08,0
29/08/2019 19:13,0
29/08/2019 19:18,0
29/08/2019 19:23,0
29/08/2019 19:28,0
29/08/2019 19:33,0
29/08/2019 19:38,0
29/08/2019 19:43,0
29/08/2019 19:48,0
29/08/2019 19:53,0
29/08/2019 19:58,0
29/08/2019 20:03,0
29/08/2019 20:08,0
29/08/2019 20:13,0
29/08/2019 20:18,0
29/08/2019 20:23,0
29/08/2019 20:28,0
29/08/2019 20:33,0
29/08/2019 20:38,0
29/08/2019 20:43,0
29/08/2019 20:48,0
29/08/2019 20:53,0
29/08/2019 20:58,0
29/08/2019 21:03,0
29/08/2019 21:08,0
29/08/2019 21:13,0
29/08/2019 21:18,0
29/08/2019 21:23,0
29/08/2019 21:28,0
29/08/2019 21:33,0
29/08/2019 21:38,0
29/08/2019 21:43,0
29/08/2019 21:48,0
29/08/2019 21:53,0
29/08/2019 21:58,0
29/08/2019 22:03,0
29/08/2019 22:08,0
29/08/2019 22:13,0
29/08/2019 22:18,0
29/08/2019 22:23,0
29/08/2019 22:28,0
29/08/2019 22:33,0
29/08/2019 22:38,0
29/08/2019 22:43,0
29/08/2019 22:48,0
29/08/2019 22:53,0
29/08/2019 22:58,0
29/08/2019 23:03,0
29/08/2019 23:08,0
29/08/2019 23:13,0
29/08/2019 23:18,0
29/08/2019 23:23,0
29/08/2019 23:28,0
29/08/2019 23:33,0
29/08/2019 23:38,0
29/08/2019 23:43,0
29/08/2019 23:48,0
29/08/2019 23:53,0
29/08/2019 23:58,0
30/08/2019 00:03,0
30/08/2019 00:08,0
30/08/2019 00:13,0
30/08/2019 00:18,0
30/08/2019 00:23,0
30/08/2019 00:28,0
30/08/2019 00:33,0
30/08/2019 00:38,0
30/08/2019 00:43,0
30/08/2019 00:48,0
30/08/2019 00:53,0
30/08/2019 00:58,0
30/08/2019 01:03,0
30/08/2019 01:08,0
30/08/2019 01:13,0
30/08/2019 01:18,0
30/08/2019 01:23,0
30/08/2019 01:28,0
30/08/2019 01:33,0
30/08/2019 01:38,0
30/08/2019 01:43,0
30/08/2019 01:48,0
30/08/2019 01:53,0
30/08/2019 01:58,0
30/08/2019 02:03,0
30/08/2019 02:08,0
30/08/2019 02:13,0
30/08/2019 02:18,0
30/08/2019 02:23,0
30/08/2019 02:28,0
30/08/2019 02:33,0
30/08/2019 02:38,0
30/08/2019 02:43,0
30/08/2019 02:48,0
30/08/2019 02:53,0
30/08/2019 02:58,0
30/08/2019 03:03,0
30/08/2019 03:08,0
30/08/2019 03:13,0
30/08/2019 03:18,0
30/08/2019 03:23,0
30/08/2019 03:28,0
30/08/2019 03:33,0
30/08/2019 03:38,0
30/08/2019 03:43,0
30/08/2019 03:48,0
30/08/2019 03:53,0
30/08/2019 03:58,0
30/08/2019 04:03,0
30/08/2019 04:08,0
30/08/2019 04:13,0
30/08/2019 04:18,0
30/08/2019 04:23,0
30/08/2019 04:28,0
30/08/2019 04:33,0
30/08/2019 04:38,0
30/08/2019 04:43,0
30/08/2019 04:48,0
30/08/2019 04:53,0
30/08/2019 04:58,0
30/08/2019 05:03,0
30/08/2019 05:08,0
30/08/2019 05:13,0
30/08/2019 05:18,0
30/08/2019 05:23,0
30/08/2019 05:28,0
30/08/2019 05:33,0
30/08/2019 05:38,0
30/08/2019 05:43,0
30/08/2019 05:48,0
30/08/2019 05:53,0
30/08/2019 05:58,0
30/08/2019 06:03,0
30/08/2019 06:08,0
30/08/2019 06:13,0
30/08/2019 06:18,0
30/08/2019 06:23,0
30/08/2019 06:28,0
30/08/2019 06:33,0
30/08/2019 06:38,0
30/08/2019 06:43,0
30/08/2019 06:48,0
30/08/2019 06:53,0
30/08/2019 06:58,0
30/08/2019 07:03,0
30/08/2019 07:08,0
30/08/2019 07:13,0
30/08/2019 07:18,0
30/08/2019 07:23,0
30/08/2019 07:28,0
30/08/2019 07:33,0
30/08/2019 07:38,0
30/08/2019 07:43,0
30/08/2019 07:48,0
30/08/2019 07:53,0
30/08/2019 07:58,0
30/08/2019 08:03,0
30/08/2019 08:08,0
30/08/2019 08:13,0
30/08/2019 08:18,0
30/08/2019 08:23,0
30/08/2019 08:28,0
30/08/2019 08:33,0
30/08/2019 08:38,0
30/08/2019 08:43,0
30/08/2019 08:48,0
30/08/2019 08:53,0
30/08/2019 08:58,0
30/08/2019 09:03,0
30/08/2019 09:08,0
30/08/2019 09:13,0
30/08/2019 09:18,0
30/08/2019 09:23,0
30/08/2019 09:28,0
30/08/2019 09:33,0
30/08/2019 09:38,0
30/08/2019 09:43,0
30/08/2019 09:48,0
30/08/2019 09:53,0
30/08/2019 09:58,0
30/08/2019 10:03,0
30/08/2019 10:08,0
30/08/2019 10:13,0
30/08/2019 10:18,0
30/08/2019 10:23,0
30/08/2019 10:28,0
30/08/2019 10:33,0
30/08/2019 10:38,0
30/08/2019 10:43,0
30/08/2019 10:48,0
30/08/2019 10:53,0
30/08/2019 10:58,0
30/08/2019 11:03,0
30/08/2019 11:08,0
30/08/2019 11:13,0
30/08/2019 11:18,0
30/08/2019 11:23,0
30/08/2019 11:28,0
30/08/2019 11:33,0
30/08/2019 11:38,0
30/08/2019 11:43,0
30/08/2019 11:48,0
30/08/2019 11:53,0
30/08/2019 11:58,0
30/08/2019 12:03,0
30/08/2019 12:08,0
30/08/2019 12:13,0
30/08/2019 12:18,0
30/08/2019 12:23,0
30/08/2019 12:28,0
30/08/2019 12:33,0
30/08/2019 12:38,0
30/08/2019 12:43,0
30/08/2019 12:48,0
30/08/2019 12:53,0
30/08/2019 12:58,0
30/08/2019 13:03,0
30/08/2019 13:08,0
30/08/2019 13:13,0
30/08/2019 13:18,0
30/08/2019 13:23,0
30/08/2019 13:28,0
30/08/2019 13:33,0
30/08/2019 13:38,0
30/08/2019 13:43,0
30/08/2019 13:48,0
30/08/2019 13:53,0
30/08/2019 13:58,0
30/08/2019 14:03,0
30/08/2019 14:08,0
30/08/2019 14:13,0
30/08/2019 14:18,0
30/08/2019 14:23,0
30/08/2019 14:28,0
30/08/2019 14:33,0
30/08/2019 14:38,0
30/08/2019 14:43,0
30/08/2019 14:48,0
30/08/2019 14:53,0
30/08/2019 14:58,0
30/08/2019 15:03,0
30/08/2019 15:08,0
30/08/2019 15:13,0
30/08/2019 15:18,0
30/08/2019 15:23,0
30/08/2019 15:28,0
30/08/2019 15:33,0
30/08/2019 15:38,0
30/08/2019 15:43,0
30/08/2019 15:48,0
30/08/2019 15:53,0
30/08/2019 15:58,0
30/08/2019 16:03,0
30/08/2019 16:08,0
30/08/2019 16:13,0
30/08/2019 16:18,0
30/08/2019 16:23,0
30/08/2019 16:28,0
30/08/2019 16:33,0
30/08/2019 16:38,0
30/08/2019 16:43,0
30/08/2019 16:48,0
30/08/2019 16:53,0
30/08/2019 16:58,0
30/08/2019 17:03,0
30/08/2019 17:08,0
30/08/2019 17:13,0
30/08/2019 17:18,0
30/08/2019 17:23,0
30/08/2019 17:28,0
30/08/2019 17:33,0
30/08/2019 17:38,0
30/08/2019 17:43,0
30/08/2019 17:48,0
30/08/2019 17:53,0
30/08/2019 17:58,0
30/08/2019 18:03,0
30/08/2019 18:08,0
30/08/2019 18:13,0
30/08/2019 18:18,0
30/08/2019 18:23,0
30/08/2019 18:28,0
30/08/2019 18:33,0
30/08/2019 18:38,0
30/08/2019 18:43,0
30/08/2019 18:48,0
30/08/2019 18:53,0
30/08/2019 18:58,0
30/08/2019 19:03,0
30/08/2019 19:08,0
30/08/2019 19:13,0
30/08/2019 19:18,0
30/08/2019 19:23,0
30/08/2019 19:28,0
30/08/2019 19:33,0
30/08/2019 19:38,0
30/08/2019 19:43,0
30/08/2019 19:48,0
30/08/2019 19:53,0
30/08/2019 19:58,0
30/08/2019 20:03,0
30/08/2019 20:08,0
30/08/2019 20:13,0
30/08/2019 20:18,0
30/08/2019 20:23,0
30/08/2019 20:28,0
30/08/2019 20:33,0
30/08/2019 20:38,0
30/08/2019 20:43,0
30/08/2019 20:48,0
30/08/2019 20:53,0
30/08/2019 20:58,0
30/08/2019 21:03,0
30/08/2019 21:08,0
30/08/2019 21:13,0
30/08/2019 21:18,0
30/08/2019 21:23,0
30/08/2019 21:28,0
30/08/2019 21:33,0
30/08/2019 21:38,0
30/08/2019 21:43,0
30/08/2019 21:48,0
30/08/2019 21:53,0
30/08/2019 21:58,0
30/08/2019 22:03,0
30/08/2019 22:08,0
30/08/2019 22:13,0
30/08/2019 22:18,0
30/08/2019 22:23,0
30/08/2019 22:28,0
30/08/2019 22:33,0
30/08/2019 22:38,0
30/08/2019 22:43,0
30/08/2019 22:48,0
30/08/2019 22:53,0
30/08/2019 22:58,0
30/08/2019 23:03,0
30/08/2019 23:08,0
30/08/2019 23:13,0
30/08/2019 23:18,0
30/08/2019 23:23,0
30/08/2019 23:28,0
30/08/2019 23:33,0
30/08/2019 23:38,0
30/08/2019 23:43,0
30/08/2019 23:48,0
30/08/2019 23:53,0
30/08/2019 23:58,0
31/08/2019 00:03,0
31/08/2019 00:08,0
31/08/2019 00:13,0
31/08/2019 00:18,0
31/08/2019 00:23,0
31/08/2019 00:28,0
31/08/2019 00:33,0
31/08/2019 00:38,0
31/08/2019 00:43,0
31/08/2019 00:48,0
31/08/2019 00:53,0
31/08/2019 00:58,0
31/08/2019 01:03,0
31/08/2019 01:08,0
31/08/2019 01:13,0
31/08/2019 01:18,0
31/08/2019 01:23,0
31/08/2019 01:28,0
31/08/2019 01:33,0
31/08/2019 01:38,0
31/08/2019 01:43,0
31/08/2019 01:48,0
31/08/2019 01:53,0
31/08/2019 01:58,0
31/08/2019 02:03,0
31/08/2019 02:08,0
31/08/2019 02:13,0
31/08/2019 02:18,0
31/08/2019 02:23,0
31/08/2019 02:28,0
31/08/2019 02:33,0
31/08/2019 02:38,0
31/08/2019 02:43,0
31/08/2019 02:48,0
31/08/2019 02:53,0
31/08/2019 02:58,0
31/08/2019 03:03,0
31/08/2019 03:08,0
31/08/2019 03:13,0
31/08/2019 03:18,0
31/08/2019 03:23,0
31/08/2019 03:28,0
31/08/2019 03:33,0
31/08/2019 03:38,0
31/08/2019 03:43,0
31/08/2019 03:48,0
31/08/2019 03:53,0
31/08/2019 03:58,0
31/08/2019 04:03,0
31/08/2019 04:08,0
31/08/2019 04:13,0
31/08/2019 04:18,0
31/08/2019 04:23,0
31/08/2019 04:28,0
31/08/2019 04:33,0
31/08/2019 04:38,0
31/08/2019 04:43,0
31/08/2019 04:48,0
31/08/2019 04:53,0
31/08/2019 04:58,0
31/08/2019 05:03,0
31/08/2019 05:08,0
31/08/2019 05:13,0
31/08/2019 05:18,0
31/08/2019 05:23,0
31/08/2019 05:28,0
31/08/2019 05:33,0
31/08/2019 05:38,0
31/08/2019 05:43,0
31/08/2019 05:48,0
31/08/2019 05:53,0
31/08/2019 05:58,0
31/08/2019 06:03,0
31/08/2019 06:08,0
31/08/2019 06:13,0
31/08/2019 06:18,0
31/08/2019 06:23,0
31/08/2019 06:28,0
31/08/2019 06:33,0
31/08/2019 06:38,0
31/08/2019 06:43,0
31/08/2019 06:48,0
31/08/2019 06:53,0
31/08/2019 06:58,0
31/08/2019 07:03,0
31/08/2019 07:08,0
31/08/2019 07:13,0
31/08/2019 07:18,0
31/08/2019 07:23,0
31/08/2019 07:28,0
31/08/2019 07:33,0
31/08/2019 07:38,0
31/08/2019 07:43,0
31/08/2019 07:48,0
31/08/2019 07:53,0
31/08/2019 07:58,0
31/08/2019 08:03,0
31/08/2019 08:08,0
31/08/2019 08:13,0
31/08/2019 08:18,0
31/08/2019 08:23,0
31/08/2019 08:28,0
31/08/2019 08:33,0
31/08/2019 08:38,0
31/08/2019 08:43,0
31/08/2019 08:48,0
31/08/2019 08:53,0
31/08/2019 08:58,0
31/08/2019 09:03,0
31/08/2019 09:08,0
31/08/2019 09:13,0
31/08/2019 09:18,0
31/08/2019 09:23,0
31/08/2019 09:28,0
31/08/2019 09:33,0
31/08/2019 09:38,0
31/08/2019 09:43,0
31/08/2019 09:48,0
31/08/2019 09:53,0
31/08/2019 09:58,0
31/08/2019 10:03,0
31/08/2019 10:08,0
31/08/2019 10:13,0
31/08/2019 10:18,0
31/08/2019 10:23,0
31/08/2019 10:28,0
31/08/2019 10:33,0
31/08/2019 10:38,0
31/08/2019 10:43,0
31/08/2019 10:48,0
31/08/2019 10:53,0
31/08/2019 10:58,0
31/08/2019 11:03,0
31/08/2019 11:08,0
31/08/2019 11:13,0
31/08/2019 11:18,0
31/08/2019 11:23,0
31/08/2019 11:28,0
31/08/2019 11:33,0
31/08/2019 11:38,0
31/08/2019 11:43,0
31/08/2019 11:48,0
31/08/2019 11:53,0
31/08/2019 11:58,0
31/08/2019 12:03,0
31/08/2019 12:08,0
31/08/2019 12:13,0
31/08/2019 12:18,0
31/08/2019 12:23,0
31/08/2019 12:28,0
31/08/2019 12:33,0
31/08/2019 12:38,0
31/08/2019 12:43,0
31/08/2019 12:48,0
31/08/2019 12:53,0
31/08/2019 12:58,0
31/08/2019 13:03,0
31/08/2019 13:08,0
31/08/2019 13:13,0
31/08/2019 13:18,0
31/08/2019 13:23,0
31/08/2019 13:28,0
31/08/2019 13:33,0
31/08/2019 13:38,0
31/08/2019 13:43,0
31/08/2019 13:48,0
31/08/2019 13:53,0
31/08/2019 13:58,0
31/08/2019 14:03,0
31/08/2019 14:08,0
31/08/2019 14:13,0
31/08/2019 14:18,0
31/08/2019 14:23,0
31/08/2019 14:28,0
31/08/2019 14:33,0
31/08/2019 14:38,0
31/08/2019 14:43,0
31/08/2019 14:48,0
31/08/2019 14:53,0
31/08/2019 14:58,0
31/08/2019 15:03,0
31/08/2019 15:08,0
31/08/2019 15:13,0
31/08/2019 15:18,0
31/08/2019 15:23,0
31/08/2019 15:28,0
31/08/2019 15:33,0
31/08/2019 15:38,0
31/08/2019 15:43,0
31/08/2019 15:48,0
31/08/2019 15:53,0
31/08/2019 15:58,0
31/08/2019 16:03,0
31/08/2019 16:08,0
31/08/2019 16:13,0
31/08/2019 16:18,0
31/08/2019 16:23,0
31/08/2019 16:28,0
31/08/2019 16:33,0
31/08/2019 16:38,0
31/08/2019 16:43,0
31/08/2019 16:48,0
31/08/2019 16:53,0
31/08/2019 16:58,0
31/08/2019 17:03,0
31/08/2019 17:08,0
31/08/2019 17:13,0
31/08/2019 17:18,0
31/08/2019 17:23,0
31/08/2019 17:28,0
31/08/2019 17:33,0
31/08/2019 17:38,0
31/08/2019 17:43,0
31/08/2019 17:48,0
31/08/2019 17:53,0
31/08/2019 17:58,0
31/08/2019 18:03,0
31/08/2019 18:08,0
31/08/2019 18:13,0
31/08/2019 18:18,0
31/08/2019 18:23,0
31/08/2019 18:28,0
31/08/2019 18:33,0
31/08/2019 18:38,0
31/08/2019 18:43,0
31/08/2019 18:48,0
31/08/2019 18:53,0
31/08/2019 18:58,0
31/08/2019 19:03,0
31/08/2019 19:08,0
31/08/2019 19:13,0
31/08/2019 19:18,0
31/08/2019 19:23,0
31/08/2019 19:28,0
31/08/2019 19:33,0
31/08/2019 19:38,0
31/08/2019 19:43,0
31/08/2019 19:48,0
31/08/2019 19:53,0
31/08/2019 19:58,0
31/08/2019 20:03,0
31/08/2019 20:08,0
31/08/2019 20:13,0
31/08/2019 20:18,0
31/08/2019 20:23,0
31/08/2019 20:28,0
31/08/2019 20:33,0
31/08/2019 20:38,0
31/08/2019 20:43,0
31/08/2019 20:48,0
31/08/2019 20:53,0
31/08/2019 20:58,0
31/08/2019 21:03,0
31/08/2019 21:08,0
31/08/2019 21:13,0
31/08/2019 21:18,0
31/08/2019 21:23,0
31/08/2019 21:28,0
31/08/2019 21:33,0
31/08/2019 21:38,0
31/08/2019 21:43,0
31/08/2019 21:48,0
31/08/2019 21:53,0
31/08/2019 21:58,0
31/08/2019 22:03,0
31/08/2019 22:08,0
31/08/2019 22:13,0
31/08/2019 22:18,0
31/08/2019 22:23,0
31/08/2019 22:28,0
31/08/2019 22:33,0
31/08/2019 22:38,0
31/08/2019 22:43,0
31/08/2019 22:48,0
31/08/2019 22:53,0
31/08/2019 22:58,0
31/08/2019 23:03,0
31/08/2019 23:08,0
31/08/2019 23:13,0
31/08/2019 23:18,0
31/08/2019 23:23,0
31/08/2019 23:28,0
31/08/2019 23:33,0
31/08/2019 23:38,0
31/08/2019 23:43,0
31/08/2019 23:48,0
31/08/2019 23:53,0
31/08/2019 23:58,0
01/09/2019 00:03,0
01/09/2019 00:08,0
01/09/2019 00:13,0
01/09/2019 00:18,0
01/09/2019 00:23,0
01/09/2019 00:28,0
01/09/2019 00:33,0
01/09/2019 00:38,0
01/09/2019 00:43,0
01/09/2019 00:48,0
01/09/2019 00:53,0
01/09/2019 00:58,0
01/09/2019 01:03,0
01/09/2019 01:08,0
01/09/2019 01:13,0
01/09/2019 01:18,0
01/09/2019 01:23,0
01/09/2019 01:28,0
01/09/2019 01:33,0
01/09/2019 01:38,0
01/09/2019 01:43,0
01/09/2019 01:48,0
01/09/2019 01:53,0
01/09/2019 01:58,0
01/09/2019 02:03,0
01/09/2019 02:08,0
01/09/2019 02:13,0
01/09/2019 02:18,0
01/09/2019 02:23,0
01/09/2019 02:28,0
01/09/2019 02:33,0
01/09/2019 02:38,0
01/09/2019 02:43,0
01/09/2019 02:48,0
01/09/2019 02:53,0
01/09/2019 02:58,0
01/09/2019 03:03,0
01/09/2019 03:08,0
01/09/2019 03:13,0
01/09/2019 03:18,0
01/09/2019 03:23,0
01/09/2019 03:28,0
01/09/2019 03:33,0
01/09/2019 03:38,0
01/09/2019 03:43,0
01/09/2019 03:48,0
01/09/2019 03:53,0
01/09/2019 03:58,0
01/09/2019 04:03,0
01/09/2019 04:08,0
01/09/2019 04:13,0
01/09/2019 04:18,0
01/09/2019 04:23,0
01/09/2019 04:28,0
01/09/2019 04:33,0
01/09/2019 04:38,0
01/09/2019 04:43,0
01/09/2019 04:48,0
01/09/2019 04:53,0
01/09/2019 04:58,0
01/09/2019 05:03,0
01/09/2019 05:08,0
01/09/2019 05:13,0
01/09/2019 05:18,0
01/09/2019 05:23,0
01/09/2019 05:28,0
01/09/2019 05:33,0
01/09/2019 05:38,0
01/09/2019 05:43,0
01/09/2019 05:48,0
01/09/2019 05:53,0
01/09/2019 05:58,0
01/09/2019 06:03,0
01/09/2019 06:08,0
01/09/2019 06:13,0
01/09/2019 06:18,0
01/09/2019 06:23,0
01/09/2019 06:28,0
01/09/2019 06:33,0
01/09/2019 06:38,0
01/09/2019 06:43,0
01/09/2019 06:48,0
01/09/2019 06:53,0
01/09/2019 06:58,0
01/09/2019 07:03,0
01/09/2019 07:08,0
01/09/2019 07:13,0
01/09/2019 07:18,0
01/09/2019 07:23,0
01/09/2019 07:28,0
01/09/2019 07:33,0
01/09/2019 07:38,0
01/09/2019 07:43,0
01/09/2019 07:48,0
01/09/2019 07:53,0
01/09/2019 07:58,0
01/09/2019 08:03,0
01/09/2019 08:08,0
01/09/2019 08:13,0
01/09/2019 08:18,0
01/09/2019 08:23,0
01/09/2019 08:28,0
01/09/2019 08:33,0
01/09/2019 08:38,0
01/09/2019 08:43,0
01/09/2019 08:48,0
01/09/2019 08:53,0
01/09/2019 08:58,0
01/09/2019 09:03,0
01/09/2019 09:08,0
01/09/2019 09:13,0
01/09/2019 09:18,0
01/09/2019 09:23,0
01/09/2019 09:28,0
01/09/2019 09:33,0
01/09/2019 09:38,0
01/09/2019 09:43,0
01/09/2019 09:48,0
01/09/2019 09:53,0
01/09/2019 09:58,0
01/09/2019 10:03,0
01/09/2019 10:08,0
01/09/2019 10:13,0
01/09/2019 10:18,0
01/09/2019 10:23,0
01/09/2019 10:28,0
01/09/2019 10:33,0
01/09/2019 10:38,0
01/09/2019 10:43,0
01/09/2019 10:48,0
01/09/2019 10:53,0
01/09/2019 10:58,0
01/09/2019 11:03,0
01/09/2019 11:08,0
01/09/2019 11:13,0
01/09/2019 11:18,0
01/09/2019 11:23,0
01/09/2019 11:28,0
01/09/2019 11:33,0
01/09/2019 11:38,0
01/09/2019 11:43,0
01/09/2019 11:48,0
01/09/2019 11:53,0
01/09/2019 11:58,0
01/09/2019 12:03,0
01/09/2019 12:08,0
01/09/2019 12:13,0
01/09/2019 12:18,0
01/09/2019 12:23,0
01/09/2019 12:28,0
01/09/2019 12:33,0
01/09/2019 12:38,0
01/09/2019 12:43,0
01/09/2019 12:48,0
01/09/2019 12:53,0
01/09/2019 12:58,0
01/09/2019 13:03,0
01/09/2019 13:08,0
01/09/2019 13:13,0
01/09/2019 13:18,0
01/09/2019 13:23,0
01/09/2019 13:28,0
01/09/2019 13:33,0
01/09/2019 13:38,0
01/09/2019 13:43,0
01/09/2019 13:48,0
01/09/2019 13:53,0
01/09/2019 13:58,0
01/09/2019 14:03,0
01/09/2019 14:08,0
01/09/2019 14:13,0
01/09/2019 14:18,0
01/09/2019 14:23,0
01/09/2019 14:28,0
01/09/2019 14:33,0
01/09/2019 14:38,0
01/09/2019 14:43,0
01/09/2019 14:48,0
01/09/2019 14:53,0
01/09/2019 14:58,0
01/09/2019 15:03,0
01/09/2019 15:08,0
01/09/2019 15:13,0
01/09/2019 15:18,0
01/09/2019 15:23,0
01/09/2019 15:28,0
01/09/2019 15:33,0
01/09/2019 15:38,0
01/09/2019 15:43,0
01/09/2019 15:48,0
01/09/2019 15:53,0
01/09/2019 15:58,0
01/09/2019 16:03,0
01/09/2019 16:08,0
01/09/2019 16:13,0
01/09/2019 16:18,0
01/09/2019 16:23,0
01/09/2019 16:28,0
01/09/2019 16:33,0
01/09/2019 16:38,0
01/09/2019 16:43,0
01/09/2019 16:48,0
01/09/2019 16:53,0
01/09/2019 16:58,0
01/09/2019 17:03,0
01/09/2019 17:08,0
01/09/2019 17:13,0
01/09/2019 17:18,0
01/09/2019 17:23,0
01/09/2019 17:28,0
01/09/2019 17:33,0
01/09/2019 17:38,0
01/09/2019 17:43,0
01/09/2019 17:48,0
01/09/2019 17:53,0
01/09/2019 17:58,0
01/09/2019 18:03,0
01/09/2019 18:08,0
01/09/2019 18:13,0
01/09/2019 18:18,0
01/09/2019 18:23,0
01/09/2019 18:28,0
01/09/2019 18:33,0
01/09/2019 18:38,0
01/09/2019 18:43,0
01/09/2019 18:48,0
01/09/2019 18:53,0
01/09/2019 18:58,0
01/09/2019 19:03,0
01/09/2019 19:08,0
01/09/2019 19:13,0
01/09/2019 19:18,0
01/09/2019 19:23,0
01/09/2019 19:28,0
01/09/2019 19:33,0
01/09/2019 19:38,0
01/09/2019 19:43,0
01/09/2019 19:48,0
01/09/2019 19:53,0
01/09/2019 19:58,0
01/09/2019 20:03,0
01/09/2019 20:08,0
01/09/2019 20:13,0
01/09/2019 20:18,0
01/09/2019 20:23,0
01/09/2019 20:28,0
01/09/2019 20:33,0
01/09/2019 20:38,0
01/09/2019 20:43,0
01/09/2019 20:48,0
01/09/2019 20:53,0
01/09/2019 20:58,0
01/09/2019 21:03,0
01/09/2019 21:08,0
01/09/2019 21:13,0
01/09/2019 21:18,0
01/09/2019 21:23,0
01/09/2019 21:28,0
01/09/2019 21:33,0
01/09/2019 21:38,0
01/09/2019 21:43,0
01/09/2019 21:48,0
01/09/2019 21:53,0
01/09/2019 21:58,0
01/09/2019 22:03,0
01/09/2019 22:08,0
01/09/2019 22:13,0
01/09/2019 22:18,0
01/09/2019 22:23,0
01/09/2019 22:28,0
01/09/2019 22:33,0
01/09/2019 22:38,0
01/09/2019 22:43,0
01/09/2019 22:48,0
01/09/2019 22:53,0
01/09/2019 22:58,0
01/09/2019 23:03,0
01/09/2019 23:08,0
01/09/2019 23:13,0
01/09/2019 23:18,0
01/09/2019 23:23,0
01/09/2019 23:28,0
01/09/2019 23:33,0
01/09/2019 23:38,0
01/09/2019 23:43,0
01/09/2019 23:48,0
01/09/2019 23:53,0
01/09/2019 23:58,0
02/09/2019 00:03,0
02/09/2019 00:08,0
02/09/2019 00:13,0
02/09/2019 00:18,0
02/09/2019 00:23,0
02/09/2019 00:28,0
02/09/2019 00:33,0
02/09/2019 00:38,0
02/09/2019 00:43,0
02/09/2019 00:48,0
02/09/2019 00:53,0
02/09/2019 00:58,0
02/09/2019 01:03,0
02/09/2019 01:08,0
02/09/2019 01:13,0
02/09/2019 01:18,0
02/09/2019 01:23,0
02/09/2019 01:28,0
02/09/2019 01:33,0
02/09/2019 01:38,0
02/09/2019 01:43,0
02/09/2019 01:48,0
02/09/2019 01:53,0
02/09/2019 01:58,0
02/09/2019 02:03,0
02/09/2019 02:08,0
02/09/2019 02:13,0
02/09/2019 02:18,0
02/09/2019 02:23,0
02/09/2019 02:28,0
02/09/2019 02:33,0
02/09/2019 02:38,0
02/09/2019 02:43,0
02/09/2019 02:48,0
02/09/2019 02:53,0
02/09/2019 02:58,0
02/09/2019 03:03,0
02/09/2019 03:08,0
02/09/2019 03:13,0
02/09/2019 03:18,0
02/09/2019 03:23,0
02/09/2019 03:28,0
02/09/2019 03:33,0
02/09/2019 03:38,0
02/09/2019 03:43,0
02/09/2019 03:48,0
02/09/2019 03:53,0
02/09/2019 03:58,0
02/09/2019 04:03,0
02/09/2019 04:08,0
02/09/2019 04:13,0
02/09/2019 04:18,0
02/09/2019 04:23,0
02/09/2019 04:28,0
02/09/2019 04:33,0
02/09/2019 04:38,0
02/09/2019 04:43,0
02/09/2019 04:48,0
02/09/2019 04:53,0
02/09/2019 04:58,0
02/09/2019 05:03,0
02/09/2019 05:08,0
02/09/2019 05:13,0
02/09/2019 05:18,0
02/09/2019 05:23,0
02/09/2019 05:28,0
02/09/2019 05:33,0
02/09/2019 05:38,0
02/09/2019 05:43,0
02/09/2019 05:48,0
02/09/2019 05:53,0
02/09/2019 05:58,0
02/09/2019 06:03,0
02/09/2019 06:08,0
02/09/2019 06:13,0
02/09/2019 06:18,0
02/09/2019 06:23,0
02/09/2019 06:28,0
02/09/2019 06:33,0
02/09/2019 06:38,0
02/09/2019 06:43,0
02/09/2019 06:48,0
02/09/2019 06:53,0
02/09/2019 06:58,0
02/09/2019 07:03,0
02/09/2019 07:08,0
02/09/2019 07:13,0
02/09/2019 07:18,0
02/09/2019 07:23,0
02/09/2019 07:28,0
02/09/2019 07:33,0
02/09/2019 07:38,0
02/09/2019 07:43,0
02/09/2019 07:48,0
02/09/2019 07:53,0
02/09/2019 07:58,0
02/09/2019 08:03,0
02/09/2019 08:08,0
02/09/2019 08:13,0
02/09/2019 08:18,0
02/09/2019 08:23,0
02/09/2019 08:28,0
02/09/2019 08:33,0
02/09/2019 08:38,0
02/09/2019 08:43,0
02/09/2019 08:48,0
02/09/2019 08:53,0
02/09/2019 08:58,0
02/09/2019 09:03,0
02/09/2019 09:08,0
02/09/2019 09:13,0
02/09/2019 09:18,0
02/09/2019 09:23,0
02/09/2019 09:28,0
02/09/2019 09:33,0
02/09/2019 09:38,0
02/09/2019 09:43,0
02/09/2019 09:48,0
02/09/2019 09:53,0
02/09/2019 09:58,0
02/09/2019 10:03,0
02/09/2019 10:08,0
02/09/2019 10:13,0
02/09/2019 10:18,0
02/09/2019 10:23,0
02/09/2019 10:28,0
02/09/2019 10:33,0
02/09/2019 10:38,0
02/09/2019 10:43,0
02/09/2019 10:48,0
02/09/2019 10:53,0
02/09/2019 10:58,0
02/09/2019 11:03,0
02/09/2019 11:08,0
02/09/2019 11:13,0
02/09/2019 11:18,0
02/09/2019 11:23,0
02/09/2019 11:28,0
02/09/2019 11:33,0
02/09/2019 11:38,0
02/09/2019 11:43,0
02/09/2019 11:48,0
02/09/2019 11:53,0
02/09/2019 11:58,0
02/09/2019 12:03,0
02/09/2019 12:08,0
02/09/2019 12:13,0
02/09/2019 12:18,0
02/09/2019 12:23,0
02/09/2019 12:28,0
02/09/2019 12:33,0
02/09/2019 12:38,0
02/09/2019 12:43,0
02/09/2019 12:48,0
02/09/2019 12:53,0
02/09/2019 12:58,0
02/09/2019 13:03,0
02/09/2019 13:08,0
02/09/2019 13:13,0
02/09/2019 13:18,0
02/09/2019 13:23,0
02/09/2019 13:28,0
02/09/2019 13:33,0
02/09/2019 13:38,0
02/09/2019 13:43,0
02/09/2019 13:48,0
02/09/2019 13:53,0
02/09/2019 13:58,0
02/09/2019 14:03,0
02/09/2019 14:08,0
02/09/2019 14:13,0
02/09/2019 14:18,0
02/09/2019 14:23,0
02/09/2019 14:28,0
02/09/2019 14:33,0
02/09/2019 14:38,0
02/09/2019 14:43,0
02/09/2019 14:48,0
02/09/2019 14:53,0
02/09/2019 14:58,0
02/09/2019 15:03,0
02/09/2019 15:08,0
02/09/2019 15:13,0
02/09/2019 15:18,0
02/09/2019 15:23,0
02/09/2019 15:28,0
02/09/2019 15:33,0
02/09/2019 15:38,0
02/09/2019 15:43,0
02/09/2019 15:48,0
02/09/2019 15:53,0
02/09/2019 15:58,0
02/09/2019 16:03,0
02/09/2019 16:08,0
02/09/2019 16:13,0
02/09/2019 16:18,0
02/09/2019 16:23,0
02/09/2019 16:28,0
02/09/2019 16:33,0
02/09/2019 16:38,0
02/09/2019 16:43,0
02/09/2019 16:48,0
02/09/2019 16:53,0
02/09/2019 16:58,0
02/09/2019 17:03,0
02/09/2019 17:08,0
02/09/2019 17:13,0
02/09/2019 17:18,0
02/09/2019 17:23,0
02/09/2019 17:28,0
02/09/2019 17:33,0
02/09/2019 17:38,0
02/09/2019 17:43,0
02/09/2019 17:48,0
02/09/2019 17:53,0
02/09/2019 17:58,0
02/09/2019 18:03,0
02/09/2019 18:08,0
02/09/2019 18:13,0
02/09/2019 18:18,0
02/09/2019 18:23,0
02/09/2019 18:28,0
02/09/2019 18:33,0
02/09/2019 18:38,0
02/09/2019 18:43,0
02/09/2019 18:48,0
02/09/2019 18:53,0
02/09/2019 18:58,0
02/09/2019 19:03,0
02/09/2019 19:08,0
02/09/2019 19:13,0
02/09/2019 19:18,0
02/09/2019 19:23,0
02/09/2019 19:28,0
02/09/2019 19:33,0
02/09/2019 19:38,0
02/09/2019 19:43,0
02/09/2019 19:48,0
02/09/2019 19:53,0
02/09/2019 19:58,0
02/09/2019 20:03,0
02/09/2019 20:08,0
02/09/2019 20:13,0
02/09/2019 20:18,0
02/09/2019 20:23,0
02/09/2019 20:28,0
02/09/2019 20:33,0
02/09/2019 20:38,0
02/09/2019 20:43,0
02/09/2019 20:48,0
02/09/2019 20:53,0
02/09/2019 20:58,0
02/09/2019 21:03,0
02/09/2019 21:08,0
02/09/2019 21:13,0
02/09/2019 21:18,0
02/09/2019 21:23,0
02/09/2019 21:28,0
02/09/2019 21:33,0
02/09/2019 21:38,0
02/09/2019 21:43,0
02/09/2019 21:48,0
02/09/2019 21:53,0
02/09/2019 21:58,0
02/09/2019 22:03,0
02/09/2019 22:08,0
02/09/2019 22:13,0
02/09/2019 22:18,0
02/09/2019 22:23,0
02/09/2019 22:28,0
02/09/2019 22:33,0
02/09/2019 22:38,0
02/09/2019 22:43,0
02/09/2019 22:48,0
02/09/2019 22:53,0
02/09/2019 22:58,0
02/09/2019 23:03,0
02/09/2019 23:08,0
02/09/2019 23:13,0
02/09/2019 23:18,0
02/09/2019 23:23,0
02/09/2019 23:28,0
02/09/2019 23:33,0
02/09/2019 23:38,0
02/09/2019 23:43,0
02/09/2019 23:48,0
02/09/2019 23:53,0
02/09/2019 23:58,0
03/09/2019 00:03,0
03/09/2019 00:08,0
03/09/2019 00:13,0
03/09/2019 00:18,0
03/09/2019 00:23,0
03/09/2019 00:28,0
03/09/2019 00:33,0
03/09/2019 00:38,0
03/09/2019 00:43,0
03/09/2019 00:48,0
03/09/2019 00:53,0
03/09/2019 00:58,0
03/09/2019 01:03,0
03/09/2019 01:08,0
03/09/2019 01:13,0
03/09/2019 01:18,0
03/09/2019 01:23,0
03/09/2019 01:28,0
03/09/2019 01:33,0
03/09/2019 01:38,0
03/09/2019 01:43,0
03/09/2019 01:48,0
03/09/2019 01:53,0
03/09/2019 01:58,0
03/09/2019 02:03,0
03/09/2019 02:08,0
03/09/2019 02:13,0
03/09/2019 02:18,0
03/09/2019 02:23,0
03/09/2019 02:28,0
03/09/2019 02:33,0
03/09/2019 02:38,0
03/09/2019 02:43,0
03/09/2019 02:48,0
03/09/2019 02:53,0
03/09/2019 02:58,0
03/09/2019 03:03,0
03/09/2019 03:08,0
03/09/2019 03:13,0
03/09/2019 03:18,0
03/09/2019 03:23,0
03/09/2019 03:28,0
03/09/2019 03:33,0
03/09/2019 03:38,0
03/09/2019 03:43,0
03/09/2019 03:48,0
03/09/2019 03:53,0
03/09/2019 03:58,0
03/09/2019 04:03,0
03/09/2019 04:08,0
03/09/2019 04:13,0
03/09/2019 04:18,0
03/09/2019 04:23,0
03/09/2019 04:28,0
03/09/2019 04:33,0
03/09/2019 04:38,0
03/09/2019 04:43,0
03/09/2019 04:48,0
03/09/2019 04:53,0
03/09/2019 04:58,0
03/09/2019 05:03,0
03/09/2019 05:08,0
03/09/2019 05:13,0
03/09/2019 05:18,0
03/09/2019 05:23,0
03/09/2019 05:28,0
03/09/2019 05:33,0
03/09/2019 05:38,0
03/09/2019 05:43,0
03/09/2019 05:48,0
03/09/2019 05:53,0
03/09/2019 05:58,0
03/09/2019 06:03,0
03/09/2019 06:08,0
03/09/2019 06:13,0
03/09/2019 06:18,0
03/09/2019 06:23,0
03/09/2019 06:28,0
03/09/2019 06:33,0
03/09/2019 06:38,0
03/09/2019 06:43,0
03/09/2019 06:48,0
03/09/2019 06:53,0
03/09/2019 06:58,0
03/09/2019 07:03,0
03/09/2019 07:08,0
03/09/2019 07:13,0
03/09/2019 07:18,0
03/09/2019 07:23,0
03/09/2019 07:28,0
03/09/2019 07:33,0
03/09/2019 07:38,0
03/09/2019 07:43,0
03/09/2019 07:48,0
03/09/2019 07:53,0
03/09/2019 07:58,0
03/09/2019 08:03,0
03/09/2019 08:08,0
03/09/2019 08:13,0
03/09/2019 08:18,0
03/09/2019 08:23,0
03/09/2019 08:28,0
03/09/2019 08:33,0
03/09/2019 08:38,0
03/09/2019 08:43,0
03/09/2019 08:48,0
03/09/2019 08:53,0
03/09/2019 08:58,0
03/09/2019 09:03,0
03/09/2019 09:08,0
03/09/2019 09:13,0
03/09/2019 09:18,0
03/09/2019 09:23,0
03/09/2019 09:28,0
03/09/2019 09:33,0
03/09/2019 09:38,0
03/09/2019 09:43,0
03/09/2019 09:48,0
03/09/2019 09:53,0
03/09/2019 09:58,0
03/09/2019 10:03,0
03/09/2019 10:08,0
03/09/2019 10:13,0
03/09/2019 10:18,0
03/09/2019 10:23,0
03/09/2019 10:28,0
03/09/2019 10:33,0
03/09/2019 10:38,0
03/09/2019 10:43,0
03/09/2019 10:48,0
03/09/2019 10:53,0
03/09/2019 10:58,0
03/09/2019 11:03,0
03/09/2019 11:08,0
03/09/2019 11:13,0
03/09/2019 11:18,0
03/09/2019 11:23,0
03/09/2019 11:28,0
03/09/2019 11:33,0
03/09/2019 11:38,0
03/09/2019 11:43,0
03/09/2019 11:48,0
03/09/2019 11:53,0
03/09/2019 11:58,0
03/09/2019 12:03,0
03/09/2019 12:08,0
03/09/2019 12:13,0
03/09/2019 12:18,0
03/09/2019 12:23,0
03/09/2019 12:28,0
03/09/2019 12:33,0
03/09/2019 12:38,0
03/09/2019 12:43,0
03/09/2019 12:48,0
03/09/2019 12:53,0
03/09/2019 12:58,0
03/09/2019 13:03,0
03/09/2019 13:08,0
03/09/2019 13:13,0
03/09/2019 13:18,0
03/09/2019 13:23,0
03/09/2019 13:28,0
03/09/2019 13:33,0
03/09/2019 13:38,0
03/09/2019 13:43,0
03/09/2019 13:48,0
03/09/2019 13:53,0
03/09/2019 13:58,0
03/09/2019 14:03,0
03/09/2019 14:08,0
03/09/2019 14:13,0
03/09/2019 14:18,0
03/09/2019 14:23,0
03/09/2019 14:28,0
03/09/2019 14:33,0
03/09/2019 14:38,0
03/09/2019 14:43,0
03/09/2019 14:48,0
03/09/2019 14:53,0
03/09/2019 14:58,0
03/09/2019 15:03,0
03/09/2019 15:08,0
03/09/2019 15:13,0
03/09/2019 15:18,0
03/09/2019 15:23,0
03/09/2019 15:28,0
03/09/2019 15:33,0
03/09/2019 15:38,0
03/09/2019 15:43,0
03/09/2019 15:48,0
03/09/2019 15:53,0
03/09/2019 15:58,0
03/09/2019 16:03,0
03/09/2019 16:08,0
03/09/2019 16:13,0
03/09/2019 16:18,0
03/09/2019 16:23,0
03/09/2019 16:28,0
03/09/2019 16:33,0
03/09/2019 16:38,0
03/09/2019 16:43,0
03/09/2019 16:48,0
03/09/2019 16:53,0
03/09/2019 16:58,0
03/09/2019 17:03,0
03/09/2019 17:08,0
03/09/2019 17:13,0
03/09/2019 17:18,0
03/09/2019 17:23,0
03/09/2019 17:28,0
03/09/2019 17:33,0
03/09/2019 17:38,0
03/09/2019 17:43,0
03/09/2019 17:48,0
03/09/2019 17:53,0
03/09/2019 17:58,0
03/09/2019 18:03,0
03/09/2019 18:08,0
03/09/2019 18:13,0
03/09/2019 18:18,0
03/09/2019 18:23,0
03/09/2019 18:28,0
03/09/2019 18:33,0
03/09/2019 18:38,0
03/09/2019 18:43,0
03/09/2019 18:48,0
03/09/2019 18:53,0
03/09/2019 18:58,0
03/09/2019 19:03,0
03/09/2019 19:08,0
03/09/2019 19:13,0
03/09/2019 19:18,0
03/09/2019 19:23,0
03/09/2019 19:28,0
03/09/2019 19:33,0
03/09/2019 19:38,0
03/09/2019 19:43,0
03/09/2019 19:48,0
03/09/2019 19:53,0
03/09/2019 19:58,0
03/09/2019 20:03,0
03/09/2019 20:08,0
03/09/2019 20:13,0
03/09/2019 20:18,0
03/09/2019 20:23,0
03/09/2019 20:28,0
03/09/2019 20:33,0
03/09/2019 20:38,0
03/09/2019 20:43,0
03/09/2019 20:48,0
03/09/2019 20:53,0
03/09/2019 20:58,0
03/09/2019 21:03,0
03/09/2019 21:08,0
03/09/2019 21:13,0
03/09/2019 21:18,0
03/09/2019 21:23,0
03/09/2019 21:28,0
03/09/2019 21:33,0
03/09/2019 21:38,0
03/09/2019 21:43,0
03/09/2019 21:48,0
03/09/2019 21:53,0
03/09/2019 21:58,0
03/09/2019 22:03,0
03/09/2019 22:08,0
03/09/2019 22:13,0
03/09/2019 22:18,0
03/09/2019 22:23,0
03/09/2019 22:28,0
03/09/2019 22:33,0
03/09/2019 22:38,0
03/09/2019 22:43,0
03/09/2019 22:48,0
03/09/2019 22:53,0
03/09/2019 22:58,0
03/09/2019 23:03,0
03/09/2019 23:08,0
03/09/2019 23:13,0
03/09/2019 23:18,0
03/09/2019 23:23,0
03/09/2019 23:28,0
03/09/2019 23:33,0
03/09/2019 23:38,0
03/09/2019 23:43,0
03/09/2019 23:48,0
03/09/2019 23:53,0
03/09/2019 23:58,0
04/09/2019 00:03,0
04/09/2019 00:08,0
04/09/2019 00:13,0
04/09/2019 00:18,0
04/09/2019 00:23,0
04/09/2019 00:28,0
04/09/2019 00:33,0
04/09/2019 00:38,0
04/09/2019 00:43,0
04/09/2019 00:48,0
04/09/2019 00:53,0
04/09/2019 00:58,0
04/09/2019 01:03,0
04/09/2019 01:08,0
04/09/2019 01:13,0
04/09/2019 01:18,0
04/09/2019 01:23,0
04/09/2019 01:28,0
04/09/2019 01:33,0
04/09/2019 01:38,0
04/09/2019 01:43,0
04/09/2019 01:48,0
04/09/2019 01:53,0
04/09/2019 01:58,0
04/09/2019 02:03,0
04/09/2019 02:08,0
04/09/2019 02:13,0
04/09/2019 02:18,0
04/09/2019 02:23,0
04/09/2019 02:28,0
04/09/2019 02:33,0
04/09/2019 02:38,0
04/09/2019 02:43,0
04/09/2019 02:48,0
04/09/2019 02:53,0
04/09/2019 02:58,0
04/09/2019 03:03,0
04/09/2019 03:08,0
04/09/2019 03:13,0
04/09/2019 03:18,0
04/09/2019 03:23,0
04/09/2019 03:28,0
04/09/2019 03:33,0
04/09/2019 03:38,0
04/09/2019 03:43,0
04/09/2019 03:48,0
04/09/2019 03:53,0
04/09/2019 03:58,0
04/09/2019 04:03,0
04/09/2019 04:08,0
04/09/2019 04:13,0
04/09/2019 04:18,0
04/09/2019 04:23,0
04/09/2019 04:28,0
04/09/2019 04:33,0
04/09/2019 04:38,0
04/09/2019 04:43,0
04/09/2019 04:48,0
04/09/2019 04:53,0
04/09/2019 04:58,0
04/09/2019 05:03,0
04/09/2019 05:08,0
04/09/2019 05:13,0
04/09/2019 05:18,0
04/09/2019 05:23,0
04/09/2019 05:28,0
04/09/2019 05:33,0
04/09/2019 05:38,0
04/09/2019 05:43,0
04/09/2019 05:48,0
04/09/2019 05:53,0
04/09/2019 05:58,0
04/09/2019 06:03,0
04/09/2019 06:08,0
04/09/2019 06:13,0
04/09/2019 06:18,0
04/09/2019 06:23,0
04/09/2019 06:28,0
04/09/2019 06:33,0
04/09/2019 06:38,0
04/09/2019 06:43,0
04/09/2019 06:48,0
04/09/2019 06:53,0
04/09/2019 06:58,0
04/09/2019 07:03,0
04/09/2019 07:08,0
04/09/2019 07:13,0
04/09/2019 07:18,0
04/09/2019 07:23,0
04/09/2019 07:28,0
04/09/2019 07:33,0
04/09/2019 07:38,0
04/09/2019 07:43,0
04/09/2019 07:48,0
04/09/2019 07:53,0
04/09/2019 07:58,0
04/09/2019 08:03,0
04/09/2019 08:08,0
04/09/2019 08:13,0
04/09/2019 08:18,0
04/09/2019 08:23,0
04/09/2019 08:28,0
04/09/2019 08:33,0
04/09/2019 08:38,0
04/09/2019 08:43,0
04/09/2019 08:48,0
04/09/2019 08:53,0
04/09/2019 08:58,0
04/09/2019 09:03,0
04/09/2019 09:08,0
04/09/2019 09:13,0
04/09/2019 09:18,0
04/09/2019 09:23,0
04/09/2019 09:28,0
04/09/2019 09:33,0
04/09/2019 09:38,0
04/09/2019 09:43,0
04/09/2019 09:48,0
04/09/2019 09:53,0
04/09/2019 09:58,0
04/09/2019 10:03,0
04/09/2019 10:08,0
04/09/2019 10:13,0
04/09/2019 10:18,0
04/09/2019 10:23,0
04/09/2019 10:28,0
04/09/2019 10:33,0
04/09/2019 10:38,0
04/09/2019 10:43,0
04/09/2019 10:48,0
04/09/2019 10:53,0
04/09/2019 10:58,0
04/09/2019 11:03,0
04/09/2019 11:08,0
04/09/2019 11:13,0
04/09/2019 11:18,0
04/09/2019 11:23,0
04/09/2019 11:28,0
04/09/2019 11:33,0
04/09/2019 11:38,0
04/09/2019 11:43,0
04/09/2019 11:48,0
04/09/2019 11:53,0
04/09/2019 11:58,0
04/09/2019 12:03,0
04/09/2019 12:08,0
04/09/2019 12:13,0
04/09/2019 12:18,0
04/09/2019 12:23,0
04/09/2019 12:28,0
04/09/2019 12:33,0
04/09/2019 12:38,0
04/09/2019 12:43,0
04/09/2019 12:48,0
04/09/2019 12:53,0
04/09/2019 12:58,0
04/09/2019 13:03,0
04/09/2019 13:08,0
04/09/2019 13:13,0
04/09/2019 13:18,0
04/09/2019 13:23,0
04/09/2019 13:28,0
04/09/2019 13:33,0
04/09/2019 13:38,0
04/09/2019 13:43,0
04/09/2019 13:48,0
04/09/2019 13:53,0
04/09/2019 13:58,0
04/09/2019 14:03,0
04/09/2019 14:08,0
04/09/2019 14:13,0
04/09/2019 14:18,0
04/09/2019 14:23,0
04/09/2019 14:28,0
04/09/2019 14:33,0
04/09/2019 14:38,0
04/09/2019 14:43,0
04/09/2019 14:48,0
04/09/2019 14:53,0
04/09/2019 14:58,0
04/09/2019 15:03,0
04/09/2019 15:08,0
04/09/2019 15:13,0
04/09/2019 15:18,0
04/09/2019 15:23,0
04/09/2019 15:28,0
04/09/2019 15:33,0
04/09/2019 15:38,0
04/09/2019 15:43,0
04/09/2019 15:48,0
04/09/2019 15:53,0
04/09/2019 15:58,0
04/09/2019 16:03,0
04/09/2019 16:08,0
04/09/2019 16:13,0
04/09/2019 16:18,0
04/09/2019 16:23,0
04/09/2019 16:28,0
04/09/2019 16:33,0
04/09/2019 16:38,0
04/09/2019 16:43,0
04/09/2019 16:48,0
04/09/2019 16:53,0
04/09/2019 16:58,0
04/09/2019 17:03,0
04/09/2019 17:08,0
04/09/2019 17:13,0
04/09/2019 17:18,0
04/09/2019 17:23,0
04/09/2019 17:28,0
04/09/2019 17:33,0
04/09/2019 17:38,0
04/09/2019 17:43,0
04/09/2019 17:48,0
04/09/2019 17:53,0
04/09/2019 17:58,0
04/09/2019 18:03,0
04/09/2019 18:08,0
04/09/2019 18:13,0
04/09/2019 18:18,0
04/09/2019 18:23,0
04/09/2019 18:28,0
04/09/2019 18:33,0
04/09/2019 18:38,0
04/09/2019 18:43,0
04/09/2019 18:48,0
04/09/2019 18:53,0
04/09/2019 18:58,0
04/09/2019 19:03,0
04/09/2019 19:08,0
04/09/2019 19:13,0
04/09/2019 19:18,0
04/09/2019 19:23,0
04/09/2019 19:28,0
04/09/2019 19:33,0
04/09/2019 19:38,0
04/09/2019 19:43,0
04/09/2019 19:48,0
04/09/2019 19:53,0
04/09/2019 19:58,0
04/09/2019 20:03,0
04/09/2019 20:08,0
04/09/2019 20:13,0
04/09/2019 20:18,0
04/09/2019 20:23,0
04/09/2019 20:28,0
04/09/2019 20:33,0
04/09/2019 20:38,0
04/09/2019 20:43,0
04/09/2019 20:48,0
04/09/2019 20:53,0
04/09/2019 20:58,0
04/09/2019 21:03,0
04/09/2019 21:08,0
04/09/2019 21:13,0
04/09/2019 21:18,0
04/09/2019 21:23,0
04/09/2019 21:28,0
04/09/2019 21:33,0
04/09/2019 21:38,0
04/09/2019 21:43,0
04/09/2019 21:48,0
04/09/2019 21:53,0
04/09/2019 21:58,0
04/09/2019 22:03,0
04/09/2019 22:08,0
04/09/2019 22:13,0
04/09/2019 22:18,0
04/09/2019 22:23,0
04/09/2019 22:28,0
04/09/2019 22:33,0
04/09/2019 22:38,0
04/09/2019 22:43,0
04/09/2019 22:48,0
04/09/2019 22:53,0
04/09/2019 22:58,0
04/09/2019 23:03,0
04/09/2019 23:08,0
04/09/2019 23:13,0
04/09/2019 23:18,0
04/09/2019 23:23,0
04/09/2019 23:28,0
04/09/2019 23:33,0
04/09/2019 23:38,0
04/09/2019 23:43,0
04/09/2019 23:48,0
04/09/2019 23:53,0
04/09/2019 23:58,0
05/09/2019 00:03,0
05/09/2019 00:08,0
05/09/2019 00:13,0
05/09/2019 00:18,0
05/09/2019 00:23,0
05/09/2019 00:28,0
05/09/2019 00:33,0
05/09/2019 00:38,0
05/09/2019 00:43,0
05/09/2019 00:48,0
05/09/2019 00:53,0
05/09/2019 00:58,0
05/09/2019 01:03,0
05/09/2019 01:08,0
05/09/2019 01:13,0
05/09/2019 01:18,0
05/09/2019 01:23,0
05/09/2019 01:28,0
05/09/2019 01:33,0
05/09/2019 01:38,0
05/09/2019 01:43,0
05/09/2019 01:48,0
05/09/2019 01:53,0
05/09/2019 01:58,0
05/09/2019 02:03,0
05/09/2019 02:08,0
05/09/2019 02:13,0
05/09/2019 02:18,0
05/09/2019 02:23,0
05/09/2019 02:28,0
05/09/2019 02:33,0
05/09/2019 02:38,0
05/09/2019 02:43,0
05/09/2019 02:48,0
05/09/2019 02:53,0
05/09/2019 02:58,0
05/09/2019 03:03,0
05/09/2019 03:08,0
05/09/2019 03:13,0
05/09/2019 03:18,0
05/09/2019 03:23,0
05/09/2019 03:28,0
05/09/2019 03:33,0
05/09/2019 03:38,0
05/09/2019 03:43,0
05/09/2019 03:48,0
05/09/2019 03:53,0
05/09/2019 03:58,0
05/09/2019 04:03,0
05/09/2019 04:08,0
05/09/2019 04:13,0
05/09/2019 04:18,0
05/09/2019 04:23,0
05/09/2019 04:28,0
05/09/2019 04:33,0
05/09/2019 04:38,0
05/09/2019 04:43,0
05/09/2019 04:48,0
05/09/2019 04:53,0
05/09/2019 04:58,0
05/09/2019 05:03,0
05/09/2019 05:08,0
05/09/2019 05:13,0
05/09/2019 05:18,0
05/09/2019 05:23,0
05/09/2019 05:28,0
05/09/2019 05:33,0
05/09/2019 05:38,0
05/09/2019 05:43,0
05/09/2019 05:48,0
05/09/2019 05:53,0
05/09/2019 05:58,0
05/09/2019 06:03,0
05/09/2019 06:08,0
05/09/2019 06:13,0
05/09/2019 06:18,0
05/09/2019 06:23,0
05/09/2019 06:28,0
05/09/2019 06:33,0
05/09/2019 06:38,0
05/09/2019 06:43,0
05/09/2019 06:48,0
05/09/2019 06:53,0
05/09/2019 06:58,0
05/09/2019 07:03,0
05/09/2019 07:08,0
05/09/2019 07:13,0
05/09/2019 07:18,0
05/09/2019 07:23,0
05/09/2019 07:28,0
05/09/2019 07:33,0
05/09/2019 07:38,0
05/09/2019 07:43,0
05/09/2019 07:48,0
05/09/2019 07:53,0
05/09/2019 07:58,0
05/09/2019 08:03,0
05/09/2019 08:08,0
05/09/2019 08:13,0
05/09/2019 08:18,0
05/09/2019 08:23,0
05/09/2019 08:28,0
05/09/2019 08:33,0
05/09/2019 08:38,0
05/09/2019 08:43,0
05/09/2019 08:48,0
05/09/2019 08:53,0
05/09/2019 08:58,0
05/09/2019 09:03,0
05/09/2019 09:08,0
05/09/2019 09:13,0
05/09/2019 09:18,0
05/09/2019 09:23,0
05/09/2019 09:28,0
05/09/2019 09:33,0
05/09/2019 09:38,0
05/09/2019 09:43,0
05/09/2019 09:48,0
05/09/2019 09:53,0
05/09/2019 09:58,0
05/09/2019 10:03,0
05/09/2019 10:08,0
05/09/2019 10:13,0
05/09/2019 10:18,0
05/09/2019 10:23,0
05/09/2019 10:28,0
05/09/2019 10:33,0
05/09/2019 10:38,0
05/09/2019 10:43,0
05/09/2019 10:48,0
05/09/2019 10:53,0
05/09/2019 10:58,0
05/09/2019 11:03,0
05/09/2019 11:08,0
05/09/2019 11:13,0
05/09/2019 11:18,0
05/09/2019 11:23,0
05/09/2019 11:28,0
05/09/2019 11:33,0
05/09/2019 11:38,0
05/09/2019 11:43,0
05/09/2019 11:48,0
05/09/2019 11:53,0
05/09/2019 11:58,0
05/09/2019 12:03,0
05/09/2019 12:08,0
05/09/2019 12:13,0
05/09/2019 12:18,0
05/09/2019 12:23,0
05/09/2019 12:28,0
05/09/2019 12:33,0
05/09/2019 12:38,0
05/09/2019 12:43,0
05/09/2019 12:48,0
05/09/2019 12:53,0
05/09/2019 12:58,0
05/09/2019 13:03,0
05/09/2019 13:08,0
05/09/2019 13:13,0
05/09/2019 13:18,0
05/09/2019 13:23,0
05/09/2019 13:28,0
05/09/2019 13:33,0
05/09/2019 13:38,0
05/09/2019 13:43,0
05/09/2019 13:48,0
05/09/2019 13:53,0
05/09/2019 13:58,0
05/09/2019 14:03,0
05/09/2019 14:08,0
05/09/2019 14:13,0
05/09/2019 14:18,0
05/09/2019 14:23,0
05/09/2019 14:28,0
05/09/2019 14:33,0
05/09/2019 14:38,0
05/09/2019 14:43,0
05/09/2019 14:48,0
05/09/2019 14:53,0
05/09/2019 14:58,0
05/09/2019 15:03,0
05/09/2019 15:08,0
05/09/2019 15:13,0
05/09/2019 15:18,0
05/09/2019 15:23,0
05/09/2019 15:28,0
05/09/2019 15:33,0
05/09/2019 15:38,0
05/09/2019 15:43,0
05/09/2019 15:48,0
05/09/2019 15:53,0
05/09/2019 15:58,0
05/09/2019 16:03,0
05/09/2019 16:08,0
05/09/2019 16:13,0
05/09/2019 16:18,0
05/09/2019 16:23,0
05/09/2019 16:28,0
05/09/2019 16:33,0
05/09/2019 16:38,0
05/09/2019 16:43,0
05/09/2019 16:48,0
05/09/2019 16:53,0
05/09/2019 16:58,0
05/09/2019 17:03,0
05/09/2019 17:08,0
05/09/2019 17:13,0
05/09/2019 17:18,0
05/09/2019 17:23,0
05/09/2019 17:28,0
05/09/2019 17:33,0
05/09/2019 17:38,0
05/09/2019 17:43,0
05/09/2019 17:48,0
05/09/2019 17:53,0
05/09/2019 17:58,0
05/09/2019 18:03,0
05/09/2019 18:08,0
05/09/2019 18:13,0
05/09/2019 18:18,0
05/09/2019 18:23,0
05/09/2019 18:28,0
05/09/2019 18:33,0
05/09/2019 18:38,0
05/09/2019 18:43,0
05/09/2019 18:48,0
05/09/2019 18:53,0
05/09/2019 18:58,0
05/09/2019 19:03,0
05/09/2019 19:08,0
05/09/2019 19:13,0
05/09/2019 19:18,0
05/09/2019 19:23,0
05/09/2019 19:28,0
05/09/2019 19:33,0
05/09/2019 19:38,0
05/09/2019 19:43,0
05/09/2019 19:48,0
05/09/2019 19:53,0
05/09/2019 19:58,0
05/09/2019 20:03,0
05/09/2019 20:08,0
05/09/2019 20:13,0
05/09/2019 20:18,0
05/09/2019 20:23,0
05/09/2019 20:28,0
05/09/2019 20:33,0
05/09/2019 20:38,0
05/09/2019 20:43,0
05/09/2019 20:48,0
05/09/2019 20:53,0
05/09/2019 20:58,0
05/09/2019 21:03,0
05/09/2019 21:08,0
05/09/2019 21:13,0
05/09/2019 21:18,0
05/09/2019 21:23,0
05/09/2019 21:28,0
05/09/2019 21:33,0
05/09/2019 21:38,0
05/09/2019 21:43,0
05/09/2019 21:48,0
05/09/2019 21:53,0
05/09/2019 21:58,0
05/09/2019 22:03,0
05/09/2019 22:08,0
05/09/2019 22:13,0
05/09/2019 22:18,0
05/09/2019 22:23,0
05/09/2019 22:28,0
05/09/2019 22:33,0
05/09/2019 22:38,0
05/09/2019 22:43,0
05/09/2019 22:48,0
05/09/2019 22:53,0
05/09/2019 22:58,0
05/09/2019 23:03,0
05/09/2019 23:08,0
05/09/2019 23:13,0
05/09/2019 23:18,0
05/09/2019 23:23,0
05/09/2019 23:28,0
05/09/2019 23:33,0
05/09/2019 23:38,0
05/09/2019 23:43,0
05/09/2019 23:48,0
05/09/2019 23:53,0
05/09/2019 23:58,0
06/09/2019 00:03,0
06/09/2019 00:08,0
06/09/2019 00:13,0
06/09/2019 00:18,0
06/09/2019 00:23,0
06/09/2019 00:28,0
06/09/2019 00:33,0
06/09/2019 00:38,0
06/09/2019 00:43,0
06/09/2019 00:48,0
06/09/2019 00:53,0
06/09/2019 00:58,0
06/09/2019 01:03,0
06/09/2019 01:08,0
06/09/2019 01:13,0
06/09/2019 01:18,0
06/09/2019 01:23,0
06/09/2019 01:28,0
06/09/2019 01:33,0
06/09/2019 01:38,0
06/09/2019 01:43,0
06/09/2019 01:48,0
06/09/2019 01:53,0
06/09/2019 01:58,0
06/09/2019 02:03,0
06/09/2019 02:08,0
06/09/2019 02:13,0
06/09/2019 02:18,0
06/09/2019 02:23,0
06/09/2019 02:28,0
06/09/2019 02:33,0
06/09/2019 02:38,0
06/09/2019 02:43,0
06/09/2019 02:48,0
06/09/2019 02:53,0
06/09/2019 02:58,0
06/09/2019 03:03,0
06/09/2019 03:08,0
06/09/2019 03:13,0
06/09/2019 03:18,0
06/09/2019 03:23,0
06/09/2019 03:28,0
06/09/2019 03:33,0
06/09/2019 03:38,0
06/09/2019 03:43,0
06/09/2019 03:48,0
06/09/2019 03:53,0
06/09/2019 03:58,0
06/09/2019 04:03,0
06/09/2019 04:08,0
06/09/2019 04:13,0
06/09/2019 04:18,0
06/09/2019 04:23,0
06/09/2019 04:28,0
06/09/2019 04:33,0
06/09/2019 04:38,0
06/09/2019 04:43,0
06/09/2019 04:48,0
06/09/2019 04:53,0
06/09/2019 04:58,0
06/09/2019 05:03,0
06/09/2019 05:08,0
06/09/2019 05:13,0
06/09/2019 05:18,0
06/09/2019 05:23,0
06/09/2019 05:28,0
06/09/2019 05:33,0
06/09/2019 05:38,0
06/09/2019 05:43,0
06/09/2019 05:48,0
06/09/2019 05:53,0
06/09/2019 05:58,0
06/09/2019 06:03,0
06/09/2019 06:08,0
06/09/2019 06:13,0
06/09/2019 06:18,0
06/09/2019 06:23,0
06/09/2019 06:28,0
06/09/2019 06:33,0
06/09/2019 06:38,0
06/09/2019 06:43,0
06/09/2019 06:48,0
06/09/2019 06:53,0
06/09/2019 06:58,0
06/09/2019 07:03,0
06/09/2019 07:08,0
06/09/2019 07:13,0
06/09/2019 07:18,0
06/09/2019 07:23,0
06/09/2019 07:28,0
06/09/2019 07:33,0
06/09/2019 07:38,0
06/09/2019 07:43,0
06/09/2019 07:48,0
06/09/2019 07:53,0
06/09/2019 07:58,0
06/09/2019 08:03,0
06/09/2019 08:08,0
06/09/2019 08:13,0
06/09/2019 08:18,0
06/09/2019 08:23,0
06/09/2019 08:28,0
06/09/2019 08:33,0
06/09/2019 08:38,0
06/09/2019 08:43,0
06/09/2019 08:48,0
06/09/2019 08:53,0
06/09/2019 08:58,0
06/09/2019 09:03,0
06/09/2019 09:08,0
06/09/2019 09:13,0
06/09/2019 09:18,0
06/09/2019 09:23,0
06/09/2019 09:28,0
06/09/2019 09:33,0
06/09/2019 09:38,0
06/09/2019 09:43,0
06/09/2019 09:48,0
06/09/2019 09:53,0
06/09/2019 09:58,0
06/09/2019 10:03,0
06/09/2019 10:08,0
06/09/2019 10:13,0
06/09/2019 10:18,0
06/09/2019 10:23,0
06/09/2019 10:28,0
06/09/2019 10:33,0
06/09/2019 10:38,0
06/09/2019 10:43,0
06/09/2019 10:48,0
06/09/2019 10:53,0
06/09/2019 10:58,0
06/09/2019 11:03,0
06/09/2019 11:08,0
06/09/2019 11:13,0
06/09/2019 11:18,0
06/09/2019 11:23,0
06/09/2019 11:28,0
06/09/2019 11:33,0
06/09/2019 11:38,0
06/09/2019 11:43,0
06/09/2019 11:48,0
06/09/2019 11:53,0
06/09/2019 11:58,0
06/09/2019 12:03,0
06/09/2019 12:08,0
06/09/2019 12:13,0
06/09/2019 12:18,0
06/09/2019 12:23,0
06/09/2019 12:28,0
06/09/2019 12:33,0
06/09/2019 12:38,0
06/09/2019 12:43,0
06/09/2019 12:48,0
06/09/2019 12:53,0
06/09/2019 12:58,0
06/09/2019 13:03,0
06/09/2019 13:08,0
06/09/2019 13:13,0
06/09/2019 13:18,0
06/09/2019 13:23,0
06/09/2019 13:28,0
06/09/2019 13:33,0
06/09/2019 13:38,0
06/09/2019 13:43,0
06/09/2019 13:48,0
06/09/2019 13:53,0
06/09/2019 13:58,0
06/09/2019 14:03,0
06/09/2019 14:08,0
06/09/2019 14:13,0
06/09/2019 14:18,0
06/09/2019 14:23,0
06/09/2019 14:28,0
06/09/2019 14:33,0
06/09/2019 14:38,0
06/09/2019 14:43,0
06/09/2019 14:48,0
06/09/2019 14:53,0
06/09/2019 14:58,0
06/09/2019 15:03,0
06/09/2019 15:08,0
06/09/2019 15:13,0
06/09/2019 15:18,0
06/09/2019 15:23,0
06/09/2019 15:28,0
06/09/2019 15:33,0
06/09/2019 15:38,0
06/09/2019 15:43,0
06/09/2019 15:48,0
06/09/2019 15:53,0
06/09/2019 15:58,0
06/09/2019 16:03,0
06/09/2019 16:08,0
06/09/2019 16:13,0
06/09/2019 16:18,0
06/09/2019 16:23,0
06/09/2019 16:28,0
06/09/2019 16:33,0
06/09/2019 16:38,0
06/09/2019 16:43,0
06/09/2019 16:48,0
06/09/2019 16:53,0
06/09/2019 16:58,0
06/09/2019 17:03,0
06/09/2019 17:08,0
06/09/2019 17:13,0
06/09/2019 17:18,0
06/09/2019 17:23,0
06/09/2019 17:28,0
06/09/2019 17:33,0
06/09/2019 17:38,0
06/09/2019 17:43,0
06/09/2019 17:48,0
06/09/2019 17:53,0
06/09/2019 17:58,0
06/09/2019 18:03,0
06/09/2019 18:08,0
06/09/2019 18:13,0
06/09/2019 18:18,0
06/09/2019 18:23,0
06/09/2019 18:28,0
06/09/2019 18:33,0
06/09/2019 18:38,0
06/09/2019 18:43,0
06/09/2019 18:48,0
06/09/2019 18:53,0
06/09/2019 18:58,0
06/09/2019 19:03,0
06/09/2019 19:08,0
06/09/2019 19:13,0
06/09/2019 19:18,0
06/09/2019 19:23,0
06/09/2019 19:28,0
06/09/2019 19:33,0
06/09/2019 19:38,0
06/09/2019 19:43,0
06/09/2019 19:48,0
06/09/2019 19:53,0
06/09/2019 19:58,0
06/09/2019 20:03,0
06/09/2019 20:08,0
06/09/2019 20:13,0
06/09/2019 20:18,0
06/09/2019 20:23,0
06/09/2019 20:28,0
06/09/2019 20:33,0
06/09/2019 20:38,0
06/09/2019 20:43,0
06/09/2019 20:48,0
06/09/2019 20:53,0
06/09/2019 20:58,0
06/09/2019 21:03,0
06/09/2019 21:08,0
06/09/2019 21:13,0
06/09/2019 21:18,0
06/09/2019 21:23,0
06/09/2019 21:28,0
06/09/2019 21:33,0
06/09/2019 21:38,0
06/09/2019 21:43,0
06/09/2019 21:48,0
06/09/2019 21:53,0
06/09/2019 21:58,0
06/09/2019 22:03,0
06/09/2019 22:08,0
06/09/2019 22:13,0
06/09/2019 22:18,0
06/09/2019 22:23,0
06/09/2019 22:28,0
06/09/2019 22:33,0
06/09/2019 22:38,0
06/09/2019 22:43,0
06/09/2019 22:48,0
06/09/2019 22:53,0
06/09/2019 22:58,0
06/09/2019 23:03,0
06/09/2019 23:08,0
06/09/2019 23:13,0
06/09/2019 23:18,0
06/09/2019 23:23,0
06/09/2019 23:28,0
06/09/2019 23:33,0
06/09/2019 23:38,0
06/09/2019 23:43,0
06/09/2019 23:48,0
06/09/2019 23:53,0
06/09/2019 23:58,0
07/09/2019 00:03,0
07/09/2019 00:08,0
07/09/2019 00:13,0
07/09/2019 00:18,0
07/09/2019 00:23,0
07/09/2019 00:28,0
07/09/2019 00:33,0
07/09/2019 00:38,0
07/09/2019 00:43,0
07/09/2019 00:48,0
07/09/2019 00:53,0
07/09/2019 00:58,0
07/09/2019 01:03,0
07/09/2019 01:08,0
07/09/2019 01:13,0
07/09/2019 01:18,0
07/09/2019 01:23,0
07/09/2019 01:28,0
07/09/2019 01:33,0
07/09/2019 01:38,0
07/09/2019 01:43,0
07/09/2019 01:48,0
07/09/2019 01:53,0
07/09/2019 01:58,0
07/09/2019 02:03,0
07/09/2019 02:08,0
07/09/2019 02:13,0
07/09/2019 02:18,0
07/09/2019 02:23,0
07/09/2019 02:28,0
07/09/2019 02:33,0
07/09/2019 02:38,0
07/09/2019 02:43,0
07/09/2019 02:48,0
07/09/2019 02:53,0
07/09/2019 02:58,0
07/09/2019 03:03,0
07/09/2019 03:08,0
07/09/2019 03:13,0
07/09/2019 03:18,0
07/09/2019 03:23,0
07/09/2019 03:28,0
07/09/2019 03:33,0
07/09/2019 03:38,0
07/09/2019 03:43,0
07/09/2019 03:48,0
07/09/2019 03:53,0
07/09/2019 03:58,0
07/09/2019 04:03,0
07/09/2019 04:08,0
07/09/2019 04:13,0
07/09/2019 04:18,0
07/09/2019 04:23,0
07/09/2019 04:28,0
07/09/2019 04:33,0
07/09/2019 04:38,0
07/09/2019 04:43,0
07/09/2019 04:48,0
07/09/2019 04:53,0
07/09/2019 04:58,0
07/09/2019 05:03,0
07/09/2019 05:08,0
07/09/2019 05:13,0
07/09/2019 05:18,0
07/09/2019 05:23,0
07/09/2019 05:28,0
07/09/2019 05:33,0
07/09/2019 05:38,0
07/09/2019 05:43,0
07/09/2019 05:48,0
07/09/2019 05:53,0
07/09/2019 05:58,0
07/09/2019 06:03,0
07/09/2019 06:08,0
07/09/2019 06:13,0
07/09/2019 06:18,0
07/09/2019 06:23,0
07/09/2019 06:28,0
07/09/2019 06:33,0
07/09/2019 06:38,0
07/09/2019 06:43,0
07/09/2019 06:48,0
07/09/2019 06:53,0
07/09/2019 06:58,0
07/09/2019 07:03,0
07/09/2019 07:08,0
07/09/2019 07:13,0
07/09/2019 07:18,0
07/09/2019 07:23,0
07/09/2019 07:28,0
07/09/2019 07:33,0
07/09/2019 07:38,0
07/09/2019 07:43,0
07/09/2019 07:48,0
07/09/2019 07:53,0
07/09/2019 07:58,0
07/09/2019 08:03,0
07/09/2019 08:08,0
07/09/2019 08:13,0
07/09/2019 08:18,0
07/09/2019 08:23,0
07/09/2019 08:28,0
07/09/2019 08:33,0
07/09/2019 08:38,0
07/09/2019 08:43,0
07/09/2019 08:48,0
07/09/2019 08:53,0
07/09/2019 08:58,0
07/09/2019 09:03,0
07/09/2019 09:08,0
07/09/2019 09:13,0
07/09/2019 09:18,0
07/09/2019 09:23,0
07/09/2019 09:28,0
07/09/2019 09:33,0
07/09/2019 09:38,0
07/09/2019 09:43,0
07/09/2019 09:48,0
07/09/2019 09:53,0
07/09/2019 09:58,0
07/09/2019 10:03,0
07/09/2019 10:08,0
07/09/2019 10:13,0
07/09/2019 10:18,0
07/09/2019 10:23,0
07/09/2019 10:28,0
07/09/2019 10:33,0
07/09/2019 10:38,0
07/09/2019 10:43,0
07/09/2019 10:48,0
07/09/2019 10:53,0
07/09/2019 10:58,0
07/09/2019 11:03,0
07/09/2019 11:08,0
07/09/2019 11:13,0
07/09/2019 11:18,0
07/09/2019 11:23,0
07/09/2019 11:28,0
07/09/2019 11:33,0
07/09/2019 11:38,0
07/09/2019 11:43,0
07/09/2019 11:48,0
07/09/2019 11:53,0
07/09/2019 11:58,0
07/09/2019 12:03,0
07/09/2019 12:08,0
07/09/2019 12:13,0
07/09/2019 12:18,0
07/09/2019 12:23,0
07/09/2019 12:28,0
07/09/2019 12:33,0
07/09/2019 12:38,0
07/09/2019 12:43,0
07/09/2019 12:48,0
07/09/2019 12:53,0
07/09/2019 12:58,0
07/09/2019 13:03,0
07/09/2019 13:08,0
07/09/2019 13:13,0
07/09/2019 13:18,0
07/09/2019 13:23,0
07/09/2019 13:28,0
07/09/2019 13:33,0
07/09/2019 13:38,0
07/09/2019 13:43,0
07/09/2019 13:48,0
07/09/2019 13:53,0
07/09/2019 13:58,0
07/09/2019 14:03,0
07/09/2019 14:08,0
07/09/2019 14:13,0
07/09/2019 14:18,0
07/09/2019 14:23,0
07/09/2019 14:28,0
07/09/2019 14:33,0
07/09/2019 14:38,0
07/09/2019 14:43,0
07/09/2019 14:48,0
07/09/2019 14:53,0
07/09/2019 14:58,0
07/09/2019 15:03,0
07/09/2019 15:08,0
07/09/2019 15:13,0
07/09/2019 15:18,0
07/09/2019 15:23,0
07/09/2019 15:28,0
07/09/2019 15:33,0
07/09/2019 15:38,0
07/09/2019 15:43,0
07/09/2019 15:48,0
07/09/2019 15:53,0
07/09/2019 15:58,0
07/09/2019 16:03,0
07/09/2019 16:08,0
07/09/2019 16:13,0
07/09/2019 16:18,0
07/09/2019 16:23,0
07/09/2019 16:28,0
07/09/2019 16:33,0
07/09/2019 16:38,0
07/09/2019 16:43,0
07/09/2019 16:48,0
07/09/2019 16:53,0
07/09/2019 16:58,0
07/09/2019 17:03,0
07/09/2019 17:08,0
07/09/2019 17:13,0
07/09/2019 17:18,0
07/09/2019 17:23,0
07/09/2019 17:28,0
07/09/2019 17:33,0
07/09/2019 17:38,0
07/09/2019 17:43,0
07/09/2019 17:48,0
07/09/2019 17:53,0
07/09/2019 17:58,0
07/09/2019 18:03,0
07/09/2019 18:08,0
07/09/2019 18:13,0
07/09/2019 18:18,0
07/09/2019 18:23,0
07/09/2019 18:28,0
07/09/2019 18:33,0
07/09/2019 18:38,0
07/09/2019 18:43,0
07/09/2019 18:48,0
07/09/2019 18:53,0
07/09/2019 18:58,0
07/09/2019 19:03,0
07/09/2019 19:08,0
07/09/2019 19:13,0
07/09/2019 19:18,0
07/09/2019 19:23,0
07/09/2019 19:28,0
07/09/2019 19:33,0
07/09/2019 19:38,0
07/09/2019 19:43,0
07/09/2019 19:48,0
07/09/2019 19:53,0
07/09/2019 19:58,0
07/09/2019 20:03,0
07/09/2019 20:08,0
07/09/2019 20:13,0
07/09/2019 20:18,0
07/09/2019 20:23,0
07/09/2019 20:28,0
07/09/2019 20:33,0
07/09/2019 20:38,0
07/09/2019 20:43,0
07/09/2019 20:48,0
07/09/2019 20:53,0
07/09/2019 20:58,0
07/09/2019 21:03,0
07/09/2019 21:08,0
07/09/2019 21:13,0
07/09/2019 21:18,0
07/09/2019 21:23,0
07/09/2019 21:28,0
07/09/2019 21:33,0
07/09/2019 21:38,0
07/09/2019 21:43,0
07/09/2019 21:48,0
07/09/2019 21:53,0
07/09/2019 21:58,0
07/09/2019 22:03,0
07/09/2019 22:08,0
07/09/2019 22:13,0
07/09/2019 22:18,0
07/09/2019 22:23,0
07/09/2019 22:28,0
07/09/2019 22:33,0
07/09/2019 22:38,0
07/09/2019 22:43,0
07/09/2019 22:48,0
07/09/2019 22:53,0
07/09/2019 22:58,0
07/09/2019 23:03,0
07/09/2019 23:08,0
07/09/2019 23:13,0
07/09/2019 23:18,0
07/09/2019 23:23,0
07/09/2019 23:28,0
07/09/2019 23:33,0
07/09/2019 23:38,0
07/09/2019 23:43,0
07/09/2019 23:48,0
07/09/2019 23:53,0
07/09/2019 23:58,0
08/09/2019 00:03,0
08/09/2019 00:08,0
08/09/2019 00:13,0
08/09/2019 00:18,0
08/09/2019 00:23,0
08/09/2019 00:28,0
08/09/2019 00:33,0
08/09/2019 00:38,0
08/09/2019 00:43,0
08/09/2019 00:48,0
08/09/2019 00:53,0
08/09/2019 00:58,0
08/09/2019 01:03,0
08/09/2019 01:08,0
08/09/2019 01:13,0
08/09/2019 01:18,0
08/09/2019 01:23,0
08/09/2019 01:28,0
08/09/2019 01:33,0
08/09/2019 01:38,0
08/09/2019 01:43,0
08/09/2019 01:48,0
08/09/2019 01:53,0
08/09/2019 01:58,0
08/09/2019 02:03,0
08/09/2019 02:08,0
08/09/2019 02:13,0
08/09/2019 02:18,0
08/09/2019 02:23,0
08/09/2019 02:28,0
08/09/2019 02:33,0
08/09/2019 02:38,0
08/09/2019 02:43,0
08/09/2019 02:48,0
08/09/2019 02:53,0
08/09/2019 02:58,0
08/09/2019 03:03,0
08/09/2019 03:08,0
08/09/2019 03:13,0
08/09/2019 03:18,0
08/09/2019 03:23,0
08/09/2019 03:28,0
08/09/2019 03:33,0
08/09/2019 03:38,0
08/09/2019 03:43,0
08/09/2019 03:48,0
08/09/2019 03:53,0
08/09/2019 03:58,0
08/09/2019 04:03,0
08/09/2019 04:08,0
08/09/2019 04:13,0
08/09/2019 04:18,0
08/09/2019 04:23,0
08/09/2019 04:28,0
08/09/2019 04:33,0
08/09/2019 04:38,0
08/09/2019 04:43,0
08/09/2019 04:48,0
08/09/2019 04:53,0
08/09/2019 04:58,0
08/09/2019 05:03,0
08/09/2019 05:08,0
08/09/2019 05:13,0
08/09/2019 05:18,0
08/09/2019 05:23,0
08/09/2019 05:28,0
08/09/2019 05:33,0
08/09/2019 05:38,0
08/09/2019 05:43,0
08/09/2019 05:48,0
08/09/2019 05:53,0
08/09/2019 05:58,0
08/09/2019 06:03,0
08/09/2019 06:08,0
08/09/2019 06:13,0
08/09/2019 06:18,0
08/09/2019 06:23,0
08/09/2019 06:28,0
08/09/2019 06:33,0
08/09/2019 06:38,0
08/09/2019 06:43,0
08/09/2019 06:48,0
08/09/2019 06:53,0
08/09/2019 06:58,0
08/09/2019 07:03,0
08/09/2019 07:08,0
08/09/2019 07:13,0
08/09/2019 07:18,0
08/09/2019 07:23,0
08/09/2019 07:28,0
08/09/2019 07:33,0
08/09/2019 07:38,0
08/09/2019 07:43,0
08/09/2019 07:48,0
08/09/2019 07:53,0
08/09/2019 07:58,0
08/09/2019 08:03,0
08/09/2019 08:08,0
08/09/2019 08:13,0
08/09/2019 08:18,0
08/09/2019 08:23,0
08/09/2019 08:28,0
08/09/2019 08:33,0
08/09/2019 08:38,0
08/09/2019 08:43,0
08/09/2019 08:48,0
08/09/2019 08:53,0
08/09/2019 08:58,0
08/09/2019 09:03,0
08/09/2019 09:08,0
08/09/2019 09:13,0
08/09/2019 09:18,0
08/09/2019 09:23,0
08/09/2019 09:28,0
08/09/2019 09:33,0
08/09/2019 09:38,0
08/09/2019 09:43,0
08/09/2019 09:48,0
08/09/2019 09:53,0
08/09/2019 09:58,0
08/09/2019 10:03,0
08/09/2019 10:08,0
08/09/2019 10:13,0
08/09/2019 10:18,0
08/09/2019 10:23,0
08/09/2019 10:28,0
08/09/2019 10:33,0
08/09/2019 10:38,0
08/09/2019 10:43,0
08/09/2019 10:48,0
08/09/2019 10:53,0
08/09/2019 10:58,0
08/09/2019 11:03,0
08/09/2019 11:08,0
08/09/2019 11:13,0
08/09/2019 11:18,0
08/09/2019 11:23,0
08/09/2019 11:28,0
08/09/2019 11:33,0
08/09/2019 11:38,0
08/09/2019 11:43,0
08/09/2019 11:48,0
08/09/2019 11:53,0
08/09/2019 11:58,0
08/09/2019 12:03,0
08/09/2019 12:08,0
08/09/2019 12:13,0
08/09/2019 12:18,0
08/09/2019 12:23,0
08/09/2019 12:28,0
08/09/2019 12:33,0
08/09/2019 12:38,0
08/09/2019 12:43,0
08/09/2019 12:48,0
08/09/2019 12:53,0
08/09/2019 12:58,0
08/09/2019 13:03,0
08/09/2019 13:08,0
08/09/2019 13:13,0
08/09/2019 13:18,0
08/09/2019 13:23,0
08/09/2019 13:28,0
08/09/2019 13:33,0
08/09/2019 13:38,0
08/09/2019 13:43,0
08/09/2019 13:48,0
08/09/2019 13:53,0
08/09/2019 13:58,0
08/09/2019 14:03,0
08/09/2019 14:08,0
08/09/2019 14:13,0
08/09/2019 14:18,0
08/09/2019 14:23,0
08/09/2019 14:28,0
08/09/2019 14:33,0
08/09/2019 14:38,0
08/09/2019 14:43,0
08/09/2019 14:48,0
08/09/2019 14:53,0
08/09/2019 14:58,0
08/09/2019 15:03,0
08/09/2019 15:08,0
08/09/2019 15:13,0
08/09/2019 15:18,0
08/09/2019 15:23,0
08/09/2019 15:28,0
08/09/2019 15:33,0
08/09/2019 15:38,0
08/09/2019 15:43,0
08/09/2019 15:48,0
08/09/2019 15:53,0
08/09/2019 15:58,0
08/09/2019 16:03,0
08/09/2019 16:08,0
08/09/2019 16:13,0
08/09/2019 16:18,0
08/09/2019 16:23,0
08/09/2019 16:28,0
08/09/2019 16:33,0
08/09/2019 16:38,0
08/09/2019 16:43,0
08/09/2019 16:48,0
08/09/2019 16:53,0
08/09/2019 16:58,0
08/09/2019 17:03,0
08/09/2019 17:08,0
08/09/2019 17:13,0
08/09/2019 17:18,0
08/09/2019 17:23,0
08/09/2019 17:28,0
08/09/2019 17:33,0
08/09/2019 17:38,0
08/09/2019 17:43,0
08/09/2019 17:48,0
08/09/2019 17:53,0
08/09/2019 17:58,0
08/09/2019 18:03,0
08/09/2019 18:08,0
08/09/2019 18:13,0
08/09/2019 18:18,0
08/09/2019 18:23,0
08/09/2019 18:28,0
08/09/2019 18:33,0
08/09/2019 18:38,0
08/09/2019 18:43,0
08/09/2019 18:48,0
08/09/2019 18:53,0
08/09/2019 18:58,0
08/09/2019 19:03,0
08/09/2019 19:08,0
08/09/2019 19:13,0
08/09/2019 19:18,0
08/09/2019 19:23,0
08/09/2019 19:28,0
08/09/2019 19:33,0
08/09/2019 19:38,0
08/09/2019 19:43,0
08/09/2019 19:48,0
08/09/2019 19:53,0
08/09/2019 19:58,0
08/09/2019 20:03,0
08/09/2019 20:08,0
08/09/2019 20:13,0
08/09/2019 20:18,0
08/09/2019 20:23,0
09/09/2019 10:13,0
09/09/2019 10:18,0
09/09/2019 10:23,0
09/09/2019 10:28,0
09/09/2019 10:33,0
09/09/2019 10:38,0
09/09/2019 10:43,0
09/09/2019 10:48,0
09/09/2019 10:53,0
09/09/2019 10:58,0
09/09/2019 11:03,0
09/09/2019 11:08,0
09/09/2019 11:13,0
09/09/2019 11:18,0
09/09/2019 11:23,0
09/09/2019 11:28,0
09/09/2019 11:33,0
09/09/2019 11:38,0
09/09/2019 11:43,0
09/09/2019 11:48,0
09/09/2019 11:53,0
09/09/2019 11:58,0
09/09/2019 12:03,0
09/09/2019 12:08,0
09/09/2019 12:13,0
09/09/2019 12:18,0
09/09/2019 12:23,0
09/09/2019 12:28,0
09/09/2019 12:33,0
09/09/2019 12:38,0
09/09/2019 12:43,0
09/09/2019 12:48,0
09/09/2019 12:53,0
09/09/2019 12:58,0
09/09/2019 13:03,0
09/09/2019 13:08,0
09/09/2019 13:13,0
09/09/2019 13:18,0
09/09/2019 13:23,0
09/09/2019 13:28,0
09/09/2019 13:33,0
09/09/2019 13:38,0
09/09/2019 13:43,0
09/09/2019 13:48,0
09/09/2019 13:53,0
09/09/2019 13:58,0
09/09/2019 14:03,0
09/09/2019 14:08,0
09/09/2019 14:13,0
09/09/2019 14:18,0
09/09/2019 14:23,0
09/09/2019 14:28,0
09/09/2019 14:33,0
09/09/2019 14:38,0
09/09/2019 14:43,0
09/09/2019 14:48,0
09/09/2019 14:53,0
09/09/2019 14:58,0
09/09/2019 15:03,0
09/09/2019 15:08,0
09/09/2019 15:13,0
09/09/2019 15:18,0
09/09/2019 15:23,0
09/09/2019 15:28,0
09/09/2019 15:33,0
09/09/2019 15:38,0
09/09/2019 15:43,0
09/09/2019 15:48,0
09/09/2019 15:53,0
09/09/2019 15:58,0
09/09/2019 16:03,0
09/09/2019 16:08,0
09/09/2019 16:13,0
09/09/2019 16:18,0
09/09/2019 16:23,0
09/09/2019 16:28,0
09/09/2019 16:33,0
09/09/2019 16:38,0
09/09/2019 16:43,0
09/09/2019 16:48,0
09/09/2019 16:53,0
09/09/2019 16:58,0
09/09/2019 17:03,0
09/09/2019 17:08,0
09/09/2019 17:13,0
09/09/2019 17:18,0
09/09/2019 17:23,0
09/09/2019 17:28,0
09/09/2019 17:33,0
09/09/2019 17:38,0
09/09/2019 17:43,0
09/09/2019 17:48,0
09/09/2019 17:53,0
09/09/2019 17:58,0
09/09/2019 18:03,0
09/09/2019 18:08,0
09/09/2019 18:13,0
09/09/2019 18:18,0
09/09/2019 18:23,0
09/09/2019 18:28,0
09/09/2019 18:33,0
09/09/2019 18:38,0
09/09/2019 18:43,0
09/09/2019 18:48,0
09/09/2019 18:53,0
09/09/2019 18:58,0
09/09/2019 19:03,0
09/09/2019 19:08,0
09/09/2019 19:13,0
09/09/2019 19:18,0
09/09/2019 19:23,0
09/09/2019 19:28,0
09/09/2019 19:33,0
09/09/2019 19:38,0
09/09/2019 19:43,0
09/09/2019 19:48,0
09/09/2019 19:53,0
09/09/2019 19:58,0
09/09/2019 20:03,0
09/09/2019 20:08,0
09/09/2019 20:13,0
09/09/2019 20:18,0
09/09/2019 20:23,0
09/09/2019 20:28,0
09/09/2019 20:33,0
09/09/2019 20:38,0
09/09/2019 20:43,0
09/09/2019 20:48,0
09/09/2019 20:53,0
09/09/2019 20:58,0
09/09/2019 21:03,0
09/09/2019 21:08,0
09/09/2019 21:13,0
09/09/2019 21:18,0
09/09/2019 21:23,0
09/09/2019 21:28,0
09/09/2019 21:33,0
09/09/2019 21:38,0
09/09/2019 21:43,0
09/09/2019 21:48,0
09/09/2019 21:53,0
09/09/2019 21:58,0
09/09/2019 22:03,0
09/09/2019 22:08,0
09/09/2019 22:13,0
09/09/2019 22:18,0
09/09/2019 22:23,0
09/09/2019 22:28,0
09/09/2019 22:33,0
09/09/2019 22:38,0
09/09/2019 22:43,0
09/09/2019 22:48,0
09/09/2019 22:53,0
09/09/2019 22:58,0
09/09/2019 23:03,0
09/09/2019 23:08,0
09/09/2019 23:13,0
09/09/2019 23:18,0
09/09/2019 23:23,0
09/09/2019 23:28,0
09/09/2019 23:33,0
09/09/2019 23:38,0
09/09/2019 23:43,0
09/09/2019 23:48,0
09/09/2019 23:53,0
09/09/2019 23:58,0
10/09/2019 00:03,0
10/09/2019 00:08,0
10/09/2019 00:13,0
10/09/2019 00:18,0
10/09/2019 00:23,0
10/09/2019 00:28,0
10/09/2019 00:33,0
10/09/2019 00:38,0
10/09/2019 00:43,0
10/09/2019 00:48,0
10/09/2019 00:53,0
10/09/2019 00:58,0
10/09/2019 01:03,0
10/09/2019 01:08,0
10/09/2019 01:13,0
10/09/2019 01:18,0
10/09/2019 01:23,0
10/09/2019 01:28,0
10/09/2019 01:33,0
10/09/2019 01:38,0
10/09/2019 01:43,0
10/09/2019 01:48,0
10/09/2019 01:53,0
10/09/2019 01:58,0
10/09/2019 02:03,0
10/09/2019 02:08,0
10/09/2019 02:13,0
10/09/2019 02:18,0
10/09/2019 02:23,0
10/09/2019 02:28,0
10/09/2019 02:33,0
10/09/2019 02:38,0
10/09/2019 02:43,0
10/09/2019 02:48,0
10/09/2019 02:53,0
10/09/2019 02:58,0
10/09/2019 03:03,0
10/09/2019 03:08,0
10/09/2019 03:13,0
10/09/2019 03:18,0
10/09/2019 03:23,0
10/09/2019 03:28,0
10/09/2019 03:33,0
10/09/2019 03:38,0
10/09/2019 03:43,0
10/09/2019 03:48,0
10/09/2019 03:53,0
10/09/2019 03:58,0
10/09/2019 04:03,0
10/09/2019 04:08,0
10/09/2019 04:13,0
10/09/2019 04:18,0
10/09/2019 04:23,0
10/09/2019 04:28,0
10/09/2019 04:33,0
10/09/2019 04:38,0
10/09/2019 04:43,0
10/09/2019 04:48,0
10/09/2019 04:53,0
10/09/2019 04:58,0
10/09/2019 05:03,0
10/09/2019 05:08,0
10/09/2019 05:13,0
10/09/2019 05:18,0
10/09/2019 05:23,0
10/09/2019 05:28,0
10/09/2019 05:33,0
10/09/2019 05:38,0
10/09/2019 05:43,0
10/09/2019 05:48,0
10/09/2019 05:53,0
10/09/2019 05:58,0
10/09/2019 06:03,0
10/09/2019 06:08,0
10/09/2019 06:13,0
10/09/2019 06:18,0
10/09/2019 06:23,0
10/09/2019 06:28,0
10/09/2019 06:33,0
10/09/2019 06:38,0
10/09/2019 06:43,0
10/09/2019 06:48,0
10/09/2019 06:53,0
10/09/2019 06:58,0
10/09/2019 07:03,0
10/09/2019 07:08,0
10/09/2019 07:13,0
10/09/2019 07:18,0
10/09/2019 07:23,0
10/09/2019 07:28,0
10/09/2019 07:33,0
10/09/2019 07:38,0
10/09/2019 07:43,0
10/09/2019 07:48,0
10/09/2019 07:53,0
10/09/2019 07:58,0
10/09/2019 08:03,0
10/09/2019 08:08,0
10/09/2019 08:13,0
10/09/2019 08:18,0
10/09/2019 08:23,0
10/09/2019 08:28,0
10/09/2019 08:33,0
10/09/2019 08:38,0
10/09/2019 08:43,0
10/09/2019 08:48,0
10/09/2019 08:53,0
10/09/2019 08:58,0
10/09/2019 09:03,0
10/09/2019 09:08,0
10/09/2019 09:13,0
10/09/2019 09:18,0
10/09/2019 09:23,0
10/09/2019 09:28,0
10/09/2019 09:33,0
10/09/2019 09:38,0
10/09/2019 09:43,0
10/09/2019 09:48,0
10/09/2019 09:53,0
10/09/2019 09:58,0
10/09/2019 10:03,0
10/09/2019 10:08,0
10/09/2019 10:13,0
10/09/2019 10:18,0
10/09/2019 10:23,0
10/09/2019 10:28,0
10/09/2019 10:33,0
10/09/2019 10:38,0
10/09/2019 10:43,0
10/09/2019 10:48,0
10/09/2019 10:53,0
10/09/2019 10:58,0
10/09/2019 11:03,0
10/09/2019 11:08,0
10/09/2019 11:13,0
10/09/2019 11:18,0
10/09/2019 11:23,0
10/09/2019 11:28,0
10/09/2019 11:33,0
10/09/2019 11:38,0
10/09/2019 11:43,0
10/09/2019 11:48,0
10/09/2019 11:53,0
10/09/2019 11:58,0
10/09/2019 12:03,0
10/09/2019 12:08,0
10/09/2019 12:13,0
10/09/2019 12:18,0
10/09/2019 12:23,0
10/09/2019 12:28,0
10/09/2019 12:33,0
10/09/2019 12:38,0
10/09/2019 12:43,0
10/09/2019 12:48,0
10/09/2019 12:53,0
10/09/2019 12:58,0
10/09/2019 13:03,0
10/09/2019 13:08,0
10/09/2019 13:13,0
10/09/2019 13:18,0
10/09/2019 13:23,0
10/09/2019 13:28,0
10/09/2019 13:33,0
10/09/2019 13:38,0
10/09/2019 13:43,0
10/09/2019 13:48,0
10/09/2019 13:53,0
10/09/2019 13:58,0
10/09/2019 14:03,0
10/09/2019 14:08,0
10/09/2019 14:13,0
10/09/2019 14:18,0
10/09/2019 14:23,0
10/09/2019 14:28,0
10/09/2019 14:33,0
10/09/2019 14:38,0
10/09/2019 14:43,0
10/09/2019 14:48,0
10/09/2019 14:53,0
10/09/2019 14:58,0
10/09/2019 15:03,0
10/09/2019 15:08,0
10/09/2019 15:13,0
10/09/2019 15:18,0
10/09/2019 15:23,0
10/09/2019 15:28,0
10/09/2019 15:33,0
10/09/2019 15:38,0
10/09/2019 15:43,0
10/09/2019 15:48,0
10/09/2019 15:53,0
10/09/2019 15:58,0
10/09/2019 16:03,0
10/09/2019 16:08,0
10/09/2019 16:13,0
10/09/2019 16:18,0
10/09/2019 16:23,0
10/09/2019 16:28,0
10/09/2019 16:33,0
10/09/2019 16:38,0
10/09/2019 16:43,0
10/09/2019 16:48,0
10/09/2019 16:53,0
10/09/2019 16:58,0
10/09/2019 17:03,0
10/09/2019 17:08,0
10/09/2019 17:13,0
10/09/2019 17:18,0
10/09/2019 17:23,0
10/09/2019 17:28,0
10/09/2019 17:33,0
10/09/2019 17:38,0
10/09/2019 17:43,0
10/09/2019 17:48,0
10/09/2019 17:53,0
10/09/2019 17:58,0
10/09/2019 18:03,0
10/09/2019 18:08,0
10/09/2019 18:13,0
10/09/2019 18:18,0
10/09/2019 18:23,0
10/09/2019 18:28,0
10/09/2019 18:33,0
10/09/2019 18:38,0
10/09/2019 18:43,0
10/09/2019 18:48,0
10/09/2019 18:53,0
10/09/2019 18:58,0
10/09/2019 19:03,0
10/09/2019 19:08,0
10/09/2019 19:13,0
10/09/2019 19:18,0
10/09/2019 19:23,0
10/09/2019 19:28,0
10/09/2019 19:33,0
10/09/2019 19:38,0
10/09/2019 19:43,0
10/09/2019 19:48,0
10/09/2019 19:53,0
10/09/2019 19:58,0
10/09/2019 20:03,0
10/09/2019 20:08,0
10/09/2019 20:13,0
10/09/2019 20:18,0
10/09/2019 20:23,0
10/09/2019 20:28,0
10/09/2019 20:33,0
10/09/2019 20:38,0
10/09/2019 20:43,0
10/09/2019 20:48,0
10/09/2019 20:53,0
10/09/2019 20:58,0
10/09/2019 21:03,0
10/09/2019 21:08,0
10/09/2019 21:13,0
10/09/2019 21:18,0
10/09/2019 21:23,0
10/09/2019 21:28,0
10/09/2019 21:33,0
10/09/2019 21:38,0
10/09/2019 21:43,0
10/09/2019 21:48,0
10/09/2019 21:53,0
10/09/2019 21:58,0
10/09/2019 22:03,0
10/09/2019 22:08,0
10/09/2019 22:13,0
10/09/2019 22:18,0
10/09/2019 22:23,0
10/09/2019 22:28,0
10/09/2019 22:33,0
10/09/2019 22:38,0
10/09/2019 22:43,0
10/09/2019 22:48,0
10/09/2019 22:53,0
10/09/2019 22:58,0
10/09/2019 23:03,0
10/09/2019 23:08,0
10/09/2019 23:13,0
10/09/2019 23:18,0
10/09/2019 23:23,0
10/09/2019 23:28,0
10/09/2019 23:33,0
10/09/2019 23:38,0
10/09/2019 23:43,0
10/09/2019 23:48,0
10/09/2019 23:53,0
10/09/2019 23:58,0
11/09/2019 00:03,0
11/09/2019 00:08,0
11/09/2019 00:13,0
11/09/2019 00:18,0
11/09/2019 00:23,0
11/09/2019 00:28,0
11/09/2019 00:33,0
11/09/2019 00:38,0
11/09/2019 00:43,0
11/09/2019 00:48,0
11/09/2019 00:53,0
11/09/2019 00:58,0
11/09/2019 01:03,0
11/09/2019 01:08,0
11/09/2019 01:13,0
11/09/2019 01:18,0
11/09/2019 01:23,0
11/09/2019 01:28,0
11/09/2019 01:33,0
11/09/2019 01:38,0
11/09/2019 01:43,0
11/09/2019 01:48,0
11/09/2019 01:53,0
11/09/2019 01:58,0
11/09/2019 02:03,0
11/09/2019 02:08,0
11/09/2019 02:13,0
11/09/2019 02:18,0
11/09/2019 02:23,0
11/09/2019 02:28,0
11/09/2019 02:33,0
11/09/2019 02:38,0
11/09/2019 02:43,0
11/09/2019 02:48,0
11/09/2019 02:53,0
11/09/2019 02:58,0
11/09/2019 03:03,0
11/09/2019 03:08,0
11/09/2019 03:13,0
11/09/2019 03:18,0
11/09/2019 03:23,0
11/09/2019 03:28,0
11/09/2019 03:33,0
11/09/2019 03:38,0
11/09/2019 03:43,0
11/09/2019 03:48,0
11/09/2019 03:53,0
11/09/2019 03:58,0
11/09/2019 04:03,0
11/09/2019 04:08,0
11/09/2019 04:13,0
11/09/2019 04:18,0
11/09/2019 04:23,0
11/09/2019 04:28,0
11/09/2019 04:33,0
11/09/2019 04:38,0
11/09/2019 04:43,0
11/09/2019 04:48,0
11/09/2019 04:53,0
11/09/2019 04:58,0
11/09/2019 05:03,0
11/09/2019 05:08,0
11/09/2019 05:13,0
11/09/2019 05:18,0
11/09/2019 05:23,0
11/09/2019 05:28,0
11/09/2019 05:33,0
11/09/2019 05:38,0
11/09/2019 05:43,0
11/09/2019 05:48,0
11/09/2019 05:53,0
11/09/2019 05:58,0
11/09/2019 06:03,0
11/09/2019 06:08,0
11/09/2019 06:13,0
11/09/2019 06:18,0
11/09/2019 06:23,0
11/09/2019 06:28,0
11/09/2019 06:33,0
11/09/2019 06:38,0
11/09/2019 06:43,0
11/09/2019 06:48,0
11/09/2019 06:53,0
11/09/2019 06:58,0
11/09/2019 07:03,0
11/09/2019 07:08,0
11/09/2019 07:13,0
11/09/2019 07:18,0
11/09/2019 07:23,0
11/09/2019 07:28,0
11/09/2019 07:33,0
11/09/2019 07:38,0
11/09/2019 07:43,0
11/09/2019 07:48,0
11/09/2019 07:53,0
11/09/2019 07:58,0
11/09/2019 08:03,0
11/09/2019 08:08,0
11/09/2019 08:13,0
11/09/2019 08:18,0
11/09/2019 08:23,0
11/09/2019 08:28,0
11/09/2019 08:33,0
11/09/2019 08:38,0
11/09/2019 08:43,0
11/09/2019 08:48,0
11/09/2019 08:53,0
11/09/2019 08:58,0
11/09/2019 09:03,0
11/09/2019 09:08,0
11/09/2019 09:13,0
11/09/2019 09:18,0
11/09/2019 09:23,0
11/09/2019 09:28,0
11/09/2019 09:33,0
11/09/2019 09:38,0
11/09/2019 09:43,0
11/09/2019 09:48,0
11/09/2019 09:53,0
11/09/2019 09:58,0
11/09/2019 10:03,0
11/09/2019 10:08,0
11/09/2019 10:13,0
11/09/2019 10:18,0
11/09/2019 10:23,0
11/09/2019 10:28,0
11/09/2019 10:33,0
11/09/2019 10:38,0
11/09/2019 10:43,0
11/09/2019 10:48,0
11/09/2019 10:53,0
11/09/2019 10:58,0
11/09/2019 11:03,0
11/09/2019 11:08,0
11/09/2019 11:13,0
11/09/2019 11:18,0
11/09/2019 11:23,0
11/09/2019 11:28,0
11/09/2019 11:33,0
11/09/2019 11:38,0
11/09/2019 11:43,0
11/09/2019 11:48,0
11/09/2019 11:53,0
11/09/2019 11:58,0
11/09/2019 12:03,0
11/09/2019 12:08,0
11/09/2019 12:13,0
11/09/2019 12:18,0
11/09/2019 12:23,0
11/09/2019 12:28,0
11/09/2019 12:33,0
11/09/2019 12:38,0
11/09/2019 12:43,0
11/09/2019 12:48,0
11/09/2019 12:53,0
11/09/2019 12:58,0
11/09/2019 13:03,0
11/09/2019 13:08,0
11/09/2019 13:13,0
11/09/2019 13:18,0
11/09/2019 13:23,0
11/09/2019 13:28,0
11/09/2019 13:33,0
11/09/2019 13:38,0
11/09/2019 13:43,0
11/09/2019 13:48,0
11/09/2019 13:53,0
11/09/2019 13:58,0
11/09/2019 14:03,0
11/09/2019 14:08,0
11/09/2019 14:13,0
11/09/2019 14:18,0
11/09/2019 14:23,0
11/09/2019 14:28,0
11/09/2019 14:33,0
11/09/2019 14:38,0
11/09/2019 14:43,0
11/09/2019 14:48,0
11/09/2019 14:53,0
11/09/2019 14:58,0
11/09/2019 15:03,0
11/09/2019 15:08,0
11/09/2019 15:13,0
11/09/2019 15:18,0
11/09/2019 15:23,0
11/09/2019 15:28,0
11/09/2019 15:33,0
11/09/2019 15:38,0
11/09/2019 15:43,0
11/09/2019 15:48,0
11/09/2019 15:53,0
11/09/2019 15:58,0
11/09/2019 16:03,0
11/09/2019 16:08,0
11/09/2019 16:13,0
11/09/2019 16:18,0
11/09/2019 16:23,0
11/09/2019 16:28,0
11/09/2019 16:33,0
11/09/2019 16:38,0
11/09/2019 16:43,0
11/09/2019 16:48,0
11/09/2019 16:53,0
11/09/2019 16:58,0
11/09/2019 17:03,0
11/09/2019 17:08,0
11/09/2019 17:13,0
11/09/2019 17:18,0
11/09/2019 17:23,0
11/09/2019 17:28,0
11/09/2019 17:33,0
11/09/2019 17:38,0
11/09/2019 17:43,0
11/09/2019 17:48,0
11/09/2019 17:53,0
11/09/2019 17:58,0
11/09/2019 18:03,0
11/09/2019 18:08,0
11/09/2019 18:13,0
11/09/2019 18:18,0
11/09/2019 18:23,0
11/09/2019 18:28,0
11/09/2019 18:33,0
11/09/2019 18:38,0
11/09/2019 18:43,0
11/09/2019 18:48,0
11/09/2019 18:53,0
11/09/2019 18:58,0
11/09/2019 19:03,0
11/09/2019 19:08,0
11/09/2019 19:13,0
11/09/2019 19:18,0
11/09/2019 19:23,0
11/09/2019 19:28,0
11/09/2019 19:33,0
11/09/2019 19:38,0
11/09/2019 19:43,0
11/09/2019 19:48,0
11/09/2019 19:53,0
11/09/2019 19:58,0
11/09/2019 20:03,0
11/09/2019 20:08,0
11/09/2019 20:13,0
11/09/2019 20:18,0
11/09/2019 20:23,0
11/09/2019 20:28,0
11/09/2019 20:33,0
11/09/2019 20:38,0
11/09/2019 20:43,0
11/09/2019 20:48,0
11/09/2019 20:53,0
11/09/2019 20:58,0
11/09/2019 21:03,0
11/09/2019 21:08,0
11/09/2019 21:13,0
11/09/2019 21:18,0
11/09/2019 21:23,0
11/09/2019 21:28,0
11/09/2019 21:33,0
11/09/2019 21:38,0
11/09/2019 21:43,0
11/09/2019 21:48,0
11/09/2019 21:53,0
11/09/2019 21:58,0
11/09/2019 22:03,0
11/09/2019 22:08,0
11/09/2019 22:13,0
11/09/2019 22:18,0
11/09/2019 22:23,0
11/09/2019 22:28,0
11/09/2019 22:33,0
11/09/2019 22:38,0
11/09/2019 22:43,0
11/09/2019 22:48,0
11/09/2019 22:53,0
11/09/2019 22:58,0
11/09/2019 23:03,0
11/09/2019 23:08,0
11/09/2019 23:13,0
11/09/2019 23:18,0
11/09/2019 23:23,0
11/09/2019 23:28,0
11/09/2019 23:33,0
11/09/2019 23:38,0
11/09/2019 23:43,0
11/09/2019 23:48,0
11/09/2019 23:53,0
11/09/2019 23:58,0
12/09/2019 00:03,0
12/09/2019 00:08,0
12/09/2019 00:13,0
12/09/2019 00:18,0
12/09/2019 00:23,0
12/09/2019 00:28,0
12/09/2019 00:33,0
12/09/2019 00:38,0
12/09/2019 00:43,0
12/09/2019 00:48,0
12/09/2019 00:53,0
12/09/2019 00:58,0
12/09/2019 01:03,0
12/09/2019 01:08,0
12/09/2019 01:13,0
12/09/2019 01:18,0
12/09/2019 01:23,0
12/09/2019 01:28,0
12/09/2019 01:33,0
12/09/2019 01:38,0
12/09/2019 01:43,0
12/09/2019 01:48,0
12/09/2019 01:53,0
12/09/2019 01:58,0
12/09/2019 02:03,0
12/09/2019 02:08,0
12/09/2019 02:13,0
12/09/2019 02:18,0
12/09/2019 02:23,0
12/09/2019 02:28,0
12/09/2019 02:33,0
12/09/2019 02:38,0
12/09/2019 02:43,0
12/09/2019 02:48,0
12/09/2019 02:53,0
12/09/2019 02:58,0
12/09/2019 03:03,0
12/09/2019 03:08,0
12/09/2019 03:13,0
12/09/2019 03:18,0
12/09/2019 03:23,0
12/09/2019 03:28,0
12/09/2019 03:33,0
12/09/2019 03:38,0
12/09/2019 03:43,0
12/09/2019 03:48,0
12/09/2019 03:53,0
12/09/2019 03:58,0
12/09/2019 04:03,0
12/09/2019 04:08,0
12/09/2019 04:13,0
12/09/2019 04:18,0
12/09/2019 04:23,0
12/09/2019 04:28,0
12/09/2019 04:33,0
12/09/2019 04:38,0
12/09/2019 04:43,0
12/09/2019 04:48,0
12/09/2019 04:53,0
12/09/2019 04:58,0
12/09/2019 05:03,0
12/09/2019 05:08,0
12/09/2019 05:13,0
12/09/2019 05:18,0
12/09/2019 05:23,0
12/09/2019 05:28,0
12/09/2019 05:33,0
12/09/2019 05:38,0
12/09/2019 05:43,0
12/09/2019 05:48,0
12/09/2019 05:53,0
12/09/2019 05:58,0
12/09/2019 06:03,0
12/09/2019 06:08,0
12/09/2019 06:13,0
12/09/2019 06:18,0
12/09/2019 06:23,0
12/09/2019 06:28,0
12/09/2019 06:33,0
12/09/2019 06:38,0
12/09/2019 06:43,0
12/09/2019 06:48,0
12/09/2019 06:53,0
12/09/2019 06:58,0
12/09/2019 07:03,0
12/09/2019 07:08,0
12/09/2019 07:13,0
12/09/2019 07:18,0
12/09/2019 07:23,0
12/09/2019 07:28,0
12/09/2019 07:33,0
12/09/2019 07:38,0
12/09/2019 07:43,0
12/09/2019 07:48,0
12/09/2019 07:53,0
12/09/2019 07:58,0
12/09/2019 08:03,0
12/09/2019 08:08,0
12/09/2019 08:13,0
12/09/2019 08:18,0
12/09/2019 08:23,0
12/09/2019 08:28,0
12/09/2019 08:33,0
12/09/2019 08:38,0
12/09/2019 08:43,0
12/09/2019 08:48,0
12/09/2019 08:53,0
12/09/2019 08:58,0
12/09/2019 09:03,0
12/09/2019 09:08,0
12/09/2019 09:13,0
12/09/2019 09:18,0
12/09/2019 09:23,0
12/09/2019 09:28,0
12/09/2019 09:33,0
12/09/2019 09:38,0
12/09/2019 09:43,0
12/09/2019 09:48,0
12/09/2019 09:53,0
12/09/2019 09:58,0
12/09/2019 10:03,0
12/09/2019 10:08,0
12/09/2019 10:13,0
12/09/2019 10:18,0
12/09/2019 10:23,0
12/09/2019 10:28,0
12/09/2019 10:33,0
12/09/2019 10:38,0
12/09/2019 10:43,0
12/09/2019 10:48,0
12/09/2019 10:53,0
12/09/2019 10:58,0
12/09/2019 11:03,0
12/09/2019 11:08,0
12/09/2019 11:13,0
12/09/2019 11:18,0
12/09/2019 11:23,0
12/09/2019 11:28,0
12/09/2019 11:33,0
12/09/2019 11:38,0
12/09/2019 11:43,0
12/09/2019 11:48,0
12/09/2019 11:53,0
12/09/2019 11:58,0
12/09/2019 12:03,0
12/09/2019 12:08,0
12/09/2019 12:13,0
12/09/2019 12:18,0
12/09/2019 12:23,0
12/09/2019 12:28,0
12/09/2019 12:33,0
12/09/2019 12:38,0
12/09/2019 12:43,0
12/09/2019 12:48,0
12/09/2019 12:53,0
12/09/2019 12:58,0
12/09/2019 13:03,0
12/09/2019 13:08,0
12/09/2019 13:13,0
12/09/2019 13:18,0
12/09/2019 13:23,0
12/09/2019 13:28,0
12/09/2019 13:33,0
12/09/2019 13:38,0
12/09/2019 13:43,0
12/09/2019 13:48,0
12/09/2019 13:53,0
12/09/2019 13:58,0
12/09/2019 14:03,0
12/09/2019 14:08,0
12/09/2019 14:13,0
12/09/2019 14:18,0
12/09/2019 14:23,0
12/09/2019 14:28,0
12/09/2019 14:33,0
12/09/2019 14:38,0
12/09/2019 14:43,0
12/09/2019 14:48,0
12/09/2019 14:53,0
12/09/2019 14:58,0
12/09/2019 15:03,0
12/09/2019 15:08,0
12/09/2019 15:13,0
12/09/2019 15:18,0
12/09/2019 15:23,0
12/09/2019 15:28,0
12/09/2019 15:33,0
12/09/2019 15:38,0
12/09/2019 15:43,0
12/09/2019 15:48,0
12/09/2019 15:53,0
12/09/2019 15:58,0
12/09/2019 16:03,0
12/09/2019 16:08,0
12/09/2019 16:13,0
12/09/2019 16:18,0
12/09/2019 16:23,0
12/09/2019 16:28,0
12/09/2019 16:33,0
12/09/2019 16:38,0
12/09/2019 16:43,0
12/09/2019 16:48,0
12/09/2019 16:53,0
12/09/2019 16:58,0
12/09/2019 17:03,0
12/09/2019 17:08,0
12/09/2019 17:13,0
12/09/2019 17:18,0
12/09/2019 17:23,0
12/09/2019 17:28,0
12/09/2019 17:33,0
12/09/2019 17:38,0
12/09/2019 17:43,0
12/09/2019 17:48,0
12/09/2019 17:53,0
12/09/2019 17:58,0
12/09/2019 18:03,0
12/09/2019 18:08,0
12/09/2019 18:13,0
12/09/2019 18:18,0
12/09/2019 18:23,0
12/09/2019 18:28,0
12/09/2019 18:33,0
12/09/2019 18:38,0
12/09/2019 18:43,0
12/09/2019 18:48,0
12/09/2019 18:53,0
12/09/2019 18:58,0
12/09/2019 19:03,0
12/09/2019 19:08,0
12/09/2019 19:13,0
12/09/2019 19:18,0
12/09/2019 19:23,0
12/09/2019 19:28,0
12/09/2019 19:33,0
12/09/2019 19:38,0
12/09/2019 19:43,0
12/09/2019 19:48,0
12/09/2019 19:53,0
12/09/2019 19:58,0
12/09/2019 20:03,0
12/09/2019 20:08,0
12/09/2019 20:13,0
12/09/2019 20:18,0
12/09/2019 20:23,0
12/09/2019 20:28,0
12/09/2019 20:33,0
12/09/2019 20:38,0
12/09/2019 20:43,0
12/09/2019 20:48,0
12/09/2019 20:53,0
12/09/2019 20:58,0
12/09/2019 21:03,0
12/09/2019 21:08,0
12/09/2019 21:13,0
12/09/2019 21:18,0
12/09/2019 21:23,0
12/09/2019 21:28,0
12/09/2019 21:33,0
12/09/2019 21:38,0
12/09/2019 21:43,0
12/09/2019 21:48,0
12/09/2019 21:53,0
12/09/2019 21:58,0
12/09/2019 22:03,0
12/09/2019 22:08,0
12/09/2019 22:13,0
12/09/2019 22:18,0
12/09/2019 22:23,0
12/09/2019 22:28,0
12/09/2019 22:33,0
12/09/2019 22:38,0
12/09/2019 22:43,0
12/09/2019 22:48,0
12/09/2019 22:53,0
12/09/2019 22:58,0
12/09/2019 23:03,0
12/09/2019 23:08,0
12/09/2019 23:13,0
12/09/2019 23:18,0
12/09/2019 23:23,0
12/09/2019 23:28,0
12/09/2019 23:33,0
12/09/2019 23:38,0
12/09/2019 23:43,0
12/09/2019 23:48,0
12/09/2019 23:53,0
12/09/2019 23:58,0
13/09/2019 00:03,0
13/09/2019 00:08,0
13/09/2019 00:13,0
13/09/2019 00:18,0
13/09/2019 00:23,0
13/09/2019 00:28,0
13/09/2019 00:33,0
13/09/2019 00:38,0
13/09/2019 00:43,0
13/09/2019 00:48,0
13/09/2019 00:53,0
13/09/2019 00:58,0
13/09/2019 01:03,0
13/09/2019 01:08,0
13/09/2019 01:13,0
13/09/2019 01:18,0
13/09/2019 01:23,0
13/09/2019 01:28,0
13/09/2019 01:33,0
13/09/2019 01:38,0
13/09/2019 01:43,0
13/09/2019 01:48,0
13/09/2019 01:53,0
13/09/2019 01:58,0
13/09/2019 02:03,0
13/09/2019 02:08,0
13/09/2019 02:13,0
13/09/2019 02:18,0
13/09/2019 02:23,0
13/09/2019 02:28,0
13/09/2019 02:33,0
13/09/2019 02:38,0
13/09/2019 02:43,0
13/09/2019 02:48,0
13/09/2019 02:53,0
13/09/2019 02:58,0
13/09/2019 03:03,0
13/09/2019 03:08,0
13/09/2019 03:13,0
13/09/2019 03:18,0
13/09/2019 03:23,0
13/09/2019 03:28,0
13/09/2019 03:33,0
13/09/2019 03:38,0
13/09/2019 03:43,0
13/09/2019 03:48,0
13/09/2019 03:53,0
13/09/2019 03:58,0
13/09/2019 04:03,0
13/09/2019 04:08,0
13/09/2019 04:13,0
13/09/2019 04:18,0
13/09/2019 04:23,0
13/09/2019 04:28,0
13/09/2019 04:33,0
13/09/2019 04:38,0
13/09/2019 04:43,0
13/09/2019 04:48,0
13/09/2019 04:53,0
13/09/2019 04:58,0
13/09/2019 05:03,0
13/09/2019 05:08,0
13/09/2019 05:13,0
13/09/2019 05:18,0
13/09/2019 05:23,0
13/09/2019 05:28,0
13/09/2019 05:33,0
13/09/2019 05:38,0
13/09/2019 05:43,0
13/09/2019 05:48,0
13/09/2019 05:53,0
13/09/2019 05:58,0
13/09/2019 06:03,0
13/09/2019 06:08,0
13/09/2019 06:13,0
13/09/2019 06:18,0
13/09/2019 06:23,0
13/09/2019 06:28,0
13/09/2019 06:33,0
13/09/2019 06:38,0
13/09/2019 06:43,0
13/09/2019 06:48,0
13/09/2019 06:53,0
13/09/2019 06:58,0
13/09/2019 07:03,0
13/09/2019 07:08,0
13/09/2019 07:13,0
13/09/2019 07:18,0
13/09/2019 07:23,0
13/09/2019 07:28,0
13/09/2019 07:33,0
13/09/2019 07:38,0
13/09/2019 07:43,0
13/09/2019 07:48,0
13/09/2019 07:53,0
13/09/2019 07:58,0
13/09/2019 08:03,0
13/09/2019 08:08,0
13/09/2019 08:13,0
13/09/2019 08:18,0
13/09/2019 08:23,0
13/09/2019 08:28,0
13/09/2019 08:33,0
13/09/2019 08:38,0
13/09/2019 08:43,0
13/09/2019 08:48,0
13/09/2019 08:53,0
13/09/2019 08:58,0
13/09/2019 09:03,0
13/09/2019 09:08,0
13/09/2019 09:13,0
13/09/2019 09:18,0
13/09/2019 09:23,0
13/09/2019 09:28,0
13/09/2019 09:33,0
13/09/2019 09:38,0
13/09/2019 09:43,0
13/09/2019 09:48,0
13/09/2019 09:53,0
13/09/2019 09:58,0
13/09/2019 10:03,0
13/09/2019 10:08,0
13/09/2019 10:13,0
13/09/2019 10:18,0
13/09/2019 10:23,0
13/09/2019 10:28,0
13/09/2019 10:33,0
13/09/2019 10:38,0
13/09/2019 10:43,0
13/09/2019 10:48,0
13/09/2019 10:53,0
13/09/2019 10:58,0
13/09/2019 11:03,0
13/09/2019 11:08,0
13/09/2019 11:13,0
13/09/2019 11:18,0
13/09/2019 11:23,0
13/09/2019 11:28,0
13/09/2019 11:33,0
13/09/2019 11:38,0
13/09/2019 11:43,0
13/09/2019 11:48,0
13/09/2019 11:53,0
13/09/2019 11:58,0
13/09/2019 12:03,0
13/09/2019 12:08,0
13/09/2019 12:13,0
13/09/2019 12:18,0
13/09/2019 12:23,0
13/09/2019 12:28,0
13/09/2019 12:33,0
13/09/2019 12:38,0
13/09/2019 12:43,0
13/09/2019 12:48,0
13/09/2019 12:53,0
13/09/2019 12:58,0
13/09/2019 13:03,0
13/09/2019 13:08,0
13/09/2019 13:13,0
13/09/2019 13:18,0
13/09/2019 13:23,0
13/09/2019 13:28,0
13/09/2019 13:33,0
13/09/2019 13:38,0
13/09/2019 13:43,0
13/09/2019 13:48,0
13/09/2019 13:53,0
13/09/2019 13:58,0
13/09/2019 14:03,0
13/09/2019 14:08,0
13/09/2019 14:13,0
13/09/2019 14:18,0
13/09/2019 14:23,0
13/09/2019 14:28,0
13/09/2019 14:33,0
13/09/2019 14:38,0
13/09/2019 14:43,0
13/09/2019 14:48,0
13/09/2019 14:53,0
13/09/2019 14:58,0
13/09/2019 15:03,0
13/09/2019 15:08,0
13/09/2019 15:13,0
13/09/2019 15:18,0
13/09/2019 15:23,0
13/09/2019 15:28,0
13/09/2019 15:33,0
13/09/2019 15:38,0
13/09/2019 15:43,0
13/09/2019 15:48,0
13/09/2019 15:53,0
13/09/2019 15:58,0
13/09/2019 16:03,0
13/09/2019 16:08,0
13/09/2019 16:13,0
13/09/2019 16:18,0
13/09/2019 16:23,0
13/09/2019 16:28,0
13/09/2019 16:33,0
13/09/2019 16:38,0
13/09/2019 16:43,0
13/09/2019 16:48,0
13/09/2019 16:53,0
13/09/2019 16:58,0
13/09/2019 17:03,0
13/09/2019 17:08,0
13/09/2019 17:13,0
13/09/2019 17:18,0
13/09/2019 17:23,0
13/09/2019 17:28,0
13/09/2019 17:33,0
13/09/2019 17:38,0
13/09/2019 17:43,0
13/09/2019 17:48,0
13/09/2019 17:53,0
13/09/2019 17:58,0
13/09/2019 18:03,0
13/09/2019 18:08,0
13/09/2019 18:13,0
13/09/2019 18:18,0
13/09/2019 18:23,0
13/09/2019 18:28,0
13/09/2019 18:33,0
13/09/2019 18:38,0
13/09/2019 18:43,0
13/09/2019 18:48,0
13/09/2019 18:53,0
13/09/2019 18:58,0
13/09/2019 19:03,0
13/09/2019 19:08,0
13/09/2019 19:13,0
13/09/2019 19:18,0
13/09/2019 19:23,0
13/09/2019 19:28,0
13/09/2019 19:33,0
13/09/2019 19:38,0
13/09/2019 19:43,0
13/09/2019 19:48,0
13/09/2019 19:53,0
13/09/2019 19:58,0
13/09/2019 20:03,0
13/09/2019 20:08,0
13/09/2019 20:13,0
13/09/2019 20:18,0
13/09/2019 20:23,0
13/09/2019 20:28,0
13/09/2019 20:33,0
13/09/2019 20:38,0
13/09/2019 20:43,0
13/09/2019 20:48,0
13/09/2019 20:53,0
13/09/2019 20:58,0
13/09/2019 21:03,0
13/09/2019 21:08,0
13/09/2019 21:13,0
13/09/2019 21:18,0
13/09/2019 21:23,0
13/09/2019 21:28,0
13/09/2019 21:33,0
13/09/2019 21:38,0
13/09/2019 21:43,0
13/09/2019 21:48,0
13/09/2019 21:53,0
13/09/2019 21:58,0
13/09/2019 22:03,0
13/09/2019 22:08,0
13/09/2019 22:13,0
13/09/2019 22:18,0
13/09/2019 22:23,0
13/09/2019 22:28,0
13/09/2019 22:33,0
13/09/2019 22:38,0
13/09/2019 22:43,0
13/09/2019 22:48,0
13/09/2019 22:53,0
13/09/2019 22:58,0
13/09/2019 23:03,0
13/09/2019 23:08,0
13/09/2019 23:13,0
13/09/2019 23:18,0
13/09/2019 23:23,0
13/09/2019 23:28,0
13/09/2019 23:33,0
13/09/2019 23:38,0
13/09/2019 23:43,0
13/09/2019 23:48,0
13/09/2019 23:53,0
13/09/2019 23:58,0
14/09/2019 00:03,0
14/09/2019 00:08,0
14/09/2019 00:13,0
14/09/2019 00:18,0
14/09/2019 00:23,0
14/09/2019 00:28,0
14/09/2019 00:33,0
14/09/2019 00:38,0
14/09/2019 00:43,0
14/09/2019 00:48,0
14/09/2019 00:53,0
14/09/2019 00:58,0
14/09/2019 01:03,0
14/09/2019 01:08,0
14/09/2019 01:13,0
14/09/2019 01:18,0
14/09/2019 01:23,0
14/09/2019 01:28,0
14/09/2019 01:33,0
14/09/2019 01:38,0
14/09/2019 01:43,0
14/09/2019 01:48,0
14/09/2019 01:53,0
14/09/2019 01:58,0
14/09/2019 02:03,0
14/09/2019 02:08,0
14/09/2019 02:13,0
14/09/2019 02:18,0
14/09/2019 02:23,0
14/09/2019 02:28,0
14/09/2019 02:33,0
14/09/2019 02:38,0
14/09/2019 02:43,0
14/09/2019 02:48,0
14/09/2019 02:53,0
14/09/2019 02:58,0
14/09/2019 03:03,0
14/09/2019 03:08,0
14/09/2019 03:13,0
14/09/2019 03:18,0
14/09/2019 03:23,0
14/09/2019 03:28,0
14/09/2019 03:33,0
14/09/2019 03:38,0
14/09/2019 03:43,0
14/09/2019 03:48,0
14/09/2019 03:53,0
14/09/2019 03:58,0
14/09/2019 04:03,0
14/09/2019 04:08,0
14/09/2019 04:13,0
14/09/2019 04:18,0
14/09/2019 04:23,0
14/09/2019 04:28,0
14/09/2019 04:33,0
14/09/2019 04:38,0
14/09/2019 04:43,0
14/09/2019 04:48,0
14/09/2019 04:53,0
14/09/2019 04:58,0
14/09/2019 05:03,0
14/09/2019 05:08,0
14/09/2019 05:13,0
14/09/2019 05:18,0
14/09/2019 05:23,0
14/09/2019 05:28,0
14/09/2019 05:33,0
14/09/2019 05:38,0
14/09/2019 05:43,0
14/09/2019 05:48,0
14/09/2019 05:53,0
14/09/2019 05:58,0
14/09/2019 06:03,0
14/09/2019 06:08,0
14/09/2019 06:13,0
14/09/2019 06:18,0
14/09/2019 06:23,0
14/09/2019 06:28,0
14/09/2019 06:33,0
14/09/2019 06:38,0
14/09/2019 06:43,0
14/09/2019 06:48,0
14/09/2019 06:53,0
14/09/2019 06:58,0
14/09/2019 07:03,0
14/09/2019 07:08,0
14/09/2019 07:13,0
14/09/2019 07:18,0
14/09/2019 07:23,0
14/09/2019 07:28,0
14/09/2019 07:33,0
14/09/2019 07:38,0
14/09/2019 07:43,0
14/09/2019 07:48,0
14/09/2019 07:53,0
14/09/2019 07:58,0
14/09/2019 08:03,0
14/09/2019 08:08,0
14/09/2019 08:13,0
14/09/2019 08:18,0
14/09/2019 08:23,0
14/09/2019 08:28,0
14/09/2019 08:33,0
14/09/2019 08:38,0
14/09/2019 08:43,0
14/09/2019 08:48,0
14/09/2019 08:53,0
14/09/2019 08:58,0
14/09/2019 09:03,0
14/09/2019 09:08,0
14/09/2019 09:13,0
14/09/2019 09:18,0
14/09/2019 09:23,0
14/09/2019 09:28,0
14/09/2019 09:33,0
14/09/2019 09:38,0
14/09/2019 09:43,0
14/09/2019 09:48,0
14/09/2019 09:53,0
14/09/2019 09:58,0
14/09/2019 10:03,0
14/09/2019 10:08,0
14/09/2019 10:13,0
14/09/2019 10:18,0
14/09/2019 10:23,0
14/09/2019 10:28,0
14/09/2019 10:33,0
14/09/2019 10:38,0
14/09/2019 10:43,0
14/09/2019 10:48,0
14/09/2019 10:53,0
14/09/2019 10:58,0
14/09/2019 11:03,0
14/09/2019 11:08,0
14/09/2019 11:13,0
14/09/2019 11:18,0
14/09/2019 11:23,0
14/09/2019 11:28,0
14/09/2019 11:33,0
14/09/2019 11:38,0
14/09/2019 11:43,0
14/09/2019 11:48,0
14/09/2019 11:53,0
14/09/2019 11:58,0
14/09/2019 12:03,0
14/09/2019 12:08,0
14/09/2019 12:13,0
14/09/2019 12:18,0
14/09/2019 12:23,0
14/09/2019 12:28,0
14/09/2019 12:33,0
14/09/2019 12:38,0
14/09/2019 12:43,0
14/09/2019 12:48,0
14/09/2019 12:53,0
14/09/2019 12:58,0
14/09/2019 13:03,0
14/09/2019 13:08,0
14/09/2019 13:13,0
14/09/2019 13:18,0
14/09/2019 13:23,0
14/09/2019 13:28,0
14/09/2019 13:33,0
14/09/2019 13:38,0
14/09/2019 13:43,0
14/09/2019 13:48,0
14/09/2019 13:53,0
14/09/2019 13:58,0
14/09/2019 14:03,0
14/09/2019 14:08,0
14/09/2019 14:13,0
14/09/2019 14:18,0
14/09/2019 14:23,0
14/09/2019 14:28,0
14/09/2019 14:33,0
14/09/2019 14:38,0
14/09/2019 14:43,0
14/09/2019 14:48,0
14/09/2019 14:53,0
14/09/2019 14:58,0
14/09/2019 15:03,0
14/09/2019 15:08,0
14/09/2019 15:13,0
14/09/2019 15:18,0
14/09/2019 15:23,0
14/09/2019 15:28,0
14/09/2019 15:33,0
14/09/2019 15:38,0
14/09/2019 15:43,0
14/09/2019 15:48,0
14/09/2019 15:53,0
14/09/2019 15:58,0
14/09/2019 16:03,0
14/09/2019 16:08,0
14/09/2019 16:13,0
14/09/2019 16:18,0
14/09/2019 16:23,0
14/09/2019 16:28,0
14/09/2019 16:33,0
14/09/2019 16:38,0
14/09/2019 16:43,0
14/09/2019 16:48,0
14/09/2019 16:53,0
14/09/2019 16:58,0
14/09/2019 17:03,0
14/09/2019 17:08,0
14/09/2019 17:13,0
14/09/2019 17:18,0
14/09/2019 17:23,0
14/09/2019 17:28,0
14/09/2019 17:33,0
14/09/2019 17:38,0
14/09/2019 17:43,0
14/09/2019 17:48,0
14/09/2019 17:53,0
14/09/2019 17:58,0
14/09/2019 18:03,0
14/09/2019 18:08,0
14/09/2019 18:13,0
14/09/2019 18:18,0
14/09/2019 18:23,0
14/09/2019 18:28,0
14/09/2019 18:33,0
14/09/2019 18:38,0
14/09/2019 18:43,0
14/09/2019 18:48,0
14/09/2019 18:53,0
14/09/2019 18:58,0
14/09/2019 19:03,0
14/09/2019 19:08,0
14/09/2019 19:13,0
14/09/2019 19:18,0
14/09/2019 19:23,0
14/09/2019 19:28,0
14/09/2019 19:33,0
14/09/2019 19:38,0
14/09/2019 19:43,0
14/09/2019 19:48,0
14/09/2019 19:53,0
14/09/2019 19:58,0
14/09/2019 20:03,0
14/09/2019 20:08,0
14/09/2019 20:13,0
14/09/2019 20:18,0
14/09/2019 20:23,0
14/09/2019 20:28,0
14/09/2019 20:33,0
14/09/2019 20:38,0
14/09/2019 20:43,0
14/09/2019 20:48,0
14/09/2019 20:53,0
14/09/2019 20:58,0
14/09/2019 21:03,0
14/09/2019 21:08,0
14/09/2019 21:13,0
14/09/2019 21:18,0
14/09/2019 21:23,0
14/09/2019 21:28,0
14/09/2019 21:33,0
14/09/2019 21:38,0
14/09/2019 21:43,0
14/09/2019 21:48,0
14/09/2019 21:53,0
14/09/2019 21:58,0
14/09/2019 22:03,0
14/09/2019 22:08,0
14/09/2019 22:13,0
14/09/2019 22:18,0
14/09/2019 22:23,0
14/09/2019 22:28,0
14/09/2019 22:33,0
14/09/2019 22:38,0
14/09/2019 22:43,0
14/09/2019 22:48,0
14/09/2019 22:53,0
14/09/2019 22:58,0
14/09/2019 23:03,0
14/09/2019 23:08,0
14/09/2019 23:13,0
14/09/2019 23:18,0
14/09/2019 23:23,0
14/09/2019 23:28,0
14/09/2019 23:33,0
14/09/2019 23:38,0
14/09/2019 23:43,0
14/09/2019 23:48,0
14/09/2019 23:53,0
14/09/2019 23:58,0
15/09/2019 00:03,0
15/09/2019 00:08,0
15/09/2019 00:13,0
15/09/2019 00:18,0
15/09/2019 00:23,0
15/09/2019 00:28,0
15/09/2019 00:33,0
15/09/2019 00:38,0
15/09/2019 00:43,0
15/09/2019 00:48,0
15/09/2019 00:53,0
15/09/2019 00:58,0
15/09/2019 01:03,0
15/09/2019 01:08,0
15/09/2019 01:13,0
15/09/2019 01:18,0
15/09/2019 01:23,0
15/09/2019 01:28,0
15/09/2019 01:33,0
15/09/2019 01:38,0
15/09/2019 01:43,0
15/09/2019 01:48,0
15/09/2019 01:53,0
15/09/2019 01:58,0
15/09/2019 02:03,0
15/09/2019 02:08,0
15/09/2019 02:13,0
15/09/2019 02:18,0
15/09/2019 02:23,0
15/09/2019 02:28,0
15/09/2019 02:33,0
15/09/2019 02:38,0
15/09/2019 02:43,0
15/09/2019 02:48,0
15/09/2019 02:53,0
15/09/2019 02:58,0
15/09/2019 03:03,0
15/09/2019 03:08,0
15/09/2019 03:13,0
15/09/2019 03:18,0
15/09/2019 03:23,0
15/09/2019 03:28,0
15/09/2019 03:33,0
15/09/2019 03:38,0
15/09/2019 03:43,0
15/09/2019 03:48,0
15/09/2019 03:53,0
15/09/2019 03:58,0
15/09/2019 04:03,0
15/09/2019 04:08,0
15/09/2019 04:13,0
15/09/2019 04:18,0
15/09/2019 04:23,0
15/09/2019 04:28,0
15/09/2019 04:33,0
15/09/2019 04:38,0
15/09/2019 04:43,0
15/09/2019 04:48,0
15/09/2019 04:53,0
15/09/2019 04:58,0
15/09/2019 05:03,0
15/09/2019 05:08,0
15/09/2019 05:13,0
15/09/2019 05:18,0
15/09/2019 05:23,0
15/09/2019 05:28,0
15/09/2019 05:33,0
15/09/2019 05:38,0
15/09/2019 05:43,0
15/09/2019 05:48,0
15/09/2019 05:53,0
15/09/2019 05:58,0
15/09/2019 06:03,0
15/09/2019 06:08,0
15/09/2019 06:13,0
15/09/2019 06:18,0
15/09/2019 06:23,0
15/09/2019 06:28,0
15/09/2019 06:33,0
15/09/2019 06:38,0
15/09/2019 06:43,0
15/09/2019 06:48,0
15/09/2019 06:53,0
15/09/2019 06:58,0
15/09/2019 07:03,0
15/09/2019 07:08,0
15/09/2019 07:13,0
15/09/2019 07:18,0
15/09/2019 07:23,0
15/09/2019 07:28,0
15/09/2019 07:33,0
15/09/2019 07:38,0
15/09/2019 07:43,0
15/09/2019 07:48,0
15/09/2019 07:53,0
15/09/2019 07:58,0
15/09/2019 08:03,0
15/09/2019 08:08,0
15/09/2019 08:13,0
15/09/2019 08:18,0
15/09/2019 08:23,0
15/09/2019 08:28,0
15/09/2019 08:33,0
15/09/2019 08:38,0
15/09/2019 08:43,0
15/09/2019 08:48,0
15/09/2019 08:53,0
15/09/2019 08:58,0
15/09/2019 09:03,0
15/09/2019 09:08,0
15/09/2019 09:13,0
15/09/2019 09:18,0
15/09/2019 09:23,0
15/09/2019 09:28,0
15/09/2019 09:33,0
15/09/2019 09:38,0
15/09/2019 09:43,0
15/09/2019 09:48,0
15/09/2019 09:53,0
15/09/2019 09:58,0
15/09/2019 10:03,0
15/09/2019 10:08,0
15/09/2019 10:13,0
15/09/2019 10:18,0
15/09/2019 10:23,0
15/09/2019 10:28,0
15/09/2019 10:33,0
15/09/2019 10:38,0
15/09/2019 10:43,0
15/09/2019 10:48,0
15/09/2019 10:53,0
15/09/2019 10:58,0
15/09/2019 11:03,0
15/09/2019 11:08,0
15/09/2019 11:13,0
15/09/2019 11:18,0
15/09/2019 11:23,0
15/09/2019 11:28,0
15/09/2019 11:33,0
15/09/2019 11:38,0
15/09/2019 11:43,0
15/09/2019 11:48,0
15/09/2019 11:53,0
15/09/2019 11:58,0
15/09/2019 12:03,0
15/09/2019 12:08,0
15/09/2019 12:13,0
15/09/2019 12:18,0
15/09/2019 12:23,0
15/09/2019 12:28,0
15/09/2019 12:33,0
15/09/2019 12:38,0
15/09/2019 12:43,0
15/09/2019 12:48,0
15/09/2019 12:53,0
15/09/2019 12:58,0
15/09/2019 13:03,0
15/09/2019 13:08,0
15/09/2019 13:13,0
15/09/2019 13:18,0
15/09/2019 13:23,0
15/09/2019 13:28,0
15/09/2019 13:33,0
15/09/2019 13:38,0
15/09/2019 13:43,0
15/09/2019 13:48,0
15/09/2019 13:53,0
15/09/2019 13:58,0
15/09/2019 14:03,0
15/09/2019 14:08,0
15/09/2019 14:13,0
15/09/2019 14:18,0
15/09/2019 14:23,0
15/09/2019 14:28,0
15/09/2019 14:33,0
15/09/2019 14:38,0
15/09/2019 14:43,0
15/09/2019 14:48,0
15/09/2019 14:53,0
15/09/2019 14:58,0
15/09/2019 15:03,0
15/09/2019 15:08,0
15/09/2019 15:13,0
15/09/2019 15:18,0
15/09/2019 15:23,0
15/09/2019 15:28,0
15/09/2019 15:33,0
15/09/2019 15:38,0
15/09/2019 15:43,0
15/09/2019 15:48,0
15/09/2019 15:53,0
15/09/2019 15:58,0
15/09/2019 16:03,0
15/09/2019 16:08,0
15/09/2019 16:13,0
15/09/2019 16:18,0
15/09/2019 16:23,0
15/09/2019 16:28,0
15/09/2019 16:33,0
15/09/2019 16:38,0
15/09/2019 16:43,0
15/09/2019 16:48,0
15/09/2019 16:53,0
15/09/2019 16:58,0
15/09/2019 17:03,0
15/09/2019 17:08,0
15/09/2019 17:13,0
15/09/2019 17:18,0
15/09/2019 17:23,0
15/09/2019 17:28,0
15/09/2019 17:33,0
15/09/2019 17:38,0
15/09/2019 17:43,0
15/09/2019 17:48,0
15/09/2019 17:53,0
15/09/2019 17:58,0
15/09/2019 18:03,0
15/09/2019 18:08,0
15/09/2019 18:13,0
15/09/2019 18:18,0
15/09/2019 18:23,0
15/09/2019 18:28,0
15/09/2019 18:33,0
15/09/2019 18:38,0
15/09/2019 18:43,0
15/09/2019 18:48,0
15/09/2019 18:53,0
15/09/2019 18:58,0
15/09/2019 19:03,0
15/09/2019 19:08,0
15/09/2019 19:13,0
15/09/2019 19:18,0
15/09/2019 19:23,0
15/09/2019 19:28,0
15/09/2019 19:33,0
15/09/2019 19:38,0
15/09/2019 19:43,0
15/09/2019 19:48,0
15/09/2019 19:53,0
15/09/2019 19:58,0
15/09/2019 20:03,0
15/09/2019 20:08,0
15/09/2019 20:13,0
15/09/2019 20:18,0
15/09/2019 20:23,0
15/09/2019 20:28,0
15/09/2019 20:33,0
15/09/2019 20:38,0
15/09/2019 20:43,0
15/09/2019 20:48,0
15/09/2019 20:53,0
15/09/2019 20:58,0
15/09/2019 21:03,0
15/09/2019 21:08,0
15/09/2019 21:13,0
15/09/2019 21:18,0
15/09/2019 21:23,0
15/09/2019 21:28,0
15/09/2019 21:33,0
15/09/2019 21:38,0
15/09/2019 21:43,0
15/09/2019 21:48,0
15/09/2019 21:53,0
15/09/2019 21:58,0
15/09/2019 22:03,0
15/09/2019 22:08,0
15/09/2019 22:13,0
15/09/2019 22:18,0
15/09/2019 22:23,0
15/09/2019 22:28,0
15/09/2019 22:33,0
15/09/2019 22:38,0
15/09/2019 22:43,0
15/09/2019 22:48,0
15/09/2019 22:53,0
15/09/2019 22:58,0
15/09/2019 23:03,0
15/09/2019 23:08,0
15/09/2019 23:13,0
15/09/2019 23:18,0
15/09/2019 23:23,0
15/09/2019 23:28,0
15/09/2019 23:33,0
15/09/2019 23:38,0
15/09/2019 23:43,0
15/09/2019 23:48,0
15/09/2019 23:53,0
15/09/2019 23:58,0
16/09/2019 00:03,0
16/09/2019 00:08,0
16/09/2019 00:13,0
16/09/2019 00:18,0
16/09/2019 00:23,0
16/09/2019 00:28,0
16/09/2019 00:33,0
16/09/2019 00:38,0
16/09/2019 00:43,0
16/09/2019 00:48,0
16/09/2019 00:53,0
16/09/2019 00:58,0
16/09/2019 01:03,0
16/09/2019 01:08,0
16/09/2019 01:13,0
16/09/2019 01:18,0
16/09/2019 01:23,0
16/09/2019 01:28,0
16/09/2019 01:33,0
16/09/2019 01:38,0
16/09/2019 01:43,0
16/09/2019 01:48,0
16/09/2019 01:53,0
16/09/2019 01:58,0
16/09/2019 02:03,0
16/09/2019 02:08,0
16/09/2019 02:13,0
16/09/2019 02:18,0
16/09/2019 02:23,0
16/09/2019 02:28,0
16/09/2019 02:33,0
16/09/2019 02:38,0
16/09/2019 02:43,0
16/09/2019 02:48,0
16/09/2019 02:53,0
16/09/2019 02:58,0
16/09/2019 03:03,0
16/09/2019 03:08,0
16/09/2019 03:13,0
16/09/2019 03:18,0
16/09/2019 03:23,0
16/09/2019 03:28,0
16/09/2019 03:33,0
16/09/2019 03:38,0
16/09/2019 03:43,0
16/09/2019 03:48,0
16/09/2019 03:53,0
16/09/2019 03:58,0
16/09/2019 04:03,0
16/09/2019 04:08,0
16/09/2019 04:13,0
16/09/2019 04:18,0
16/09/2019 04:23,0
16/09/2019 04:28,0
16/09/2019 04:33,0
16/09/2019 04:38,0
16/09/2019 04:43,0
16/09/2019 04:48,0
16/09/2019 04:53,0
16/09/2019 04:58,0
16/09/2019 05:03,0
16/09/2019 05:08,0
16/09/2019 05:13,0
16/09/2019 05:18,0
16/09/2019 05:23,0
16/09/2019 05:28,0
16/09/2019 05:33,0
16/09/2019 05:38,0
16/09/2019 05:43,0
16/09/2019 05:48,0
16/09/2019 05:53,0
16/09/2019 05:58,0
16/09/2019 06:03,0
16/09/2019 06:08,0
16/09/2019 06:13,0
16/09/2019 06:18,0
16/09/2019 06:23,0
16/09/2019 06:28,0
16/09/2019 06:33,0
16/09/2019 06:38,0
16/09/2019 06:43,0
16/09/2019 06:48,0
16/09/2019 06:53,0
16/09/2019 06:58,0
16/09/2019 07:03,0
16/09/2019 07:08,0
16/09/2019 07:13,0
16/09/2019 07:18,0
16/09/2019 07:23,0
16/09/2019 07:28,0
16/09/2019 07:33,0
16/09/2019 07:38,0
16/09/2019 07:43,0
16/09/2019 07:48,0
16/09/2019 07:53,0
16/09/2019 07:58,0
16/09/2019 08:03,0
16/09/2019 08:08,0
16/09/2019 08:13,0
16/09/2019 08:18,0
16/09/2019 08:23,0
16/09/2019 08:28,0
16/09/2019 08:33,0
16/09/2019 08:38,0
16/09/2019 08:43,0
16/09/2019 08:48,0
16/09/2019 08:53,0
16/09/2019 08:58,0
16/09/2019 09:03,0
16/09/2019 09:08,0
16/09/2019 09:13,0
16/09/2019 09:18,0
16/09/2019 09:23,0
16/09/2019 09:28,0
16/09/2019 09:33,0
16/09/2019 09:38,0
16/09/2019 09:43,0
16/09/2019 09:48,0
16/09/2019 09:53,0
16/09/2019 09:58,0
16/09/2019 10:03,0
16/09/2019 10:08,0
16/09/2019 10:13,0
16/09/2019 10:18,0
16/09/2019 10:23,0
16/09/2019 10:28,0
16/09/2019 10:33,0
16/09/2019 10:38,0
16/09/2019 10:43,0
16/09/2019 10:48,0
16/09/2019 10:53,0
16/09/2019 10:58,0
16/09/2019 11:03,0
16/09/2019 11:08,0
16/09/2019 11:13,0
16/09/2019 11:18,0
16/09/2019 11:23,0
16/09/2019 11:28,0
16/09/2019 11:33,0
16/09/2019 11:38,0
16/09/2019 11:43,0
16/09/2019 11:48,0
16/09/2019 11:53,0
16/09/2019 11:58,0
16/09/2019 12:03,0
16/09/2019 12:08,0
16/09/2019 12:13,0
16/09/2019 12:18,0
16/09/2019 12:23,0
16/09/2019 12:28,0
16/09/2019 12:33,0
16/09/2019 12:38,0
16/09/2019 12:43,0
16/09/2019 12:48,0
16/09/2019 12:53,0
16/09/2019 12:58,0
16/09/2019 13:03,0
16/09/2019 13:08,0
16/09/2019 13:13,0
16/09/2019 13:18,0
16/09/2019 13:23,0
16/09/2019 13:28,0
16/09/2019 13:33,0
16/09/2019 13:38,0
16/09/2019 13:43,0
16/09/2019 13:48,0
16/09/2019 13:53,0
16/09/2019 13:58,0
16/09/2019 14:03,0
16/09/2019 14:08,0
16/09/2019 14:13,0
16/09/2019 14:18,0
16/09/2019 14:23,0
16/09/2019 14:28,0
16/09/2019 14:33,0
16/09/2019 14:38,0
16/09/2019 14:43,0
16/09/2019 14:48,0
16/09/2019 14:53,0
16/09/2019 14:58,0
16/09/2019 15:03,0
16/09/2019 15:08,0
16/09/2019 15:13,0
16/09/2019 15:18,0
16/09/2019 15:23,0
16/09/2019 15:28,0
16/09/2019 15:33,0
16/09/2019 15:38,0
16/09/2019 15:43,0
16/09/2019 15:48,0
16/09/2019 15:53,0
16/09/2019 15:58,0
16/09/2019 16:03,0
16/09/2019 16:08,0
16/09/2019 16:13,0
16/09/2019 16:18,0
16/09/2019 16:23,0
16/09/2019 16:28,0
16/09/2019 16:33,0
16/09/2019 16:38,0
16/09/2019 16:43,0
16/09/2019 16:48,0
16/09/2019 16:53,0
16/09/2019 16:58,0
16/09/2019 17:03,0
16/09/2019 17:08,0
16/09/2019 17:13,0
16/09/2019 17:18,0
16/09/2019 17:23,0
16/09/2019 17:28,0
16/09/2019 17:33,0
16/09/2019 17:38,0
16/09/2019 17:43,0
16/09/2019 17:48,0
16/09/2019 17:53,0
16/09/2019 17:58,0
16/09/2019 18:03,0
16/09/2019 18:08,0
16/09/2019 18:13,0
16/09/2019 18:18,0
16/09/2019 18:23,0
16/09/2019 18:28,0
16/09/2019 18:33,0
16/09/2019 18:38,0
16/09/2019 18:43,0
16/09/2019 18:48,0
16/09/2019 18:53,0
16/09/2019 18:58,0
16/09/2019 19:03,0
16/09/2019 19:08,0
16/09/2019 19:13,0
16/09/2019 19:18,0
16/09/2019 19:23,0
16/09/2019 19:28,0
16/09/2019 19:33,0
16/09/2019 19:38,0
16/09/2019 19:43,0
16/09/2019 19:48,0
16/09/2019 19:53,0
16/09/2019 19:58,0
16/09/2019 20:03,0
16/09/2019 20:08,0
16/09/2019 20:13,0
16/09/2019 20:18,0
16/09/2019 20:23,0
16/09/2019 20:28,0
16/09/2019 20:33,0
16/09/2019 20:38,0
16/09/2019 20:43,0
16/09/2019 20:48,0
16/09/2019 20:53,0
16/09/2019 20:58,0
16/09/2019 21:03,0
16/09/2019 21:08,0
16/09/2019 21:13,0
16/09/2019 21:18,0
16/09/2019 21:23,0
16/09/2019 21:28,0
16/09/2019 21:33,0
16/09/2019 21:38,0
16/09/2019 21:43,0
16/09/2019 21:48,0
16/09/2019 21:53,0
16/09/2019 21:58,0
16/09/2019 22:03,0
16/09/2019 22:08,0
16/09/2019 22:13,0
16/09/2019 22:18,0
16/09/2019 22:23,0
16/09/2019 22:28,0
16/09/2019 22:33,0
16/09/2019 22:38,0
16/09/2019 22:43,0
16/09/2019 22:48,0
16/09/2019 22:53,0
16/09/2019 22:58,0
16/09/2019 23:03,0
16/09/2019 23:08,0
16/09/2019 23:13,0
16/09/2019 23:18,0
16/09/2019 23:23,0
16/09/2019 23:28,0
16/09/2019 23:33,0
16/09/2019 23:38,0
16/09/2019 23:43,0
16/09/2019 23:48,0
16/09/2019 23:53,0
16/09/2019 23:58,0
17/09/2019 00:03,0
17/09/2019 00:08,0
17/09/2019 00:13,0
17/09/2019 00:18,0
17/09/2019 00:23,0
17/09/2019 00:28,0
17/09/2019 00:33,0
17/09/2019 00:38,0
17/09/2019 00:43,0
17/09/2019 00:48,0
17/09/2019 00:53,0
17/09/2019 00:58,0
17/09/2019 01:03,0
17/09/2019 01:08,0
17/09/2019 01:13,0
17/09/2019 01:18,0
17/09/2019 01:23,0
17/09/2019 01:28,0
17/09/2019 01:33,0
17/09/2019 01:38,0
17/09/2019 01:43,0
17/09/2019 01:48,0
17/09/2019 01:53,0
17/09/2019 01:58,0
17/09/2019 02:03,0
17/09/2019 02:08,0
17/09/2019 02:13,0
17/09/2019 02:18,0
17/09/2019 02:23,0
17/09/2019 02:28,0
17/09/2019 02:33,0
17/09/2019 02:38,0
17/09/2019 02:43,0
17/09/2019 02:48,0
17/09/2019 02:53,0
17/09/2019 02:58,0
17/09/2019 03:03,0
17/09/2019 03:08,0
17/09/2019 03:13,0
17/09/2019 03:18,0
17/09/2019 03:23,0
17/09/2019 03:28,0
17/09/2019 03:33,0
17/09/2019 03:38,0
17/09/2019 03:43,0
17/09/2019 03:48,0
17/09/2019 03:53,0
17/09/2019 03:58,0
17/09/2019 04:03,0
17/09/2019 04:08,0
17/09/2019 04:13,0
17/09/2019 04:18,0
17/09/2019 04:23,0
17/09/2019 04:28,0
17/09/2019 04:33,0
17/09/2019 04:38,0
17/09/2019 04:43,0
17/09/2019 04:48,0
17/09/2019 04:53,0
17/09/2019 04:58,0
17/09/2019 05:03,0
17/09/2019 05:08,0
17/09/2019 05:13,0
17/09/2019 05:18,0
17/09/2019 05:23,0
17/09/2019 05:28,0
17/09/2019 05:33,0
17/09/2019 05:38,0
17/09/2019 05:43,0
17/09/2019 05:48,0
17/09/2019 05:53,0
17/09/2019 05:58,0
17/09/2019 06:03,0
17/09/2019 06:08,0
17/09/2019 06:13,0
17/09/2019 06:18,0
17/09/2019 06:23,0
17/09/2019 06:28,0
17/09/2019 06:33,0
17/09/2019 06:38,0
17/09/2019 06:43,0
17/09/2019 06:48,0
17/09/2019 06:53,0
17/09/2019 06:58,0
17/09/2019 07:03,0
17/09/2019 07:08,0
17/09/2019 07:13,0
17/09/2019 07:18,0
17/09/2019 07:23,0
17/09/2019 07:28,0
17/09/2019 07:33,0
17/09/2019 07:38,0
17/09/2019 07:43,0
17/09/2019 07:48,0
17/09/2019 07:53,0
17/09/2019 07:58,0
17/09/2019 08:03,0
17/09/2019 08:08,0
17/09/2019 08:13,0
17/09/2019 08:18,0
17/09/2019 08:23,0
17/09/2019 08:28,0
17/09/2019 08:33,0
17/09/2019 08:38,0
17/09/2019 08:43,0
17/09/2019 08:48,0
17/09/2019 08:53,0
17/09/2019 08:58,0
17/09/2019 09:03,0
17/09/2019 09:08,0
17/09/2019 09:13,0
17/09/2019 09:18,0
17/09/2019 09:23,0
17/09/2019 09:28,0
17/09/2019 09:33,0
17/09/2019 09:38,0
17/09/2019 09:43,0
17/09/2019 09:48,0
17/09/2019 09:53,0
17/09/2019 09:58,0
17/09/2019 10:03,0
17/09/2019 10:08,0
17/09/2019 10:13,0
17/09/2019 10:18,0
17/09/2019 10:23,0
17/09/2019 10:28,0
17/09/2019 10:33,0
17/09/2019 10:38,0
17/09/2019 10:43,0
17/09/2019 10:48,0
17/09/2019 10:53,0
17/09/2019 10:58,0
17/09/2019 11:03,0
17/09/2019 11:08,0
17/09/2019 11:13,0
17/09/2019 11:18,0
17/09/2019 11:23,0
17/09/2019 11:28,0
17/09/2019 11:33,0
17/09/2019 11:38,0
17/09/2019 11:43,0
17/09/2019 11:48,0
17/09/2019 11:53,0
17/09/2019 11:58,0
17/09/2019 12:03,0
17/09/2019 12:08,0
17/09/2019 12:13,0
17/09/2019 12:18,0
17/09/2019 12:23,0
17/09/2019 12:28,0
17/09/2019 12:33,0
17/09/2019 12:38,0
17/09/2019 12:43,0
17/09/2019 12:48,0
17/09/2019 12:53,0
17/09/2019 12:58,0
17/09/2019 13:03,0
17/09/2019 13:08,0
17/09/2019 13:13,0
17/09/2019 13:18,0
17/09/2019 13:23,0
17/09/2019 13:28,0
17/09/2019 13:33,0
17/09/2019 13:38,0
17/09/2019 13:43,0
17/09/2019 13:48,0
17/09/2019 13:53,0
17/09/2019 13:58,0
17/09/2019 14:03,0
17/09/2019 14:08,0
17/09/2019 14:13,0
17/09/2019 14:18,0
17/09/2019 14:23,0
17/09/2019 14:28,0
17/09/2019 14:33,0
17/09/2019 14:38,0
17/09/2019 14:43,0
17/09/2019 14:48,0
17/09/2019 14:53,0
17/09/2019 14:58,0
17/09/2019 15:03,0
17/09/2019 15:08,0
17/09/2019 15:13,0
17/09/2019 15:18,0
17/09/2019 15:23,0
17/09/2019 15:28,0
17/09/2019 15:33,0
17/09/2019 15:38,0
17/09/2019 15:43,0
17/09/2019 15:48,0
17/09/2019 15:53,0
17/09/2019 15:58,0
17/09/2019 16:03,0
17/09/2019 16:08,0
17/09/2019 16:13,0
17/09/2019 16:18,0
17/09/2019 16:23,0
17/09/2019 16:28,0
17/09/2019 16:33,0
17/09/2019 16:38,0
17/09/2019 16:43,0
17/09/2019 16:48,0
17/09/2019 16:53,0
17/09/2019 16:58,0
17/09/2019 17:03,0
17/09/2019 17:08,0
17/09/2019 17:13,0
17/09/2019 17:18,0
17/09/2019 17:23,0
17/09/2019 17:28,0
17/09/2019 17:33,0
17/09/2019 17:38,0
17/09/2019 17:43,0
17/09/2019 17:48,0
17/09/2019 17:53,0
17/09/2019 17:58,0
17/09/2019 18:03,0
17/09/2019 18:08,0
17/09/2019 18:13,0
17/09/2019 18:18,0
17/09/2019 18:23,0
17/09/2019 18:28,0
17/09/2019 18:33,0
17/09/2019 18:38,0
17/09/2019 18:43,0
17/09/2019 18:48,0
17/09/2019 18:53,0
17/09/2019 18:58,0
17/09/2019 19:03,0
17/09/2019 19:08,0
17/09/2019 19:13,0
17/09/2019 19:18,0
17/09/2019 19:23,0
17/09/2019 19:28,0
17/09/2019 19:33,0
17/09/2019 19:38,0
17/09/2019 19:43,0
17/09/2019 19:48,0
17/09/2019 19:53,0
17/09/2019 19:58,0
17/09/2019 20:03,0
17/09/2019 20:08,0
17/09/2019 20:13,0
17/09/2019 20:18,0
17/09/2019 20:23,0
17/09/2019 20:28,0
17/09/2019 20:33,0
17/09/2019 20:38,0
17/09/2019 20:43,0
17/09/2019 20:48,0
17/09/2019 20:53,0
17/09/2019 20:58,0
17/09/2019 21:03,0
17/09/2019 21:08,0
17/09/2019 21:13,0
17/09/2019 21:18,0
17/09/2019 21:23,0
17/09/2019 21:28,0
17/09/2019 21:33,0
17/09/2019 21:38,0
17/09/2019 21:43,0
17/09/2019 21:48,0
17/09/2019 21:53,0
17/09/2019 21:58,0
17/09/2019 22:03,0
17/09/2019 22:08,0
17/09/2019 22:13,0
17/09/2019 22:18,0
17/09/2019 22:23,0
17/09/2019 22:28,0
17/09/2019 22:33,0
17/09/2019 22:38,0
17/09/2019 22:43,0
17/09/2019 22:48,0
17/09/2019 22:53,0
17/09/2019 22:58,0
17/09/2019 23:03,0
17/09/2019 23:08,0
17/09/2019 23:13,0
17/09/2019 23:18,0
17/09/2019 23:23,0
17/09/2019 23:28,0
17/09/2019 23:33,0
17/09/2019 23:38,0
17/09/2019 23:43,0
17/09/2019 23:48,0
17/09/2019 23:53,0
17/09/2019 23:58,0
18/09/2019 00:03,0
18/09/2019 00:08,0
18/09/2019 00:13,0
18/09/2019 00:18,0
18/09/2019 00:23,0
18/09/2019 00:28,0
18/09/2019 00:33,0
18/09/2019 00:38,0
18/09/2019 00:43,0
18/09/2019 00:48,0
18/09/2019 00:53,0
18/09/2019 00:58,0
18/09/2019 01:03,0
18/09/2019 01:08,0
18/09/2019 01:13,0
18/09/2019 01:18,0
18/09/2019 01:23,0
18/09/2019 01:28,0
18/09/2019 01:33,0
18/09/2019 01:38,0
18/09/2019 01:43,0
18/09/2019 01:48,0
18/09/2019 01:53,0
18/09/2019 01:58,0
18/09/2019 02:03,0
18/09/2019 02:08,0
18/09/2019 02:13,0
18/09/2019 02:18,0
18/09/2019 02:23,0
18/09/2019 02:28,0
18/09/2019 02:33,0
18/09/2019 02:38,0
18/09/2019 02:43,0
18/09/2019 02:48,0
18/09/2019 02:53,0
18/09/2019 02:58,0
18/09/2019 03:03,0
18/09/2019 03:08,0
18/09/2019 03:13,0
18/09/2019 03:18,0
18/09/2019 03:23,0
18/09/2019 03:28,0
18/09/2019 03:33,0
18/09/2019 03:38,0
18/09/2019 03:43,0
18/09/2019 03:48,0
18/09/2019 03:53,0
18/09/2019 03:58,0
18/09/2019 04:03,0
18/09/2019 04:08,0
18/09/2019 04:13,0
18/09/2019 04:18,0
18/09/2019 04:23,0
18/09/2019 04:28,0
18/09/2019 04:33,0
18/09/2019 04:38,0
18/09/2019 04:43,0
18/09/2019 04:48,0
18/09/2019 04:53,0
18/09/2019 04:58,0
18/09/2019 05:03,0
18/09/2019 05:08,0
18/09/2019 05:13,0
18/09/2019 05:18,0
18/09/2019 05:23,0
18/09/2019 05:28,0
18/09/2019 05:33,0
18/09/2019 05:38,0
18/09/2019 05:43,0
18/09/2019 05:48,0
18/09/2019 05:53,0
18/09/2019 05:58,0
18/09/2019 06:03,0
18/09/2019 06:08,0
18/09/2019 06:13,0
18/09/2019 06:18,0
18/09/2019 06:23,0
18/09/2019 06:28,0
18/09/2019 06:33,0
18/09/2019 06:38,0
18/09/2019 06:43,0
18/09/2019 06:48,0
18/09/2019 06:53,0
18/09/2019 06:58,0
18/09/2019 07:03,0
18/09/2019 07:08,0
18/09/2019 07:13,0
18/09/2019 07:18,0
18/09/2019 07:23,0
18/09/2019 07:28,0
18/09/2019 07:33,0
18/09/2019 07:38,0
18/09/2019 07:43,0
18/09/2019 07:48,0
18/09/2019 07:53,0
18/09/2019 07:58,0
18/09/2019 08:03,0
18/09/2019 08:08,0
18/09/2019 08:13,0
18/09/2019 08:18,0
18/09/2019 08:23,0
18/09/2019 08:28,0
18/09/2019 08:33,0
18/09/2019 08:38,0
18/09/2019 08:43,0
18/09/2019 08:48,0
18/09/2019 08:53,0
18/09/2019 08:58,0
18/09/2019 09:03,0
18/09/2019 09:08,0
18/09/2019 09:13,0
18/09/2019 09:18,0
18/09/2019 09:23,0
18/09/2019 09:28,0
18/09/2019 09:33,0
18/09/2019 09:38,0
18/09/2019 09:43,0
18/09/2019 09:48,0
18/09/2019 09:53,0
18/09/2019 09:58,0
18/09/2019 10:03,0
18/09/2019 10:08,0
18/09/2019 10:13,0
18/09/2019 10:18,0
18/09/2019 10:23,0
18/09/2019 10:28,0
18/09/2019 10:33,0
18/09/2019 10:38,0
18/09/2019 10:43,0
18/09/2019 10:48,0
18/09/2019 10:53,0
18/09/2019 10:58,0
18/09/2019 11:03,0
18/09/2019 11:08,0
18/09/2019 11:13,0
18/09/2019 11:18,0
18/09/2019 11:23,0
18/09/2019 11:28,0
18/09/2019 11:33,0
18/09/2019 11:38,0
18/09/2019 11:43,0
18/09/2019 11:48,0
18/09/2019 11:53,0
18/09/2019 11:58,0
18/09/2019 12:03,0
18/09/2019 12:08,0
18/09/2019 12:13,0
18/09/2019 12:18,0
18/09/2019 12:23,0
18/09/2019 12:28,0
18/09/2019 12:33,0
18/09/2019 12:38,0
18/09/2019 12:43,0
18/09/2019 12:48,0
18/09/2019 12:53,0
18/09/2019 12:58,0
18/09/2019 13:03,0
18/09/2019 13:08,0
18/09/2019 13:13,0
18/09/2019 13:18,0
18/09/2019 13:23,0
18/09/2019 13:28,0
18/09/2019 13:33,0
18/09/2019 13:38,0
18/09/2019 13:43,0
18/09/2019 13:48,0
18/09/2019 13:53,0
18/09/2019 13:58,0
18/09/2019 14:03,0
18/09/2019 14:08,0
18/09/2019 14:13,0
18/09/2019 14:18,0
18/09/2019 14:23,0
18/09/2019 14:28,0
18/09/2019 14:33,0
18/09/2019 14:38,0
18/09/2019 14:43,0
18/09/2019 14:48,0
18/09/2019 14:53,0
18/09/2019 14:58,0
18/09/2019 15:03,0
18/09/2019 15:08,0
18/09/2019 15:13,0
18/09/2019 15:18,0
18/09/2019 15:23,0
18/09/2019 15:28,0
18/09/2019 15:33,0
18/09/2019 15:38,0
18/09/2019 15:43,0
18/09/2019 15:48,0
18/09/2019 15:53,0
18/09/2019 15:58,0
18/09/2019 16:03,0
18/09/2019 16:08,0
18/09/2019 16:13,0
18/09/2019 16:18,0
18/09/2019 16:23,0
18/09/2019 16:28,0
18/09/2019 16:33,0
18/09/2019 16:38,0
18/09/2019 16:43,0
18/09/2019 16:48,0
18/09/2019 16:53,0
18/09/2019 16:58,0
18/09/2019 17:03,0
18/09/2019 17:08,0
18/09/2019 17:13,0
18/09/2019 17:18,0
18/09/2019 17:23,0
18/09/2019 17:28,0
18/09/2019 17:33,0
18/09/2019 17:38,0
18/09/2019 17:43,0
18/09/2019 17:48,0
18/09/2019 17:53,0
18/09/2019 17:58,0
18/09/2019 18:03,0
18/09/2019 18:08,0
18/09/2019 18:13,0
18/09/2019 18:18,0
18/09/2019 18:23,0
18/09/2019 18:28,0
18/09/2019 18:33,0
18/09/2019 18:38,0
18/09/2019 18:43,0
18/09/2019 18:48,0
18/09/2019 18:53,0
18/09/2019 18:58,0
18/09/2019 19:03,0
18/09/2019 19:08,0
18/09/2019 19:13,0
18/09/2019 19:18,0
18/09/2019 19:23,0
18/09/2019 19:28,0
18/09/2019 19:33,0
18/09/2019 19:38,0
18/09/2019 19:43,0
18/09/2019 19:48,0
18/09/2019 19:53,0
18/09/2019 19:58,0
18/09/2019 20:03,0
18/09/2019 20:08,0
18/09/2019 20:13,0
18/09/2019 20:18,0
18/09/2019 20:23,0
18/09/2019 20:28,0
18/09/2019 20:33,0
18/09/2019 20:38,0
18/09/2019 20:43,0
18/09/2019 20:48,0
18/09/2019 20:53,0
18/09/2019 20:58,0
18/09/2019 21:03,0
18/09/2019 21:08,0
18/09/2019 21:13,0
18/09/2019 21:18,0
18/09/2019 21:23,0
18/09/2019 21:28,0
18/09/2019 21:33,0
18/09/2019 21:38,0
18/09/2019 21:43,0
18/09/2019 21:48,0
18/09/2019 21:53,0
18/09/2019 21:58,0
18/09/2019 22:03,0
18/09/2019 22:08,0
18/09/2019 22:13,0
18/09/2019 22:18,0
18/09/2019 22:23,0
18/09/2019 22:28,0
18/09/2019 22:33,0
18/09/2019 22:38,0
18/09/2019 22:43,0
18/09/2019 22:48,0
18/09/2019 22:53,0
18/09/2019 22:58,0
18/09/2019 23:03,0
18/09/2019 23:08,0
18/09/2019 23:13,0
18/09/2019 23:18,0
18/09/2019 23:23,0
18/09/2019 23:28,0
18/09/2019 23:33,0
18/09/2019 23:38,0
18/09/2019 23:43,0
18/09/2019 23:48,0
18/09/2019 23:53,0
18/09/2019 23:58,0
19/09/2019 00:03,0
19/09/2019 00:08,0
19/09/2019 00:13,0
19/09/2019 00:18,0
19/09/2019 00:23,0
19/09/2019 00:28,0
19/09/2019 00:33,0
19/09/2019 00:38,0
19/09/2019 00:43,0
19/09/2019 00:48,0
19/09/2019 00:53,0
19/09/2019 00:58,0
19/09/2019 01:03,0
19/09/2019 01:08,0
19/09/2019 01:13,0
19/09/2019 01:18,0
19/09/2019 01:23,0
19/09/2019 01:28,0
19/09/2019 01:33,0
19/09/2019 01:38,0
19/09/2019 01:43,0
19/09/2019 01:48,0
19/09/2019 01:53,0
19/09/2019 01:58,0
19/09/2019 02:03,0
19/09/2019 02:08,0
19/09/2019 02:13,0
19/09/2019 02:18,0
19/09/2019 02:23,0
19/09/2019 02:28,0
19/09/2019 02:33,0
19/09/2019 02:38,0
19/09/2019 02:43,0
19/09/2019 02:48,0
19/09/2019 02:53,0
19/09/2019 02:58,0
19/09/2019 03:03,0
19/09/2019 03:08,0
19/09/2019 03:13,0
19/09/2019 03:18,0
19/09/2019 03:23,0
19/09/2019 03:28,0
19/09/2019 03:33,0
19/09/2019 03:38,0
19/09/2019 03:43,0
19/09/2019 03:48,0
19/09/2019 03:53,0
19/09/2019 03:58,0
19/09/2019 04:03,0
19/09/2019 04:08,0
19/09/2019 04:13,0
19/09/2019 04:18,0
19/09/2019 04:23,0
19/09/2019 04:28,0
19/09/2019 04:33,0
19/09/2019 04:38,0
19/09/2019 04:43,0
19/09/2019 04:48,0
19/09/2019 04:53,0
19/09/2019 04:58,0
19/09/2019 05:03,0
19/09/2019 05:08,0
19/09/2019 05:13,0
19/09/2019 05:18,0
19/09/2019 05:23,0
19/09/2019 05:28,0
19/09/2019 05:33,0
19/09/2019 05:38,0
19/09/2019 05:43,0
19/09/2019 05:48,0
19/09/2019 05:53,0
19/09/2019 05:58,0
19/09/2019 06:03,0
19/09/2019 06:08,0
19/09/2019 06:13,0
19/09/2019 06:18,0
19/09/2019 06:23,0
19/09/2019 06:28,0
19/09/2019 06:33,0
19/09/2019 06:38,0
19/09/2019 06:43,0
19/09/2019 06:48,0
19/09/2019 06:53,0
19/09/2019 06:58,0
19/09/2019 07:03,0
19/09/2019 07:08,0
19/09/2019 07:13,0
19/09/2019 07:18,0
19/09/2019 07:23,0
19/09/2019 07:28,0
19/09/2019 07:33,0
19/09/2019 07:38,0
19/09/2019 07:43,0
19/09/2019 07:48,0
19/09/2019 07:53,0
19/09/2019 07:58,0
19/09/2019 08:03,0
19/09/2019 08:08,0
19/09/2019 08:13,0
19/09/2019 08:18,0
19/09/2019 08:23,0
19/09/2019 08:28,0
19/09/2019 08:33,0
19/09/2019 08:38,0
19/09/2019 08:43,0
19/09/2019 08:48,0
19/09/2019 08:53,0
19/09/2019 08:58,0
19/09/2019 09:03,0
19/09/2019 09:08,0
19/09/2019 09:13,0
19/09/2019 09:18,0
19/09/2019 09:23,0
19/09/2019 09:28,0
19/09/2019 09:33,0
19/09/2019 09:38,0
19/09/2019 09:43,0
19/09/2019 09:48,0
19/09/2019 09:53,0
19/09/2019 09:58,0
19/09/2019 10:03,0
19/09/2019 10:08,0
19/09/2019 10:13,0
19/09/2019 10:18,0
19/09/2019 10:23,0
19/09/2019 10:28,0
19/09/2019 10:33,0
19/09/2019 10:38,0
19/09/2019 10:43,0
19/09/2019 10:48,0
19/09/2019 10:53,0
19/09/2019 10:58,0
19/09/2019 11:03,0
19/09/2019 11:08,0
19/09/2019 11:13,0
19/09/2019 11:18,0
19/09/2019 11:23,0
19/09/2019 11:28,0
19/09/2019 11:33,0
19/09/2019 11:38,0
19/09/2019 11:43,0
19/09/2019 11:48,0
19/09/2019 11:53,0
19/09/2019 11:58,0
19/09/2019 12:03,0
19/09/2019 12:08,0
19/09/2019 12:13,0
19/09/2019 12:18,0
19/09/2019 12:23,0
19/09/2019 12:28,0
19/09/2019 12:33,0
19/09/2019 12:38,0
19/09/2019 12:43,0
19/09/2019 12:48,0
19/09/2019 12:53,0
19/09/2019 12:58,0
19/09/2019 13:03,0
19/09/2019 13:08,0
19/09/2019 13:13,0
19/09/2019 13:18,0
19/09/2019 13:23,0
19/09/2019 13:28,0
19/09/2019 13:33,0
19/09/2019 13:38,0
19/09/2019 13:43,0
19/09/2019 13:48,0
19/09/2019 13:53,0
19/09/2019 13:58,0
19/09/2019 14:03,0
19/09/2019 14:08,0
19/09/2019 14:13,0
19/09/2019 14:18,0
19/09/2019 14:23,0
19/09/2019 14:28,0
19/09/2019 14:33,0
19/09/2019 14:38,0
19/09/2019 14:43,0
19/09/2019 14:48,0
19/09/2019 14:53,0
19/09/2019 14:58,0
19/09/2019 15:03,0
19/09/2019 15:08,0
19/09/2019 15:13,0
19/09/2019 15:18,0
19/09/2019 15:23,0
19/09/2019 15:28,0
19/09/2019 15:33,0
19/09/2019 15:38,0
19/09/2019 15:43,0
19/09/2019 15:48,0
19/09/2019 15:53,0
19/09/2019 15:58,0
19/09/2019 16:03,0
19/09/2019 16:08,0
19/09/2019 16:13,0
19/09/2019 16:18,0
19/09/2019 16:23,0
19/09/2019 16:28,0
19/09/2019 16:33,0
19/09/2019 16:38,0
19/09/2019 16:43,0
19/09/2019 16:48,0
19/09/2019 16:53,0
19/09/2019 16:58,0
19/09/2019 17:03,0
19/09/2019 17:08,0
19/09/2019 17:13,0
19/09/2019 17:18,0
19/09/2019 17:23,0
19/09/2019 17:28,0
19/09/2019 17:33,0
19/09/2019 17:38,0
19/09/2019 17:43,0
19/09/2019 17:48,0
19/09/2019 17:53,0
19/09/2019 17:58,0
19/09/2019 18:03,0
19/09/2019 18:08,0
19/09/2019 18:13,0
19/09/2019 18:18,0
19/09/2019 18:23,0
19/09/2019 18:28,0
19/09/2019 18:33,0
19/09/2019 18:38,0
19/09/2019 18:43,0
19/09/2019 18:48,0
19/09/2019 18:53,0
19/09/2019 18:58,0
19/09/2019 19:03,0
19/09/2019 19:08,0
19/09/2019 19:13,0
19/09/2019 19:18,0
19/09/2019 19:23,0
19/09/2019 19:28,0
19/09/2019 19:33,0
19/09/2019 19:38,0
19/09/2019 19:43,0
19/09/2019 19:48,0
19/09/2019 19:53,0
19/09/2019 19:58,0
19/09/2019 20:03,0
19/09/2019 20:08,0
19/09/2019 20:13,0
19/09/2019 20:18,0
19/09/2019 20:23,0
19/09/2019 20:28,0
19/09/2019 20:33,0
19/09/2019 20:38,0
19/09/2019 20:43,0
19/09/2019 20:48,0
19/09/2019 20:53,0
19/09/2019 20:58,0
19/09/2019 21:03,0
19/09/2019 21:08,0
19/09/2019 21:13,0
19/09/2019 21:18,0
19/09/2019 21:23,0
19/09/2019 21:28,0
19/09/2019 21:33,0
19/09/2019 21:38,0
19/09/2019 21:43,0
19/09/2019 21:48,0
19/09/2019 21:53,0
19/09/2019 21:58,0
19/09/2019 22:03,0
19/09/2019 22:08,0
19/09/2019 22:13,0
19/09/2019 22:18,0
19/09/2019 22:23,0
19/09/2019 22:28,0
19/09/2019 22:33,0
19/09/2019 22:38,0
19/09/2019 22:43,0
19/09/2019 22:48,0
19/09/2019 22:53,0
19/09/2019 22:58,0
19/09/2019 23:03,0
19/09/2019 23:08,0
19/09/2019 23:13,0
19/09/2019 23:18,0
19/09/2019 23:23,0
19/09/2019 23:28,0
19/09/2019 23:33,0
19/09/2019 23:38,0
19/09/2019 23:43,0
19/09/2019 23:48,0
19/09/2019 23:53,0
19/09/2019 23:58,0
20/09/2019 00:03,0
20/09/2019 00:08,0
20/09/2019 00:13,0
20/09/2019 00:18,0
20/09/2019 00:23,0
20/09/2019 00:28,0
20/09/2019 00:33,0
20/09/2019 00:38,0
20/09/2019 00:43,0
20/09/2019 00:48,0
20/09/2019 00:53,0
20/09/2019 00:58,0
20/09/2019 01:03,0
20/09/2019 01:08,0
20/09/2019 01:13,0
20/09/2019 01:18,0
20/09/2019 01:23,0
20/09/2019 01:28,0
20/09/2019 01:33,0
20/09/2019 01:38,0
20/09/2019 01:43,0
20/09/2019 01:48,0
20/09/2019 01:53,0
20/09/2019 01:58,0
20/09/2019 02:03,0
20/09/2019 02:08,0
20/09/2019 02:13,0
20/09/2019 02:18,0
20/09/2019 02:23,0
20/09/2019 02:28,0
20/09/2019 02:33,0
20/09/2019 02:38,0
20/09/2019 02:43,0
20/09/2019 02:48,0
20/09/2019 02:53,0
20/09/2019 02:58,0
20/09/2019 03:03,0
20/09/2019 03:08,0
20/09/2019 03:13,0
20/09/2019 03:18,0
20/09/2019 03:23,0
20/09/2019 03:28,0
20/09/2019 03:33,0
20/09/2019 03:38,0
20/09/2019 03:43,0
20/09/2019 03:48,0
20/09/2019 03:53,0
20/09/2019 03:58,0
20/09/2019 04:03,0
20/09/2019 04:08,0
20/09/2019 04:13,0
20/09/2019 04:18,0
20/09/2019 04:23,0
20/09/2019 04:28,0
20/09/2019 04:33,0
20/09/2019 04:38,0
20/09/2019 04:43,0
20/09/2019 04:48,0
20/09/2019 04:53,0
20/09/2019 04:58,0
20/09/2019 05:03,0
20/09/2019 05:08,0
20/09/2019 05:13,0
20/09/2019 05:18,0
20/09/2019 05:23,0
20/09/2019 05:28,0
20/09/2019 05:33,0
20/09/2019 05:38,0
20/09/2019 05:43,0
20/09/2019 05:48,0
20/09/2019 05:53,0
20/09/2019 05:58,0
20/09/2019 06:03,0
20/09/2019 06:08,0
20/09/2019 06:13,0
20/09/2019 06:18,0
20/09/2019 06:23,0
20/09/2019 06:28,0
20/09/2019 06:33,0
20/09/2019 06:38,0
20/09/2019 06:43,0
20/09/2019 06:48,0
20/09/2019 06:53,0
20/09/2019 06:58,0
20/09/2019 07:03,0
20/09/2019 07:08,0
20/09/2019 07:13,0
20/09/2019 07:18,0
20/09/2019 07:23,0
20/09/2019 07:28,0
20/09/2019 07:33,0
20/09/2019 07:38,0
20/09/2019 07:43,0
20/09/2019 07:48,0
20/09/2019 07:53,0
20/09/2019 07:58,0
20/09/2019 08:03,0
20/09/2019 08:08,0
20/09/2019 08:13,0
20/09/2019 08:18,0
20/09/2019 08:23,0
20/09/2019 08:28,0
20/09/2019 08:33,0
20/09/2019 08:38,0
20/09/2019 08:43,0
20/09/2019 08:48,0
20/09/2019 08:53,0
20/09/2019 08:58,0
20/09/2019 09:03,0
20/09/2019 09:08,0
20/09/2019 09:13,0
20/09/2019 09:18,0
20/09/2019 09:23,0
20/09/2019 09:28,0
20/09/2019 09:33,0
20/09/2019 09:38,0
20/09/2019 09:43,0
20/09/2019 09:48,0
20/09/2019 09:53,0
20/09/2019 09:58,0
20/09/2019 10:03,0
20/09/2019 10:08,0
20/09/2019 10:13,0
20/09/2019 10:18,0
20/09/2019 10:23,0
20/09/2019 10:28,0
20/09/2019 10:33,0
20/09/2019 10:38,0
20/09/2019 10:43,0
20/09/2019 10:48,0
20/09/2019 10:53,0
20/09/2019 10:58,0
20/09/2019 11:03,0
20/09/2019 11:08,0
20/09/2019 11:13,0
20/09/2019 11:18,0
20/09/2019 11:23,0
20/09/2019 11:28,0
20/09/2019 11:33,0
20/09/2019 11:38,0
20/09/2019 11:43,0
20/09/2019 11:48,0
20/09/2019 11:53,0
20/09/2019 11:58,0
20/09/2019 12:03,0
20/09/2019 12:08,0
20/09/2019 12:13,0
20/09/2019 12:18,0
20/09/2019 12:23,0
20/09/2019 12:28,0
20/09/2019 12:33,0
20/09/2019 12:38,0
20/09/2019 12:43,0
20/09/2019 12:48,0
20/09/2019 12:53,0
20/09/2019 12:58,0
20/09/2019 13:03,0
20/09/2019 13:08,0
20/09/2019 13:13,0
20/09/2019 13:18,0
20/09/2019 13:23,0
20/09/2019 13:28,0
20/09/2019 13:33,0
20/09/2019 13:38,0
20/09/2019 13:43,0
20/09/2019 13:48,0
20/09/2019 13:53,0
20/09/2019 13:58,0
20/09/2019 14:03,0
20/09/2019 14:08,0
20/09/2019 14:13,0
20/09/2019 14:18,0
20/09/2019 14:23,0
20/09/2019 14:28,0
20/09/2019 14:33,0
20/09/2019 14:38,0
20/09/2019 14:43,0
20/09/2019 14:48,0
20/09/2019 14:53,0
20/09/2019 14:58,0
20/09/2019 15:03,0
20/09/2019 15:08,0
20/09/2019 15:13,0
20/09/2019 15:18,0
20/09/2019 15:23,0
20/09/2019 15:28,0
20/09/2019 15:33,0
20/09/2019 15:38,0
20/09/2019 15:43,0
20/09/2019 15:48,0
20/09/2019 15:53,0
20/09/2019 15:58,0
20/09/2019 16:03,0
20/09/2019 16:08,0
20/09/2019 16:13,0
20/09/2019 16:18,0
20/09/2019 16:23,0
20/09/2019 16:28,0
20/09/2019 16:33,0
20/09/2019 16:38,0
20/09/2019 16:43,0
20/09/2019 16:48,0
20/09/2019 16:53,0
20/09/2019 16:58,0
20/09/2019 17:03,0
20/09/2019 17:08,0
20/09/2019 17:13,0
20/09/2019 17:18,0
20/09/2019 17:23,0
20/09/2019 17:28,0
20/09/2019 17:33,0
20/09/2019 17:38,0
20/09/2019 17:43,0
20/09/2019 17:48,0
20/09/2019 17:53,0
20/09/2019 17:58,0
20/09/2019 18:03,0
20/09/2019 18:08,0
20/09/2019 18:13,0
20/09/2019 18:18,0
20/09/2019 18:23,0
20/09/2019 18:28,0
20/09/2019 18:33,0
20/09/2019 18:38,0
20/09/2019 18:43,0
20/09/2019 18:48,0
20/09/2019 18:53,0
20/09/2019 18:58,0
20/09/2019 19:03,0
20/09/2019 19:08,0
20/09/2019 19:13,0
20/09/2019 19:18,0
20/09/2019 19:23,0
20/09/2019 19:28,0
20/09/2019 19:33,0
20/09/2019 19:38,0
20/09/2019 19:43,0
20/09/2019 19:48,0
20/09/2019 19:53,0
20/09/2019 19:58,0
20/09/2019 20:03,0
20/09/2019 20:08,0
20/09/2019 20:13,0
20/09/2019 20:18,0
20/09/2019 20:23,0
20/09/2019 20:28,0
20/09/2019 20:33,0
20/09/2019 20:38,0
20/09/2019 20:43,0
20/09/2019 20:48,0
20/09/2019 20:53,0
20/09/2019 20:58,0
20/09/2019 21:03,0
20/09/2019 21:08,0
20/09/2019 21:13,0
20/09/2019 21:18,0
20/09/2019 21:23,0
20/09/2019 21:28,0
20/09/2019 21:33,0
20/09/2019 21:38,0
20/09/2019 21:43,0
20/09/2019 21:48,0
20/09/2019 21:53,0
20/09/2019 21:58,0
20/09/2019 22:03,0
20/09/2019 22:08,0
20/09/2019 22:13,0
20/09/2019 22:18,0
20/09/2019 22:23,0
20/09/2019 22:28,0
20/09/2019 22:33,0
20/09/2019 22:38,0
20/09/2019 22:43,0
20/09/2019 22:48,0
20/09/2019 22:53,0
20/09/2019 22:58,0
20/09/2019 23:03,0
20/09/2019 23:08,0
20/09/2019 23:13,0
20/09/2019 23:18,0
20/09/2019 23:23,0
20/09/2019 23:28,0
20/09/2019 23:33,0
20/09/2019 23:38,0
20/09/2019 23:43,0
20/09/2019 23:48,0
20/09/2019 23:53,0
20/09/2019 23:58,0
21/09/2019 00:03,0
21/09/2019 00:08,0
21/09/2019 00:13,0
21/09/2019 00:18,0
21/09/2019 00:23,0
21/09/2019 00:28,0
21/09/2019 00:33,0
21/09/2019 00:38,0
21/09/2019 00:43,0
21/09/2019 00:48,0
21/09/2019 00:53,0
21/09/2019 00:58,0
21/09/2019 01:03,0
21/09/2019 01:08,0
21/09/2019 01:13,0
21/09/2019 01:18,0
21/09/2019 01:23,0
21/09/2019 01:28,0
21/09/2019 01:33,0
21/09/2019 01:38,0
21/09/2019 01:43,0
21/09/2019 01:48,0
21/09/2019 01:53,0
21/09/2019 01:58,0
21/09/2019 02:03,0
21/09/2019 02:08,0
21/09/2019 02:13,0
21/09/2019 02:18,0
21/09/2019 02:23,0
21/09/2019 02:28,0
21/09/2019 02:33,0
21/09/2019 02:38,0
21/09/2019 02:43,0
21/09/2019 02:48,0
21/09/2019 02:53,0
21/09/2019 02:58,0
21/09/2019 03:03,0
21/09/2019 03:08,0
21/09/2019 03:13,0
21/09/2019 03:18,0
21/09/2019 03:23,0
21/09/2019 03:28,0
21/09/2019 03:33,0
21/09/2019 03:38,0
21/09/2019 03:43,0
21/09/2019 03:48,0
21/09/2019 03:53,0
21/09/2019 03:58,0
21/09/2019 04:03,0
21/09/2019 04:08,0
21/09/2019 04:13,0
21/09/2019 04:18,0
21/09/2019 04:23,0
21/09/2019 04:28,0
21/09/2019 04:33,0
21/09/2019 04:38,0
21/09/2019 04:43,0
21/09/2019 04:48,0
21/09/2019 04:53,0
21/09/2019 04:58,0
21/09/2019 05:03,0
21/09/2019 05:08,0
21/09/2019 05:13,0
21/09/2019 05:18,0
21/09/2019 05:23,0
21/09/2019 05:28,0
21/09/2019 05:33,0
21/09/2019 05:38,0
21/09/2019 05:43,0
21/09/2019 05:48,0
21/09/2019 05:53,0
21/09/2019 05:58,0
21/09/2019 06:03,0
21/09/2019 06:08,0
21/09/2019 06:13,0
21/09/2019 06:18,0
21/09/2019 06:23,0
21/09/2019 06:28,0
21/09/2019 06:33,0
21/09/2019 06:38,0
21/09/2019 06:43,0
21/09/2019 06:48,0
21/09/2019 06:53,0
21/09/2019 06:58,0
21/09/2019 07:03,0
21/09/2019 07:08,0
21/09/2019 07:13,0
21/09/2019 07:18,0
21/09/2019 07:23,0
21/09/2019 07:28,0
21/09/2019 07:33,0
21/09/2019 07:38,0
21/09/2019 07:43,0
21/09/2019 07:48,0
21/09/2019 07:53,0
21/09/2019 07:58,0
21/09/2019 08:03,0
21/09/2019 08:08,0
21/09/2019 08:13,0
21/09/2019 08:18,0
21/09/2019 08:23,0
21/09/2019 08:28,0
21/09/2019 08:33,0
21/09/2019 08:38,0
21/09/2019 08:43,0
21/09/2019 08:48,0
21/09/2019 08:53,0
21/09/2019 08:58,0
21/09/2019 09:03,0
21/09/2019 09:08,0
21/09/2019 09:13,0
21/09/2019 09:18,0
21/09/2019 09:23,0
21/09/2019 09:28,0
21/09/2019 09:33,0
21/09/2019 09:38,0
21/09/2019 09:43,0
21/09/2019 09:48,0
21/09/2019 09:53,0
21/09/2019 09:58,0
21/09/2019 10:03,0
21/09/2019 10:08,0
21/09/2019 10:13,0
21/09/2019 10:18,0
21/09/2019 10:23,0
21/09/2019 10:28,0
21/09/2019 10:33,0
21/09/2019 10:38,0
21/09/2019 10:43,0
21/09/2019 10:48,0
21/09/2019 10:53,0
21/09/2019 10:58,0
21/09/2019 11:03,0
21/09/2019 11:08,0
21/09/2019 11:13,0
21/09/2019 11:18,0
21/09/2019 11:23,0
21/09/2019 11:28,0
21/09/2019 11:33,0
21/09/2019 11:38,0
21/09/2019 11:43,0
21/09/2019 11:48,0
21/09/2019 11:53,0
21/09/2019 11:58,0
21/09/2019 12:03,0
21/09/2019 12:08,0
21/09/2019 12:13,0
21/09/2019 12:18,0
21/09/2019 12:23,0
21/09/2019 12:28,0
21/09/2019 12:33,0
21/09/2019 12:38,0
21/09/2019 12:43,0
21/09/2019 12:48,0
21/09/2019 12:53,0
21/09/2019 12:58,0
21/09/2019 13:03,0
21/09/2019 13:08,0
21/09/2019 13:13,0
21/09/2019 13:18,0
21/09/2019 13:23,0
21/09/2019 13:28,0
21/09/2019 13:33,0
21/09/2019 13:38,0
21/09/2019 13:43,0
21/09/2019 13:48,0
21/09/2019 13:53,0
21/09/2019 13:58,0
21/09/2019 14:03,0
21/09/2019 14:08,0
21/09/2019 14:13,0
21/09/2019 14:18,0
21/09/2019 14:23,0
21/09/2019 14:28,0
21/09/2019 14:33,0
21/09/2019 14:38,0
21/09/2019 14:43,0
21/09/2019 14:48,0
21/09/2019 14:53,0
21/09/2019 14:58,0
21/09/2019 15:03,0
21/09/2019 15:08,0
21/09/2019 15:13,0
21/09/2019 15:18,0
21/09/2019 15:23,0
21/09/2019 15:28,0
21/09/2019 15:33,0
21/09/2019 15:38,0
21/09/2019 15:43,0
21/09/2019 15:48,0
21/09/2019 15:53,0
21/09/2019 15:58,0
21/09/2019 16:03,0
21/09/2019 16:08,0
21/09/2019 16:13,0
21/09/2019 16:18,0
21/09/2019 16:23,0
21/09/2019 16:28,0
21/09/2019 16:33,0
21/09/2019 16:38,0
21/09/2019 16:43,0
21/09/2019 16:48,0
21/09/2019 16:53,0
21/09/2019 16:58,0
21/09/2019 17:03,0
21/09/2019 17:08,0
21/09/2019 17:13,0
21/09/2019 17:18,0
21/09/2019 17:23,0
21/09/2019 17:28,0
21/09/2019 17:33,0
21/09/2019 17:38,0
21/09/2019 17:43,0
21/09/2019 17:48,0
21/09/2019 17:53,0
21/09/2019 17:58,0
21/09/2019 18:03,0
21/09/2019 18:08,0
21/09/2019 18:13,0
21/09/2019 18:18,0
21/09/2019 18:22,0
21/09/2019 18:28,0
21/09/2019 18:33,0
21/09/2019 18:38,0
21/09/2019 18:43,0
21/09/2019 18:47,0
21/09/2019 18:53,0
21/09/2019 18:58,0
21/09/2019 19:03,0
21/09/2019 19:08,0
21/09/2019 19:12,0
21/09/2019 19:18,0
21/09/2019 19:23,0
21/09/2019 19:28,0
21/09/2019 19:33,0
21/09/2019 19:37,0
21/09/2019 19:43,0
21/09/2019 19:48,0
21/09/2019 19:53,0
21/09/2019 19:58,0
21/09/2019 20:02,0
21/09/2019 20:08,0
21/09/2019 20:13,0
21/09/2019 20:18,0
21/09/2019 20:23,0
21/09/2019 20:27,0
21/09/2019 20:33,0
21/09/2019 20:38,0
21/09/2019 20:43,0
21/09/2019 20:48,0
21/09/2019 20:52,0
21/09/2019 20:58,0
21/09/2019 21:03,0
21/09/2019 21:08,0
21/09/2019 21:13,0
21/09/2019 21:17,0
21/09/2019 21:23,0
21/09/2019 21:28,0
21/09/2019 21:33,0
21/09/2019 21:38,0
21/09/2019 21:42,0
21/09/2019 21:48,0
21/09/2019 21:53,0
21/09/2019 21:58,0
21/09/2019 22:03,0
21/09/2019 22:07,0
21/09/2019 22:13,0
21/09/2019 22:18,0
21/09/2019 22:23,0
21/09/2019 22:28,0
21/09/2019 22:32,0
21/09/2019 22:38,0
21/09/2019 22:43,0
21/09/2019 22:48,0
21/09/2019 22:53,0
21/09/2019 22:57,0
21/09/2019 23:03,0
21/09/2019 23:08,0
21/09/2019 23:13,0
21/09/2019 23:18,0
21/09/2019 23:22,0
21/09/2019 23:28,0
21/09/2019 23:33,0
21/09/2019 23:38,0
21/09/2019 23:43,0
21/09/2019 23:47,0
21/09/2019 23:53,0
21/09/2019 23:58,0
22/09/2019 00:03,0
22/09/2019 00:07,0
22/09/2019 00:13,0
22/09/2019 00:18,0
22/09/2019 00:23,0
22/09/2019 00:28,0
22/09/2019 00:32,0
22/09/2019 00:38,0
22/09/2019 00:43,0
22/09/2019 00:48,0
22/09/2019 00:53,0
22/09/2019 00:57,0
22/09/2019 01:02,0
22/09/2019 01:08,0
22/09/2019 01:13,0
22/09/2019 01:18,0
22/09/2019 01:22,0
22/09/2019 01:27,0
22/09/2019 01:33,0
22/09/2019 01:38,0
22/09/2019 01:43,0
22/09/2019 01:47,0
22/09/2019 01:52,0
22/09/2019 01:58,0
22/09/2019 02:03,0
22/09/2019 02:08,0
22/09/2019 02:12,0
22/09/2019 02:17,0
22/09/2019 02:23,0
22/09/2019 02:28,0
22/09/2019 02:33,0
22/09/2019 02:37,0
22/09/2019 02:42,0
22/09/2019 02:48,0
22/09/2019 02:53,0
22/09/2019 02:58,0
22/09/2019 03:02,0
22/09/2019 03:07,0
22/09/2019 03:13,0
22/09/2019 03:18,0
22/09/2019 03:23,0
22/09/2019 03:27,0
22/09/2019 03:32,0
22/09/2019 03:38,0
22/09/2019 03:43,0
22/09/2019 03:48,0
22/09/2019 03:52,0
22/09/2019 03:57,0
22/09/2019 04:03,0
22/09/2019 04:08,0
22/09/2019 04:13,0
22/09/2019 04:17,0
22/09/2019 04:22,0
22/09/2019 04:28,0
22/09/2019 04:33,0
22/09/2019 04:38,0
22/09/2019 04:42,0
22/09/2019 04:47,0
22/09/2019 04:53,0
22/09/2019 04:58,0
22/09/2019 05:03,0
22/09/2019 05:07,0
22/09/2019 05:12,0
22/09/2019 05:18,0
22/09/2019 05:23,0
22/09/2019 05:28,0
22/09/2019 05:32,0
22/09/2019 05:37,0
22/09/2019 05:43,0
22/09/2019 05:48,0
22/09/2019 05:53,0
22/09/2019 05:57,0
22/09/2019 06:02,0
22/09/2019 06:08,0
22/09/2019 06:13,0
22/09/2019 06:18,0
22/09/2019 06:22,0
22/09/2019 06:27,0
22/09/2019 06:33,0
22/09/2019 06:38,0
22/09/2019 06:43,0
22/09/2019 06:47,0
22/09/2019 06:52,0
22/09/2019 06:58,0
22/09/2019 07:03,0
22/09/2019 07:08,0
22/09/2019 07:12,0
22/09/2019 07:17,0
22/09/2019 07:23,0
22/09/2019 07:28,0
22/09/2019 07:33,0
22/09/2019 07:37,0
22/09/2019 07:42,0
22/09/2019 07:48,0
22/09/2019 07:53,0
22/09/2019 07:58,0
22/09/2019 08:02,0
22/09/2019 08:07,0
22/09/2019 08:13,0
22/09/2019 08:18,0
22/09/2019 08:23,0
22/09/2019 08:27,0
22/09/2019 08:32,0
22/09/2019 08:38,0
22/09/2019 08:43,0
22/09/2019 08:48,0
22/09/2019 08:52,0
22/09/2019 08:57,0
22/09/2019 09:03,0
22/09/2019 09:08,0
22/09/2019 09:13,0
22/09/2019 09:17,0
22/09/2019 09:22,0
22/09/2019 09:28,0
22/09/2019 09:33,0
22/09/2019 09:38,0
22/09/2019 09:42,0
22/09/2019 09:47,0
22/09/2019 09:53,0
22/09/2019 09:58,0
22/09/2019 10:03,0
22/09/2019 10:07,0
22/09/2019 10:12,0
22/09/2019 10:18,0
22/09/2019 10:23,0
22/09/2019 10:28,0
22/09/2019 10:32,0
22/09/2019 10:37,0
22/09/2019 10:43,0
22/09/2019 10:48,0
22/09/2019 10:53,0
22/09/2019 10:57,0
22/09/2019 11:02,0
22/09/2019 11:08,0
22/09/2019 11:13,0
22/09/2019 11:18,0
22/09/2019 11:22,0
22/09/2019 11:27,0
22/09/2019 11:33,0
22/09/2019 11:38,0
22/09/2019 11:43,0
22/09/2019 11:47,0
22/09/2019 11:52,0
22/09/2019 11:58,0
22/09/2019 12:03,0
22/09/2019 12:08,0
22/09/2019 12:12,0
22/09/2019 12:17,0
22/09/2019 12:23,0
22/09/2019 12:28,0
22/09/2019 12:33,0
22/09/2019 12:37,0
22/09/2019 12:42,0
22/09/2019 12:48,0
22/09/2019 12:53,0
22/09/2019 12:58,0
22/09/2019 13:02,0
22/09/2019 13:07,0
22/09/2019 13:13,0
22/09/2019 13:18,0
22/09/2019 13:23,0
22/09/2019 13:27,0
22/09/2019 13:32,0
22/09/2019 13:37,0
22/09/2019 13:43,0
22/09/2019 13:48,0
22/09/2019 13:52,0
22/09/2019 13:57,0
22/09/2019 14:03,0
22/09/2019 14:08,0
22/09/2019 14:13,0
22/09/2019 14:17,0
22/09/2019 14:22,0
22/09/2019 14:27,0
22/09/2019 14:33,0
22/09/2019 14:38,0
22/09/2019 14:42,0
22/09/2019 14:47,0
22/09/2019 14:52,0
22/09/2019 14:58,0
22/09/2019 15:03,0
22/09/2019 15:07,0
22/09/2019 15:12,0
22/09/2019 15:17,0
22/09/2019 15:23,0
22/09/2019 15:28,0
22/09/2019 15:32,0
22/09/2019 15:37,0
22/09/2019 15:42,0
22/09/2019 15:48,0
22/09/2019 15:53,0
22/09/2019 15:57,0
22/09/2019 16:02,0
22/09/2019 16:07,0
22/09/2019 16:13,0
22/09/2019 16:18,0
22/09/2019 16:22,0
22/09/2019 16:27,0
22/09/2019 16:32,0
22/09/2019 16:38,0
22/09/2019 16:43,0
22/09/2019 16:47,0
22/09/2019 16:52,0
22/09/2019 16:57,0
22/09/2019 17:03,0
22/09/2019 17:08,0
22/09/2019 17:12,0
22/09/2019 17:17,0
22/09/2019 17:22,0
22/09/2019 17:28,0
22/09/2019 17:33,0
22/09/2019 17:37,0
22/09/2019 17:42,0
22/09/2019 17:47,0
22/09/2019 17:53,0
22/09/2019 17:58,0
22/09/2019 18:02,0
22/09/2019 18:07,0
22/09/2019 18:12,0
22/09/2019 18:18,0
22/09/2019 18:23,0
22/09/2019 18:27,0
22/09/2019 18:32,0
22/09/2019 18:37,0
22/09/2019 18:43,0
22/09/2019 18:48,0
22/09/2019 18:52,0
22/09/2019 18:57,0
22/09/2019 19:02,0
22/09/2019 19:08,0
22/09/2019 19:13,0
22/09/2019 19:17,0
22/09/2019 19:22,0
22/09/2019 19:27,0
22/09/2019 19:33,0
22/09/2019 19:38,0
22/09/2019 19:42,0
22/09/2019 19:47,0
22/09/2019 19:52,0
22/09/2019 19:58,0
22/09/2019 20:03,0
22/09/2019 20:07,0
22/09/2019 20:12,0
22/09/2019 20:17,0
22/09/2019 20:23,0
22/09/2019 20:28,0
22/09/2019 20:32,0
22/09/2019 20:37,0
22/09/2019 20:42,0
22/09/2019 20:48,0
22/09/2019 20:53,0
22/09/2019 20:57,0
22/09/2019 21:02,0
22/09/2019 21:07,0
22/09/2019 21:13,0
22/09/2019 21:18,0
22/09/2019 21:22,0
22/09/2019 21:27,0
22/09/2019 21:32,0
22/09/2019 21:38,0
22/09/2019 21:43,0
22/09/2019 21:47,0
22/09/2019 21:52,0
22/09/2019 21:57,0
22/09/2019 22:03,0
22/09/2019 22:08,0
22/09/2019 22:12,0
22/09/2019 22:17,0
22/09/2019 22:22,0
22/09/2019 22:28,0
22/09/2019 22:33,0
22/09/2019 22:37,0
22/09/2019 22:42,0
22/09/2019 22:47,0
22/09/2019 22:53,0
22/09/2019 22:57,0
22/09/2019 23:02,0
22/09/2019 23:07,0
22/09/2019 23:12,0
22/09/2019 23:18,0
22/09/2019 23:23,0
22/09/2019 23:27,0
22/09/2019 23:32,0
22/09/2019 23:37,0
22/09/2019 23:43,0
22/09/2019 23:47,0
22/09/2019 23:52,0
22/09/2019 23:57,0
23/09/2019 00:03,0
23/09/2019 00:08,0
23/09/2019 00:12,0
23/09/2019 00:17,0
23/09/2019 00:22,0
23/09/2019 00:28,0
23/09/2019 00:33,0
23/09/2019 00:37,0
23/09/2019 00:42,0
23/09/2019 00:47,0
23/09/2019 00:52,0
23/09/2019 00:58,0
23/09/2019 01:02,0
23/09/2019 01:07,0
23/09/2019 01:12,0
23/09/2019 01:17,0
23/09/2019 01:23,0
23/09/2019 01:27,0
23/09/2019 01:32,0
23/09/2019 01:37,0
23/09/2019 01:43,0
23/09/2019 01:48,0
23/09/2019 01:52,0
23/09/2019 01:57,0
23/09/2019 02:02,0
23/09/2019 02:07,0
23/09/2019 02:13,0
23/09/2019 02:17,0
23/09/2019 02:22,0
23/09/2019 02:27,0
23/09/2019 02:32,0
23/09/2019 02:38,0
23/09/2019 02:42,0
23/09/2019 02:47,0
23/09/2019 02:52,0
23/09/2019 02:57,0
23/09/2019 03:03,0
23/09/2019 03:07,0
23/09/2019 03:12,0
23/09/2019 03:17,0
23/09/2019 03:22,0
23/09/2019 03:28,0
23/09/2019 03:32,0
23/09/2019 03:37,0
23/09/2019 03:42,0
23/09/2019 03:47,0
23/09/2019 03:53,0
23/09/2019 03:57,0
23/09/2019 04:02,0
23/09/2019 04:07,0
23/09/2019 04:12,0
23/09/2019 04:18,0
23/09/2019 04:22,0
23/09/2019 04:27,0
23/09/2019 04:32,0
23/09/2019 04:37,0
23/09/2019 04:43,0
23/09/2019 04:47,0
23/09/2019 04:52,0
23/09/2019 04:57,0
23/09/2019 05:02,0
23/09/2019 05:08,0
23/09/2019 05:12,0
23/09/2019 05:17,0
23/09/2019 05:22,0
23/09/2019 05:27,0
23/09/2019 05:33,0
23/09/2019 05:37,0
23/09/2019 05:42,0
23/09/2019 05:47,0
23/09/2019 05:52,0
23/09/2019 05:58,0
23/09/2019 06:02,0
23/09/2019 06:07,0
23/09/2019 06:12,0
23/09/2019 06:17,0
23/09/2019 06:23,0
23/09/2019 06:27,0
23/09/2019 06:32,0
23/09/2019 06:37,0
23/09/2019 06:42,0
23/09/2019 06:47,0
23/09/2019 06:52,0
23/09/2019 06:57,0
23/09/2019 07:02,0
23/09/2019 07:07,0
23/09/2019 07:12,0
23/09/2019 07:17,0
23/09/2019 07:22,0
23/09/2019 07:27,0
23/09/2019 07:32,0
23/09/2019 07:38,0
23/09/2019 07:42,0
23/09/2019 07:47,0
23/09/2019 07:52,0
23/09/2019 07:57,0
23/09/2019 08:02,0
23/09/2019 08:07,0
23/09/2019 08:12,0
23/09/2019 08:17,0
23/09/2019 08:22,0
23/09/2019 08:27,0
23/09/2019 08:32,0
23/09/2019 08:37,0
23/09/2019 08:42,0
23/09/2019 08:47,0
23/09/2019 08:52,0
23/09/2019 08:57,0
23/09/2019 09:02,0
23/09/2019 09:07,0
23/09/2019 09:12,0
23/09/2019 09:17,0
23/09/2019 09:22,0
23/09/2019 09:27,0
23/09/2019 09:32,0
23/09/2019 09:37,0
23/09/2019 09:42,0
23/09/2019 09:47,0
23/09/2019 09:52,0
23/09/2019 09:57,0
23/09/2019 10:02,0
23/09/2019 10:08,0
23/09/2019 10:12,0
23/09/2019 10:17,0
23/09/2019 10:22,0
23/09/2019 10:27,0
23/09/2019 10:33,0
23/09/2019 10:37,0
23/09/2019 10:42,0
23/09/2019 10:47,0
23/09/2019 10:52,0
23/09/2019 10:57,0
23/09/2019 11:02,0
23/09/2019 11:07,0
23/09/2019 11:12,0
23/09/2019 11:17,0
23/09/2019 11:22,0
23/09/2019 11:27,0
23/09/2019 11:32,0
23/09/2019 11:37,0
23/09/2019 11:42,0
23/09/2019 11:47,0
23/09/2019 11:52,0
23/09/2019 11:57,0
23/09/2019 12:02,0
23/09/2019 12:07,0
23/09/2019 12:12,0
23/09/2019 12:17,0
23/09/2019 12:22,0
23/09/2019 12:27,0
23/09/2019 12:32,0
23/09/2019 12:37,0
23/09/2019 12:42,0
23/09/2019 12:47,0
23/09/2019 12:52,0
23/09/2019 12:57,0
23/09/2019 13:02,0
23/09/2019 13:07,0
23/09/2019 13:12,0
23/09/2019 13:17,0
23/09/2019 13:22,0
23/09/2019 13:27,0
23/09/2019 13:32,0
23/09/2019 13:37,0
23/09/2019 13:42,0
23/09/2019 13:47,0
23/09/2019 13:52,0
23/09/2019 13:57,0
23/09/2019 14:02,0
23/09/2019 14:07,0
23/09/2019 14:12,0
23/09/2019 14:17,0
23/09/2019 14:22,0
23/09/2019 14:27,0
23/09/2019 14:32,0
23/09/2019 14:37,0
23/09/2019 14:42,0
23/09/2019 14:47,0
23/09/2019 14:52,0
23/09/2019 14:57,0
23/09/2019 15:02,0
23/09/2019 15:07,0
23/09/2019 15:12,0
23/09/2019 15:17,0
23/09/2019 15:22,0
23/09/2019 15:27,0
23/09/2019 15:32,0
23/09/2019 15:37,0
23/09/2019 15:42,0
23/09/2019 15:47,0
23/09/2019 15:52,0
23/09/2019 15:57,0
23/09/2019 16:02,0
23/09/2019 16:07,0
23/09/2019 16:12,0
23/09/2019 16:17,0
23/09/2019 16:22,0
23/09/2019 16:27,0
23/09/2019 16:32,0
23/09/2019 16:37,0
23/09/2019 16:42,0
23/09/2019 16:47,0
23/09/2019 16:52,0
23/09/2019 16:57,0
23/09/2019 17:02,0
23/09/2019 17:07,0
23/09/2019 17:12,0
23/09/2019 17:17,0
23/09/2019 17:22,0
23/09/2019 17:27,0
23/09/2019 17:32,0
23/09/2019 17:37,0
23/09/2019 17:42,0
23/09/2019 17:47,0
23/09/2019 17:52,0
23/09/2019 17:57,0
23/09/2019 18:02,0
23/09/2019 18:07,0
23/09/2019 18:12,0
23/09/2019 18:17,0
23/09/2019 18:22,0
23/09/2019 18:27,0
23/09/2019 18:32,0
23/09/2019 18:37,0
23/09/2019 18:42,0
23/09/2019 18:47,0
23/09/2019 18:52,0
23/09/2019 18:57,0
23/09/2019 19:02,0
23/09/2019 19:07,0
23/09/2019 19:12,0
23/09/2019 19:17,0
23/09/2019 19:22,0
23/09/2019 19:27,0
23/09/2019 19:32,0
23/09/2019 19:37,0
23/09/2019 19:42,0
23/09/2019 19:47,0
23/09/2019 19:52,0
23/09/2019 19:57,0
23/09/2019 20:02,0
23/09/2019 20:07,0
23/09/2019 20:12,0
23/09/2019 20:17,0
23/09/2019 20:22,0
23/09/2019 20:27,0
23/09/2019 20:32,0
23/09/2019 20:37,0
23/09/2019 20:42,0
23/09/2019 20:47,0
23/09/2019 20:52,0
23/09/2019 20:57,0
23/09/2019 21:02,0
23/09/2019 21:07,0
23/09/2019 21:12,0
23/09/2019 21:17,0
23/09/2019 21:22,0
23/09/2019 21:27,0
23/09/2019 21:32,0
23/09/2019 21:37,0
23/09/2019 21:42,0
23/09/2019 21:47,0
23/09/2019 21:52,0
23/09/2019 21:57,0
23/09/2019 22:02,0
23/09/2019 22:07,0
23/09/2019 22:12,0
23/09/2019 22:17,0
23/09/2019 22:22,0
23/09/2019 22:27,0
23/09/2019 22:32,0
23/09/2019 22:37,0
23/09/2019 22:42,0
23/09/2019 22:47,0
23/09/2019 22:52,0
23/09/2019 22:57,0
23/09/2019 23:02,0
23/09/2019 23:07,0
23/09/2019 23:12,0
23/09/2019 23:17,0
23/09/2019 23:22,0
23/09/2019 23:27,0
23/09/2019 23:32,0
23/09/2019 23:37,0
23/09/2019 23:42,0
23/09/2019 23:47,0
23/09/2019 23:52,0
23/09/2019 23:57,0
24/09/2019 00:02,0
24/09/2019 00:07,0
24/09/2019 00:12,0
24/09/2019 00:17,0
24/09/2019 00:22,0
24/09/2019 00:27,0
24/09/2019 00:32,0
24/09/2019 00:37,0
24/09/2019 00:42,0
24/09/2019 00:47,0
24/09/2019 00:52,0
24/09/2019 00:57,0
24/09/2019 01:02,0
24/09/2019 01:07,0
24/09/2019 01:12,0
24/09/2019 01:17,0
24/09/2019 01:22,0
24/09/2019 01:27,0
24/09/2019 01:32,0
24/09/2019 01:37,0
24/09/2019 01:42,0
24/09/2019 01:47,0
24/09/2019 01:52,0
24/09/2019 01:57,0
24/09/2019 02:02,0
24/09/2019 02:07,0
24/09/2019 02:12,0
24/09/2019 02:17,0
24/09/2019 02:22,0
24/09/2019 02:27,0
24/09/2019 02:32,0
24/09/2019 02:37,0
24/09/2019 02:42,0
24/09/2019 02:47,0
24/09/2019 02:52,0
24/09/2019 02:57,0
24/09/2019 03:02,0
24/09/2019 03:07,0
24/09/2019 03:12,0
24/09/2019 03:17,0
24/09/2019 03:22,0
24/09/2019 03:27,0
24/09/2019 03:32,0
24/09/2019 03:37,0
24/09/2019 03:42,0
24/09/2019 03:47,0
24/09/2019 03:52,0
24/09/2019 03:57,0
24/09/2019 04:02,0
24/09/2019 04:07,0
24/09/2019 04:12,0
24/09/2019 04:17,0
24/09/2019 04:22,0
24/09/2019 04:27,0
24/09/2019 04:32,0
24/09/2019 04:37,0
24/09/2019 04:42,0
24/09/2019 04:47,0
24/09/2019 04:52,0
24/09/2019 04:57,0
24/09/2019 05:02,0
24/09/2019 05:07,0
24/09/2019 05:12,0
24/09/2019 05:17,0
24/09/2019 05:22,0
24/09/2019 05:27,0
24/09/2019 05:32,0
24/09/2019 05:37,0
24/09/2019 05:42,0
24/09/2019 05:47,0
24/09/2019 05:52,0
24/09/2019 05:57,0
24/09/2019 06:02,0
24/09/2019 06:07,0
24/09/2019 06:12,0
24/09/2019 06:17,0
24/09/2019 06:22,0
24/09/2019 06:27,0
24/09/2019 06:32,0
24/09/2019 06:37,0
24/09/2019 06:42,0
24/09/2019 06:47,0
24/09/2019 06:52,0
24/09/2019 06:57,0
24/09/2019 07:02,0
24/09/2019 07:07,0
24/09/2019 07:12,0
24/09/2019 07:17,0
24/09/2019 07:22,0
24/09/2019 07:27,0
24/09/2019 07:32,0
24/09/2019 07:37,0
24/09/2019 07:42,0
24/09/2019 07:47,0
24/09/2019 07:52,0
24/09/2019 07:57,0
24/09/2019 08:02,0
24/09/2019 08:07,0
24/09/2019 08:12,0
24/09/2019 08:17,0
24/09/2019 08:22,0
24/09/2019 08:27,0
24/09/2019 08:32,0
24/09/2019 08:37,0
24/09/2019 08:42,0
24/09/2019 08:47,0
24/09/2019 08:52,0
24/09/2019 08:57,0
24/09/2019 09:02,0
24/09/2019 09:07,0
24/09/2019 09:12,0
24/09/2019 09:17,0
24/09/2019 09:22,0
24/09/2019 09:27,0
24/09/2019 09:32,0
24/09/2019 09:37,0
24/09/2019 09:42,0
24/09/2019 09:47,0
24/09/2019 09:52,0
24/09/2019 09:57,0
24/09/2019 10:02,0
24/09/2019 10:07,0
24/09/2019 10:12,0
24/09/2019 10:17,0
24/09/2019 10:22,0
24/09/2019 10:27,0
24/09/2019 10:32,0
24/09/2019 10:37,0
24/09/2019 10:42,0
24/09/2019 10:47,0
24/09/2019 10:52,0
24/09/2019 10:57,0
24/09/2019 11:02,0
24/09/2019 11:07,0
24/09/2019 11:12,0
24/09/2019 11:17,0
24/09/2019 11:22,0
24/09/2019 11:27,0
24/09/2019 11:32,0
24/09/2019 11:37,0
24/09/2019 11:42,0
24/09/2019 11:47,0
24/09/2019 11:52,0
24/09/2019 11:57,0
24/09/2019 12:02,0
24/09/2019 12:07,0
24/09/2019 12:12,0
24/09/2019 12:17,0
24/09/2019 12:22,0
24/09/2019 12:27,0
24/09/2019 12:32,0
24/09/2019 12:37,0
24/09/2019 12:42,0
24/09/2019 12:47,0
24/09/2019 12:52,0
24/09/2019 12:57,0
24/09/2019 13:02,0
24/09/2019 13:07,0
24/09/2019 13:12,0
24/09/2019 13:17,0
24/09/2019 13:22,0
24/09/2019 13:27,0
24/09/2019 13:32,0
24/09/2019 13:37,0
24/09/2019 13:42,0
24/09/2019 13:47,0
24/09/2019 13:52,0
24/09/2019 13:57,0
24/09/2019 14:02,0
24/09/2019 14:07,0
24/09/2019 14:12,0
24/09/2019 14:17,0
24/09/2019 14:22,0
24/09/2019 14:27,0
24/09/2019 14:32,0
24/09/2019 14:37,0
24/09/2019 14:42,0
24/09/2019 14:47,0
24/09/2019 14:52,0
24/09/2019 14:57,0
24/09/2019 15:02,0
24/09/2019 15:07,0
24/09/2019 15:12,0
24/09/2019 15:17,0
24/09/2019 15:22,0
24/09/2019 15:27,0
24/09/2019 15:32,0
24/09/2019 15:37,0
24/09/2019 15:42,0
24/09/2019 15:47,0
24/09/2019 15:52,0
24/09/2019 15:57,0
24/09/2019 16:02,0
24/09/2019 16:07,0
24/09/2019 16:12,0
24/09/2019 16:17,0
24/09/2019 16:22,0
24/09/2019 16:27,0
24/09/2019 16:32,0
24/09/2019 16:37,0
24/09/2019 16:42,0
24/09/2019 16:47,0
24/09/2019 16:52,0
24/09/2019 16:57,0
24/09/2019 17:02,0
24/09/2019 17:07,0
24/09/2019 17:12,0
24/09/2019 17:17,0
24/09/2019 17:22,0
24/09/2019 17:27,0
24/09/2019 17:32,0
24/09/2019 17:37,0
24/09/2019 17:42,0
24/09/2019 17:47,0
24/09/2019 17:52,0
24/09/2019 17:57,0
24/09/2019 18:02,0
24/09/2019 18:07,0
24/09/2019 18:12,0
24/09/2019 18:17,0
24/09/2019 18:22,0
24/09/2019 18:27,0
24/09/2019 18:32,0
24/09/2019 18:37,0
24/09/2019 18:42,0
24/09/2019 18:47,0
24/09/2019 18:52,0
24/09/2019 18:57,0
24/09/2019 19:02,0
24/09/2019 19:07,0
24/09/2019 19:12,0
24/09/2019 19:17,0
24/09/2019 19:22,0
24/09/2019 19:27,0
24/09/2019 19:32,0
24/09/2019 19:37,0
24/09/2019 19:42,0
24/09/2019 19:47,0
24/09/2019 19:52,0
24/09/2019 19:57,0
24/09/2019 20:02,0
24/09/2019 20:07,0
24/09/2019 20:12,0
24/09/2019 20:17,0
24/09/2019 20:22,0
24/09/2019 20:27,0
24/09/2019 20:32,0
24/09/2019 20:37,0
24/09/2019 20:42,0
24/09/2019 20:47,0
24/09/2019 20:52,0
24/09/2019 20:57,0
24/09/2019 21:02,0
24/09/2019 21:07,0
24/09/2019 21:12,0
24/09/2019 21:17,0
24/09/2019 21:22,0
24/09/2019 21:27,0
24/09/2019 21:32,0
24/09/2019 21:37,0
24/09/2019 21:42,0
24/09/2019 21:47,0
24/09/2019 21:52,0
24/09/2019 21:57,0
24/09/2019 22:02,0
24/09/2019 22:07,0
24/09/2019 22:12,0
24/09/2019 22:17,0
24/09/2019 22:22,0
24/09/2019 22:27,0
24/09/2019 22:32,0
24/09/2019 22:37,0
24/09/2019 22:42,0
24/09/2019 22:47,0
24/09/2019 22:52,0
24/09/2019 22:57,0
24/09/2019 23:02,0
24/09/2019 23:07,0
24/09/2019 23:12,0
24/09/2019 23:17,0
24/09/2019 23:22,0
24/09/2019 23:27,0
24/09/2019 23:32,0
24/09/2019 23:37,0
24/09/2019 23:42,0
24/09/2019 23:47,0
24/09/2019 23:52,0
24/09/2019 23:57,0
25/09/2019 00:02,0
25/09/2019 00:07,0
25/09/2019 00:12,0
25/09/2019 00:17,0
25/09/2019 00:22,0
25/09/2019 00:27,0
25/09/2019 00:32,0
25/09/2019 00:37,0
25/09/2019 00:42,0
25/09/2019 00:47,0
25/09/2019 00:52,0
25/09/2019 00:57,0
25/09/2019 01:02,0
25/09/2019 01:07,0
25/09/2019 01:12,0
25/09/2019 01:17,0
25/09/2019 01:22,0
25/09/2019 01:27,0
25/09/2019 01:32,0
25/09/2019 01:37,0
25/09/2019 01:42,0
25/09/2019 01:47,0
25/09/2019 01:52,0
25/09/2019 01:57,0
25/09/2019 02:02,0
25/09/2019 02:07,0
25/09/2019 02:12,0
25/09/2019 02:17,0
25/09/2019 02:22,0
25/09/2019 02:27,0
25/09/2019 02:32,0
25/09/2019 02:37,0
25/09/2019 02:42,0
25/09/2019 02:47,0
25/09/2019 02:52,0
25/09/2019 02:57,0
25/09/2019 03:02,0
25/09/2019 03:07,0
25/09/2019 03:12,0
25/09/2019 03:17,0
25/09/2019 03:22,0
25/09/2019 03:27,0
25/09/2019 03:32,0
25/09/2019 03:37,0
25/09/2019 03:42,0
25/09/2019 03:47,0
25/09/2019 03:52,0
25/09/2019 03:57,0
25/09/2019 04:02,0
25/09/2019 04:07,0
25/09/2019 04:12,0
25/09/2019 04:17,0
25/09/2019 04:22,0
25/09/2019 04:27,0
25/09/2019 04:32,0
25/09/2019 04:37,0
25/09/2019 04:42,0
25/09/2019 04:47,0
25/09/2019 04:52,0
25/09/2019 04:57,0
25/09/2019 05:02,0
25/09/2019 05:07,0
25/09/2019 05:12,0
25/09/2019 05:17,0
25/09/2019 05:22,0
25/09/2019 05:27,0
25/09/2019 05:32,0
25/09/2019 05:37,0
25/09/2019 05:42,0
25/09/2019 05:47,0
25/09/2019 05:52,0
25/09/2019 05:57,0
25/09/2019 06:02,0
25/09/2019 06:07,0
25/09/2019 06:12,0
25/09/2019 06:17,0
25/09/2019 06:22,0
25/09/2019 06:27,0
25/09/2019 06:32,0
25/09/2019 06:37,0
25/09/2019 06:42,0
25/09/2019 06:47,0
25/09/2019 06:52,0
25/09/2019 06:57,0
25/09/2019 07:02,0
25/09/2019 07:07,0
25/09/2019 07:12,0
25/09/2019 07:17,0
25/09/2019 07:22,0
25/09/2019 07:27,0
25/09/2019 07:32,0
25/09/2019 07:37,0
25/09/2019 07:42,0
25/09/2019 07:47,0
25/09/2019 07:52,0
25/09/2019 07:57,0
25/09/2019 08:02,0
25/09/2019 08:07,0
25/09/2019 08:12,0
25/09/2019 08:17,0
25/09/2019 08:22,0
25/09/2019 08:27,0
25/09/2019 08:32,0
25/09/2019 08:37,0
25/09/2019 08:42,0
25/09/2019 08:47,0
25/09/2019 08:52,0
25/09/2019 08:57,0
25/09/2019 09:02,0
25/09/2019 09:07,0
25/09/2019 09:12,0
25/09/2019 09:17,0
25/09/2019 09:22,0
25/09/2019 09:27,0
25/09/2019 09:32,0
25/09/2019 09:37,0
25/09/2019 09:42,0
25/09/2019 09:47,0
25/09/2019 09:52,0
25/09/2019 09:57,0
25/09/2019 10:02,0
25/09/2019 10:07,0
25/09/2019 10:12,0
25/09/2019 10:17,0
25/09/2019 10:22,0
25/09/2019 10:27,0
25/09/2019 10:32,0
25/09/2019 10:37,0
25/09/2019 10:42,0
25/09/2019 10:47,0
25/09/2019 10:52,0
25/09/2019 10:57,0
25/09/2019 11:02,0
25/09/2019 11:07,0
25/09/2019 11:12,0
25/09/2019 11:17,0
25/09/2019 11:22,0
25/09/2019 11:27,0
25/09/2019 11:32,0
25/09/2019 11:37,0
25/09/2019 11:42,0
25/09/2019 11:47,0
25/09/2019 11:52,0
25/09/2019 11:57,0
25/09/2019 12:02,0
25/09/2019 12:07,0
25/09/2019 12:12,0
25/09/2019 12:17,0
25/09/2019 12:22,0
25/09/2019 12:27,0
25/09/2019 12:32,0
25/09/2019 12:37,0
25/09/2019 12:42,0
25/09/2019 12:47,0
25/09/2019 12:52,0
25/09/2019 12:57,0
25/09/2019 13:02,0
25/09/2019 13:07,0
25/09/2019 13:12,0
25/09/2019 13:17,0
25/09/2019 13:22,0
25/09/2019 13:27,0
25/09/2019 13:32,0
25/09/2019 13:37,0
25/09/2019 13:42,0
25/09/2019 13:47,0
25/09/2019 13:52,0
25/09/2019 13:57,0
25/09/2019 14:02,1.771778326
25/09/2019 14:07,0.70871133
25/09/2019 14:12,0.70871133
25/09/2019 14:17,0.354355665
25/09/2019 14:22,0
25/09/2019 14:27,0
25/09/2019 14:32,0
25/09/2019 14:37,0
25/09/2019 14:42,0
25/09/2019 14:47,0
25/09/2019 14:52,0
25/09/2019 14:57,0
25/09/2019 15:02,0
25/09/2019 15:07,0
25/09/2019 15:12,0
25/09/2019 15:17,0
25/09/2019 15:22,0
25/09/2019 15:27,0
25/09/2019 15:32,0
25/09/2019 15:37,0
25/09/2019 15:42,0
25/09/2019 15:47,0
25/09/2019 15:52,0
25/09/2019 15:57,0
25/09/2019 16:02,0
25/09/2019 16:07,0
25/09/2019 16:12,0
25/09/2019 16:17,0
25/09/2019 16:22,0
25/09/2019 16:27,0
25/09/2019 16:32,0
25/09/2019 16:37,0
25/09/2019 16:42,0
25/09/2019 16:47,0
25/09/2019 16:52,0
25/09/2019 16:57,0
25/09/2019 17:02,0
25/09/2019 17:07,0
25/09/2019 17:12,0
25/09/2019 17:17,0
25/09/2019 17:22,0
25/09/2019 17:27,0
25/09/2019 17:32,0
25/09/2019 17:37,0
25/09/2019 17:42,0
25/09/2019 17:47,0
25/09/2019 17:52,0
25/09/2019 17:57,0
25/09/2019 18:02,0
25/09/2019 18:07,0
25/09/2019 18:12,0
25/09/2019 18:17,0
25/09/2019 18:22,0
25/09/2019 18:27,0
25/09/2019 18:32,0
25/09/2019 18:37,0
25/09/2019 18:42,0
25/09/2019 18:47,0
25/09/2019 18:52,0
25/09/2019 18:57,0
25/09/2019 19:02,0
25/09/2019 19:07,0
25/09/2019 19:12,0
25/09/2019 19:17,0
25/09/2019 19:22,0
25/09/2019 19:27,0
25/09/2019 19:32,0
25/09/2019 19:37,0
25/09/2019 19:42,0
25/09/2019 19:47,0
25/09/2019 19:52,0
25/09/2019 19:57,0
25/09/2019 20:02,0
25/09/2019 20:07,0
25/09/2019 20:12,0
25/09/2019 20:17,0
25/09/2019 20:22,0
25/09/2019 20:27,0
25/09/2019 20:32,0
25/09/2019 20:37,0
25/09/2019 20:42,0
25/09/2019 20:47,0
25/09/2019 20:52,0
25/09/2019 20:57,0
25/09/2019 21:02,0
25/09/2019 21:07,0
25/09/2019 21:12,0
25/09/2019 21:17,0
25/09/2019 21:22,0
25/09/2019 21:27,0
25/09/2019 21:32,0
25/09/2019 21:37,0
25/09/2019 21:42,0
25/09/2019 21:47,0
25/09/2019 21:52,0
25/09/2019 21:57,0
25/09/2019 22:02,0
25/09/2019 22:07,0
25/09/2019 22:12,0
25/09/2019 22:17,0
25/09/2019 22:22,0
25/09/2019 22:27,0
25/09/2019 22:32,0
25/09/2019 22:37,0
25/09/2019 22:42,0
25/09/2019 22:47,0
25/09/2019 22:52,0
25/09/2019 22:57,0
25/09/2019 23:02,0
25/09/2019 23:07,0
25/09/2019 23:12,0
25/09/2019 23:17,0
25/09/2019 23:22,0
25/09/2019 23:27,0
25/09/2019 23:32,0
25/09/2019 23:37,0
25/09/2019 23:42,0
25/09/2019 23:47,0
25/09/2019 23:52,0
25/09/2019 23:57,0
26/09/2019 00:02,0
26/09/2019 00:07,0
26/09/2019 00:12,0
26/09/2019 00:17,0
26/09/2019 00:22,0
26/09/2019 00:27,0
26/09/2019 00:32,0
26/09/2019 00:37,0
26/09/2019 00:42,0
26/09/2019 00:47,0
26/09/2019 00:52,0
26/09/2019 00:57,0
26/09/2019 01:02,0
26/09/2019 01:07,0
26/09/2019 01:12,0
26/09/2019 01:17,0
26/09/2019 01:22,0
26/09/2019 01:27,0
26/09/2019 01:32,0
26/09/2019 01:37,0
26/09/2019 01:42,0
26/09/2019 01:47,0
26/09/2019 01:52,0
26/09/2019 01:57,0
26/09/2019 02:02,0
26/09/2019 02:07,0
26/09/2019 02:12,0
26/09/2019 02:17,0
26/09/2019 02:22,0
26/09/2019 02:27,0
26/09/2019 02:32,0
26/09/2019 02:37,0
26/09/2019 02:42,0
26/09/2019 02:47,0
26/09/2019 02:52,0
26/09/2019 02:57,0
26/09/2019 03:02,0
26/09/2019 03:07,0
26/09/2019 03:12,0
26/09/2019 03:17,0
26/09/2019 03:22,0
26/09/2019 03:27,0
26/09/2019 03:32,0
26/09/2019 03:37,0
26/09/2019 03:42,0
26/09/2019 03:47,0
26/09/2019 03:52,0
26/09/2019 03:57,0
26/09/2019 04:02,0
26/09/2019 04:07,0
26/09/2019 04:12,0
26/09/2019 04:17,0
26/09/2019 04:22,0
26/09/2019 04:27,0
26/09/2019 04:32,0
26/09/2019 04:37,0
26/09/2019 04:42,0
26/09/2019 04:47,0
26/09/2019 04:52,0
26/09/2019 04:57,0
26/09/2019 05:02,0
26/09/2019 05:07,0
26/09/2019 05:12,0
26/09/2019 05:17,0
26/09/2019 05:22,0
26/09/2019 05:27,0
26/09/2019 05:32,0
26/09/2019 05:37,0
26/09/2019 05:42,0
26/09/2019 05:47,0
26/09/2019 05:52,0
26/09/2019 05:57,0
26/09/2019 06:02,0
26/09/2019 06:07,0
26/09/2019 06:12,0
26/09/2019 06:17,0
26/09/2019 06:22,0
26/09/2019 06:27,0
26/09/2019 06:32,0
26/09/2019 06:37,0
26/09/2019 06:42,0
26/09/2019 06:47,0
26/09/2019 06:52,0
26/09/2019 06:57,0
26/09/2019 07:02,0
26/09/2019 07:07,0
26/09/2019 07:12,0
26/09/2019 07:17,0
26/09/2019 07:22,0
26/09/2019 07:27,0
26/09/2019 07:32,0
26/09/2019 07:37,0
26/09/2019 07:42,0
26/09/2019 07:47,0
26/09/2019 07:52,0
26/09/2019 07:57,0
26/09/2019 08:02,0
26/09/2019 08:07,0
26/09/2019 08:12,0
26/09/2019 08:17,0
26/09/2019 08:22,0
26/09/2019 08:27,0
26/09/2019 08:32,0
26/09/2019 08:37,0
26/09/2019 08:42,0
26/09/2019 08:47,0
26/09/2019 08:52,0
26/09/2019 08:57,0
26/09/2019 09:02,0
26/09/2019 09:07,0
26/09/2019 09:12,0
26/09/2019 09:17,0
26/09/2019 09:22,0
26/09/2019 09:27,0
26/09/2019 09:32,0
26/09/2019 09:37,0
26/09/2019 09:42,0
26/09/2019 09:47,0
26/09/2019 09:52,0
26/09/2019 09:57,0
26/09/2019 10:02,0
26/09/2019 10:07,0
26/09/2019 10:12,0
26/09/2019 10:17,0
26/09/2019 10:22,0
26/09/2019 10:27,0
26/09/2019 10:32,0
26/09/2019 10:37,0
26/09/2019 10:42,0
26/09/2019 10:47,0
26/09/2019 10:52,0
26/09/2019 10:57,0
26/09/2019 11:02,0
26/09/2019 11:07,0
26/09/2019 11:12,0
26/09/2019 11:17,0
26/09/2019 11:22,0
26/09/2019 11:27,0
26/09/2019 11:32,0
26/09/2019 11:37,0
26/09/2019 11:42,0
26/09/2019 11:47,0
26/09/2019 11:52,0
26/09/2019 11:57,0
26/09/2019 12:02,0
26/09/2019 12:07,0
26/09/2019 12:12,0
26/09/2019 12:17,0
26/09/2019 12:22,0
26/09/2019 12:27,0
26/09/2019 12:32,0
26/09/2019 12:37,0
26/09/2019 12:42,0
26/09/2019 12:47,0
26/09/2019 12:52,0
26/09/2019 12:57,0
26/09/2019 13:02,0
26/09/2019 13:07,0
26/09/2019 13:12,0
26/09/2019 13:17,0
26/09/2019 13:22,0
26/09/2019 13:27,0
26/09/2019 13:32,0
26/09/2019 13:37,0
26/09/2019 13:42,0
26/09/2019 13:47,0
26/09/2019 13:52,0
26/09/2019 13:57,0
26/09/2019 14:02,0
26/09/2019 14:07,0
26/09/2019 14:12,0
26/09/2019 14:17,0
26/09/2019 14:22,0
26/09/2019 14:27,0
26/09/2019 14:32,0
26/09/2019 14:37,0
26/09/2019 14:42,0
26/09/2019 14:47,0
26/09/2019 14:52,0
26/09/2019 14:57,0
26/09/2019 15:02,0
26/09/2019 15:07,0
26/09/2019 15:12,0
26/09/2019 15:17,0
26/09/2019 15:22,0
26/09/2019 15:27,0
26/09/2019 15:32,0
26/09/2019 15:37,0
26/09/2019 15:42,0
26/09/2019 15:47,0
26/09/2019 15:52,0
26/09/2019 15:57,0
26/09/2019 16:02,0
26/09/2019 16:07,0
26/09/2019 16:12,0
26/09/2019 16:17,0
26/09/2019 16:22,0
26/09/2019 16:27,0
26/09/2019 16:32,0
26/09/2019 16:37,0
26/09/2019 16:42,0
26/09/2019 16:47,0
26/09/2019 16:52,0
26/09/2019 16:57,0
26/09/2019 17:02,0
26/09/2019 17:07,0
26/09/2019 17:12,0
26/09/2019 17:17,0
26/09/2019 17:22,0
26/09/2019 17:27,0
26/09/2019 17:32,0
26/09/2019 17:37,0
26/09/2019 17:42,0
26/09/2019 17:47,0
26/09/2019 17:52,0
26/09/2019 17:57,0
26/09/2019 18:02,0
26/09/2019 18:07,0
26/09/2019 18:12,0
26/09/2019 18:17,0
26/09/2019 18:22,0
26/09/2019 18:27,0
26/09/2019 18:32,0
26/09/2019 18:37,0
26/09/2019 18:42,0
26/09/2019 18:47,0
26/09/2019 18:52,0
26/09/2019 18:57,0
26/09/2019 19:02,0
26/09/2019 19:07,0
26/09/2019 19:12,0
26/09/2019 19:17,0
26/09/2019 19:22,0
26/09/2019 19:27,0
26/09/2019 19:32,0
26/09/2019 19:37,0
26/09/2019 19:42,0
26/09/2019 19:47,0
26/09/2019 19:52,0
26/09/2019 19:57,0
26/09/2019 20:02,0
26/09/2019 20:07,0
26/09/2019 20:12,0
26/09/2019 20:17,0
26/09/2019 20:22,0
26/09/2019 20:27,0
26/09/2019 20:32,0
26/09/2019 20:37,0
26/09/2019 20:42,0
26/09/2019 20:47,0
26/09/2019 20:52,0
26/09/2019 20:57,0
26/09/2019 21:02,0
26/09/2019 21:07,0
26/09/2019 21:12,0
26/09/2019 21:17,0
26/09/2019 21:22,0
26/09/2019 21:27,0
26/09/2019 21:32,0
26/09/2019 21:37,0
26/09/2019 21:42,0
26/09/2019 21:47,0
26/09/2019 21:52,0
26/09/2019 21:57,0
26/09/2019 22:02,0
26/09/2019 22:07,0
26/09/2019 22:12,0
26/09/2019 22:17,0
26/09/2019 22:22,0
26/09/2019 22:27,0
26/09/2019 22:32,0
26/09/2019 22:37,0
26/09/2019 22:42,0
26/09/2019 22:47,0
26/09/2019 22:52,0
26/09/2019 22:57,0
26/09/2019 23:02,0
26/09/2019 23:07,0
26/09/2019 23:12,0
26/09/2019 23:17,0
26/09/2019 23:22,0
26/09/2019 23:27,0
26/09/2019 23:32,0
26/09/2019 23:37,0
26/09/2019 23:42,0
26/09/2019 23:47,0
26/09/2019 23:52,0
26/09/2019 23:57,0
27/09/2019 00:02,0
27/09/2019 00:07,0
27/09/2019 00:12,0
27/09/2019 00:17,0
27/09/2019 00:22,0
27/09/2019 00:27,0
27/09/2019 00:32,0
27/09/2019 00:37,0
27/09/2019 00:42,0
27/09/2019 00:47,0
27/09/2019 00:52,0
27/09/2019 00:57,0
27/09/2019 01:02,0
27/09/2019 01:07,0
27/09/2019 01:12,0
27/09/2019 01:17,0
27/09/2019 01:22,0
27/09/2019 01:27,0
27/09/2019 01:32,0
27/09/2019 01:37,0
27/09/2019 01:42,0
27/09/2019 01:47,0
27/09/2019 01:52,0
27/09/2019 01:57,0
27/09/2019 02:02,0
27/09/2019 02:07,0
27/09/2019 02:12,0
27/09/2019 02:17,0
27/09/2019 02:22,0
27/09/2019 02:27,0
27/09/2019 02:32,0
27/09/2019 02:37,0
27/09/2019 02:42,0
27/09/2019 02:47,0
27/09/2019 02:52,0
27/09/2019 02:57,0
27/09/2019 03:02,0
27/09/2019 03:07,0
27/09/2019 03:12,0
27/09/2019 03:17,0
27/09/2019 03:22,0
27/09/2019 03:27,0
27/09/2019 03:32,0
27/09/2019 03:37,0
27/09/2019 03:42,0
27/09/2019 03:47,0
27/09/2019 03:52,0
27/09/2019 03:57,0
27/09/2019 04:02,0
27/09/2019 04:07,0
27/09/2019 04:12,0
27/09/2019 04:17,0
27/09/2019 04:22,0
27/09/2019 04:27,0
27/09/2019 04:32,0
27/09/2019 04:37,0
27/09/2019 04:42,0
27/09/2019 04:47,0
27/09/2019 04:52,0
27/09/2019 04:57,0
27/09/2019 05:02,0
27/09/2019 05:07,0
27/09/2019 05:12,0
27/09/2019 05:17,0
27/09/2019 05:22,0
27/09/2019 05:27,0
27/09/2019 05:32,0
27/09/2019 05:37,0
27/09/2019 05:42,0
27/09/2019 05:47,0
27/09/2019 05:52,0
27/09/2019 05:57,0
27/09/2019 06:02,0
27/09/2019 06:07,0
27/09/2019 06:12,0
27/09/2019 06:17,0
27/09/2019 06:22,0
27/09/2019 06:27,0
27/09/2019 06:32,0
27/09/2019 06:37,0
27/09/2019 06:42,0
27/09/2019 06:47,0
27/09/2019 06:52,0
27/09/2019 06:57,0
27/09/2019 07:02,0
27/09/2019 07:07,0
27/09/2019 07:12,0
27/09/2019 07:17,0
27/09/2019 07:22,0
27/09/2019 07:27,0
27/09/2019 07:32,0
27/09/2019 07:37,0
27/09/2019 07:42,0
27/09/2019 07:47,0
27/09/2019 07:52,0
27/09/2019 07:57,0
27/09/2019 08:02,0
27/09/2019 08:07,0
27/09/2019 08:12,0
27/09/2019 08:17,0
27/09/2019 08:22,0
27/09/2019 08:27,0
27/09/2019 08:32,0
27/09/2019 08:37,0
27/09/2019 08:42,0
27/09/2019 08:47,0
27/09/2019 08:52,0
27/09/2019 08:57,0
27/09/2019 09:02,0
27/09/2019 09:07,0
27/09/2019 09:12,0
27/09/2019 09:17,0
27/09/2019 09:22,0
27/09/2019 09:27,0
27/09/2019 09:32,0
27/09/2019 09:37,0
27/09/2019 09:42,0
27/09/2019 09:47,0
27/09/2019 09:52,0
27/09/2019 09:57,0
27/09/2019 10:02,0
27/09/2019 10:07,0
27/09/2019 10:12,0
27/09/2019 10:17,0
27/09/2019 10:22,0
27/09/2019 10:27,0
27/09/2019 10:32,0
27/09/2019 10:37,0
27/09/2019 10:42,0
27/09/2019 10:47,0
27/09/2019 10:52,0
27/09/2019 10:57,0
27/09/2019 11:02,0
27/09/2019 11:07,0
27/09/2019 11:12,0
27/09/2019 11:17,0
27/09/2019 11:22,0
27/09/2019 11:27,0
27/09/2019 11:32,0
27/09/2019 11:37,0
27/09/2019 11:42,0
27/09/2019 11:47,0
27/09/2019 11:52,0
27/09/2019 11:57,0
27/09/2019 12:02,0
27/09/2019 12:07,0
27/09/2019 12:12,0
27/09/2019 12:17,0
27/09/2019 12:22,0
27/09/2019 12:27,0
27/09/2019 12:32,0
27/09/2019 12:37,0
27/09/2019 12:42,0
27/09/2019 12:47,0
27/09/2019 12:52,0
27/09/2019 12:57,0
27/09/2019 13:02,0
27/09/2019 13:07,0
27/09/2019 13:12,0
27/09/2019 13:17,0
27/09/2019 13:22,0
27/09/2019 13:27,0
27/09/2019 13:32,0
27/09/2019 13:37,0
27/09/2019 13:42,0
27/09/2019 13:47,0
27/09/2019 13:52,0
27/09/2019 13:57,1.063066996
27/09/2019 14:02,0
27/09/2019 14:07,0
27/09/2019 14:12,0
27/09/2019 14:17,0
27/09/2019 14:22,2.834845321
27/09/2019 14:27,2.126133991
27/09/2019 14:32,0
27/09/2019 14:37,0
27/09/2019 14:42,0
27/09/2019 14:47,0
27/09/2019 14:52,0.70871133
27/09/2019 14:57,0
27/09/2019 15:02,0
27/09/2019 15:07,0
27/09/2019 15:12,0
27/09/2019 15:17,0
27/09/2019 15:22,0
27/09/2019 15:27,0
27/09/2019 15:32,0
27/09/2019 15:37,0
27/09/2019 15:42,0
27/09/2019 15:47,0
27/09/2019 15:52,0
27/09/2019 15:57,0
27/09/2019 16:02,0
27/09/2019 16:07,0
27/09/2019 16:12,0
27/09/2019 16:17,0
27/09/2019 16:22,0
27/09/2019 16:27,0
27/09/2019 16:32,0
27/09/2019 16:37,0
27/09/2019 16:42,0
27/09/2019 16:47,0
27/09/2019 16:52,0
27/09/2019 16:57,0
27/09/2019 17:02,0
27/09/2019 17:07,0
27/09/2019 17:12,0
27/09/2019 17:17,0
27/09/2019 17:22,0
27/09/2019 17:27,0
27/09/2019 17:32,0
27/09/2019 17:37,0
27/09/2019 17:42,0
27/09/2019 17:47,0
27/09/2019 17:52,0
27/09/2019 17:57,0
27/09/2019 18:02,0
27/09/2019 18:07,0
27/09/2019 18:12,0
27/09/2019 18:17,0
27/09/2019 18:22,0
27/09/2019 18:27,0
27/09/2019 18:32,0
27/09/2019 18:37,0
27/09/2019 18:42,0
27/09/2019 18:47,0
27/09/2019 18:52,0
27/09/2019 18:57,0
27/09/2019 19:02,0
27/09/2019 19:07,0
27/09/2019 19:12,0
27/09/2019 19:17,0
27/09/2019 19:22,0
27/09/2019 19:27,0
27/09/2019 19:32,0
27/09/2019 19:37,0
27/09/2019 19:42,0
27/09/2019 19:47,0
27/09/2019 19:52,0
27/09/2019 19:57,0
27/09/2019 20:02,0
27/09/2019 20:07,0
27/09/2019 20:12,0
27/09/2019 20:17,0
27/09/2019 20:22,0
27/09/2019 20:27,0
27/09/2019 20:32,0
27/09/2019 20:37,0
27/09/2019 20:42,0
27/09/2019 20:47,0
27/09/2019 20:52,0
27/09/2019 20:57,0
27/09/2019 21:02,0
27/09/2019 21:07,0
27/09/2019 21:12,0
27/09/2019 21:17,0
27/09/2019 21:22,0
27/09/2019 21:27,0
27/09/2019 21:32,0
27/09/2019 21:37,0
27/09/2019 21:42,0
27/09/2019 21:47,0
27/09/2019 21:52,0
27/09/2019 21:57,0
27/09/2019 22:02,0
27/09/2019 22:07,0
27/09/2019 22:12,0
27/09/2019 22:17,0
27/09/2019 22:22,0
27/09/2019 22:27,0
27/09/2019 22:32,0
27/09/2019 22:37,0
27/09/2019 22:42,0
27/09/2019 22:47,0
27/09/2019 22:52,0
27/09/2019 22:57,0
27/09/2019 23:02,0
27/09/2019 23:07,0
27/09/2019 23:12,0
27/09/2019 23:17,0
27/09/2019 23:22,0
27/09/2019 23:27,0
27/09/2019 23:32,0
27/09/2019 23:37,0
27/09/2019 23:42,0
27/09/2019 23:47,0
27/09/2019 23:52,0
27/09/2019 23:57,0
28/09/2019 00:02,0
28/09/2019 00:07,0
28/09/2019 00:12,0
28/09/2019 00:17,0
28/09/2019 00:22,0
28/09/2019 00:27,0
28/09/2019 00:32,0
28/09/2019 00:37,0
28/09/2019 00:42,0
28/09/2019 00:47,0
28/09/2019 00:52,0
28/09/2019 00:57,0
28/09/2019 01:02,0
28/09/2019 01:07,0
28/09/2019 01:12,0
28/09/2019 01:17,0
28/09/2019 01:22,0
28/09/2019 01:27,0
28/09/2019 01:32,0
28/09/2019 01:37,0
28/09/2019 01:42,0
28/09/2019 01:47,0
28/09/2019 01:52,0
28/09/2019 01:57,0
28/09/2019 02:02,0
28/09/2019 02:07,0
28/09/2019 02:12,0
28/09/2019 02:17,0
28/09/2019 02:22,0
28/09/2019 02:27,0
28/09/2019 02:32,0
28/09/2019 02:37,0
28/09/2019 02:42,0
28/09/2019 02:47,0
28/09/2019 02:52,0
28/09/2019 02:57,0
28/09/2019 03:02,0
28/09/2019 03:07,0
28/09/2019 03:12,0
28/09/2019 03:17,0
28/09/2019 03:22,0
28/09/2019 03:27,0
28/09/2019 03:32,0
28/09/2019 03:37,0
28/09/2019 03:42,0
28/09/2019 03:47,0
28/09/2019 03:52,0
28/09/2019 03:57,0
28/09/2019 04:02,0
28/09/2019 04:07,0
28/09/2019 04:12,0
28/09/2019 04:17,0
28/09/2019 04:22,0
28/09/2019 04:27,0
28/09/2019 04:32,0
28/09/2019 04:37,0
28/09/2019 04:42,0
28/09/2019 04:47,0
28/09/2019 04:52,0
28/09/2019 04:57,0
28/09/2019 05:02,0
28/09/2019 05:07,0
28/09/2019 05:12,0
28/09/2019 05:17,0
28/09/2019 05:22,0
28/09/2019 05:27,0
28/09/2019 05:32,0
28/09/2019 05:37,0
28/09/2019 05:42,0
28/09/2019 05:47,0
28/09/2019 05:52,0
28/09/2019 05:57,0
28/09/2019 06:02,0
28/09/2019 06:07,0
28/09/2019 06:12,0
28/09/2019 06:17,0
28/09/2019 06:22,0
28/09/2019 06:27,0
28/09/2019 06:32,0
28/09/2019 06:37,0
28/09/2019 06:42,0
28/09/2019 06:47,0
28/09/2019 06:52,0
28/09/2019 06:57,0
28/09/2019 07:02,0
28/09/2019 07:07,0
28/09/2019 07:12,0
28/09/2019 07:17,0
28/09/2019 07:22,0
28/09/2019 07:27,0
28/09/2019 07:32,0
28/09/2019 07:37,0
28/09/2019 07:42,0
28/09/2019 07:47,0
28/09/2019 07:52,0
28/09/2019 07:57,0
28/09/2019 08:02,0
28/09/2019 08:07,0
28/09/2019 08:12,0
28/09/2019 08:17,0
28/09/2019 08:22,0
28/09/2019 08:27,0
28/09/2019 08:32,0
28/09/2019 08:37,0
28/09/2019 08:42,0
28/09/2019 08:47,0
28/09/2019 08:52,0
28/09/2019 08:57,0
28/09/2019 09:02,0
28/09/2019 09:07,0
28/09/2019 09:12,0
28/09/2019 09:17,0
28/09/2019 09:22,0
28/09/2019 09:27,0
28/09/2019 09:32,0
28/09/2019 09:37,0
28/09/2019 09:42,0
28/09/2019 09:47,0
28/09/2019 09:52,0
28/09/2019 09:57,0
28/09/2019 10:02,0
28/09/2019 10:07,0
28/09/2019 10:12,0
28/09/2019 10:17,0
28/09/2019 10:22,0
28/09/2019 10:27,0
28/09/2019 10:32,0
28/09/2019 10:37,0
28/09/2019 10:42,0
28/09/2019 10:47,0
28/09/2019 10:52,0
28/09/2019 10:57,0
28/09/2019 11:02,0
28/09/2019 11:07,0
28/09/2019 11:12,0
28/09/2019 11:17,0
28/09/2019 11:22,0
28/09/2019 11:27,0
28/09/2019 11:32,0
28/09/2019 11:37,0
28/09/2019 11:42,0
28/09/2019 11:47,0
28/09/2019 11:52,0
28/09/2019 11:57,0
28/09/2019 12:02,0
28/09/2019 12:07,0
28/09/2019 12:12,0
28/09/2019 12:17,0
28/09/2019 12:22,0
28/09/2019 12:27,0
28/09/2019 12:32,0
28/09/2019 12:37,0
28/09/2019 12:42,0
28/09/2019 12:47,0
28/09/2019 12:52,0
28/09/2019 12:57,0
28/09/2019 13:02,0
28/09/2019 13:07,0
28/09/2019 13:12,0
28/09/2019 13:17,0
28/09/2019 13:22,0
28/09/2019 13:27,0
28/09/2019 13:32,0
28/09/2019 13:37,0
28/09/2019 13:42,0
28/09/2019 13:47,0
28/09/2019 13:52,0
28/09/2019 13:57,0
28/09/2019 14:02,0
28/09/2019 14:07,0
28/09/2019 14:12,0
28/09/2019 14:17,0
28/09/2019 14:22,0
28/09/2019 14:27,0
28/09/2019 14:32,0
28/09/2019 14:37,0
28/09/2019 14:42,0
28/09/2019 14:47,0
28/09/2019 14:52,0
28/09/2019 14:57,0
28/09/2019 15:02,0
28/09/2019 15:07,0
28/09/2019 15:12,0
28/09/2019 15:17,0
28/09/2019 15:22,0
28/09/2019 15:27,0
28/09/2019 15:32,0
28/09/2019 15:37,0
28/09/2019 15:42,0
28/09/2019 15:47,0
28/09/2019 15:52,0
28/09/2019 15:57,0
28/09/2019 16:02,0
28/09/2019 16:07,0
28/09/2019 16:12,0
28/09/2019 16:17,0
28/09/2019 16:22,0
28/09/2019 16:27,0
28/09/2019 16:32,0
28/09/2019 16:37,0
28/09/2019 16:42,0
28/09/2019 16:47,0
28/09/2019 16:52,0
28/09/2019 16:57,0
28/09/2019 17:02,0
28/09/2019 17:07,0
28/09/2019 17:12,0
28/09/2019 17:17,0
28/09/2019 17:22,0
28/09/2019 17:27,0
28/09/2019 17:32,0
28/09/2019 17:37,0
28/09/2019 17:42,0
28/09/2019 17:47,0
28/09/2019 17:52,0
28/09/2019 17:57,0
28/09/2019 18:02,0
28/09/2019 18:07,0
28/09/2019 18:12,0
28/09/2019 18:17,0
28/09/2019 18:22,0
28/09/2019 18:27,0
28/09/2019 18:32,0
28/09/2019 18:37,0
28/09/2019 18:42,0
28/09/2019 18:47,0
28/09/2019 18:52,0
28/09/2019 18:57,0
28/09/2019 19:02,0
28/09/2019 19:07,0
28/09/2019 19:12,0
28/09/2019 19:17,0
28/09/2019 19:22,0
28/09/2019 19:27,0
28/09/2019 19:32,0
28/09/2019 19:37,0
28/09/2019 19:42,0
28/09/2019 19:47,0
28/09/2019 19:52,0
28/09/2019 19:57,0
28/09/2019 20:02,0
28/09/2019 20:07,0
28/09/2019 20:12,0
28/09/2019 20:17,0
28/09/2019 20:22,0
28/09/2019 20:27,0
28/09/2019 20:32,0
28/09/2019 20:37,0
28/09/2019 20:42,0
28/09/2019 20:47,0
28/09/2019 20:52,0
28/09/2019 20:57,0
28/09/2019 21:02,0
28/09/2019 21:07,0
28/09/2019 21:12,0
28/09/2019 21:17,0
28/09/2019 21:22,0
28/09/2019 21:27,0
28/09/2019 21:32,0
28/09/2019 21:37,0
28/09/2019 21:42,0
28/09/2019 21:47,0
28/09/2019 21:52,0
28/09/2019 21:57,0
28/09/2019 22:02,0
28/09/2019 22:07,0
28/09/2019 22:12,0
28/09/2019 22:17,0
28/09/2019 22:22,0
28/09/2019 22:27,0
28/09/2019 22:32,0
28/09/2019 22:37,0
28/09/2019 22:42,0
28/09/2019 22:47,0
28/09/2019 22:52,0
28/09/2019 22:57,0
28/09/2019 23:02,0
28/09/2019 23:07,0
28/09/2019 23:12,0
28/09/2019 23:17,0
28/09/2019 23:22,0
28/09/2019 23:27,0
28/09/2019 23:32,0
28/09/2019 23:37,0
28/09/2019 23:42,0
28/09/2019 23:47,0
28/09/2019 23:52,0
28/09/2019 23:57,0
29/09/2019 00:02,0
29/09/2019 00:07,0
29/09/2019 00:12,0
29/09/2019 00:17,0
29/09/2019 00:22,0
29/09/2019 00:27,0
29/09/2019 00:32,0
29/09/2019 00:37,0
29/09/2019 00:42,0
29/09/2019 00:47,0
29/09/2019 00:52,0
29/09/2019 00:57,0
29/09/2019 01:02,0
29/09/2019 01:07,0
29/09/2019 01:12,0
29/09/2019 01:17,0
29/09/2019 01:22,0
29/09/2019 01:27,0
29/09/2019 01:32,0
29/09/2019 01:37,0
29/09/2019 01:42,0
29/09/2019 01:47,0
29/09/2019 01:52,0
29/09/2019 01:57,0
29/09/2019 02:02,0
29/09/2019 02:07,0
29/09/2019 02:12,0
29/09/2019 02:17,0
29/09/2019 02:22,0
29/09/2019 02:27,0
29/09/2019 02:32,0
29/09/2019 02:37,0
29/09/2019 02:42,0
29/09/2019 02:47,0
29/09/2019 02:52,0
29/09/2019 02:57,0
29/09/2019 03:02,0
29/09/2019 03:07,0
29/09/2019 03:12,0
29/09/2019 03:17,0
29/09/2019 03:22,0
29/09/2019 03:27,0
29/09/2019 03:32,0
29/09/2019 03:37,0
29/09/2019 03:42,0
29/09/2019 03:47,0
29/09/2019 03:52,0
29/09/2019 03:57,0
29/09/2019 04:02,0
29/09/2019 04:07,0
29/09/2019 04:12,0
29/09/2019 04:17,0
29/09/2019 04:22,0
29/09/2019 04:27,0
29/09/2019 04:32,0
29/09/2019 04:37,0
29/09/2019 04:42,0
29/09/2019 04:47,0
29/09/2019 04:52,0
29/09/2019 04:57,0
29/09/2019 05:02,0
29/09/2019 05:07,0
29/09/2019 05:12,0
29/09/2019 05:17,0
29/09/2019 05:22,0
29/09/2019 05:27,0
29/09/2019 05:32,0
29/09/2019 05:37,0
29/09/2019 05:42,0
29/09/2019 05:47,0
29/09/2019 05:52,0
29/09/2019 05:57,0
29/09/2019 06:02,0
29/09/2019 06:07,0
29/09/2019 06:12,0
29/09/2019 06:17,0
29/09/2019 06:22,0
29/09/2019 06:27,0
29/09/2019 06:32,0
29/09/2019 06:37,0
29/09/2019 06:42,0
29/09/2019 06:47,0
29/09/2019 06:52,0
29/09/2019 06:57,0
29/09/2019 07:02,0
29/09/2019 07:07,0
29/09/2019 07:12,0
29/09/2019 07:17,0
29/09/2019 07:22,0
29/09/2019 07:27,0
29/09/2019 07:32,0
29/09/2019 07:37,0
29/09/2019 07:42,0
29/09/2019 07:47,0
29/09/2019 07:52,0
29/09/2019 07:57,0
29/09/2019 08:02,0
29/09/2019 08:07,0
29/09/2019 08:12,0
29/09/2019 08:17,0
29/09/2019 08:22,0
29/09/2019 08:27,0
29/09/2019 08:32,0
29/09/2019 08:37,0
29/09/2019 08:42,0
29/09/2019 08:47,0
29/09/2019 08:52,0
29/09/2019 08:57,0
29/09/2019 09:02,0
29/09/2019 09:07,0
29/09/2019 09:12,0
29/09/2019 09:17,0
29/09/2019 09:22,0
29/09/2019 09:27,0
29/09/2019 09:32,0
29/09/2019 09:37,0
29/09/2019 09:42,0
29/09/2019 09:47,0
29/09/2019 09:52,0
29/09/2019 09:57,0
29/09/2019 10:02,0
29/09/2019 10:07,0
29/09/2019 10:12,0
29/09/2019 10:17,0
29/09/2019 10:22,0
29/09/2019 10:27,0
29/09/2019 10:32,0
29/09/2019 10:37,0
29/09/2019 10:42,0
29/09/2019 10:47,0
29/09/2019 10:52,0
29/09/2019 10:57,0
29/09/2019 11:02,0
29/09/2019 11:07,0
29/09/2019 11:12,0
29/09/2019 11:17,0
29/09/2019 11:22,0
29/09/2019 11:27,0
29/09/2019 11:32,0
29/09/2019 11:37,0
29/09/2019 11:42,0
29/09/2019 11:47,0
29/09/2019 11:52,0
29/09/2019 11:57,0
29/09/2019 12:02,0
29/09/2019 12:07,0
29/09/2019 12:12,0
29/09/2019 12:17,0
29/09/2019 12:22,0
29/09/2019 12:27,0
29/09/2019 12:32,0
29/09/2019 12:37,0
29/09/2019 12:42,0
29/09/2019 12:47,0
29/09/2019 12:52,0
29/09/2019 12:57,0
29/09/2019 13:02,0
29/09/2019 13:07,0
29/09/2019 13:12,0
29/09/2019 13:17,0
29/09/2019 13:22,0
29/09/2019 13:27,0
29/09/2019 13:32,0
29/09/2019 13:37,0
29/09/2019 13:42,0
29/09/2019 13:47,0
29/09/2019 13:52,0
29/09/2019 13:57,0
29/09/2019 14:02,0
29/09/2019 14:07,0
29/09/2019 14:12,0
29/09/2019 14:17,0
29/09/2019 14:22,0
29/09/2019 14:27,0
29/09/2019 14:32,0
29/09/2019 14:37,0
29/09/2019 14:42,0
29/09/2019 14:47,0
29/09/2019 14:52,0
29/09/2019 14:57,0
29/09/2019 15:02,0
29/09/2019 15:07,0
29/09/2019 15:12,0
29/09/2019 15:17,0
29/09/2019 15:22,0
29/09/2019 15:27,0
29/09/2019 15:32,0
29/09/2019 15:37,0
29/09/2019 15:42,0
29/09/2019 15:47,0
29/09/2019 15:52,0
29/09/2019 15:57,0
29/09/2019 16:02,0
29/09/2019 16:07,0
29/09/2019 16:12,0
29/09/2019 16:17,0
29/09/2019 16:22,0
29/09/2019 16:27,0
29/09/2019 16:32,0
29/09/2019 16:37,0
29/09/2019 16:42,0
29/09/2019 16:47,0
29/09/2019 16:52,0
29/09/2019 16:57,0
29/09/2019 17:02,0
29/09/2019 17:07,0
29/09/2019 17:12,0
29/09/2019 17:17,0
29/09/2019 17:22,0
29/09/2019 17:27,0
29/09/2019 17:32,0
29/09/2019 17:37,0
29/09/2019 17:42,0
29/09/2019 17:47,0
29/09/2019 17:52,0
29/09/2019 17:57,0
29/09/2019 18:02,0
29/09/2019 18:07,0
29/09/2019 18:12,0
29/09/2019 18:17,0
29/09/2019 18:22,0
29/09/2019 18:27,0
29/09/2019 18:32,0
29/09/2019 18:37,0
29/09/2019 18:42,0
29/09/2019 18:47,0
29/09/2019 18:52,0
29/09/2019 18:57,0
29/09/2019 19:02,0
29/09/2019 19:07,0
29/09/2019 19:12,0
29/09/2019 19:17,0
29/09/2019 19:22,0
29/09/2019 19:27,0
29/09/2019 19:32,0
29/09/2019 19:37,0
29/09/2019 19:42,0
29/09/2019 19:47,0
29/09/2019 19:52,0
29/09/2019 19:57,0
29/09/2019 20:02,0
29/09/2019 20:07,0
29/09/2019 20:12,0
29/09/2019 20:17,0
29/09/2019 20:22,0
29/09/2019 20:27,0
29/09/2019 20:32,0
29/09/2019 20:37,0
29/09/2019 20:42,0
29/09/2019 20:47,0
29/09/2019 20:52,0
29/09/2019 20:57,0
29/09/2019 21:02,0
29/09/2019 21:07,0
29/09/2019 21:12,0
29/09/2019 21:17,0
29/09/2019 21:22,0
29/09/2019 21:27,0
29/09/2019 21:32,0
29/09/2019 21:37,0
29/09/2019 21:42,0
29/09/2019 21:47,0
29/09/2019 21:52,0
29/09/2019 21:57,0
29/09/2019 22:02,0
29/09/2019 22:07,0
29/09/2019 22:12,0
29/09/2019 22:17,0
29/09/2019 22:22,0
29/09/2019 22:27,0
29/09/2019 22:32,0
29/09/2019 22:37,0
29/09/2019 22:42,0
29/09/2019 22:47,0
29/09/2019 22:52,0
29/09/2019 22:57,0
29/09/2019 23:02,0
29/09/2019 23:07,0
29/09/2019 23:12,0
29/09/2019 23:17,0
29/09/2019 23:22,0
29/09/2019 23:27,0
29/09/2019 23:32,0
29/09/2019 23:37,0
29/09/2019 23:42,0
29/09/2019 23:47,0
29/09/2019 23:52,0
29/09/2019 23:57,0
30/09/2019 00:02,0
30/09/2019 00:07,0
30/09/2019 00:12,0
30/09/2019 00:17,0
30/09/2019 00:22,0
30/09/2019 00:27,0
30/09/2019 00:32,0
30/09/2019 00:37,0
30/09/2019 00:42,0
30/09/2019 00:47,0
30/09/2019 00:52,0
30/09/2019 00:57,0
30/09/2019 01:02,0
30/09/2019 01:07,0
30/09/2019 01:12,0
30/09/2019 01:17,0
30/09/2019 01:22,0
30/09/2019 01:27,0
30/09/2019 01:32,0
30/09/2019 01:37,0
30/09/2019 01:42,0
30/09/2019 01:47,0
30/09/2019 01:52,0
30/09/2019 01:57,0
30/09/2019 02:02,0
30/09/2019 02:07,0
30/09/2019 02:12,0
30/09/2019 02:17,0
30/09/2019 02:22,0
30/09/2019 02:27,0
30/09/2019 02:32,0
30/09/2019 02:37,0
30/09/2019 02:42,0
30/09/2019 02:47,0
30/09/2019 02:52,0
30/09/2019 02:57,0
30/09/2019 03:02,0
30/09/2019 03:07,0
30/09/2019 03:12,0
30/09/2019 03:17,0
30/09/2019 03:22,0
30/09/2019 03:27,0
30/09/2019 03:32,0
30/09/2019 03:37,0
30/09/2019 03:42,0
30/09/2019 03:47,0
30/09/2019 03:52,0
30/09/2019 03:57,0
30/09/2019 04:02,0
30/09/2019 04:07,0
30/09/2019 04:12,0
30/09/2019 04:17,0
30/09/2019 04:22,0
30/09/2019 04:27,0
30/09/2019 04:32,0
30/09/2019 04:37,0
30/09/2019 04:42,0
30/09/2019 04:47,0
30/09/2019 04:52,0
30/09/2019 04:57,0
30/09/2019 05:02,0
30/09/2019 05:07,0
30/09/2019 05:12,0
30/09/2019 05:17,0
30/09/2019 05:22,0
30/09/2019 05:27,0
30/09/2019 05:32,0
30/09/2019 05:37,0
30/09/2019 05:42,0
30/09/2019 05:47,0
30/09/2019 05:52,0
30/09/2019 05:57,0
30/09/2019 06:02,0
30/09/2019 06:07,0
30/09/2019 06:12,0
30/09/2019 06:17,0
30/09/2019 06:22,0
30/09/2019 06:27,0
30/09/2019 06:32,0
30/09/2019 06:37,0
30/09/2019 06:42,0
30/09/2019 06:47,0
30/09/2019 06:52,0
30/09/2019 06:57,0
30/09/2019 07:02,0
30/09/2019 07:07,0
30/09/2019 07:12,0
30/09/2019 07:17,0
30/09/2019 07:22,0
30/09/2019 07:27,0
30/09/2019 07:32,0
30/09/2019 07:37,0
30/09/2019 07:42,0
30/09/2019 07:47,0
30/09/2019 07:52,0
30/09/2019 07:57,0
30/09/2019 08:02,0
30/09/2019 08:07,0
30/09/2019 08:12,0
30/09/2019 08:17,0
30/09/2019 08:22,0
30/09/2019 08:27,0
30/09/2019 08:32,0
30/09/2019 08:37,0
30/09/2019 08:42,0
30/09/2019 08:47,0
30/09/2019 08:52,0
30/09/2019 08:57,0
30/09/2019 09:02,0
30/09/2019 09:07,0
30/09/2019 09:12,0
30/09/2019 09:17,0
30/09/2019 09:22,0
30/09/2019 09:27,0
30/09/2019 09:32,0
30/09/2019 09:37,0
30/09/2019 09:42,0
30/09/2019 09:47,0
30/09/2019 09:52,0
30/09/2019 09:57,0
30/09/2019 10:02,0
30/09/2019 10:07,0
30/09/2019 10:12,0
30/09/2019 10:17,0
30/09/2019 10:22,0
30/09/2019 10:27,0
30/09/2019 10:32,0
30/09/2019 10:37,0
30/09/2019 10:42,0
30/09/2019 10:47,0
30/09/2019 10:52,0
30/09/2019 10:57,0
30/09/2019 11:02,0
30/09/2019 11:07,0
30/09/2019 11:12,0
30/09/2019 11:17,0
30/09/2019 11:22,0
30/09/2019 11:27,0
30/09/2019 11:32,0
30/09/2019 11:37,0
30/09/2019 11:42,0
30/09/2019 11:47,0
30/09/2019 11:52,0
30/09/2019 11:57,0
30/09/2019 12:02,0
30/09/2019 12:07,0
30/09/2019 12:12,0
30/09/2019 12:17,0.70871133
30/09/2019 12:22,0.354355665
30/09/2019 12:27,0.354355665
30/09/2019 12:32,1.063066996
30/09/2019 12:37,0.354355665
30/09/2019 12:42,0.354355665
30/09/2019 12:47,0.354355665
30/09/2019 12:52,0
30/09/2019 12:57,0
30/09/2019 13:02,0
30/09/2019 13:07,0
30/09/2019 13:12,0
30/09/2019 13:17,0
30/09/2019 13:22,0
30/09/2019 13:27,0
30/09/2019 13:32,0
30/09/2019 13:37,0
30/09/2019 13:42,0
30/09/2019 13:47,0
30/09/2019 13:52,0
30/09/2019 13:57,0
30/09/2019 14:02,0
30/09/2019 14:07,0
30/09/2019 14:12,0
30/09/2019 14:17,0
30/09/2019 14:22,0
30/09/2019 14:27,0
30/09/2019 14:32,0
30/09/2019 14:37,0
30/09/2019 14:42,0
30/09/2019 14:47,0
30/09/2019 14:52,0
30/09/2019 14:57,0
30/09/2019 15:02,0
30/09/2019 15:07,0
30/09/2019 15:12,0
30/09/2019 15:17,0
30/09/2019 15:22,0
30/09/2019 15:27,0
30/09/2019 15:32,0
30/09/2019 15:37,0
30/09/2019 15:42,0
30/09/2019 15:47,0
30/09/2019 15:52,0
30/09/2019 15:57,0
30/09/2019 16:02,0
30/09/2019 16:07,0
30/09/2019 16:12,0
30/09/2019 16:17,0
30/09/2019 16:22,0
30/09/2019 16:27,0
30/09/2019 16:32,0
30/09/2019 16:37,0
30/09/2019 16:42,0
30/09/2019 16:47,0
30/09/2019 16:52,0
30/09/2019 16:57,0
30/09/2019 17:02,0
30/09/2019 17:07,0
30/09/2019 17:12,0
30/09/2019 17:17,0
30/09/2019 17:22,0
30/09/2019 17:27,0
30/09/2019 17:32,0
30/09/2019 17:37,0
30/09/2019 17:42,0
30/09/2019 17:47,0
30/09/2019 17:52,0
30/09/2019 17:57,0
30/09/2019 18:02,0
30/09/2019 18:07,0
30/09/2019 18:12,0
30/09/2019 18:17,0
30/09/2019 18:22,0
30/09/2019 18:27,0
30/09/2019 18:32,0
30/09/2019 18:37,0
30/09/2019 18:42,0
30/09/2019 18:47,0
30/09/2019 18:52,0
30/09/2019 18:57,0
30/09/2019 19:02,0
30/09/2019 19:07,0
30/09/2019 19:12,0
30/09/2019 19:17,0
30/09/2019 19:22,0
30/09/2019 19:27,0
30/09/2019 19:32,0
30/09/2019 19:37,0
30/09/2019 19:42,0
30/09/2019 19:47,0
30/09/2019 19:52,0
30/09/2019 19:57,0
30/09/2019 20:02,0
30/09/2019 20:07,0
30/09/2019 20:12,0
30/09/2019 20:17,0
30/09/2019 20:22,0
30/09/2019 20:27,0
30/09/2019 20:32,0
30/09/2019 20:37,0
30/09/2019 20:42,0
30/09/2019 20:47,0
30/09/2019 20:52,0
30/09/2019 20:57,0
30/09/2019 21:02,0
30/09/2019 21:07,0
30/09/2019 21:12,0
30/09/2019 21:17,0
30/09/2019 21:22,0
30/09/2019 21:27,0
30/09/2019 21:32,0
30/09/2019 21:37,0
30/09/2019 21:42,0
30/09/2019 21:47,0
30/09/2019 21:52,0
30/09/2019 21:57,0
30/09/2019 22:02,0
30/09/2019 22:07,0
30/09/2019 22:12,0
30/09/2019 22:17,0
30/09/2019 22:22,0
30/09/2019 22:27,0
30/09/2019 22:32,0
30/09/2019 22:37,0
30/09/2019 22:42,0
30/09/2019 22:47,0
30/09/2019 22:52,0
30/09/2019 22:57,0
30/09/2019 23:02,0
30/09/2019 23:07,0
30/09/2019 23:12,0
30/09/2019 23:17,0
30/09/2019 23:22,0.354355665
30/09/2019 23:27,0
30/09/2019 23:32,0
30/09/2019 23:37,0
30/09/2019 23:42,0
30/09/2019 23:47,0
30/09/2019 23:52,0
30/09/2019 23:57,0
01/10/2019 00:02,0
01/10/2019 00:07,0
01/10/2019 00:12,0
01/10/2019 00:17,0
01/10/2019 00:22,0
01/10/2019 00:27,0
01/10/2019 00:32,0
01/10/2019 00:37,0
01/10/2019 00:42,0
01/10/2019 00:47,0
01/10/2019 00:52,0
01/10/2019 00:57,0
01/10/2019 01:02,0
01/10/2019 01:07,0
01/10/2019 01:12,0
01/10/2019 01:17,0
01/10/2019 01:22,0
01/10/2019 01:27,0
01/10/2019 01:32,0
01/10/2019 01:37,0
01/10/2019 01:42,0
01/10/2019 01:47,0
01/10/2019 01:52,0
01/10/2019 01:57,0
01/10/2019 02:02,0
01/10/2019 02:07,0
01/10/2019 02:12,0
01/10/2019 02:17,0
01/10/2019 02:22,0
01/10/2019 02:27,0
01/10/2019 02:32,0
01/10/2019 02:37,0
01/10/2019 02:42,0
01/10/2019 02:47,0
01/10/2019 02:52,0
01/10/2019 02:57,0
01/10/2019 03:02,0
01/10/2019 03:07,0
01/10/2019 03:12,0
01/10/2019 03:17,0
01/10/2019 03:22,0
01/10/2019 03:27,0
01/10/2019 03:32,0
01/10/2019 03:37,0
01/10/2019 03:42,0
01/10/2019 03:47,0
01/10/2019 03:52,0
01/10/2019 03:57,0
01/10/2019 04:02,0
01/10/2019 04:07,0
01/10/2019 04:12,0
01/10/2019 04:17,0
01/10/2019 04:22,0
01/10/2019 04:27,0
01/10/2019 04:32,0
01/10/2019 04:37,0
01/10/2019 04:42,0
01/10/2019 04:47,0
01/10/2019 04:52,0
01/10/2019 04:57,0
01/10/2019 05:02,0
01/10/2019 05:07,0
01/10/2019 05:12,0
01/10/2019 05:17,0
01/10/2019 05:22,0
01/10/2019 05:27,0
01/10/2019 05:32,0
01/10/2019 05:37,0
01/10/2019 05:42,0
01/10/2019 05:47,0
01/10/2019 05:52,0
01/10/2019 05:57,0
01/10/2019 06:02,0
01/10/2019 06:07,0
01/10/2019 06:12,0
01/10/2019 06:17,0
01/10/2019 06:22,0
01/10/2019 06:27,0
01/10/2019 06:32,0
01/10/2019 06:37,0
01/10/2019 06:42,0
01/10/2019 06:47,0
01/10/2019 06:52,0
01/10/2019 06:57,0
01/10/2019 07:02,0
01/10/2019 07:07,0
01/10/2019 07:12,0
01/10/2019 07:17,0
01/10/2019 07:22,0
01/10/2019 07:27,0
01/10/2019 07:32,0
01/10/2019 07:37,0
01/10/2019 07:42,0
01/10/2019 07:47,0
01/10/2019 07:52,0
01/10/2019 07:57,0
01/10/2019 08:02,0
01/10/2019 08:07,0
01/10/2019 08:12,0
01/10/2019 08:17,0
01/10/2019 08:22,0
01/10/2019 08:27,0
01/10/2019 08:32,0
01/10/2019 08:37,0
01/10/2019 08:42,0
01/10/2019 08:47,0
01/10/2019 08:52,0
01/10/2019 08:57,0
01/10/2019 09:02,0
01/10/2019 09:07,0
01/10/2019 09:12,0
01/10/2019 09:17,0
01/10/2019 09:22,0
01/10/2019 09:27,0
01/10/2019 09:32,0
01/10/2019 09:37,0
01/10/2019 09:42,0
01/10/2019 09:47,0
01/10/2019 09:52,0
01/10/2019 09:57,0
01/10/2019 10:02,0
01/10/2019 10:07,0
01/10/2019 10:12,0
01/10/2019 10:17,0
01/10/2019 10:22,0
01/10/2019 10:27,0
01/10/2019 10:32,0
01/10/2019 10:37,0
01/10/2019 10:42,0
01/10/2019 10:47,0
01/10/2019 10:52,0
01/10/2019 10:57,0
01/10/2019 11:02,0
01/10/2019 11:07,0
01/10/2019 11:12,0
01/10/2019 11:17,0
01/10/2019 11:22,0
01/10/2019 11:27,0
01/10/2019 11:32,0
01/10/2019 11:37,0
01/10/2019 11:42,0
01/10/2019 11:47,0
01/10/2019 11:52,0
01/10/2019 11:57,0
01/10/2019 12:02,0
01/10/2019 12:07,0
01/10/2019 12:12,0
01/10/2019 12:17,0
01/10/2019 12:22,0
01/10/2019 12:27,0
01/10/2019 12:32,0
01/10/2019 12:37,0
01/10/2019 12:42,0
01/10/2019 12:47,0
01/10/2019 12:52,0
01/10/2019 12:57,0
01/10/2019 13:02,0
01/10/2019 13:07,0
01/10/2019 13:12,0
01/10/2019 13:17,0
01/10/2019 13:22,0
01/10/2019 13:27,0
01/10/2019 13:32,0
01/10/2019 13:37,0
01/10/2019 13:42,0
01/10/2019 13:47,0
01/10/2019 13:52,0
01/10/2019 13:57,0
01/10/2019 14:02,0
01/10/2019 14:07,0
01/10/2019 14:12,0
01/10/2019 14:17,0
01/10/2019 14:22,0
01/10/2019 14:27,0
01/10/2019 14:32,0
01/10/2019 14:37,0
01/10/2019 14:42,0
01/10/2019 14:47,0
01/10/2019 14:52,0
01/10/2019 14:57,0
01/10/2019 15:02,0
01/10/2019 15:07,0
01/10/2019 15:12,0
01/10/2019 15:17,0
01/10/2019 15:22,0
01/10/2019 15:27,0
01/10/2019 15:32,0
01/10/2019 15:37,0
01/10/2019 15:42,0
01/10/2019 15:47,0
01/10/2019 15:52,0
01/10/2019 15:57,0
01/10/2019 16:02,0
01/10/2019 16:07,0
01/10/2019 16:12,0
01/10/2019 16:17,0
01/10/2019 16:22,0
01/10/2019 16:27,0
01/10/2019 16:32,0
01/10/2019 16:37,0
01/10/2019 16:42,0
01/10/2019 16:47,0
01/10/2019 16:52,0
01/10/2019 16:57,0
01/10/2019 17:02,0
01/10/2019 17:07,0
01/10/2019 17:12,0
01/10/2019 17:17,0
01/10/2019 17:22,0
01/10/2019 17:27,0
01/10/2019 17:32,0
01/10/2019 17:37,0
01/10/2019 17:42,0
01/10/2019 17:47,0
01/10/2019 17:52,0
01/10/2019 17:57,0
01/10/2019 18:02,0
01/10/2019 18:07,0
01/10/2019 18:12,0
01/10/2019 18:17,0
01/10/2019 18:22,0
01/10/2019 18:27,0
01/10/2019 18:32,0
01/10/2019 18:37,0
01/10/2019 18:42,0
01/10/2019 18:47,0
01/10/2019 18:52,0
01/10/2019 18:57,0
01/10/2019 19:02,0
01/10/2019 19:07,0
01/10/2019 19:12,0
01/10/2019 19:17,0
01/10/2019 19:22,0
01/10/2019 19:27,0
01/10/2019 19:32,0
01/10/2019 19:37,0
01/10/2019 19:42,0
01/10/2019 19:47,0
01/10/2019 19:52,0
01/10/2019 19:57,0
01/10/2019 20:02,0
01/10/2019 20:07,0
01/10/2019 20:12,0
01/10/2019 20:17,0
01/10/2019 20:22,0
01/10/2019 20:27,0
01/10/2019 20:32,0
01/10/2019 20:37,0
01/10/2019 20:42,0
01/10/2019 20:47,0
01/10/2019 20:52,0
01/10/2019 20:57,0
01/10/2019 21:02,0
01/10/2019 21:07,0
01/10/2019 21:12,0
01/10/2019 21:17,0
01/10/2019 21:22,0
01/10/2019 21:27,0
01/10/2019 21:32,0
01/10/2019 21:37,0
01/10/2019 21:42,0
01/10/2019 21:47,0
01/10/2019 21:52,0
01/10/2019 21:57,0
01/10/2019 22:02,0
01/10/2019 22:07,0
01/10/2019 22:12,0
01/10/2019 22:17,0
01/10/2019 22:22,0
01/10/2019 22:27,0
01/10/2019 22:32,0
01/10/2019 22:37,0
01/10/2019 22:42,0
01/10/2019 22:47,0
01/10/2019 22:52,0
01/10/2019 22:57,0
01/10/2019 23:02,0
01/10/2019 23:07,0
01/10/2019 23:12,0
01/10/2019 23:17,0
01/10/2019 23:22,0
01/10/2019 23:27,0
01/10/2019 23:32,0
01/10/2019 23:37,0
01/10/2019 23:42,0
01/10/2019 23:47,0
01/10/2019 23:52,0
01/10/2019 23:57,0
02/10/2019 00:02,0
02/10/2019 00:07,0
02/10/2019 00:12,0
02/10/2019 00:17,0
02/10/2019 00:22,0
02/10/2019 00:27,0
02/10/2019 00:32,0
02/10/2019 00:37,0
02/10/2019 00:42,0
02/10/2019 00:47,0
02/10/2019 00:52,0
02/10/2019 00:57,0
02/10/2019 01:02,0
02/10/2019 01:07,0
02/10/2019 01:12,0
02/10/2019 01:17,0
02/10/2019 01:22,0
02/10/2019 01:27,0
02/10/2019 01:32,0
02/10/2019 01:37,0
02/10/2019 01:42,0
02/10/2019 01:47,0
02/10/2019 01:52,0
02/10/2019 01:57,0
02/10/2019 02:02,0
02/10/2019 02:07,0
02/10/2019 02:12,0
02/10/2019 02:17,0
02/10/2019 02:22,0
02/10/2019 02:27,0
02/10/2019 02:32,0
02/10/2019 02:37,0
02/10/2019 02:42,0
02/10/2019 02:47,0
02/10/2019 02:52,0
02/10/2019 02:57,0
02/10/2019 03:02,0
02/10/2019 03:07,0
02/10/2019 03:12,1.063066996
02/10/2019 03:17,0.354355665
02/10/2019 03:22,0.70871133
02/10/2019 03:27,0
02/10/2019 03:32,0
02/10/2019 03:37,0
02/10/2019 03:42,0
02/10/2019 03:47,0
02/10/2019 03:52,0
02/10/2019 03:57,0
02/10/2019 04:02,0
02/10/2019 04:07,0
02/10/2019 04:12,0
02/10/2019 04:17,0
02/10/2019 04:22,0
02/10/2019 04:27,0.354355665
02/10/2019 04:32,0
02/10/2019 04:37,0
02/10/2019 04:42,0.354355665
02/10/2019 04:47,0
02/10/2019 04:52,0
02/10/2019 04:57,0
02/10/2019 05:02,0
02/10/2019 05:07,0
02/10/2019 05:12,0
02/10/2019 05:17,0
02/10/2019 05:22,0
02/10/2019 05:27,0
02/10/2019 05:32,0
02/10/2019 05:37,0
02/10/2019 05:42,0
02/10/2019 05:47,0
02/10/2019 05:52,0
02/10/2019 05:57,0
02/10/2019 06:02,0
02/10/2019 06:07,0
02/10/2019 06:12,0
02/10/2019 06:17,0
02/10/2019 06:22,0
02/10/2019 06:27,0
02/10/2019 06:32,0
02/10/2019 06:37,0
02/10/2019 06:42,0
02/10/2019 06:47,0
02/10/2019 06:52,0
02/10/2019 06:57,0
02/10/2019 07:02,0
02/10/2019 07:07,0
02/10/2019 07:12,0
02/10/2019 07:17,0
02/10/2019 07:22,0
02/10/2019 07:27,0
02/10/2019 07:32,0
02/10/2019 07:37,0
02/10/2019 07:42,0
02/10/2019 07:47,0
02/10/2019 07:52,0
02/10/2019 07:57,0
02/10/2019 08:02,0
02/10/2019 08:07,0
02/10/2019 08:12,0
02/10/2019 08:17,0
02/10/2019 08:22,0
02/10/2019 08:27,0
02/10/2019 10:58,0
02/10/2019 11:03,0
02/10/2019 11:08,0
02/10/2019 11:13,0
02/10/2019 11:18,0
02/10/2019 11:23,0
02/10/2019 11:28,0
02/10/2019 11:33,0
02/10/2019 11:38,0
02/10/2019 11:43,0
02/10/2019 11:48,0
02/10/2019 11:53,0
02/10/2019 11:58,0
02/10/2019 12:03,0
02/10/2019 12:08,0
02/10/2019 12:13,0
02/10/2019 12:18,0
02/10/2019 12:23,0
02/10/2019 12:28,0
02/10/2019 12:33,0
02/10/2019 12:38,0
02/10/2019 12:43,0
02/10/2019 12:48,0
02/10/2019 12:53,0
02/10/2019 12:58,0
02/10/2019 13:03,0
02/10/2019 13:08,0
02/10/2019 13:13,0
02/10/2019 13:18,0
02/10/2019 13:23,0
02/10/2019 13:28,0
02/10/2019 13:33,0
02/10/2019 13:38,0
02/10/2019 13:43,0
02/10/2019 13:48,0
02/10/2019 13:53,0
02/10/2019 13:58,0
02/10/2019 14:03,0
02/10/2019 14:08,0
02/10/2019 14:13,0
02/10/2019 14:18,0
02/10/2019 14:23,0
02/10/2019 14:28,0
02/10/2019 14:33,0
02/10/2019 14:38,0
02/10/2019 14:43,0
02/10/2019 14:48,0
02/10/2019 14:53,0
02/10/2019 14:58,0
02/10/2019 15:03,0
02/10/2019 15:08,0
02/10/2019 15:13,0
02/10/2019 15:18,0
02/10/2019 15:23,0
02/10/2019 15:28,0
02/10/2019 15:33,0
02/10/2019 15:38,0
02/10/2019 15:43,0
02/10/2019 15:48,0
02/10/2019 15:53,0
02/10/2019 15:58,0
02/10/2019 16:03,0
02/10/2019 16:08,0
02/10/2019 16:13,0
02/10/2019 16:18,0
02/10/2019 16:23,0
02/10/2019 16:28,0
02/10/2019 16:33,0
02/10/2019 16:38,0
02/10/2019 16:43,0
02/10/2019 16:48,0
02/10/2019 16:53,0
02/10/2019 16:58,0
02/10/2019 17:03,0
02/10/2019 17:08,0
02/10/2019 17:13,0
02/10/2019 17:18,0
02/10/2019 17:23,0
02/10/2019 17:28,0
02/10/2019 17:33,0
02/10/2019 17:38,0
02/10/2019 17:43,0
02/10/2019 17:48,0
02/10/2019 17:53,0
02/10/2019 17:58,0
02/10/2019 18:03,0
02/10/2019 18:08,0
02/10/2019 18:13,0
02/10/2019 18:18,0
02/10/2019 18:23,0
02/10/2019 18:28,0
02/10/2019 18:33,0
02/10/2019 18:38,0
02/10/2019 18:43,0
02/10/2019 18:48,0
02/10/2019 18:53,0
02/10/2019 18:58,0
02/10/2019 19:03,0
02/10/2019 19:08,0
02/10/2019 19:13,0
02/10/2019 19:18,0
02/10/2019 19:23,0
02/10/2019 19:28,0
02/10/2019 19:33,0
02/10/2019 19:38,0
02/10/2019 19:43,0
02/10/2019 19:48,0
02/10/2019 19:53,0
02/10/2019 19:58,0
02/10/2019 20:03,0
02/10/2019 20:08,0
02/10/2019 20:13,0
02/10/2019 20:18,0
02/10/2019 20:23,0
02/10/2019 20:28,0
02/10/2019 20:33,0
02/10/2019 20:38,0
02/10/2019 20:43,0
02/10/2019 20:48,0
02/10/2019 20:53,0
02/10/2019 20:58,0
02/10/2019 21:03,0
02/10/2019 21:08,0
02/10/2019 21:13,0
02/10/2019 21:18,0
02/10/2019 21:23,0
02/10/2019 21:28,0
02/10/2019 21:33,0
02/10/2019 21:38,0
02/10/2019 21:43,0
02/10/2019 21:48,0
02/10/2019 21:53,0
02/10/2019 21:58,0
02/10/2019 22:03,0
02/10/2019 22:08,0
02/10/2019 22:13,0
02/10/2019 22:18,0
02/10/2019 22:23,0
02/10/2019 22:28,0
02/10/2019 22:33,0
02/10/2019 22:38,0
02/10/2019 22:43,0
02/10/2019 22:48,0
02/10/2019 22:53,0
02/10/2019 22:58,0
02/10/2019 23:03,0
02/10/2019 23:08,0
02/10/2019 23:13,0
02/10/2019 23:18,0
02/10/2019 23:23,0
02/10/2019 23:28,0
02/10/2019 23:33,0
02/10/2019 23:38,0
02/10/2019 23:43,0
02/10/2019 23:48,0
02/10/2019 23:53,0
02/10/2019 23:58,0
03/10/2019 00:03,0
03/10/2019 00:08,0
03/10/2019 00:13,0
03/10/2019 00:18,0
03/10/2019 00:23,0
03/10/2019 00:28,0
03/10/2019 00:33,0
03/10/2019 00:38,0
03/10/2019 00:43,0
03/10/2019 00:48,0
03/10/2019 00:53,0
03/10/2019 00:58,0
03/10/2019 01:03,0
03/10/2019 01:08,0
03/10/2019 01:13,0
03/10/2019 01:18,0
03/10/2019 01:23,0
03/10/2019 01:28,0
03/10/2019 01:33,0
03/10/2019 01:38,0
03/10/2019 01:43,0
03/10/2019 01:48,0
03/10/2019 01:53,0
03/10/2019 01:58,0
03/10/2019 02:03,0
03/10/2019 02:08,0
03/10/2019 02:13,0
03/10/2019 02:18,0
03/10/2019 02:23,0
03/10/2019 02:28,0
03/10/2019 02:33,0
03/10/2019 02:38,0
03/10/2019 02:43,0
03/10/2019 02:48,0
03/10/2019 02:53,0
03/10/2019 02:58,0
03/10/2019 03:03,0
03/10/2019 03:08,0
03/10/2019 03:13,0
03/10/2019 03:18,0
03/10/2019 03:23,0
03/10/2019 03:28,0
03/10/2019 03:33,0
03/10/2019 03:38,0
03/10/2019 03:43,0
03/10/2019 03:48,0
03/10/2019 03:53,0
03/10/2019 03:58,0
03/10/2019 04:03,0
03/10/2019 04:08,0
03/10/2019 04:13,0
03/10/2019 04:18,0
03/10/2019 04:23,0
03/10/2019 04:28,0
03/10/2019 04:33,0
03/10/2019 04:38,0
03/10/2019 04:43,0
03/10/2019 04:48,0
03/10/2019 04:53,0
03/10/2019 04:58,0
03/10/2019 05:03,0
03/10/2019 05:08,0
03/10/2019 05:13,0
03/10/2019 05:18,0
03/10/2019 05:23,0
03/10/2019 05:28,0
03/10/2019 05:33,0
03/10/2019 05:38,0
03/10/2019 05:43,0
03/10/2019 05:48,0
03/10/2019 05:53,0
03/10/2019 05:58,0
03/10/2019 06:03,0
03/10/2019 06:08,0
03/10/2019 06:13,0
03/10/2019 06:18,0
03/10/2019 06:23,0
03/10/2019 06:28,0
03/10/2019 06:33,0
03/10/2019 06:38,0
03/10/2019 06:43,0
03/10/2019 06:48,0
03/10/2019 06:53,0
03/10/2019 06:58,0
03/10/2019 07:03,0
03/10/2019 07:08,0
03/10/2019 07:13,0
03/10/2019 07:18,0
03/10/2019 07:23,0
03/10/2019 07:28,0
03/10/2019 07:33,0
03/10/2019 07:38,0
03/10/2019 07:43,0
03/10/2019 07:48,0
03/10/2019 07:53,0
03/10/2019 07:58,0
03/10/2019 08:03,0
03/10/2019 08:08,0
03/10/2019 08:13,0
03/10/2019 08:18,0
03/10/2019 08:23,0
03/10/2019 08:28,0
03/10/2019 08:33,0
03/10/2019 08:38,0
03/10/2019 08:43,0
03/10/2019 08:48,0
03/10/2019 08:53,0
03/10/2019 08:58,0
03/10/2019 09:03,0
03/10/2019 09:08,0
03/10/2019 09:13,0
03/10/2019 09:18,0
03/10/2019 09:23,0
03/10/2019 09:28,0
03/10/2019 09:33,0
03/10/2019 09:38,0
03/10/2019 09:43,0
03/10/2019 09:48,0
03/10/2019 09:53,0
03/10/2019 09:58,0
03/10/2019 10:03,0
03/10/2019 10:08,0
03/10/2019 10:13,0
03/10/2019 10:18,0
03/10/2019 10:23,0
03/10/2019 10:28,0
03/10/2019 10:33,0
03/10/2019 10:38,0
03/10/2019 10:43,0
03/10/2019 10:48,0
03/10/2019 10:53,0
03/10/2019 10:58,0
03/10/2019 11:03,0
03/10/2019 11:08,0
03/10/2019 11:13,0
03/10/2019 11:18,0
03/10/2019 11:23,0
03/10/2019 11:28,0
03/10/2019 11:33,0
03/10/2019 11:38,0
03/10/2019 11:43,0
03/10/2019 11:48,0
03/10/2019 11:53,0
03/10/2019 11:58,0
03/10/2019 12:03,0
03/10/2019 12:08,0
03/10/2019 12:13,0
03/10/2019 12:18,0
03/10/2019 12:23,0
03/10/2019 12:28,0
03/10/2019 12:33,0
03/10/2019 12:38,0
03/10/2019 12:43,0
03/10/2019 12:48,0
03/10/2019 12:53,0
03/10/2019 12:58,0
03/10/2019 13:03,0
03/10/2019 13:08,0
03/10/2019 13:13,0
03/10/2019 13:18,0
03/10/2019 13:23,0
03/10/2019 13:28,0
03/10/2019 13:33,0
03/10/2019 13:38,0
03/10/2019 13:43,0
03/10/2019 13:48,0
03/10/2019 13:53,0
03/10/2019 13:58,0
03/10/2019 14:03,0
03/10/2019 14:08,0
03/10/2019 14:13,0
03/10/2019 14:18,0
03/10/2019 14:23,0
03/10/2019 14:28,0
03/10/2019 14:33,0
03/10/2019 14:38,0
03/10/2019 14:43,0
03/10/2019 14:48,0
03/10/2019 14:53,0
03/10/2019 14:58,0
03/10/2019 15:03,0
03/10/2019 15:08,0
03/10/2019 15:13,0
03/10/2019 15:18,0
03/10/2019 15:23,0
03/10/2019 15:28,0
03/10/2019 15:33,0
03/10/2019 15:38,0
03/10/2019 15:43,0
03/10/2019 15:48,0
03/10/2019 15:53,0
03/10/2019 15:58,0
03/10/2019 16:03,0
03/10/2019 16:08,0
03/10/2019 16:13,0
03/10/2019 16:18,0
03/10/2019 16:23,0
03/10/2019 16:28,0
03/10/2019 16:33,0
03/10/2019 16:38,0
03/10/2019 16:43,0
03/10/2019 16:48,0
03/10/2019 16:53,0
03/10/2019 16:58,0
03/10/2019 17:03,0
03/10/2019 17:08,0
03/10/2019 17:13,0
03/10/2019 17:18,0
03/10/2019 17:23,0
03/10/2019 17:28,0
03/10/2019 17:33,0
03/10/2019 17:38,0
03/10/2019 17:43,0
03/10/2019 17:48,0
03/10/2019 17:53,0
03/10/2019 17:58,0
03/10/2019 18:03,0
03/10/2019 18:08,0
03/10/2019 18:13,0
03/10/2019 18:18,0
03/10/2019 18:23,0
03/10/2019 18:28,0
03/10/2019 18:33,0
03/10/2019 18:38,0
03/10/2019 18:43,0
03/10/2019 18:48,0
03/10/2019 18:53,0
03/10/2019 18:58,0
03/10/2019 19:03,0
03/10/2019 19:08,0
03/10/2019 19:13,0
03/10/2019 19:18,0
03/10/2019 19:23,0
03/10/2019 19:28,0
03/10/2019 19:33,0
03/10/2019 19:38,0
03/10/2019 19:43,0
03/10/2019 19:48,0
03/10/2019 19:53,0
03/10/2019 19:58,0
03/10/2019 20:03,0
03/10/2019 20:08,0
03/10/2019 20:13,0
03/10/2019 20:18,0
03/10/2019 20:23,0
03/10/2019 20:28,0
03/10/2019 20:33,0
03/10/2019 20:38,0
03/10/2019 20:43,0
03/10/2019 20:48,0
03/10/2019 20:53,0
03/10/2019 20:58,0
03/10/2019 21:03,0
03/10/2019 21:08,0
03/10/2019 21:13,0
03/10/2019 21:18,0
03/10/2019 21:23,0
03/10/2019 21:28,0
03/10/2019 21:33,0
03/10/2019 21:38,0
03/10/2019 21:43,0
03/10/2019 21:48,0
03/10/2019 21:53,0
03/10/2019 21:58,0
03/10/2019 22:03,0
03/10/2019 22:08,0
03/10/2019 22:13,0
03/10/2019 22:18,0
03/10/2019 22:23,0
03/10/2019 22:28,0
03/10/2019 22:33,0
03/10/2019 22:38,0
03/10/2019 22:43,0
03/10/2019 22:48,0
03/10/2019 22:53,0
03/10/2019 22:58,0
03/10/2019 23:03,0
03/10/2019 23:08,0
03/10/2019 23:13,0
03/10/2019 23:18,0
03/10/2019 23:23,0
03/10/2019 23:28,0
03/10/2019 23:33,0
03/10/2019 23:38,0
03/10/2019 23:43,0
03/10/2019 23:48,0
03/10/2019 23:53,0
03/10/2019 23:58,0
04/10/2019 00:03,0
04/10/2019 00:08,0
04/10/2019 00:13,0
04/10/2019 00:18,0
04/10/2019 00:23,0
04/10/2019 00:28,0
04/10/2019 00:33,0
04/10/2019 00:38,0
04/10/2019 00:43,0
04/10/2019 00:48,0
04/10/2019 00:53,0
04/10/2019 00:58,0
04/10/2019 01:03,0
04/10/2019 01:08,0
04/10/2019 01:13,0
04/10/2019 01:18,0
04/10/2019 01:23,0
04/10/2019 01:28,0
04/10/2019 01:33,0
04/10/2019 01:38,0
04/10/2019 01:43,0
04/10/2019 01:48,0
04/10/2019 01:53,0
04/10/2019 01:58,0
04/10/2019 02:03,0
04/10/2019 02:08,0
04/10/2019 02:13,0
04/10/2019 02:18,0
04/10/2019 02:23,0
04/10/2019 02:28,0
04/10/2019 02:33,0
04/10/2019 02:38,0
04/10/2019 02:43,0
04/10/2019 02:48,0
04/10/2019 02:53,0
04/10/2019 02:58,0
04/10/2019 03:03,0
04/10/2019 03:08,0
04/10/2019 03:13,0
04/10/2019 03:18,0
04/10/2019 03:23,0
04/10/2019 03:28,0
04/10/2019 03:33,0
04/10/2019 03:38,0
04/10/2019 03:43,0
04/10/2019 03:48,0
04/10/2019 03:53,0
04/10/2019 03:58,0
04/10/2019 04:03,0
04/10/2019 04:08,0
04/10/2019 04:13,0
04/10/2019 04:18,0
04/10/2019 04:23,0
04/10/2019 04:28,0
04/10/2019 04:33,0
04/10/2019 04:38,0
04/10/2019 04:43,0
04/10/2019 04:48,0
04/10/2019 04:53,0
04/10/2019 04:58,0
04/10/2019 05:03,0
04/10/2019 05:08,0
04/10/2019 05:13,0
04/10/2019 05:18,0
04/10/2019 05:23,0
04/10/2019 05:28,0
04/10/2019 05:33,0
04/10/2019 05:38,0
04/10/2019 05:43,0
04/10/2019 05:48,0
04/10/2019 05:53,0
04/10/2019 05:58,0
04/10/2019 06:03,0
04/10/2019 06:08,0
04/10/2019 06:13,0
04/10/2019 06:18,0
04/10/2019 06:23,0
04/10/2019 06:28,0
04/10/2019 06:33,0
04/10/2019 06:38,0
04/10/2019 06:43,0
04/10/2019 06:48,0
04/10/2019 06:53,0
04/10/2019 06:58,0
04/10/2019 07:03,0
04/10/2019 07:08,0
04/10/2019 07:13,0
04/10/2019 07:18,0
04/10/2019 07:23,0
04/10/2019 07:28,0
04/10/2019 07:33,0
04/10/2019 07:38,0
04/10/2019 07:43,0
04/10/2019 07:48,0
04/10/2019 07:53,0
04/10/2019 07:58,0
04/10/2019 08:03,0
04/10/2019 08:08,0
04/10/2019 08:13,0
04/10/2019 08:18,0
04/10/2019 08:23,0
04/10/2019 08:28,0
04/10/2019 08:33,0
04/10/2019 08:38,0
04/10/2019 08:43,0
04/10/2019 08:48,0
04/10/2019 08:53,0
04/10/2019 08:58,0
04/10/2019 09:03,0
04/10/2019 09:08,0
04/10/2019 09:13,0
04/10/2019 09:18,0
04/10/2019 09:23,0
04/10/2019 09:28,0
04/10/2019 09:33,0
04/10/2019 09:38,0
04/10/2019 09:43,0
04/10/2019 09:48,0
04/10/2019 09:53,0
04/10/2019 09:58,0
04/10/2019 10:03,0
04/10/2019 10:08,0
04/10/2019 10:13,0
04/10/2019 10:18,0
04/10/2019 10:23,0
04/10/2019 10:28,0
04/10/2019 10:33,0
04/10/2019 10:38,0
04/10/2019 10:43,0
04/10/2019 10:48,0
04/10/2019 10:53,0
04/10/2019 10:58,0
04/10/2019 11:03,0
04/10/2019 11:08,0
04/10/2019 11:13,0
04/10/2019 11:18,0
04/10/2019 11:23,0
04/10/2019 11:28,0
04/10/2019 11:33,0
04/10/2019 11:38,0
04/10/2019 11:43,0
04/10/2019 11:48,0
04/10/2019 11:53,0
04/10/2019 11:58,0
04/10/2019 12:03,0
04/10/2019 12:08,0
04/10/2019 12:13,0
04/10/2019 12:18,0
04/10/2019 12:23,0
04/10/2019 12:28,0
04/10/2019 12:33,0
04/10/2019 12:38,0
04/10/2019 12:43,0
04/10/2019 12:48,0
04/10/2019 12:53,0
04/10/2019 12:58,0
04/10/2019 13:03,0
04/10/2019 13:08,0
04/10/2019 13:13,0
04/10/2019 13:18,0
04/10/2019 13:23,0
04/10/2019 13:28,0
04/10/2019 13:33,0
04/10/2019 13:38,0
04/10/2019 13:43,0
04/10/2019 13:48,0
04/10/2019 13:53,0
04/10/2019 13:58,0
04/10/2019 14:03,0
04/10/2019 14:08,0
04/10/2019 14:13,0
04/10/2019 14:18,0
04/10/2019 14:23,0
04/10/2019 14:28,0
04/10/2019 14:33,0
04/10/2019 14:38,0
04/10/2019 14:43,0
04/10/2019 14:48,0
04/10/2019 14:53,0
04/10/2019 14:58,0
04/10/2019 15:03,0
04/10/2019 15:08,0.354355665
04/10/2019 15:13,1.417422661
04/10/2019 15:18,0
04/10/2019 15:23,0
04/10/2019 15:28,0
04/10/2019 15:33,0
04/10/2019 15:38,0
04/10/2019 15:43,0
04/10/2019 15:48,0
04/10/2019 15:53,0
04/10/2019 15:58,0
04/10/2019 16:03,0
04/10/2019 16:08,0
04/10/2019 16:13,0
04/10/2019 16:18,0
04/10/2019 16:23,0
04/10/2019 16:28,0
04/10/2019 16:33,0
04/10/2019 16:38,0
04/10/2019 16:43,0
04/10/2019 16:48,0
04/10/2019 16:53,0
04/10/2019 16:58,0
04/10/2019 17:03,0
04/10/2019 17:08,0
04/10/2019 17:13,0
04/10/2019 17:18,0
04/10/2019 17:23,0
04/10/2019 17:28,0
04/10/2019 17:33,0
04/10/2019 17:38,0
04/10/2019 17:43,0
04/10/2019 17:48,0
04/10/2019 17:53,0
04/10/2019 17:58,0
04/10/2019 18:03,0
04/10/2019 18:08,0
04/10/2019 18:13,0
04/10/2019 18:18,0
04/10/2019 18:23,0
04/10/2019 18:28,0
04/10/2019 18:33,0
04/10/2019 18:38,0
04/10/2019 18:43,0
04/10/2019 18:48,0
04/10/2019 18:53,0
04/10/2019 18:58,0
04/10/2019 19:03,0
04/10/2019 19:08,0
04/10/2019 19:13,0
04/10/2019 19:18,0
04/10/2019 19:23,0
04/10/2019 19:28,0
04/10/2019 19:33,0
04/10/2019 19:38,0
04/10/2019 19:43,0
04/10/2019 19:48,0
04/10/2019 19:53,0
04/10/2019 19:58,0
04/10/2019 20:03,0
04/10/2019 20:08,0
04/10/2019 20:13,0
04/10/2019 20:18,0
04/10/2019 20:23,0
04/10/2019 20:28,0
04/10/2019 20:33,0
04/10/2019 20:38,0
04/10/2019 20:43,0
04/10/2019 20:48,0
04/10/2019 20:53,0
04/10/2019 20:58,0
04/10/2019 21:03,0
04/10/2019 21:08,0
04/10/2019 21:13,0
04/10/2019 21:18,0
04/10/2019 21:23,0
04/10/2019 21:28,0
04/10/2019 21:33,0
04/10/2019 21:38,0
04/10/2019 21:43,0
04/10/2019 21:48,0
04/10/2019 21:53,0
04/10/2019 21:58,0
04/10/2019 22:03,0
04/10/2019 22:08,0
04/10/2019 22:13,0
04/10/2019 22:18,0
04/10/2019 22:23,0
04/10/2019 22:28,0
04/10/2019 22:33,0
04/10/2019 22:38,0
04/10/2019 22:43,0
04/10/2019 22:48,0
04/10/2019 22:53,0
04/10/2019 22:58,0
04/10/2019 23:03,0
04/10/2019 23:08,0
04/10/2019 23:13,0
04/10/2019 23:18,0
04/10/2019 23:23,0
04/10/2019 23:28,0
04/10/2019 23:33,0
04/10/2019 23:38,0
04/10/2019 23:43,0
04/10/2019 23:48,0
04/10/2019 23:53,0
04/10/2019 23:58,0
05/10/2019 00:03,0
05/10/2019 00:08,0
05/10/2019 00:13,0
05/10/2019 00:18,0
05/10/2019 00:23,0
05/10/2019 00:28,0
05/10/2019 00:33,0
05/10/2019 00:38,0
05/10/2019 00:43,0
05/10/2019 00:48,0
05/10/2019 00:53,0
05/10/2019 00:58,0
05/10/2019 01:03,0
05/10/2019 01:08,0
05/10/2019 01:13,0
05/10/2019 01:18,0
05/10/2019 01:23,0
05/10/2019 01:28,0
05/10/2019 01:33,0
05/10/2019 01:38,0
05/10/2019 01:43,0
05/10/2019 01:48,0
05/10/2019 01:53,0
05/10/2019 01:58,0
05/10/2019 02:03,0
05/10/2019 02:08,0
05/10/2019 02:13,0
05/10/2019 02:18,0
05/10/2019 02:23,0
05/10/2019 02:28,0
05/10/2019 02:33,0
05/10/2019 02:38,0
05/10/2019 02:43,0
05/10/2019 02:48,0
05/10/2019 02:53,0
05/10/2019 02:58,0
05/10/2019 03:03,0
05/10/2019 03:08,0
05/10/2019 03:13,0
05/10/2019 03:18,0
05/10/2019 03:23,0
05/10/2019 03:28,0
05/10/2019 03:33,0
05/10/2019 03:38,0
05/10/2019 03:43,0
05/10/2019 03:48,0
05/10/2019 03:53,0
05/10/2019 03:58,0
05/10/2019 04:03,0
05/10/2019 04:08,0
05/10/2019 04:13,0
05/10/2019 04:18,0
05/10/2019 04:23,0
05/10/2019 04:28,0
05/10/2019 04:33,0
05/10/2019 04:38,0
05/10/2019 04:43,0
05/10/2019 04:48,0
05/10/2019 04:53,0
05/10/2019 04:58,0
05/10/2019 05:03,0
05/10/2019 05:08,0
05/10/2019 05:13,0
05/10/2019 05:18,0
05/10/2019 05:23,0
05/10/2019 05:28,0
05/10/2019 05:33,0
05/10/2019 05:38,0
05/10/2019 05:43,0
05/10/2019 05:48,0
05/10/2019 05:53,0
05/10/2019 05:58,0
05/10/2019 06:03,0
05/10/2019 06:08,0
05/10/2019 06:13,0
05/10/2019 06:18,0
05/10/2019 06:23,0
05/10/2019 06:28,0
05/10/2019 06:33,0
05/10/2019 06:38,0
05/10/2019 06:43,0
05/10/2019 06:48,0
05/10/2019 06:53,0
05/10/2019 06:58,0
05/10/2019 07:03,0
05/10/2019 07:08,0
05/10/2019 07:13,0
05/10/2019 07:18,0
05/10/2019 07:23,0
05/10/2019 07:28,0
05/10/2019 07:33,0
05/10/2019 07:38,0
05/10/2019 07:43,0
05/10/2019 07:48,0
05/10/2019 07:53,0
05/10/2019 07:58,0
05/10/2019 08:03,0
05/10/2019 08:08,0
05/10/2019 08:13,0
05/10/2019 08:18,0
05/10/2019 08:23,0
05/10/2019 08:28,0
05/10/2019 08:33,0
05/10/2019 08:38,0
05/10/2019 08:43,0
05/10/2019 08:48,0
05/10/2019 08:53,0
05/10/2019 08:58,0
05/10/2019 09:03,0
05/10/2019 09:08,0
05/10/2019 09:13,0
05/10/2019 09:18,0
05/10/2019 09:23,0
05/10/2019 09:28,0
05/10/2019 09:33,0
05/10/2019 09:38,0
05/10/2019 09:43,0
05/10/2019 09:48,0
05/10/2019 09:53,0
05/10/2019 09:58,0
05/10/2019 10:03,0
05/10/2019 10:08,0
05/10/2019 10:13,0
05/10/2019 10:18,0
05/10/2019 10:23,0
05/10/2019 10:28,0
05/10/2019 10:33,0
05/10/2019 10:38,0
05/10/2019 10:43,0
05/10/2019 10:48,0
05/10/2019 10:53,0
05/10/2019 10:58,0
05/10/2019 11:03,0
05/10/2019 11:08,0
05/10/2019 11:13,0
05/10/2019 11:18,0
05/10/2019 11:23,0
05/10/2019 11:28,0
05/10/2019 11:33,0
05/10/2019 11:38,0
05/10/2019 11:43,0
05/10/2019 11:48,0
05/10/2019 11:53,0
05/10/2019 11:58,0
05/10/2019 12:03,0
05/10/2019 12:08,0
05/10/2019 12:13,0
05/10/2019 12:18,0
05/10/2019 12:23,0
05/10/2019 12:28,0
05/10/2019 12:33,0
05/10/2019 12:38,0
05/10/2019 12:43,0
05/10/2019 12:48,0
05/10/2019 12:53,0
05/10/2019 12:58,0
05/10/2019 13:03,0
05/10/2019 13:08,0
05/10/2019 13:13,0
05/10/2019 13:18,0
05/10/2019 13:23,0
05/10/2019 13:28,0
05/10/2019 13:33,0
05/10/2019 13:38,0
05/10/2019 13:43,0
05/10/2019 13:48,0
05/10/2019 13:53,0
05/10/2019 13:58,0
05/10/2019 14:03,0
05/10/2019 14:08,0
05/10/2019 14:13,0
05/10/2019 14:18,0
05/10/2019 14:23,0
05/10/2019 14:28,0
05/10/2019 14:33,0
05/10/2019 14:38,0
05/10/2019 14:43,0
05/10/2019 14:48,0
05/10/2019 14:53,0
05/10/2019 14:58,0
05/10/2019 15:03,0
05/10/2019 15:08,0
05/10/2019 15:13,0
05/10/2019 15:18,0
05/10/2019 15:23,0
05/10/2019 15:28,0
05/10/2019 15:33,0
05/10/2019 15:38,0
05/10/2019 15:43,0
05/10/2019 15:48,0
05/10/2019 15:53,0
05/10/2019 15:58,0
05/10/2019 16:03,0
05/10/2019 16:08,0
05/10/2019 16:13,0
05/10/2019 16:18,0
05/10/2019 16:23,0
05/10/2019 16:28,0
05/10/2019 16:33,0
05/10/2019 16:38,0
05/10/2019 16:43,0
05/10/2019 16:48,0
05/10/2019 16:53,0
05/10/2019 16:58,0
05/10/2019 17:03,0
05/10/2019 17:08,0
05/10/2019 17:13,0
05/10/2019 17:18,0
05/10/2019 17:23,0
05/10/2019 17:28,0
05/10/2019 17:33,0
05/10/2019 17:38,0
05/10/2019 17:43,0
05/10/2019 17:48,0
05/10/2019 17:53,0
05/10/2019 17:58,0
05/10/2019 18:03,0
05/10/2019 18:08,0
05/10/2019 18:13,0
05/10/2019 18:18,0
05/10/2019 18:23,0
05/10/2019 18:28,0
05/10/2019 18:33,0
05/10/2019 18:38,0
05/10/2019 18:43,0
05/10/2019 18:48,0
05/10/2019 18:53,0
05/10/2019 18:58,0
05/10/2019 19:03,0
05/10/2019 19:08,0
05/10/2019 19:13,0
05/10/2019 19:18,0
05/10/2019 19:23,0
05/10/2019 19:28,0
05/10/2019 19:33,0
05/10/2019 19:38,0
05/10/2019 19:43,0
05/10/2019 19:48,0
05/10/2019 19:53,0
05/10/2019 19:58,0
05/10/2019 20:03,0
05/10/2019 20:08,0
05/10/2019 20:13,0
05/10/2019 20:18,0
05/10/2019 20:23,0
05/10/2019 20:28,0
05/10/2019 20:33,0
05/10/2019 20:38,0
05/10/2019 20:43,0
05/10/2019 20:48,0
05/10/2019 20:53,0
05/10/2019 20:58,0
05/10/2019 21:03,0
05/10/2019 21:08,0
05/10/2019 21:13,0
05/10/2019 21:18,0
05/10/2019 21:23,0
05/10/2019 21:28,0
05/10/2019 21:33,0
05/10/2019 21:38,0
05/10/2019 21:43,0
05/10/2019 21:48,0
05/10/2019 21:53,0
05/10/2019 21:58,0
05/10/2019 22:03,0
05/10/2019 22:08,0
05/10/2019 22:13,0
05/10/2019 22:18,0
05/10/2019 22:23,0
05/10/2019 22:28,0
05/10/2019 22:33,0
05/10/2019 22:38,0
05/10/2019 22:43,0
05/10/2019 22:48,0
05/10/2019 22:53,0
05/10/2019 22:58,0
05/10/2019 23:03,0
05/10/2019 23:08,0
05/10/2019 23:13,0
05/10/2019 23:18,0
05/10/2019 23:23,0
05/10/2019 23:28,0
05/10/2019 23:33,0
05/10/2019 23:38,0
05/10/2019 23:43,0
05/10/2019 23:48,0
05/10/2019 23:53,0
05/10/2019 23:58,0
06/10/2019 00:03,0
06/10/2019 00:08,0
06/10/2019 00:13,0
06/10/2019 00:18,0
06/10/2019 00:23,0
06/10/2019 00:28,0
06/10/2019 00:33,0
06/10/2019 00:38,0
06/10/2019 00:43,0
06/10/2019 00:48,0
06/10/2019 00:53,0
06/10/2019 00:58,0
06/10/2019 01:03,0
06/10/2019 01:08,0
06/10/2019 01:13,0
06/10/2019 01:18,0
06/10/2019 01:23,0
06/10/2019 01:28,0
06/10/2019 01:33,0
06/10/2019 01:38,0
06/10/2019 01:43,0
06/10/2019 01:48,0
06/10/2019 01:53,0
06/10/2019 01:58,0
06/10/2019 02:03,0
06/10/2019 02:08,0
06/10/2019 02:13,0
06/10/2019 02:18,0
06/10/2019 02:23,0
06/10/2019 02:28,0
06/10/2019 02:33,0
06/10/2019 02:38,0
06/10/2019 02:43,0
06/10/2019 02:48,0
06/10/2019 02:53,0
06/10/2019 02:58,0
06/10/2019 03:03,0
06/10/2019 03:08,0
06/10/2019 03:13,0
06/10/2019 03:18,0
06/10/2019 03:23,0
06/10/2019 03:28,0
06/10/2019 03:33,0
06/10/2019 03:38,0
06/10/2019 03:43,0
06/10/2019 03:48,0
06/10/2019 03:53,0
06/10/2019 03:58,0
06/10/2019 04:03,0
06/10/2019 04:08,0
06/10/2019 04:13,0
06/10/2019 04:18,0
06/10/2019 04:23,0
06/10/2019 04:28,0
06/10/2019 04:33,0
06/10/2019 04:38,0
06/10/2019 04:43,0
06/10/2019 04:48,0
06/10/2019 04:53,0
06/10/2019 04:58,0
06/10/2019 05:03,0
06/10/2019 05:08,0
06/10/2019 05:13,0
06/10/2019 05:18,0
06/10/2019 05:23,0
06/10/2019 05:28,0
06/10/2019 05:33,0
06/10/2019 05:38,0
06/10/2019 05:43,0
06/10/2019 05:48,0
06/10/2019 05:53,0
06/10/2019 05:58,0
06/10/2019 06:03,0
06/10/2019 06:08,0
06/10/2019 06:13,0
06/10/2019 06:18,0
06/10/2019 06:23,0
06/10/2019 06:28,0
06/10/2019 06:33,0
06/10/2019 06:38,0
06/10/2019 06:43,0
06/10/2019 06:48,0
06/10/2019 06:53,0
06/10/2019 06:58,0
06/10/2019 07:03,0
06/10/2019 07:08,0
06/10/2019 07:13,0
06/10/2019 07:18,0
06/10/2019 07:23,0
06/10/2019 07:28,0
06/10/2019 07:33,0
06/10/2019 07:38,0
06/10/2019 07:43,0
06/10/2019 07:48,0
06/10/2019 07:53,0
06/10/2019 07:58,0
06/10/2019 08:03,0
06/10/2019 08:08,0
06/10/2019 08:13,0
06/10/2019 08:18,0
06/10/2019 08:23,0
06/10/2019 08:28,0
06/10/2019 08:33,0
06/10/2019 08:38,0
06/10/2019 08:43,0
06/10/2019 08:48,0
06/10/2019 08:53,0
06/10/2019 08:58,0
06/10/2019 09:03,0
06/10/2019 09:08,0
06/10/2019 09:13,0
06/10/2019 09:18,0
06/10/2019 09:23,0
06/10/2019 09:28,0
06/10/2019 09:33,0
06/10/2019 09:38,0
06/10/2019 09:43,0
06/10/2019 09:48,0
06/10/2019 09:53,0
06/10/2019 09:58,0
06/10/2019 10:03,0
06/10/2019 10:08,0
06/10/2019 10:13,0
06/10/2019 10:18,0
06/10/2019 10:23,0
06/10/2019 10:28,0
06/10/2019 10:33,0
06/10/2019 10:38,0
06/10/2019 10:43,0
06/10/2019 10:48,0
06/10/2019 10:53,0
06/10/2019 10:58,0
06/10/2019 11:03,0
06/10/2019 11:08,0
06/10/2019 11:13,0
06/10/2019 11:18,0
06/10/2019 11:23,0
06/10/2019 11:28,0
06/10/2019 11:33,0
06/10/2019 11:38,0
06/10/2019 11:43,0
06/10/2019 11:48,0
06/10/2019 11:53,0
06/10/2019 11:58,0
06/10/2019 12:03,0
06/10/2019 12:08,0
06/10/2019 12:13,0
06/10/2019 12:18,0
06/10/2019 12:23,0
06/10/2019 12:28,0
06/10/2019 12:33,0
06/10/2019 12:38,0
06/10/2019 12:43,0
06/10/2019 12:48,0
06/10/2019 12:53,0
06/10/2019 12:58,0
06/10/2019 13:03,0
06/10/2019 13:08,0
06/10/2019 13:13,0
06/10/2019 13:18,0
06/10/2019 13:23,0
06/10/2019 13:28,0
06/10/2019 13:33,0
06/10/2019 13:38,0
06/10/2019 13:43,0
06/10/2019 13:48,0
06/10/2019 13:53,0
06/10/2019 13:58,0
06/10/2019 14:03,0
06/10/2019 14:08,0
06/10/2019 14:13,0
06/10/2019 14:18,0
06/10/2019 14:23,0
06/10/2019 14:28,0
06/10/2019 14:33,0
06/10/2019 14:38,0
06/10/2019 14:43,0
06/10/2019 14:48,0
06/10/2019 14:53,0
06/10/2019 14:58,0
06/10/2019 15:03,0
06/10/2019 15:08,0
06/10/2019 15:13,0
06/10/2019 15:18,0
06/10/2019 15:23,0
06/10/2019 15:28,0
06/10/2019 15:33,0
06/10/2019 15:38,0
06/10/2019 15:43,0
06/10/2019 15:48,0
06/10/2019 15:53,0
06/10/2019 15:58,0
06/10/2019 16:03,0
06/10/2019 16:08,0
06/10/2019 16:13,0
06/10/2019 16:18,0
06/10/2019 16:23,0
06/10/2019 16:28,0
06/10/2019 16:33,0
06/10/2019 16:38,0
06/10/2019 16:43,0
06/10/2019 16:48,0
06/10/2019 16:53,0
06/10/2019 16:58,0
06/10/2019 17:03,0
06/10/2019 17:08,0
06/10/2019 17:13,0
06/10/2019 17:18,0
06/10/2019 17:23,0
06/10/2019 17:28,0
06/10/2019 17:33,0
06/10/2019 17:38,0
06/10/2019 17:43,0
06/10/2019 17:48,0
06/10/2019 17:53,0
06/10/2019 17:58,0
06/10/2019 18:03,0
06/10/2019 18:08,0
06/10/2019 18:13,0
06/10/2019 18:18,0
06/10/2019 18:23,0
06/10/2019 18:28,0
06/10/2019 18:33,0
06/10/2019 18:38,0
06/10/2019 18:43,0
06/10/2019 18:48,0
06/10/2019 18:53,0
06/10/2019 18:58,0
06/10/2019 19:03,0
06/10/2019 19:08,0
06/10/2019 19:13,0
06/10/2019 19:18,0
06/10/2019 19:23,0
06/10/2019 19:28,0
06/10/2019 19:33,0.354355665
06/10/2019 19:38,0
06/10/2019 19:43,0.70871133
06/10/2019 19:48,0
06/10/2019 19:53,0.354355665
06/10/2019 19:58,0.70871133
06/10/2019 20:03,0
06/10/2019 20:08,0.354355665
06/10/2019 20:13,0
06/10/2019 20:18,0
06/10/2019 20:23,0.354355665
06/10/2019 20:28,0
06/10/2019 20:33,0
06/10/2019 20:38,0
06/10/2019 20:43,0
06/10/2019 20:48,0
06/10/2019 20:53,0
06/10/2019 20:58,0
06/10/2019 21:03,0
06/10/2019 21:08,0.70871133
06/10/2019 21:13,0
06/10/2019 21:18,0
06/10/2019 21:23,0
06/10/2019 21:28,0
06/10/2019 21:33,0
06/10/2019 21:38,0
06/10/2019 21:43,0
06/10/2019 21:48,0
06/10/2019 21:53,0
06/10/2019 21:58,0
06/10/2019 22:03,0
06/10/2019 22:08,0
06/10/2019 22:13,0
06/10/2019 22:18,0
06/10/2019 22:23,0
06/10/2019 22:28,0
06/10/2019 22:33,0
06/10/2019 22:38,0
06/10/2019 22:43,0
06/10/2019 22:48,0
06/10/2019 22:53,0
06/10/2019 22:58,0
06/10/2019 23:03,0
06/10/2019 23:08,0
06/10/2019 23:13,0
06/10/2019 23:18,0
06/10/2019 23:23,0
06/10/2019 23:28,0
06/10/2019 23:33,0
06/10/2019 23:38,0
06/10/2019 23:43,0
06/10/2019 23:48,0
06/10/2019 23:53,0
06/10/2019 23:58,0
07/10/2019 00:03,0
07/10/2019 00:08,0
07/10/2019 00:13,0
07/10/2019 00:18,0
07/10/2019 00:23,0
07/10/2019 00:28,0
07/10/2019 00:33,0
07/10/2019 00:38,0
07/10/2019 00:43,0
07/10/2019 00:48,0
07/10/2019 00:53,0
07/10/2019 00:58,0
07/10/2019 01:03,0
07/10/2019 01:08,0
07/10/2019 01:13,0
07/10/2019 01:18,0
07/10/2019 01:23,0
07/10/2019 01:28,0
07/10/2019 01:33,0
07/10/2019 01:38,0
07/10/2019 01:43,0
07/10/2019 01:48,0
07/10/2019 01:53,0
07/10/2019 01:58,0
07/10/2019 02:03,0
07/10/2019 02:08,0
07/10/2019 02:13,0
07/10/2019 02:18,0
07/10/2019 02:23,0
07/10/2019 02:28,0
07/10/2019 02:33,0
07/10/2019 02:38,0
07/10/2019 02:43,0
07/10/2019 02:48,0
07/10/2019 02:53,0
07/10/2019 02:58,0
07/10/2019 03:03,0
07/10/2019 03:08,0
07/10/2019 03:13,0
07/10/2019 03:18,0
07/10/2019 03:23,0
07/10/2019 03:28,0
07/10/2019 03:33,0
07/10/2019 03:38,0
07/10/2019 03:43,0
07/10/2019 03:48,0
07/10/2019 03:53,0
07/10/2019 03:58,0
07/10/2019 04:03,0
07/10/2019 04:08,0
07/10/2019 04:13,0
07/10/2019 04:18,0
07/10/2019 04:23,0
07/10/2019 04:28,0
07/10/2019 04:33,0
07/10/2019 04:38,0
07/10/2019 04:43,0
07/10/2019 04:48,0
07/10/2019 04:53,0
07/10/2019 04:58,0
07/10/2019 05:03,0
07/10/2019 05:08,0
07/10/2019 05:13,0
07/10/2019 05:18,0
07/10/2019 05:23,0
07/10/2019 05:28,0
07/10/2019 05:33,0
07/10/2019 05:38,0
07/10/2019 05:43,0
07/10/2019 05:48,0
07/10/2019 05:53,0
07/10/2019 05:58,0
07/10/2019 06:03,0
07/10/2019 06:08,0
07/10/2019 06:13,0
07/10/2019 06:18,0
07/10/2019 06:23,0
07/10/2019 06:28,0
07/10/2019 06:33,0
07/10/2019 06:38,0
07/10/2019 06:43,0
07/10/2019 06:48,0
07/10/2019 06:53,0
07/10/2019 06:58,0
07/10/2019 07:03,0
07/10/2019 07:08,0
07/10/2019 07:13,0
07/10/2019 07:18,0
07/10/2019 07:23,0
07/10/2019 07:28,0
07/10/2019 07:33,0
07/10/2019 07:38,0
07/10/2019 07:43,0
07/10/2019 07:48,0
07/10/2019 07:53,0
07/10/2019 07:58,0
07/10/2019 08:03,0
07/10/2019 08:08,0
07/10/2019 08:13,0
07/10/2019 08:18,0
07/10/2019 08:23,0
07/10/2019 08:28,0
07/10/2019 08:33,0
07/10/2019 08:38,0
07/10/2019 08:43,0
07/10/2019 08:48,0
07/10/2019 08:53,0
07/10/2019 08:58,0
07/10/2019 09:03,0
07/10/2019 09:08,0
07/10/2019 09:13,0
07/10/2019 09:18,0
07/10/2019 09:23,0
07/10/2019 09:28,0
07/10/2019 09:33,0
07/10/2019 09:38,0
07/10/2019 09:43,0
07/10/2019 09:48,0
07/10/2019 09:53,0
07/10/2019 09:58,0
07/10/2019 10:03,0
07/10/2019 10:08,0
07/10/2019 10:13,0
07/10/2019 10:18,0
07/10/2019 10:23,0
07/10/2019 10:28,0
07/10/2019 10:33,0
07/10/2019 10:38,0
07/10/2019 10:43,0
07/10/2019 10:48,0
07/10/2019 10:53,0
07/10/2019 10:58,0
07/10/2019 11:03,0
07/10/2019 11:08,0
07/10/2019 11:13,0
07/10/2019 11:18,0
07/10/2019 11:23,0
07/10/2019 11:28,0
07/10/2019 11:33,0
07/10/2019 11:38,0
07/10/2019 11:43,0
07/10/2019 11:48,0
07/10/2019 11:53,0
07/10/2019 11:58,0
07/10/2019 12:03,0
07/10/2019 12:08,0
07/10/2019 12:13,0
07/10/2019 12:18,0
07/10/2019 12:23,0
07/10/2019 12:28,0
07/10/2019 12:33,0
07/10/2019 12:38,0
07/10/2019 12:43,0
07/10/2019 12:48,0
07/10/2019 12:53,0
07/10/2019 12:58,0
07/10/2019 13:03,0
07/10/2019 13:08,0
07/10/2019 13:13,0
07/10/2019 13:18,0
07/10/2019 13:23,0
07/10/2019 13:28,0
07/10/2019 13:33,0
07/10/2019 13:38,0
07/10/2019 13:43,0
07/10/2019 13:48,0
07/10/2019 13:53,0
07/10/2019 13:58,0
07/10/2019 14:03,0
07/10/2019 14:08,0
07/10/2019 14:13,0
07/10/2019 14:18,0
07/10/2019 14:23,0
07/10/2019 14:28,0
07/10/2019 14:33,0
07/10/2019 14:38,0
07/10/2019 14:43,0
07/10/2019 14:48,0
07/10/2019 14:53,0
07/10/2019 14:58,0
07/10/2019 15:03,0
07/10/2019 15:08,0
07/10/2019 15:13,0
07/10/2019 15:18,0
07/10/2019 15:23,0
07/10/2019 15:28,0
07/10/2019 15:33,0
07/10/2019 15:38,0
07/10/2019 15:43,0
07/10/2019 15:48,0
07/10/2019 15:53,0
07/10/2019 15:58,0
07/10/2019 16:03,0
07/10/2019 16:08,0
07/10/2019 16:13,0
07/10/2019 16:18,0
07/10/2019 16:23,0
07/10/2019 16:28,0
07/10/2019 16:33,0
07/10/2019 16:38,0
07/10/2019 16:43,0
07/10/2019 16:48,0
07/10/2019 16:53,0
07/10/2019 16:58,0
07/10/2019 17:03,0
07/10/2019 17:08,0
07/10/2019 17:13,0
07/10/2019 17:18,0
07/10/2019 17:23,0
07/10/2019 17:28,0
07/10/2019 17:33,0
07/10/2019 17:38,0
07/10/2019 17:43,0
07/10/2019 17:48,0
07/10/2019 17:53,0
07/10/2019 17:58,0
07/10/2019 18:03,0
07/10/2019 18:08,0
07/10/2019 18:13,0
07/10/2019 18:18,0
07/10/2019 18:23,0
07/10/2019 18:28,0
07/10/2019 18:33,0
07/10/2019 18:38,0
07/10/2019 18:43,0
07/10/2019 18:48,0
07/10/2019 18:53,0
07/10/2019 18:58,0
07/10/2019 19:03,0
07/10/2019 19:08,0
07/10/2019 19:13,0
07/10/2019 19:18,0
07/10/2019 19:23,0
07/10/2019 19:28,0
07/10/2019 19:33,0
07/10/2019 19:38,0
07/10/2019 19:43,0
07/10/2019 19:48,0
07/10/2019 19:53,0
07/10/2019 19:58,0
07/10/2019 20:03,0
07/10/2019 20:08,0
07/10/2019 20:13,0
07/10/2019 20:18,0
07/10/2019 20:23,0
07/10/2019 20:28,0
07/10/2019 20:33,0
07/10/2019 20:38,0
07/10/2019 20:43,0
07/10/2019 20:48,0
07/10/2019 20:53,0
07/10/2019 20:58,0
07/10/2019 21:03,0
07/10/2019 21:08,0
07/10/2019 21:13,0
07/10/2019 21:18,0
07/10/2019 21:23,0
07/10/2019 21:28,0
07/10/2019 21:33,0
07/10/2019 21:38,0
07/10/2019 21:43,0
07/10/2019 21:48,0
07/10/2019 21:53,0
07/10/2019 21:58,0
07/10/2019 22:03,0
07/10/2019 22:08,0
07/10/2019 22:13,0
07/10/2019 22:18,0
07/10/2019 22:23,0
07/10/2019 22:28,0
07/10/2019 22:33,0
07/10/2019 22:38,0
07/10/2019 22:43,0
07/10/2019 22:48,0
07/10/2019 22:53,0
07/10/2019 22:58,0
07/10/2019 23:03,0
07/10/2019 23:08,0
07/10/2019 23:13,0
07/10/2019 23:18,0
07/10/2019 23:23,0
07/10/2019 23:28,0
07/10/2019 23:33,0
07/10/2019 23:38,0
07/10/2019 23:43,0
07/10/2019 23:48,0
07/10/2019 23:53,0
07/10/2019 23:58,0
08/10/2019 00:03,0
08/10/2019 00:08,0
08/10/2019 00:13,0
08/10/2019 00:18,0
08/10/2019 00:23,0
08/10/2019 00:28,0
08/10/2019 00:33,0
08/10/2019 00:38,0
08/10/2019 00:43,0
08/10/2019 00:48,0
08/10/2019 00:53,0
08/10/2019 00:58,0
08/10/2019 01:03,0
08/10/2019 01:08,0
08/10/2019 01:13,0
08/10/2019 01:18,0
08/10/2019 01:23,0
08/10/2019 01:28,0
08/10/2019 01:33,0
08/10/2019 01:38,0
08/10/2019 01:43,0
08/10/2019 01:48,0
08/10/2019 01:53,0
08/10/2019 01:58,0
08/10/2019 02:03,0
08/10/2019 02:08,0
08/10/2019 02:13,0
08/10/2019 02:18,0
08/10/2019 02:23,0
08/10/2019 02:28,0
08/10/2019 02:33,0
08/10/2019 02:38,0
08/10/2019 02:43,0
08/10/2019 02:48,0
08/10/2019 02:53,0
08/10/2019 02:58,0
08/10/2019 03:03,0
08/10/2019 03:08,0
08/10/2019 03:13,0
08/10/2019 03:18,0
08/10/2019 03:23,0
08/10/2019 03:28,0
08/10/2019 03:33,0
08/10/2019 03:38,0
08/10/2019 03:43,0
08/10/2019 03:48,0
08/10/2019 03:53,0
08/10/2019 03:58,0
08/10/2019 04:03,0
08/10/2019 04:08,0
08/10/2019 04:13,0
08/10/2019 04:18,0
08/10/2019 04:23,0
08/10/2019 04:28,0
08/10/2019 04:33,0
08/10/2019 04:38,0
08/10/2019 04:43,0
08/10/2019 04:48,0
08/10/2019 04:53,0
08/10/2019 04:58,0
08/10/2019 05:03,0
08/10/2019 05:08,0
08/10/2019 05:13,0
08/10/2019 05:18,0
08/10/2019 05:23,0
08/10/2019 05:28,0
08/10/2019 05:33,0
08/10/2019 05:38,0
08/10/2019 05:43,0
08/10/2019 05:48,0
08/10/2019 05:53,0
08/10/2019 05:58,0
08/10/2019 06:03,0
08/10/2019 06:08,0
08/10/2019 06:13,0
08/10/2019 06:18,0
08/10/2019 06:23,0
08/10/2019 06:28,0
08/10/2019 06:33,0
08/10/2019 06:38,0
08/10/2019 06:43,0
08/10/2019 06:48,0
08/10/2019 06:53,0
08/10/2019 06:58,0
08/10/2019 07:03,0
08/10/2019 07:08,0
08/10/2019 07:13,0
08/10/2019 07:18,0
08/10/2019 07:23,0
08/10/2019 07:28,0
08/10/2019 07:33,0
08/10/2019 07:38,0
08/10/2019 07:43,0
08/10/2019 07:48,0
08/10/2019 07:53,0
08/10/2019 07:58,0
08/10/2019 08:03,0
08/10/2019 08:08,0
08/10/2019 08:13,0
08/10/2019 08:18,0
08/10/2019 08:23,0
08/10/2019 08:28,0
08/10/2019 08:33,0
08/10/2019 08:38,0
08/10/2019 08:43,0
08/10/2019 08:48,0
08/10/2019 08:53,0
08/10/2019 08:58,0
08/10/2019 09:03,0
08/10/2019 09:08,0
08/10/2019 09:13,0
08/10/2019 09:18,0
08/10/2019 09:23,0
08/10/2019 09:28,0
08/10/2019 09:33,0
08/10/2019 09:38,0
08/10/2019 09:43,0
08/10/2019 09:48,0
08/10/2019 09:53,0
08/10/2019 09:58,0
08/10/2019 10:03,0
08/10/2019 10:08,0
08/10/2019 10:13,0
08/10/2019 10:18,0
08/10/2019 10:23,0
08/10/2019 10:28,0
08/10/2019 10:33,0
08/10/2019 10:38,0
08/10/2019 10:43,0
08/10/2019 10:48,0
08/10/2019 10:53,0
08/10/2019 10:58,0
08/10/2019 11:03,0
08/10/2019 11:08,0
08/10/2019 11:13,0
08/10/2019 11:18,0
08/10/2019 11:23,0
08/10/2019 11:28,0
08/10/2019 11:33,0
08/10/2019 11:38,0
08/10/2019 11:43,0
08/10/2019 11:48,0
08/10/2019 11:53,0
08/10/2019 11:58,0
08/10/2019 12:03,0
08/10/2019 12:08,0
08/10/2019 12:13,0
08/10/2019 12:18,0
08/10/2019 12:23,0
08/10/2019 12:28,0
08/10/2019 12:33,0
08/10/2019 12:38,0
08/10/2019 12:43,0
08/10/2019 12:48,0
08/10/2019 12:53,0
08/10/2019 12:58,0
08/10/2019 13:03,0
08/10/2019 13:08,0
08/10/2019 13:13,0
08/10/2019 13:18,0
08/10/2019 13:23,0
08/10/2019 13:28,0
08/10/2019 13:33,0
08/10/2019 13:38,0
08/10/2019 13:43,0
08/10/2019 13:48,0
08/10/2019 13:53,0
08/10/2019 13:58,0
08/10/2019 14:03,0
08/10/2019 14:08,0
08/10/2019 14:13,0
08/10/2019 14:18,0
08/10/2019 14:23,0
08/10/2019 14:28,0
08/10/2019 14:33,0
08/10/2019 14:38,0
08/10/2019 14:43,0
08/10/2019 14:48,0
08/10/2019 14:53,0
08/10/2019 14:58,0
08/10/2019 15:03,0
08/10/2019 15:08,0
08/10/2019 15:13,0
08/10/2019 15:18,0
08/10/2019 15:23,0
08/10/2019 15:28,0
08/10/2019 15:33,0
08/10/2019 15:38,0
08/10/2019 15:43,0
08/10/2019 15:48,0
08/10/2019 15:53,0
08/10/2019 15:58,0
08/10/2019 16:03,0
08/10/2019 16:08,0
08/10/2019 16:13,0
08/10/2019 16:18,0
08/10/2019 16:23,0
08/10/2019 16:28,0
08/10/2019 16:33,0
08/10/2019 16:38,0
08/10/2019 16:43,0
08/10/2019 16:48,0
08/10/2019 16:53,0
08/10/2019 16:58,0
08/10/2019 17:03,0
08/10/2019 17:08,0
08/10/2019 17:13,0
08/10/2019 17:18,0
08/10/2019 17:23,0
08/10/2019 17:28,0
08/10/2019 17:33,0
08/10/2019 17:38,0
08/10/2019 17:43,0
08/10/2019 17:48,0
08/10/2019 17:53,0
08/10/2019 17:58,0
08/10/2019 18:03,0
08/10/2019 18:08,0
08/10/2019 18:13,0
08/10/2019 18:18,0
08/10/2019 18:23,0
08/10/2019 18:28,0
08/10/2019 18:33,0
08/10/2019 18:38,0
08/10/2019 18:43,0
08/10/2019 18:48,0
08/10/2019 18:53,0
08/10/2019 18:58,0
08/10/2019 19:03,0
08/10/2019 19:08,0
08/10/2019 19:13,0
08/10/2019 19:18,0
08/10/2019 19:23,0
08/10/2019 19:28,0
08/10/2019 19:33,0
08/10/2019 19:38,0
08/10/2019 19:43,0
08/10/2019 19:48,0
08/10/2019 19:53,0
08/10/2019 19:58,0
08/10/2019 20:03,0
08/10/2019 20:08,0
08/10/2019 20:13,0
08/10/2019 20:18,0
08/10/2019 20:23,0
08/10/2019 20:28,0
08/10/2019 20:33,0
08/10/2019 20:38,0
08/10/2019 20:43,0
08/10/2019 20:48,0
08/10/2019 20:53,0
08/10/2019 20:58,0
08/10/2019 21:03,0
08/10/2019 21:08,0
08/10/2019 21:13,0
08/10/2019 21:18,0
08/10/2019 21:23,0
08/10/2019 21:28,0
08/10/2019 21:33,0
08/10/2019 21:38,0
08/10/2019 21:43,0
08/10/2019 21:48,0
08/10/2019 21:53,0
08/10/2019 21:58,0
08/10/2019 22:03,0
08/10/2019 22:08,0
08/10/2019 22:13,0
08/10/2019 22:18,0
08/10/2019 22:23,0
08/10/2019 22:28,0
08/10/2019 22:33,0
08/10/2019 22:38,0
08/10/2019 22:43,0
08/10/2019 22:48,0
08/10/2019 22:53,0
08/10/2019 22:58,0
08/10/2019 23:03,0
08/10/2019 23:08,0
08/10/2019 23:13,0
08/10/2019 23:18,0
08/10/2019 23:23,0
08/10/2019 23:28,0
08/10/2019 23:33,0
08/10/2019 23:38,0
08/10/2019 23:43,0
08/10/2019 23:48,0
08/10/2019 23:53,0
08/10/2019 23:58,0
09/10/2019 00:03,0
09/10/2019 00:08,0
09/10/2019 00:13,0
09/10/2019 00:18,0
09/10/2019 00:23,0
09/10/2019 00:28,0
09/10/2019 00:33,0
09/10/2019 00:38,0
09/10/2019 00:43,0
09/10/2019 00:48,0
09/10/2019 00:53,0
09/10/2019 00:58,0
09/10/2019 01:03,0
09/10/2019 01:08,0
09/10/2019 01:13,0
09/10/2019 01:18,0
09/10/2019 01:23,0
09/10/2019 01:28,0
09/10/2019 01:33,0
09/10/2019 01:38,0
09/10/2019 01:43,0
09/10/2019 01:48,0
09/10/2019 01:53,0
09/10/2019 01:58,0
09/10/2019 02:03,0
09/10/2019 02:08,0
09/10/2019 02:13,0
09/10/2019 02:18,0
09/10/2019 02:23,0
09/10/2019 02:28,0
09/10/2019 02:33,0
09/10/2019 02:38,0
09/10/2019 02:43,0
09/10/2019 02:48,0
09/10/2019 02:53,0
09/10/2019 02:58,0
09/10/2019 03:03,0
09/10/2019 03:08,0
09/10/2019 03:13,0
09/10/2019 03:18,0
09/10/2019 03:23,0
09/10/2019 03:28,0
09/10/2019 03:33,0
09/10/2019 03:38,0
09/10/2019 03:43,0
09/10/2019 03:48,0
09/10/2019 03:53,0
09/10/2019 03:58,0
09/10/2019 04:03,0
09/10/2019 04:08,0
09/10/2019 04:13,0
09/10/2019 04:18,0
09/10/2019 04:23,0
09/10/2019 04:28,0
09/10/2019 04:33,0
09/10/2019 04:38,0
09/10/2019 04:43,0
09/10/2019 04:48,0
09/10/2019 04:53,0
09/10/2019 04:58,0
09/10/2019 05:03,0
09/10/2019 05:08,0
09/10/2019 05:13,0
09/10/2019 05:18,0
09/10/2019 05:23,0
09/10/2019 05:28,0
09/10/2019 05:33,0
09/10/2019 05:38,0
09/10/2019 05:43,0
09/10/2019 05:48,0
09/10/2019 05:53,0
09/10/2019 05:58,0
09/10/2019 06:03,0
09/10/2019 06:08,0
09/10/2019 06:13,0
09/10/2019 06:18,0
09/10/2019 06:23,0
09/10/2019 06:28,0
09/10/2019 06:33,0
09/10/2019 06:38,0
09/10/2019 06:43,0
09/10/2019 06:48,0
09/10/2019 06:53,0
09/10/2019 06:58,0
09/10/2019 07:03,0
09/10/2019 07:08,0
09/10/2019 07:13,0
09/10/2019 07:18,0
09/10/2019 07:23,0
09/10/2019 07:28,0
09/10/2019 07:33,0
09/10/2019 07:38,0
09/10/2019 07:43,0
09/10/2019 07:48,0
09/10/2019 07:53,0
09/10/2019 07:58,0
09/10/2019 08:03,0
09/10/2019 08:08,0
09/10/2019 08:13,0
09/10/2019 08:18,0
09/10/2019 08:23,0
09/10/2019 08:28,0
09/10/2019 08:33,0
09/10/2019 08:38,0
09/10/2019 08:43,0
09/10/2019 08:48,0
09/10/2019 08:53,0
09/10/2019 08:58,0
09/10/2019 09:03,0
09/10/2019 09:08,0
09/10/2019 09:13,0
09/10/2019 09:18,0
09/10/2019 09:23,0
09/10/2019 09:28,0
09/10/2019 09:33,0
09/10/2019 09:38,0
09/10/2019 09:43,0
09/10/2019 09:48,0
09/10/2019 09:53,0
09/10/2019 09:58,0
09/10/2019 10:03,0
09/10/2019 10:08,0
09/10/2019 10:13,0
09/10/2019 10:18,0
09/10/2019 10:23,0
09/10/2019 10:28,0
09/10/2019 10:33,0
09/10/2019 10:38,0
09/10/2019 10:43,0
09/10/2019 10:48,0
09/10/2019 10:53,0
09/10/2019 10:58,0
09/10/2019 11:03,0
09/10/2019 11:08,0
09/10/2019 11:13,0
09/10/2019 11:18,0
09/10/2019 11:23,0
09/10/2019 11:28,0
09/10/2019 11:33,0
09/10/2019 11:38,0
09/10/2019 11:43,0
09/10/2019 11:48,0
09/10/2019 11:53,0
09/10/2019 11:58,0
09/10/2019 12:03,0
09/10/2019 12:08,0
09/10/2019 12:13,0
09/10/2019 12:18,0
09/10/2019 12:23,0
09/10/2019 12:28,0
09/10/2019 12:33,0
09/10/2019 12:38,0
09/10/2019 12:43,0
09/10/2019 12:48,0
09/10/2019 12:53,0
09/10/2019 12:58,0
09/10/2019 13:03,0
09/10/2019 13:08,0
09/10/2019 13:13,0
09/10/2019 13:18,0
09/10/2019 13:23,0
09/10/2019 13:28,0
09/10/2019 13:33,0
09/10/2019 13:38,0
09/10/2019 13:43,0
09/10/2019 13:48,0
09/10/2019 13:53,0
09/10/2019 13:58,0
09/10/2019 14:03,0
09/10/2019 14:08,0
09/10/2019 14:13,0
09/10/2019 14:18,0
09/10/2019 14:23,0
09/10/2019 14:28,0
09/10/2019 14:33,0
09/10/2019 14:38,0
09/10/2019 14:43,0
09/10/2019 14:48,0
09/10/2019 14:53,0
09/10/2019 14:58,0
09/10/2019 15:03,0
09/10/2019 15:08,0
09/10/2019 15:13,0
09/10/2019 15:18,0
09/10/2019 15:23,0
09/10/2019 15:28,0
09/10/2019 15:33,0
09/10/2019 15:38,0
09/10/2019 15:43,0
09/10/2019 15:48,0
09/10/2019 15:53,0
09/10/2019 15:58,0
09/10/2019 16:03,0
09/10/2019 16:08,0
09/10/2019 16:13,0
09/10/2019 16:18,0
09/10/2019 16:23,0
09/10/2019 16:28,0
09/10/2019 16:33,0
09/10/2019 16:38,0
09/10/2019 16:43,0
09/10/2019 16:48,0
09/10/2019 16:53,0
09/10/2019 16:58,0
09/10/2019 17:03,0
09/10/2019 17:08,0
09/10/2019 17:13,0
09/10/2019 17:18,0
09/10/2019 17:23,0
09/10/2019 17:28,0
09/10/2019 17:33,0
09/10/2019 17:38,0
09/10/2019 17:43,0
09/10/2019 17:48,0
09/10/2019 17:53,0
09/10/2019 17:58,0
09/10/2019 18:03,0
09/10/2019 18:08,0
09/10/2019 18:13,0
09/10/2019 18:18,0
09/10/2019 18:23,0
09/10/2019 18:28,0
09/10/2019 18:33,0
09/10/2019 18:38,0
09/10/2019 18:43,0
09/10/2019 18:48,0
09/10/2019 18:53,0
09/10/2019 18:58,0
09/10/2019 19:03,0
09/10/2019 19:08,0
09/10/2019 19:13,0
09/10/2019 19:18,0
09/10/2019 19:23,0
09/10/2019 19:28,0
09/10/2019 19:33,0
09/10/2019 19:38,0
09/10/2019 19:43,0
09/10/2019 19:48,0
09/10/2019 19:53,0
09/10/2019 19:58,0
09/10/2019 20:03,0
09/10/2019 20:08,0
09/10/2019 20:13,0
09/10/2019 20:18,0
09/10/2019 20:23,0
09/10/2019 20:28,0
09/10/2019 20:33,0
09/10/2019 20:38,0
09/10/2019 20:43,0
09/10/2019 20:48,0
09/10/2019 20:53,0
09/10/2019 20:58,0
09/10/2019 21:03,0
09/10/2019 21:08,0
09/10/2019 21:13,0
09/10/2019 21:18,0
09/10/2019 21:23,0
09/10/2019 21:28,0
09/10/2019 21:33,0
09/10/2019 21:38,0
09/10/2019 21:43,0
09/10/2019 21:48,0
09/10/2019 21:53,0
09/10/2019 21:58,0
09/10/2019 22:03,0
09/10/2019 22:08,0
09/10/2019 22:13,0
09/10/2019 22:18,0
09/10/2019 22:23,0
09/10/2019 22:28,0
09/10/2019 22:33,0
09/10/2019 22:38,0
09/10/2019 22:43,0
09/10/2019 22:48,0
09/10/2019 22:53,0
09/10/2019 22:58,0
09/10/2019 23:03,0
09/10/2019 23:08,0
09/10/2019 23:13,0
09/10/2019 23:18,0
09/10/2019 23:23,0
09/10/2019 23:28,0
09/10/2019 23:33,0
09/10/2019 23:38,0
09/10/2019 23:43,0
09/10/2019 23:48,0
09/10/2019 23:53,0
09/10/2019 23:58,0
10/10/2019 00:03,0
10/10/2019 00:08,0
10/10/2019 00:13,0
10/10/2019 00:18,0
10/10/2019 00:23,0
10/10/2019 00:28,0
10/10/2019 00:33,0
10/10/2019 00:38,0
10/10/2019 00:43,0
10/10/2019 00:48,0
10/10/2019 00:53,0
10/10/2019 00:58,0
10/10/2019 01:03,0
10/10/2019 01:08,0
10/10/2019 01:13,0
10/10/2019 01:18,0
10/10/2019 01:23,0
10/10/2019 01:28,0
10/10/2019 01:33,0
10/10/2019 01:38,0
10/10/2019 01:43,0
10/10/2019 01:48,0
10/10/2019 01:53,0
10/10/2019 01:58,0
10/10/2019 02:03,0
10/10/2019 02:08,0
10/10/2019 02:13,0
10/10/2019 02:18,0
10/10/2019 02:23,0
10/10/2019 02:28,0
10/10/2019 02:33,0
10/10/2019 02:38,0
10/10/2019 02:43,0
10/10/2019 02:48,0
10/10/2019 02:53,0
10/10/2019 02:58,0
10/10/2019 03:03,0
10/10/2019 03:08,0
10/10/2019 03:13,0
10/10/2019 03:18,0
10/10/2019 03:23,0
10/10/2019 03:28,0
10/10/2019 03:33,0
10/10/2019 03:38,0
10/10/2019 03:43,0
10/10/2019 03:48,0
10/10/2019 03:53,0
10/10/2019 03:58,0
10/10/2019 04:03,0
10/10/2019 04:08,0
10/10/2019 04:13,0
10/10/2019 04:18,0
10/10/2019 04:23,0
10/10/2019 04:28,0
10/10/2019 04:33,0
10/10/2019 04:38,0
10/10/2019 04:43,0
10/10/2019 04:48,0
10/10/2019 04:53,0
10/10/2019 04:58,0
10/10/2019 05:03,0
10/10/2019 05:08,0
10/10/2019 05:13,0
10/10/2019 05:18,0
10/10/2019 05:23,0
10/10/2019 05:28,0
10/10/2019 05:33,0
10/10/2019 05:38,0
10/10/2019 05:43,0
10/10/2019 05:48,0
10/10/2019 05:53,0
10/10/2019 05:58,0
10/10/2019 06:03,0
10/10/2019 06:08,0
10/10/2019 06:13,0
10/10/2019 06:18,0
10/10/2019 06:23,0
10/10/2019 06:28,0
10/10/2019 06:33,0
10/10/2019 06:38,0
10/10/2019 06:43,0
10/10/2019 06:48,0
10/10/2019 06:53,0
10/10/2019 06:58,0
10/10/2019 07:03,0
10/10/2019 07:08,0
10/10/2019 07:13,0
10/10/2019 07:18,0
10/10/2019 07:23,0
10/10/2019 07:28,0
10/10/2019 07:33,0
10/10/2019 07:38,0
10/10/2019 07:43,0
10/10/2019 07:48,0
10/10/2019 07:53,0
10/10/2019 07:58,0
10/10/2019 08:03,0
10/10/2019 08:08,0
10/10/2019 08:13,0
10/10/2019 08:18,0
10/10/2019 08:23,0
10/10/2019 08:28,0
10/10/2019 08:33,0
10/10/2019 08:38,0
10/10/2019 08:43,0
10/10/2019 08:48,0
10/10/2019 08:53,0
10/10/2019 08:58,0
10/10/2019 09:03,0
10/10/2019 09:08,0
10/10/2019 09:13,0
10/10/2019 09:18,0
10/10/2019 09:23,0
10/10/2019 09:28,0
10/10/2019 09:33,0
10/10/2019 09:38,0
10/10/2019 09:43,0
10/10/2019 09:48,0
10/10/2019 09:53,0
10/10/2019 09:58,0
10/10/2019 10:03,0
10/10/2019 10:08,0
10/10/2019 10:13,0
10/10/2019 10:18,0
10/10/2019 10:23,0
10/10/2019 10:28,0
10/10/2019 10:33,0
10/10/2019 10:38,0
10/10/2019 10:43,0
10/10/2019 10:48,0
10/10/2019 10:53,0
10/10/2019 10:58,0
10/10/2019 11:03,0
10/10/2019 11:08,0
10/10/2019 11:13,0
10/10/2019 11:18,0
10/10/2019 11:23,0
10/10/2019 11:28,0
10/10/2019 11:33,0
10/10/2019 11:38,0
10/10/2019 11:43,0
10/10/2019 11:48,0
10/10/2019 11:53,0
10/10/2019 11:58,0
10/10/2019 12:03,0
10/10/2019 12:08,0
10/10/2019 12:13,0
10/10/2019 12:18,0
10/10/2019 12:23,0
10/10/2019 12:28,0
10/10/2019 12:33,0
10/10/2019 12:38,0
10/10/2019 12:43,0
10/10/2019 12:48,0
10/10/2019 12:53,0
10/10/2019 12:58,0
10/10/2019 13:03,0
10/10/2019 13:08,0
10/10/2019 13:13,0
10/10/2019 13:18,0
10/10/2019 13:23,0
10/10/2019 13:28,0
10/10/2019 13:33,0
10/10/2019 13:38,0
10/10/2019 13:43,0
10/10/2019 13:48,0
10/10/2019 13:53,0
10/10/2019 13:58,0
10/10/2019 14:03,0
10/10/2019 14:08,0
10/10/2019 14:13,0
10/10/2019 14:18,0
10/10/2019 14:23,0
10/10/2019 14:28,0
10/10/2019 14:33,0
10/10/2019 14:38,0
10/10/2019 14:43,0
10/10/2019 14:48,0
10/10/2019 14:53,0
10/10/2019 14:58,0
10/10/2019 15:03,0
10/10/2019 15:08,0
10/10/2019 15:13,0
10/10/2019 15:18,0
10/10/2019 15:23,0
10/10/2019 15:28,0
10/10/2019 15:33,0
10/10/2019 15:38,0
10/10/2019 15:43,0
10/10/2019 15:48,0
10/10/2019 15:53,0
10/10/2019 15:58,0
10/10/2019 16:03,0
10/10/2019 16:08,0
10/10/2019 16:13,0
10/10/2019 16:18,0
10/10/2019 16:23,0
10/10/2019 16:28,0
10/10/2019 16:33,0
10/10/2019 16:38,0
10/10/2019 16:43,0
10/10/2019 16:48,0
10/10/2019 16:53,0
10/10/2019 16:58,0
10/10/2019 17:03,0
10/10/2019 17:08,0
10/10/2019 17:13,0
10/10/2019 17:18,0
10/10/2019 17:23,0
10/10/2019 17:28,0
10/10/2019 17:33,0
10/10/2019 17:38,0
10/10/2019 17:43,0
10/10/2019 17:48,0
10/10/2019 17:53,0
10/10/2019 17:58,0
10/10/2019 18:03,0
10/10/2019 18:08,0
10/10/2019 18:13,0
10/10/2019 18:18,0
10/10/2019 18:23,0
10/10/2019 18:28,0
10/10/2019 18:33,0
10/10/2019 18:38,0
10/10/2019 18:43,0
10/10/2019 18:48,0
10/10/2019 18:53,0
10/10/2019 18:58,0
10/10/2019 19:03,0
10/10/2019 19:08,0
10/10/2019 19:13,0
10/10/2019 19:18,0
10/10/2019 19:23,0
10/10/2019 19:28,0
10/10/2019 19:33,0
10/10/2019 19:38,0
10/10/2019 19:43,0
10/10/2019 19:48,0
10/10/2019 19:53,0
10/10/2019 19:58,0
10/10/2019 20:03,0
10/10/2019 20:08,0
10/10/2019 20:13,0
10/10/2019 20:18,0
10/10/2019 20:23,0
10/10/2019 20:28,0
10/10/2019 20:33,0
10/10/2019 20:38,0
10/10/2019 20:43,0
10/10/2019 20:48,0
10/10/2019 20:53,0
10/10/2019 20:58,0
10/10/2019 21:03,0
10/10/2019 21:08,0
10/10/2019 21:13,0
10/10/2019 21:18,0
10/10/2019 21:23,0
10/10/2019 21:28,0
10/10/2019 21:33,0
10/10/2019 21:38,0
10/10/2019 21:43,0
10/10/2019 21:48,0
10/10/2019 21:53,0
10/10/2019 21:58,0
10/10/2019 22:03,0
10/10/2019 22:08,0
10/10/2019 22:13,0
10/10/2019 22:18,0
10/10/2019 22:23,0
10/10/2019 22:28,0
10/10/2019 22:33,0
10/10/2019 22:38,0
10/10/2019 22:43,0
10/10/2019 22:48,0
10/10/2019 22:53,0
10/10/2019 22:58,0
10/10/2019 23:03,0
10/10/2019 23:08,0
10/10/2019 23:13,0
10/10/2019 23:18,0
10/10/2019 23:23,0
10/10/2019 23:28,0
10/10/2019 23:33,0
10/10/2019 23:38,0
10/10/2019 23:43,0
10/10/2019 23:48,0
10/10/2019 23:53,0
10/10/2019 23:58,0
11/10/2019 00:03,0
11/10/2019 00:08,0
11/10/2019 00:13,0
11/10/2019 00:18,0
11/10/2019 00:23,0
11/10/2019 00:28,0
11/10/2019 00:33,0
11/10/2019 00:38,0
11/10/2019 00:43,0
11/10/2019 00:48,0
11/10/2019 00:53,0
11/10/2019 00:58,0
11/10/2019 01:03,0
11/10/2019 01:08,0
11/10/2019 01:13,0
11/10/2019 01:18,0
11/10/2019 01:23,0
11/10/2019 01:28,0
11/10/2019 01:33,0
11/10/2019 01:38,0
11/10/2019 01:43,0
11/10/2019 01:48,0
11/10/2019 01:53,0
11/10/2019 01:58,0
11/10/2019 02:03,0
11/10/2019 02:08,0
11/10/2019 02:13,0
11/10/2019 02:18,0
11/10/2019 02:23,0
11/10/2019 02:28,0
11/10/2019 02:33,0
11/10/2019 02:38,0
11/10/2019 02:43,0
11/10/2019 02:48,0
11/10/2019 02:53,0
11/10/2019 02:58,0
11/10/2019 03:03,0
11/10/2019 03:08,0
11/10/2019 03:13,0
11/10/2019 03:18,0
11/10/2019 03:23,0
11/10/2019 03:28,0
11/10/2019 03:33,0
11/10/2019 03:38,0
11/10/2019 03:43,0
11/10/2019 03:48,0
11/10/2019 03:53,0
11/10/2019 03:58,0
11/10/2019 04:03,0
11/10/2019 04:08,0
11/10/2019 04:13,0
11/10/2019 04:18,0
11/10/2019 04:23,0
11/10/2019 04:28,0
11/10/2019 04:33,0
11/10/2019 04:38,0
11/10/2019 04:43,0
11/10/2019 04:48,0
11/10/2019 04:53,0
11/10/2019 04:58,0
11/10/2019 05:03,0
11/10/2019 05:08,0
11/10/2019 05:13,0
11/10/2019 05:18,0
11/10/2019 05:23,0
11/10/2019 05:28,0
11/10/2019 05:33,0
11/10/2019 05:38,0
11/10/2019 05:43,0
11/10/2019 05:48,0
11/10/2019 05:53,0
11/10/2019 05:58,0
11/10/2019 06:03,0
11/10/2019 06:08,0
11/10/2019 06:13,0
11/10/2019 06:18,0
11/10/2019 06:23,0
11/10/2019 06:28,0
11/10/2019 06:33,0
11/10/2019 06:38,0
11/10/2019 06:43,0
11/10/2019 06:48,0
11/10/2019 06:53,0
11/10/2019 06:58,0
11/10/2019 07:03,0
11/10/2019 07:08,0
11/10/2019 07:13,0
11/10/2019 07:18,0
11/10/2019 07:23,0
11/10/2019 07:28,0
11/10/2019 07:33,0
11/10/2019 07:38,0
11/10/2019 07:43,0
11/10/2019 07:48,0
11/10/2019 07:53,0
11/10/2019 07:58,0
11/10/2019 08:03,0
11/10/2019 08:08,0
11/10/2019 08:13,0
11/10/2019 08:18,0
11/10/2019 08:23,0
11/10/2019 08:28,0
11/10/2019 08:33,0
11/10/2019 08:38,0
11/10/2019 08:43,0
11/10/2019 08:48,0
11/10/2019 08:53,0
11/10/2019 08:58,0
11/10/2019 09:03,0
11/10/2019 09:08,0
11/10/2019 09:13,0
11/10/2019 09:18,0
11/10/2019 09:23,0
11/10/2019 09:28,0
11/10/2019 09:33,0
11/10/2019 09:38,0
11/10/2019 09:43,0
11/10/2019 09:48,0
11/10/2019 09:53,0
11/10/2019 09:58,0
11/10/2019 10:03,0
11/10/2019 10:08,0
11/10/2019 10:13,0
11/10/2019 10:18,0
11/10/2019 10:23,0
11/10/2019 10:28,0
11/10/2019 10:33,0
11/10/2019 10:38,0
11/10/2019 10:43,0
11/10/2019 10:48,0
11/10/2019 10:53,0
11/10/2019 10:58,0
11/10/2019 11:03,0
11/10/2019 11:08,0
11/10/2019 11:13,0
11/10/2019 11:18,0
11/10/2019 11:23,0
11/10/2019 11:28,0
11/10/2019 11:33,0
11/10/2019 11:38,0
11/10/2019 11:43,0
11/10/2019 11:48,0
11/10/2019 11:53,0
11/10/2019 11:58,0
11/10/2019 12:03,0
11/10/2019 12:08,0
11/10/2019 12:13,0
11/10/2019 12:18,0
11/10/2019 12:23,0
11/10/2019 12:28,0
11/10/2019 12:33,0
11/10/2019 12:38,0
11/10/2019 12:43,0
11/10/2019 12:48,0
11/10/2019 12:53,0
11/10/2019 12:58,0
11/10/2019 13:03,0
11/10/2019 13:08,0
11/10/2019 13:13,0
11/10/2019 13:18,0
11/10/2019 13:23,0
11/10/2019 13:28,0
11/10/2019 13:33,0
11/10/2019 13:38,0
11/10/2019 13:43,0
11/10/2019 13:48,0
11/10/2019 13:53,0
11/10/2019 13:58,0
11/10/2019 14:03,0
11/10/2019 14:08,0
11/10/2019 14:13,0
11/10/2019 14:18,0
11/10/2019 14:23,0
11/10/2019 14:28,0
11/10/2019 14:33,0
11/10/2019 14:38,0
11/10/2019 14:43,0
11/10/2019 14:48,0
11/10/2019 14:53,0
11/10/2019 14:58,0
11/10/2019 15:03,0
11/10/2019 15:08,0
11/10/2019 15:13,0
11/10/2019 15:18,0
11/10/2019 15:23,0
11/10/2019 15:28,0
11/10/2019 15:33,0
11/10/2019 15:38,0
11/10/2019 15:43,0
11/10/2019 15:48,0
11/10/2019 15:53,0
11/10/2019 15:58,0
11/10/2019 16:03,0
11/10/2019 16:08,0
11/10/2019 16:13,0
11/10/2019 16:18,0
11/10/2019 16:23,0
11/10/2019 16:28,0
11/10/2019 16:33,0
11/10/2019 16:38,0
11/10/2019 16:43,0
11/10/2019 16:48,0
11/10/2019 16:53,0
11/10/2019 16:58,0
11/10/2019 17:03,0
11/10/2019 17:08,0
11/10/2019 17:13,0
11/10/2019 17:18,0
11/10/2019 17:23,0
11/10/2019 17:28,0
11/10/2019 17:33,0
11/10/2019 17:38,0
11/10/2019 17:43,0
11/10/2019 17:48,0
11/10/2019 17:53,0
11/10/2019 17:58,0
11/10/2019 18:03,0
11/10/2019 18:08,0
11/10/2019 18:13,0
11/10/2019 18:18,0
11/10/2019 18:23,0
11/10/2019 18:28,0
11/10/2019 18:33,0
11/10/2019 18:38,0
11/10/2019 18:43,0
11/10/2019 18:48,0
11/10/2019 18:53,0
11/10/2019 18:58,0
11/10/2019 19:03,0
11/10/2019 19:08,0
11/10/2019 19:13,0
11/10/2019 19:18,0
11/10/2019 19:23,0
11/10/2019 19:28,0
11/10/2019 19:33,0
11/10/2019 19:38,0
11/10/2019 19:43,0
11/10/2019 19:48,0
11/10/2019 19:53,0
11/10/2019 19:58,0
11/10/2019 20:03,0
11/10/2019 20:08,0
11/10/2019 20:13,0
11/10/2019 20:18,0
11/10/2019 20:23,0
11/10/2019 20:28,0
11/10/2019 20:33,0
11/10/2019 20:38,0
11/10/2019 20:43,0
11/10/2019 20:48,0
11/10/2019 20:53,0
11/10/2019 20:58,0
11/10/2019 21:03,0
11/10/2019 21:08,0
11/10/2019 21:13,0
11/10/2019 21:18,0
11/10/2019 21:23,0
11/10/2019 21:28,0
11/10/2019 21:33,0
11/10/2019 21:38,0
11/10/2019 21:43,0
11/10/2019 21:48,0
11/10/2019 21:53,0
11/10/2019 21:58,0
11/10/2019 22:03,0
11/10/2019 22:08,0
11/10/2019 22:13,0
11/10/2019 22:18,0
11/10/2019 22:23,0
11/10/2019 22:28,0
11/10/2019 22:33,0
11/10/2019 22:38,0
11/10/2019 22:43,0
11/10/2019 22:48,0
11/10/2019 22:53,0
11/10/2019 22:58,0
11/10/2019 23:03,0
11/10/2019 23:08,0
11/10/2019 23:13,0
11/10/2019 23:18,0
11/10/2019 23:23,0
11/10/2019 23:28,0
11/10/2019 23:33,0
11/10/2019 23:38,0
11/10/2019 23:43,0
11/10/2019 23:48,0
11/10/2019 23:53,0
11/10/2019 23:58,0
12/10/2019 00:03,0
12/10/2019 00:08,0
12/10/2019 00:13,0
12/10/2019 00:18,0
12/10/2019 00:23,0
12/10/2019 00:28,0
12/10/2019 00:33,0
12/10/2019 00:38,0
12/10/2019 00:43,0
12/10/2019 00:48,0
12/10/2019 00:53,0
12/10/2019 00:58,0
12/10/2019 01:03,0
12/10/2019 01:08,0
12/10/2019 01:13,0
12/10/2019 01:18,0
12/10/2019 01:23,0
12/10/2019 01:28,0
12/10/2019 01:33,0
12/10/2019 01:38,0
12/10/2019 01:43,0
12/10/2019 01:48,0
12/10/2019 01:53,0
12/10/2019 01:58,0
12/10/2019 02:03,0
12/10/2019 02:08,0
12/10/2019 02:13,0
12/10/2019 02:18,0
12/10/2019 02:23,0
12/10/2019 02:28,0
12/10/2019 02:33,0
12/10/2019 02:38,0
12/10/2019 02:43,0
12/10/2019 02:48,0
12/10/2019 02:53,0
12/10/2019 02:58,0
12/10/2019 03:03,0
12/10/2019 03:08,0
12/10/2019 03:13,0
12/10/2019 03:18,0
12/10/2019 03:23,0
12/10/2019 03:28,0
12/10/2019 03:33,0
12/10/2019 03:38,0
12/10/2019 03:43,0
12/10/2019 03:48,0
12/10/2019 03:53,0
12/10/2019 03:58,0
12/10/2019 04:03,0
12/10/2019 04:08,0
12/10/2019 04:13,0
12/10/2019 04:18,0
12/10/2019 04:23,0
12/10/2019 04:28,0
12/10/2019 04:33,0
12/10/2019 04:38,0
12/10/2019 04:43,0
12/10/2019 04:48,0
12/10/2019 04:53,0
12/10/2019 04:58,0
12/10/2019 05:03,0
12/10/2019 05:08,0
12/10/2019 05:13,0.354355665
12/10/2019 05:18,0
12/10/2019 05:23,0
12/10/2019 05:28,0
12/10/2019 05:33,0
12/10/2019 05:38,0
12/10/2019 05:43,0
12/10/2019 05:48,0
12/10/2019 05:53,0
12/10/2019 05:58,0
12/10/2019 06:03,0
12/10/2019 06:08,0
12/10/2019 06:13,0
12/10/2019 06:18,0
12/10/2019 06:23,0
12/10/2019 06:28,0
12/10/2019 06:33,0
12/10/2019 06:38,0
12/10/2019 06:43,0
12/10/2019 06:48,0
12/10/2019 06:53,0
12/10/2019 06:58,0
12/10/2019 07:03,0
12/10/2019 07:08,0
12/10/2019 07:13,0
12/10/2019 07:18,0
12/10/2019 07:23,0
12/10/2019 07:28,0
12/10/2019 07:33,0
12/10/2019 07:38,0
12/10/2019 07:43,0
12/10/2019 07:48,0
12/10/2019 07:53,0
12/10/2019 07:58,0
12/10/2019 08:03,0
12/10/2019 08:08,0
12/10/2019 08:13,0
12/10/2019 08:18,0
12/10/2019 08:23,0
12/10/2019 08:28,0
12/10/2019 08:33,0
12/10/2019 08:38,0
12/10/2019 08:43,0
12/10/2019 08:48,0
12/10/2019 08:53,0
12/10/2019 08:58,0
12/10/2019 09:03,0
12/10/2019 09:08,0
12/10/2019 09:13,0
12/10/2019 09:18,0
12/10/2019 09:23,0
12/10/2019 09:28,0
12/10/2019 09:33,0
12/10/2019 09:38,0
12/10/2019 09:43,0
12/10/2019 09:48,0
12/10/2019 09:53,0
12/10/2019 09:58,0
12/10/2019 10:03,0
12/10/2019 10:08,0
12/10/2019 10:13,0
12/10/2019 10:18,0
12/10/2019 10:23,0
12/10/2019 10:28,0
12/10/2019 10:33,0
12/10/2019 10:38,0
12/10/2019 10:43,0
12/10/2019 10:48,0
12/10/2019 10:53,0
12/10/2019 10:58,0
12/10/2019 11:03,0
12/10/2019 11:08,0
12/10/2019 11:13,0
12/10/2019 11:18,0
12/10/2019 11:23,0
12/10/2019 11:28,0
12/10/2019 11:33,0
12/10/2019 11:38,0
12/10/2019 11:43,0
12/10/2019 11:48,0
12/10/2019 11:53,0
12/10/2019 11:58,0
12/10/2019 12:03,0
12/10/2019 12:08,0
12/10/2019 12:13,0
12/10/2019 12:18,0
12/10/2019 12:23,0
12/10/2019 12:28,0
12/10/2019 12:33,0
12/10/2019 12:38,0
12/10/2019 12:43,0
12/10/2019 12:48,0
12/10/2019 12:53,0
12/10/2019 12:58,0
12/10/2019 13:03,0
12/10/2019 13:08,0
12/10/2019 13:13,0
12/10/2019 13:18,0
12/10/2019 13:23,0
12/10/2019 13:28,0
12/10/2019 13:33,0
12/10/2019 13:38,0
12/10/2019 13:43,0
12/10/2019 13:48,0
12/10/2019 13:53,0
12/10/2019 13:58,0
12/10/2019 14:03,0
12/10/2019 14:08,0
12/10/2019 14:13,0
12/10/2019 14:18,0
12/10/2019 14:23,0
12/10/2019 14:28,0
12/10/2019 14:33,0
12/10/2019 14:38,0
12/10/2019 14:43,0
12/10/2019 14:48,0
12/10/2019 14:53,0
12/10/2019 14:58,0
12/10/2019 15:03,0
12/10/2019 15:08,0
12/10/2019 15:13,0
12/10/2019 15:18,0
12/10/2019 15:23,0
12/10/2019 15:28,0
12/10/2019 15:33,0
12/10/2019 15:38,0
12/10/2019 15:43,0
12/10/2019 15:48,0
12/10/2019 15:53,0
12/10/2019 15:58,0
12/10/2019 16:03,0
12/10/2019 16:08,0
12/10/2019 16:13,0
12/10/2019 16:18,0
12/10/2019 16:23,0
12/10/2019 16:28,0
12/10/2019 16:33,0
12/10/2019 16:38,0
12/10/2019 16:43,0
12/10/2019 16:48,0
12/10/2019 16:53,0
12/10/2019 16:58,0
12/10/2019 17:03,0
12/10/2019 17:08,0
12/10/2019 17:13,0
12/10/2019 17:18,0
12/10/2019 17:23,0
12/10/2019 17:28,0
12/10/2019 17:33,0
12/10/2019 17:38,0
12/10/2019 17:43,0
12/10/2019 17:48,0
12/10/2019 17:53,0
12/10/2019 17:58,0
12/10/2019 18:03,0
12/10/2019 18:08,0
12/10/2019 18:13,0
12/10/2019 18:18,0
12/10/2019 18:23,0
12/10/2019 18:28,0
12/10/2019 18:33,0
12/10/2019 18:38,0
12/10/2019 18:43,0
12/10/2019 18:48,0
12/10/2019 18:53,0
12/10/2019 18:58,0
12/10/2019 19:03,0
12/10/2019 19:08,0
12/10/2019 19:13,0
12/10/2019 19:18,0
12/10/2019 19:23,0
12/10/2019 19:28,0
12/10/2019 19:33,0
12/10/2019 19:38,0
12/10/2019 19:43,0
12/10/2019 19:48,0
12/10/2019 19:53,0
12/10/2019 19:58,0
12/10/2019 20:03,0
12/10/2019 20:08,0
12/10/2019 20:13,0
12/10/2019 20:18,0
12/10/2019 20:23,0
12/10/2019 20:28,0
12/10/2019 20:33,0
12/10/2019 20:38,0
12/10/2019 20:43,0
12/10/2019 20:48,0
12/10/2019 20:53,0
12/10/2019 20:58,0
12/10/2019 21:03,0
12/10/2019 21:08,0
12/10/2019 21:13,0
12/10/2019 21:18,0
12/10/2019 21:23,0
12/10/2019 21:28,0
12/10/2019 21:33,0
12/10/2019 21:38,0
12/10/2019 21:43,0
12/10/2019 21:48,0
12/10/2019 21:53,0
12/10/2019 21:58,0
12/10/2019 22:03,0
12/10/2019 22:08,0
12/10/2019 22:13,0
12/10/2019 22:18,0
12/10/2019 22:23,0
12/10/2019 22:28,0
12/10/2019 22:33,0
12/10/2019 22:38,0
12/10/2019 22:43,0
12/10/2019 22:48,0
12/10/2019 22:53,0
12/10/2019 22:58,0
12/10/2019 23:03,0
12/10/2019 23:08,0
12/10/2019 23:13,0
12/10/2019 23:18,0
12/10/2019 23:23,0
12/10/2019 23:28,0
12/10/2019 23:33,0
12/10/2019 23:38,0
12/10/2019 23:43,0
12/10/2019 23:48,0
12/10/2019 23:53,0
12/10/2019 23:58,0
13/10/2019 00:03,0
13/10/2019 00:08,0
13/10/2019 00:13,0
13/10/2019 00:18,0
13/10/2019 00:23,0
13/10/2019 00:28,0
13/10/2019 00:33,0
13/10/2019 00:38,0
13/10/2019 00:43,0
13/10/2019 00:48,0
13/10/2019 00:53,0
13/10/2019 00:58,0
13/10/2019 01:03,0
13/10/2019 01:08,0
13/10/2019 01:13,0
13/10/2019 01:18,0
13/10/2019 01:23,0
13/10/2019 01:28,0
13/10/2019 01:33,0
13/10/2019 01:38,0
13/10/2019 01:43,0
13/10/2019 01:48,0
13/10/2019 01:53,0
13/10/2019 01:58,0
13/10/2019 02:03,0
13/10/2019 02:08,0
13/10/2019 02:13,0
13/10/2019 02:18,0
13/10/2019 02:23,0
13/10/2019 02:28,0
13/10/2019 02:33,0
13/10/2019 02:38,0
13/10/2019 02:43,0
13/10/2019 02:48,0
13/10/2019 02:53,0
13/10/2019 02:58,0
13/10/2019 03:03,0
13/10/2019 03:08,0
13/10/2019 03:13,0
13/10/2019 03:18,0
13/10/2019 03:23,0
13/10/2019 03:28,0
13/10/2019 03:33,0
13/10/2019 03:38,0
13/10/2019 03:43,0
13/10/2019 03:48,0
13/10/2019 03:53,0
13/10/2019 03:58,0
13/10/2019 04:03,0
13/10/2019 04:08,0
13/10/2019 04:13,0
13/10/2019 04:18,0
13/10/2019 04:23,0
13/10/2019 04:28,0
13/10/2019 04:33,0
13/10/2019 04:38,0
13/10/2019 04:43,0
13/10/2019 04:48,0
13/10/2019 04:53,0
13/10/2019 04:58,0
13/10/2019 05:03,0
13/10/2019 05:08,0
13/10/2019 05:13,0
13/10/2019 05:18,0
13/10/2019 05:23,0
13/10/2019 05:28,0
13/10/2019 05:33,0
13/10/2019 05:38,0
13/10/2019 05:43,0
13/10/2019 05:48,0
13/10/2019 05:53,0
13/10/2019 05:58,0
13/10/2019 06:03,0
13/10/2019 06:08,0
13/10/2019 06:13,0
13/10/2019 06:18,0
13/10/2019 06:23,0
13/10/2019 06:28,0
13/10/2019 06:33,0
13/10/2019 06:38,0
13/10/2019 06:43,0
13/10/2019 06:48,0
13/10/2019 06:53,0
13/10/2019 06:58,0
13/10/2019 07:03,0
13/10/2019 07:08,0
13/10/2019 07:13,0
13/10/2019 07:18,0
13/10/2019 07:23,0
13/10/2019 07:28,0
13/10/2019 07:33,0
13/10/2019 07:38,0
13/10/2019 07:43,0
13/10/2019 07:48,0
13/10/2019 07:53,0
13/10/2019 07:58,0
13/10/2019 08:03,0
13/10/2019 08:08,0
13/10/2019 08:13,0
13/10/2019 08:18,0
13/10/2019 08:23,0
13/10/2019 08:28,0
13/10/2019 08:33,0
13/10/2019 08:38,0
13/10/2019 08:43,0
13/10/2019 08:48,0
13/10/2019 08:53,0
13/10/2019 08:58,0
13/10/2019 09:03,0
13/10/2019 09:08,0
13/10/2019 09:13,0
13/10/2019 09:18,0
13/10/2019 09:23,0
13/10/2019 09:28,0
13/10/2019 09:33,0
13/10/2019 09:38,0
13/10/2019 09:43,0
13/10/2019 09:48,0
13/10/2019 09:53,0
13/10/2019 09:58,0
13/10/2019 10:03,0
13/10/2019 10:08,0
13/10/2019 10:13,0
13/10/2019 10:18,0
13/10/2019 10:23,0
13/10/2019 10:28,0
13/10/2019 10:33,0
13/10/2019 10:38,0
13/10/2019 10:43,0
13/10/2019 10:48,0
13/10/2019 10:53,0
13/10/2019 10:58,0
13/10/2019 11:03,0
13/10/2019 11:08,0
13/10/2019 11:13,0
13/10/2019 11:18,0
13/10/2019 11:23,0
13/10/2019 11:28,0
13/10/2019 11:33,0
13/10/2019 11:38,0
13/10/2019 11:43,0
13/10/2019 11:48,0
13/10/2019 11:53,0
13/10/2019 11:58,0
13/10/2019 12:03,0
13/10/2019 12:08,0
13/10/2019 12:13,0
13/10/2019 12:18,0
13/10/2019 12:23,0
13/10/2019 12:28,0
13/10/2019 12:33,0
13/10/2019 12:38,0
13/10/2019 12:43,0
13/10/2019 12:48,0
13/10/2019 12:53,0
13/10/2019 12:58,0
13/10/2019 13:03,0
13/10/2019 13:08,0
13/10/2019 13:13,0
13/10/2019 13:18,0
13/10/2019 13:23,0
13/10/2019 13:28,0
13/10/2019 13:33,0
13/10/2019 13:38,0
13/10/2019 13:43,0
13/10/2019 13:48,0
13/10/2019 13:53,0
13/10/2019 13:58,0
13/10/2019 14:03,0
13/10/2019 14:08,0
13/10/2019 14:13,0
13/10/2019 14:18,0
13/10/2019 14:23,0
13/10/2019 14:28,0
13/10/2019 14:33,0
13/10/2019 14:38,0
13/10/2019 14:43,0
13/10/2019 14:48,0
13/10/2019 14:53,0
13/10/2019 14:58,0
13/10/2019 15:03,0
13/10/2019 15:08,0
13/10/2019 15:13,0
13/10/2019 15:18,0
13/10/2019 15:23,0
13/10/2019 15:28,0
13/10/2019 15:33,0
13/10/2019 15:38,0
13/10/2019 15:43,0
13/10/2019 15:48,0
13/10/2019 15:53,0
13/10/2019 15:58,0
13/10/2019 16:03,0
13/10/2019 16:08,0
13/10/2019 16:13,0
13/10/2019 16:18,0
13/10/2019 16:23,0
13/10/2019 16:28,0
13/10/2019 16:33,0
13/10/2019 16:38,0
13/10/2019 16:43,0
13/10/2019 16:48,0
13/10/2019 16:53,0
13/10/2019 16:58,0
13/10/2019 17:03,0
13/10/2019 17:08,0
13/10/2019 17:13,0
13/10/2019 17:18,0
13/10/2019 17:23,0
13/10/2019 17:28,0
13/10/2019 17:33,0
13/10/2019 17:38,0
13/10/2019 17:43,0
13/10/2019 17:48,0
13/10/2019 17:53,0
13/10/2019 17:58,0
13/10/2019 18:03,0
13/10/2019 18:08,0
13/10/2019 18:13,0
13/10/2019 18:18,0
13/10/2019 18:23,0
13/10/2019 18:28,0
13/10/2019 18:33,0
13/10/2019 18:38,0
13/10/2019 18:43,0
13/10/2019 18:48,0
13/10/2019 18:53,0
13/10/2019 18:58,0
13/10/2019 19:03,0
13/10/2019 19:08,0
13/10/2019 19:13,0
13/10/2019 19:18,0
13/10/2019 19:23,0
13/10/2019 19:28,0
13/10/2019 19:33,0
13/10/2019 19:38,0
13/10/2019 19:43,0
13/10/2019 19:48,0
13/10/2019 19:53,0
13/10/2019 19:58,0
13/10/2019 20:03,0
13/10/2019 20:08,0
13/10/2019 20:13,0
13/10/2019 20:18,0
13/10/2019 20:23,0
13/10/2019 20:28,0
13/10/2019 20:33,0
13/10/2019 20:38,0
13/10/2019 20:43,0
13/10/2019 20:48,0
13/10/2019 20:53,0
13/10/2019 20:58,0
13/10/2019 21:03,0
13/10/2019 21:08,0
13/10/2019 21:13,0
13/10/2019 21:18,0
13/10/2019 21:23,0
13/10/2019 21:28,0
13/10/2019 21:33,0
13/10/2019 21:38,0
13/10/2019 21:43,0
13/10/2019 21:48,0
13/10/2019 21:53,0
13/10/2019 21:58,0
13/10/2019 22:03,0
13/10/2019 22:08,0
13/10/2019 22:13,0
13/10/2019 22:18,0
13/10/2019 22:23,0
13/10/2019 22:28,0
13/10/2019 22:33,0
13/10/2019 22:38,0
13/10/2019 22:43,0
13/10/2019 22:48,0
13/10/2019 22:53,0
13/10/2019 22:58,0
13/10/2019 23:03,0
13/10/2019 23:08,0
13/10/2019 23:13,0
13/10/2019 23:18,0
13/10/2019 23:23,0
13/10/2019 23:28,0
13/10/2019 23:33,0
13/10/2019 23:38,0
13/10/2019 23:43,0
13/10/2019 23:48,0
13/10/2019 23:53,0
13/10/2019 23:58,0
14/10/2019 00:03,0
14/10/2019 00:08,0
14/10/2019 00:13,0
14/10/2019 00:18,0
14/10/2019 00:23,0
14/10/2019 00:28,0
14/10/2019 00:33,0
14/10/2019 00:38,0
14/10/2019 00:43,0
14/10/2019 00:48,0
14/10/2019 00:53,0
14/10/2019 00:58,0
14/10/2019 01:03,0
14/10/2019 01:08,0
14/10/2019 01:13,0
14/10/2019 01:18,0
14/10/2019 01:23,0
14/10/2019 01:28,0
14/10/2019 01:33,0
14/10/2019 01:38,0
14/10/2019 01:43,0
14/10/2019 01:48,0
14/10/2019 01:53,0
14/10/2019 01:58,0
14/10/2019 02:03,0
14/10/2019 02:08,0
14/10/2019 02:13,0
14/10/2019 02:18,0
14/10/2019 02:23,0
14/10/2019 02:28,0
14/10/2019 02:33,0
14/10/2019 02:38,0
14/10/2019 02:43,0
14/10/2019 02:48,0
14/10/2019 02:53,0
14/10/2019 02:58,0
14/10/2019 03:03,0
14/10/2019 03:08,0
14/10/2019 03:13,0
14/10/2019 03:18,0
14/10/2019 03:23,0
14/10/2019 03:28,0
14/10/2019 03:33,0
14/10/2019 03:38,0
14/10/2019 03:43,0
14/10/2019 03:48,0
14/10/2019 03:53,0
14/10/2019 03:58,0
14/10/2019 04:03,0
14/10/2019 04:08,0
14/10/2019 04:13,0
14/10/2019 04:18,0
14/10/2019 04:23,0
14/10/2019 04:28,0
14/10/2019 04:33,0
14/10/2019 04:38,0
14/10/2019 04:43,0
14/10/2019 04:48,0
14/10/2019 04:53,0
14/10/2019 04:58,0
14/10/2019 05:03,0
14/10/2019 05:08,0
14/10/2019 05:13,0
14/10/2019 05:18,0
14/10/2019 05:23,0
14/10/2019 05:28,0
14/10/2019 05:33,0
14/10/2019 05:38,0
14/10/2019 05:43,0
14/10/2019 05:48,0
14/10/2019 05:53,0
14/10/2019 05:58,0
14/10/2019 06:03,0
14/10/2019 06:08,0
14/10/2019 06:13,0
14/10/2019 06:18,0
14/10/2019 06:23,0
14/10/2019 06:28,0
14/10/2019 06:33,0
14/10/2019 06:38,0
14/10/2019 06:43,0
14/10/2019 06:48,0
14/10/2019 06:53,0
14/10/2019 06:58,0
14/10/2019 07:03,0
14/10/2019 07:08,0
14/10/2019 07:13,0
14/10/2019 07:18,0
14/10/2019 07:23,0
14/10/2019 07:28,0
14/10/2019 07:33,0
14/10/2019 07:38,0
14/10/2019 07:43,0
14/10/2019 07:48,0
14/10/2019 07:53,0
14/10/2019 07:58,0
14/10/2019 08:03,0
14/10/2019 08:08,0
14/10/2019 08:13,0
14/10/2019 08:18,0
14/10/2019 08:23,0
14/10/2019 08:28,0
14/10/2019 08:33,0
14/10/2019 08:38,0
14/10/2019 08:43,0
14/10/2019 08:48,0
14/10/2019 08:53,0
14/10/2019 08:58,0
14/10/2019 09:03,0
14/10/2019 09:08,0
14/10/2019 09:13,0
14/10/2019 09:18,0
14/10/2019 09:23,0
14/10/2019 09:28,0
14/10/2019 09:33,0
14/10/2019 09:38,0
14/10/2019 09:43,0
14/10/2019 09:48,0
14/10/2019 09:53,0
14/10/2019 09:58,0
14/10/2019 10:03,0
14/10/2019 10:08,0
14/10/2019 10:13,0
14/10/2019 10:18,0
14/10/2019 10:23,0
14/10/2019 10:28,0
14/10/2019 10:33,0
14/10/2019 10:38,0
14/10/2019 10:43,0
14/10/2019 10:48,0
14/10/2019 10:53,0
14/10/2019 10:58,0
14/10/2019 11:03,0
14/10/2019 11:08,0
14/10/2019 11:13,0
14/10/2019 11:18,0
14/10/2019 11:23,0
14/10/2019 11:28,0
14/10/2019 11:33,0
14/10/2019 11:38,0
14/10/2019 11:43,0
14/10/2019 11:48,0
14/10/2019 11:53,0
14/10/2019 11:58,0
14/10/2019 12:03,0
14/10/2019 12:08,0
14/10/2019 12:13,0
14/10/2019 12:18,0
14/10/2019 12:23,0
14/10/2019 12:28,0
14/10/2019 12:33,0
14/10/2019 12:38,0
14/10/2019 12:43,0
14/10/2019 12:48,0
14/10/2019 12:53,0
14/10/2019 12:58,0
14/10/2019 13:03,0
14/10/2019 13:08,0
14/10/2019 13:13,0
14/10/2019 13:18,0
14/10/2019 13:23,0
14/10/2019 13:28,0
14/10/2019 13:33,0
14/10/2019 13:38,0
14/10/2019 13:43,0
14/10/2019 13:48,0
14/10/2019 13:53,0
14/10/2019 13:58,0
14/10/2019 14:03,0
14/10/2019 14:08,0
14/10/2019 14:13,0
14/10/2019 14:18,0
14/10/2019 14:23,0
14/10/2019 14:28,0
14/10/2019 14:33,0
14/10/2019 14:38,0
14/10/2019 14:43,0
14/10/2019 14:48,0
14/10/2019 14:53,0
14/10/2019 14:58,0
14/10/2019 15:03,0
14/10/2019 15:08,0
14/10/2019 15:13,0
14/10/2019 15:18,0
14/10/2019 15:23,0
14/10/2019 15:28,0
14/10/2019 15:33,0
14/10/2019 15:38,0
14/10/2019 15:43,0
14/10/2019 15:48,0
14/10/2019 15:53,0
14/10/2019 15:58,0
14/10/2019 16:03,0
14/10/2019 16:08,0
14/10/2019 16:13,0
14/10/2019 16:18,0
14/10/2019 16:23,0
14/10/2019 16:28,0
14/10/2019 16:33,0
14/10/2019 16:38,0
14/10/2019 16:43,0
14/10/2019 16:48,0
14/10/2019 16:53,0
14/10/2019 16:58,0
14/10/2019 17:03,0
14/10/2019 17:08,0
14/10/2019 17:13,0
14/10/2019 17:18,0
14/10/2019 17:23,0
14/10/2019 17:28,0
14/10/2019 17:33,0
14/10/2019 17:38,0
14/10/2019 17:43,0
14/10/2019 17:48,0
14/10/2019 17:53,0
14/10/2019 17:58,0
14/10/2019 18:03,0
14/10/2019 18:08,0
14/10/2019 18:13,0
14/10/2019 18:18,0
14/10/2019 18:23,0
14/10/2019 18:28,0
14/10/2019 18:33,0
14/10/2019 18:38,0
14/10/2019 18:43,0
14/10/2019 18:48,0
14/10/2019 18:53,0
14/10/2019 18:58,0
14/10/2019 19:03,0
14/10/2019 19:08,0
14/10/2019 19:13,0
14/10/2019 19:18,0
14/10/2019 19:23,0
14/10/2019 19:28,0
14/10/2019 19:33,0
14/10/2019 19:38,0
14/10/2019 19:43,0
14/10/2019 19:48,0
14/10/2019 19:53,0
14/10/2019 19:58,0
14/10/2019 20:03,0
14/10/2019 20:08,0
14/10/2019 20:13,0
14/10/2019 20:18,0
14/10/2019 20:23,0
14/10/2019 20:28,0
14/10/2019 20:33,0
14/10/2019 20:38,0
14/10/2019 20:43,0
14/10/2019 20:48,0
14/10/2019 20:53,0
14/10/2019 20:58,0
14/10/2019 21:03,0
14/10/2019 21:08,0
14/10/2019 21:13,0
14/10/2019 21:18,0
14/10/2019 21:23,0
14/10/2019 21:28,0
14/10/2019 21:33,0
14/10/2019 21:38,0
14/10/2019 21:43,0
14/10/2019 21:48,0
14/10/2019 21:53,0
14/10/2019 21:58,0
14/10/2019 22:03,0
14/10/2019 22:08,0
14/10/2019 22:13,0
14/10/2019 22:18,0
14/10/2019 22:23,0
14/10/2019 22:28,0
14/10/2019 22:33,0
14/10/2019 22:38,0
14/10/2019 22:43,0
14/10/2019 22:48,0
14/10/2019 22:53,0
14/10/2019 22:58,0
14/10/2019 23:03,0
14/10/2019 23:08,0
14/10/2019 23:13,0
14/10/2019 23:18,0
14/10/2019 23:23,0
14/10/2019 23:28,0
14/10/2019 23:33,0
14/10/2019 23:38,0
14/10/2019 23:43,0
14/10/2019 23:48,0
14/10/2019 23:53,0
14/10/2019 23:58,0
15/10/2019 00:03,0
15/10/2019 00:08,0
15/10/2019 00:13,0
15/10/2019 00:18,0
15/10/2019 00:23,0
15/10/2019 00:28,0
15/10/2019 00:33,0
15/10/2019 00:38,0
15/10/2019 00:43,0
15/10/2019 00:48,0
15/10/2019 00:53,0
15/10/2019 00:58,0
15/10/2019 01:03,0
15/10/2019 01:08,0
15/10/2019 01:13,0
15/10/2019 01:18,0
15/10/2019 01:23,0
15/10/2019 01:28,0
15/10/2019 01:33,0
15/10/2019 01:38,0
15/10/2019 01:43,0
15/10/2019 01:48,0
15/10/2019 01:53,0
15/10/2019 01:58,0
15/10/2019 02:03,0
15/10/2019 02:08,0
15/10/2019 02:13,0
15/10/2019 02:18,0
15/10/2019 02:23,0
15/10/2019 02:28,0
15/10/2019 02:33,0
15/10/2019 02:38,0
15/10/2019 02:43,0
15/10/2019 02:48,0
15/10/2019 02:53,0
15/10/2019 02:58,0
15/10/2019 03:03,0
15/10/2019 03:08,0
15/10/2019 03:13,0
15/10/2019 03:18,0
15/10/2019 03:23,0
15/10/2019 03:28,0
15/10/2019 03:33,0
15/10/2019 03:38,0
15/10/2019 03:43,0
15/10/2019 03:48,0
15/10/2019 03:53,0
15/10/2019 03:58,0
15/10/2019 04:03,0
15/10/2019 04:08,0
15/10/2019 04:13,0
15/10/2019 04:18,0
15/10/2019 04:23,0
15/10/2019 04:28,0
15/10/2019 04:33,0
15/10/2019 04:38,0
15/10/2019 04:43,0
15/10/2019 04:48,0
15/10/2019 04:53,0
15/10/2019 04:58,0
15/10/2019 05:03,0
15/10/2019 05:08,0
15/10/2019 05:13,0
15/10/2019 05:18,0
15/10/2019 05:23,0
15/10/2019 05:28,0
15/10/2019 05:33,0
15/10/2019 05:38,0
15/10/2019 05:43,0
15/10/2019 05:48,0
15/10/2019 05:53,0
15/10/2019 05:58,0
15/10/2019 06:03,0
15/10/2019 06:08,0
15/10/2019 06:13,0
15/10/2019 06:18,0
15/10/2019 06:23,0
15/10/2019 06:28,0
15/10/2019 06:33,0
15/10/2019 06:38,0
15/10/2019 06:43,0
15/10/2019 06:48,0
15/10/2019 06:53,0
15/10/2019 06:58,0
15/10/2019 07:03,0
15/10/2019 07:08,0
15/10/2019 07:13,0
15/10/2019 07:18,0
15/10/2019 07:23,0
15/10/2019 07:28,0
15/10/2019 07:33,0
15/10/2019 07:38,0
15/10/2019 07:43,0
15/10/2019 07:48,0
15/10/2019 07:53,0
15/10/2019 07:58,0
15/10/2019 08:03,0
15/10/2019 08:08,0
15/10/2019 08:13,0
15/10/2019 08:18,0
15/10/2019 08:23,0
15/10/2019 08:28,0
15/10/2019 08:33,0
15/10/2019 08:38,0
15/10/2019 08:43,0
15/10/2019 08:48,0
15/10/2019 08:53,0
15/10/2019 08:58,0
15/10/2019 09:03,0
15/10/2019 09:08,0
15/10/2019 09:13,0
15/10/2019 09:18,0
15/10/2019 09:23,0
15/10/2019 09:28,0
15/10/2019 09:33,0
15/10/2019 09:38,0
15/10/2019 09:43,0
15/10/2019 09:48,0
15/10/2019 09:53,0
15/10/2019 09:58,0
15/10/2019 10:03,0
15/10/2019 10:08,0
15/10/2019 10:13,0
15/10/2019 10:18,0
15/10/2019 10:23,0
15/10/2019 10:28,0
15/10/2019 10:33,0
15/10/2019 10:38,0
15/10/2019 10:43,0
15/10/2019 10:48,0
15/10/2019 10:53,0
15/10/2019 10:58,0
15/10/2019 11:03,0
15/10/2019 11:08,0
15/10/2019 11:13,0
15/10/2019 11:18,0
15/10/2019 11:23,0
15/10/2019 11:28,0
15/10/2019 11:33,0
15/10/2019 11:38,0
15/10/2019 11:43,0
15/10/2019 11:48,0
15/10/2019 11:53,0
15/10/2019 11:58,0
15/10/2019 12:03,0
15/10/2019 12:08,0
15/10/2019 12:13,0
15/10/2019 12:18,0
15/10/2019 12:23,0
15/10/2019 12:28,0
15/10/2019 12:33,0
15/10/2019 12:38,0
15/10/2019 12:43,0
15/10/2019 12:48,0
15/10/2019 12:53,0
15/10/2019 12:58,0
15/10/2019 13:03,0
15/10/2019 13:08,0
15/10/2019 13:13,0
15/10/2019 13:18,0
15/10/2019 13:23,0
15/10/2019 13:28,0
15/10/2019 13:33,0
15/10/2019 13:38,0
15/10/2019 13:43,0
15/10/2019 13:48,0
15/10/2019 13:53,0
15/10/2019 13:58,0
15/10/2019 14:03,0
15/10/2019 14:08,0
15/10/2019 14:13,0
15/10/2019 14:18,0
15/10/2019 14:23,0
15/10/2019 14:28,0
15/10/2019 14:33,0
15/10/2019 14:38,0
15/10/2019 14:43,0
15/10/2019 14:48,0
15/10/2019 14:53,0
15/10/2019 14:58,0
15/10/2019 15:03,0
15/10/2019 15:08,0
15/10/2019 15:13,0
15/10/2019 15:18,0
15/10/2019 15:23,0
15/10/2019 15:28,0
15/10/2019 15:33,0
15/10/2019 15:38,0
15/10/2019 15:43,0
15/10/2019 15:48,0
15/10/2019 15:53,0
15/10/2019 15:58,0
15/10/2019 16:03,0
15/10/2019 16:08,0
15/10/2019 16:13,0
15/10/2019 16:18,0
15/10/2019 16:23,0
15/10/2019 16:28,0
15/10/2019 16:33,0
15/10/2019 16:38,0
15/10/2019 16:43,0
15/10/2019 16:48,0
15/10/2019 16:53,0
15/10/2019 16:58,0
15/10/2019 17:03,0
15/10/2019 17:08,0
15/10/2019 17:13,0
15/10/2019 17:18,0
15/10/2019 17:23,0
15/10/2019 17:28,0
15/10/2019 17:33,0
15/10/2019 17:38,0
15/10/2019 17:43,0
15/10/2019 17:48,0.354355665
15/10/2019 17:53,0
15/10/2019 17:58,0.354355665
15/10/2019 18:03,0
15/10/2019 18:08,0
15/10/2019 18:13,0
15/10/2019 18:18,0
15/10/2019 18:23,0
15/10/2019 18:28,0
15/10/2019 18:33,0
15/10/2019 18:38,0
15/10/2019 18:43,0
15/10/2019 18:48,0
15/10/2019 18:53,0
15/10/2019 18:58,0
15/10/2019 19:03,0
15/10/2019 19:08,0
15/10/2019 19:13,0
15/10/2019 19:18,0
15/10/2019 19:23,0
15/10/2019 19:28,0
15/10/2019 19:33,0
15/10/2019 19:38,0
15/10/2019 19:43,0
15/10/2019 19:48,0
15/10/2019 19:53,0
15/10/2019 19:58,0
15/10/2019 20:03,0
15/10/2019 20:08,0
15/10/2019 20:13,0
15/10/2019 20:18,0
15/10/2019 20:23,0
15/10/2019 20:28,0
15/10/2019 20:33,0
15/10/2019 20:38,0
15/10/2019 20:43,0
15/10/2019 20:48,0
15/10/2019 20:53,0
15/10/2019 20:58,0
15/10/2019 21:03,0
15/10/2019 21:08,0
15/10/2019 21:13,0
15/10/2019 21:18,0
15/10/2019 21:23,0
15/10/2019 21:28,0
15/10/2019 21:33,0
15/10/2019 21:38,0
15/10/2019 21:43,0
15/10/2019 21:48,0
15/10/2019 21:53,0
15/10/2019 21:58,0
15/10/2019 22:03,0
15/10/2019 22:08,0
15/10/2019 22:13,0
15/10/2019 22:18,0
15/10/2019 22:23,0
15/10/2019 22:28,0
15/10/2019 22:33,0
15/10/2019 22:38,0
15/10/2019 22:43,0
15/10/2019 22:48,0
15/10/2019 22:53,0
15/10/2019 22:58,0
15/10/2019 23:03,0
15/10/2019 23:08,0
15/10/2019 23:13,0
15/10/2019 23:18,0
15/10/2019 23:23,0
15/10/2019 23:28,0
15/10/2019 23:33,0
15/10/2019 23:38,0
15/10/2019 23:43,0
15/10/2019 23:48,0
15/10/2019 23:53,0
15/10/2019 23:58,0
16/10/2019 00:03,0
16/10/2019 00:08,0
16/10/2019 00:13,0
16/10/2019 00:18,0
16/10/2019 00:23,0
16/10/2019 00:28,0
16/10/2019 00:33,0
16/10/2019 00:38,0
16/10/2019 00:43,0
16/10/2019 00:48,0
16/10/2019 00:53,0
16/10/2019 00:58,0
16/10/2019 01:03,0
16/10/2019 01:08,0
16/10/2019 01:13,0
16/10/2019 01:18,0
16/10/2019 01:23,0
16/10/2019 01:28,0
16/10/2019 01:33,0
16/10/2019 01:38,0
16/10/2019 01:43,0
16/10/2019 01:48,0
16/10/2019 01:53,0
16/10/2019 01:58,0
16/10/2019 02:03,0
16/10/2019 02:08,0
16/10/2019 02:13,0
16/10/2019 02:18,0
16/10/2019 02:23,0
16/10/2019 02:28,0
16/10/2019 02:33,0
16/10/2019 02:38,0
16/10/2019 02:43,0
16/10/2019 02:48,0
16/10/2019 02:53,0
16/10/2019 02:58,0
16/10/2019 03:03,0
16/10/2019 03:08,0
16/10/2019 03:13,0
16/10/2019 03:18,0
16/10/2019 03:23,0
16/10/2019 03:28,0
16/10/2019 03:33,0
16/10/2019 03:38,0
16/10/2019 03:43,0
16/10/2019 03:48,0
16/10/2019 03:53,0
16/10/2019 03:58,0
16/10/2019 04:03,0
16/10/2019 04:08,0
16/10/2019 04:13,0
16/10/2019 04:18,0
16/10/2019 04:23,0
16/10/2019 04:28,0
16/10/2019 04:33,0
16/10/2019 04:38,0
16/10/2019 04:43,0
16/10/2019 04:48,0
16/10/2019 04:53,0
16/10/2019 04:58,0
16/10/2019 05:03,0
16/10/2019 05:08,0
16/10/2019 05:13,0.354355665
16/10/2019 05:18,0
16/10/2019 05:23,0
16/10/2019 05:28,0
16/10/2019 05:33,0
16/10/2019 05:38,0
16/10/2019 05:43,0.354355665
16/10/2019 05:48,0
16/10/2019 05:53,0
16/10/2019 05:58,0
16/10/2019 06:03,0
16/10/2019 06:08,0
16/10/2019 06:13,0
16/10/2019 06:18,0
16/10/2019 06:23,0
16/10/2019 06:28,0
16/10/2019 06:33,0
16/10/2019 06:38,0
16/10/2019 06:43,0
16/10/2019 06:48,0
16/10/2019 06:53,0
16/10/2019 06:58,0
16/10/2019 07:03,0
16/10/2019 07:08,0
16/10/2019 07:13,0
16/10/2019 07:18,0
16/10/2019 07:23,0
16/10/2019 07:28,0
16/10/2019 07:33,0
16/10/2019 07:38,0
16/10/2019 07:43,0
16/10/2019 07:48,0
16/10/2019 07:53,0
16/10/2019 07:58,0
16/10/2019 08:03,0
16/10/2019 08:08,0
16/10/2019 08:13,0
16/10/2019 08:18,0
16/10/2019 08:23,0
16/10/2019 08:28,0
16/10/2019 08:33,0
16/10/2019 08:38,0
16/10/2019 08:43,0
16/10/2019 08:48,0
16/10/2019 08:53,0
16/10/2019 08:58,0
16/10/2019 09:03,0
16/10/2019 09:08,0
16/10/2019 09:13,0
16/10/2019 09:18,0
16/10/2019 09:23,0
16/10/2019 09:28,0
16/10/2019 09:33,0
16/10/2019 09:38,0
16/10/2019 09:43,0
16/10/2019 09:48,0
16/10/2019 09:53,0
16/10/2019 09:58,0
16/10/2019 10:03,0
16/10/2019 10:08,0
16/10/2019 10:13,0
16/10/2019 10:18,0
16/10/2019 10:23,0
16/10/2019 10:28,0
16/10/2019 10:33,0
16/10/2019 10:38,0
16/10/2019 10:43,0
16/10/2019 10:48,0
16/10/2019 10:53,0
16/10/2019 10:58,0
16/10/2019 11:03,0
16/10/2019 11:08,0
16/10/2019 11:13,0
16/10/2019 11:18,0
16/10/2019 11:23,0
16/10/2019 11:28,0
16/10/2019 11:33,0
16/10/2019 11:38,0
16/10/2019 11:43,0
16/10/2019 11:48,0
16/10/2019 11:53,0
16/10/2019 11:58,0
16/10/2019 12:03,0
16/10/2019 12:08,0
16/10/2019 12:13,0
16/10/2019 12:18,0
16/10/2019 12:23,0
16/10/2019 12:28,0
16/10/2019 12:33,0
16/10/2019 12:38,0
16/10/2019 12:43,0
16/10/2019 12:48,0
16/10/2019 12:53,0
16/10/2019 12:58,0
16/10/2019 13:03,0
16/10/2019 13:08,0
16/10/2019 13:13,0
16/10/2019 13:18,0
16/10/2019 13:23,0
16/10/2019 13:28,0
16/10/2019 13:33,0
16/10/2019 13:38,0
16/10/2019 13:43,0
16/10/2019 13:48,0
16/10/2019 13:53,0
16/10/2019 13:58,0
16/10/2019 14:03,0
16/10/2019 14:08,0
16/10/2019 14:13,0
16/10/2019 14:18,0
16/10/2019 14:23,0
16/10/2019 14:28,0
16/10/2019 14:33,0
16/10/2019 14:38,0
16/10/2019 14:43,0
16/10/2019 14:48,0
16/10/2019 14:53,0
16/10/2019 14:58,0
16/10/2019 15:03,0
16/10/2019 15:08,0
16/10/2019 15:13,0
16/10/2019 15:18,0
16/10/2019 15:23,0
16/10/2019 15:28,0
16/10/2019 15:33,0
16/10/2019 15:38,0
16/10/2019 15:43,0
16/10/2019 15:48,0
16/10/2019 15:53,0
16/10/2019 15:58,0
16/10/2019 16:03,0
16/10/2019 16:08,0
16/10/2019 16:13,0
16/10/2019 16:18,0
16/10/2019 16:23,0
16/10/2019 16:28,0
16/10/2019 16:33,0
16/10/2019 16:38,0
16/10/2019 16:43,0
16/10/2019 16:48,0
16/10/2019 16:53,0
16/10/2019 16:58,0
16/10/2019 17:03,0
16/10/2019 17:08,0
16/10/2019 17:13,0
16/10/2019 17:18,0
16/10/2019 17:23,0
16/10/2019 17:28,0
16/10/2019 17:33,0
16/10/2019 17:38,0
16/10/2019 17:43,0
16/10/2019 17:48,0
16/10/2019 17:53,0
16/10/2019 17:58,0
16/10/2019 18:03,0
16/10/2019 18:08,0
16/10/2019 18:13,0
16/10/2019 18:18,0
16/10/2019 18:23,0
16/10/2019 18:28,0
16/10/2019 18:33,0
16/10/2019 18:38,0
16/10/2019 18:43,0
16/10/2019 18:48,0
16/10/2019 18:53,0
16/10/2019 18:58,0
16/10/2019 19:03,0
16/10/2019 19:08,0
16/10/2019 19:13,0
16/10/2019 19:18,0
16/10/2019 19:23,0
16/10/2019 19:28,0
16/10/2019 19:33,0
16/10/2019 19:38,0
16/10/2019 19:43,0
16/10/2019 19:48,0
16/10/2019 19:53,0
16/10/2019 19:58,0
16/10/2019 20:03,0
16/10/2019 20:08,0
16/10/2019 20:13,0
16/10/2019 20:18,0
16/10/2019 20:23,0
16/10/2019 20:28,0
16/10/2019 20:33,0
16/10/2019 20:38,0
16/10/2019 20:43,0
16/10/2019 20:48,0
16/10/2019 20:53,0
16/10/2019 20:58,0
16/10/2019 21:03,0
16/10/2019 21:08,0
16/10/2019 21:13,0
16/10/2019 21:18,0
16/10/2019 21:23,0
16/10/2019 21:28,0
16/10/2019 21:33,0
16/10/2019 21:38,0
16/10/2019 21:43,0
16/10/2019 21:48,0
16/10/2019 21:53,0
16/10/2019 21:58,0
16/10/2019 22:03,0
16/10/2019 22:08,0
16/10/2019 22:13,0
16/10/2019 22:18,0
16/10/2019 22:23,0
16/10/2019 22:28,0
16/10/2019 22:33,0
16/10/2019 22:38,0
16/10/2019 22:43,0
16/10/2019 22:48,0
16/10/2019 22:53,0
16/10/2019 22:58,0
16/10/2019 23:03,0
16/10/2019 23:08,0
16/10/2019 23:13,0
16/10/2019 23:18,0
16/10/2019 23:23,0
16/10/2019 23:28,0
16/10/2019 23:33,0
16/10/2019 23:38,0
16/10/2019 23:43,0
16/10/2019 23:48,0
16/10/2019 23:53,0
16/10/2019 23:58,0
17/10/2019 00:03,0
17/10/2019 00:08,0
17/10/2019 00:13,0
17/10/2019 00:18,0
17/10/2019 00:23,0
17/10/2019 00:28,0
17/10/2019 00:33,0
17/10/2019 00:38,0
17/10/2019 00:43,0
17/10/2019 00:48,0
17/10/2019 00:53,0
17/10/2019 00:58,0
17/10/2019 01:03,0
17/10/2019 01:08,0
17/10/2019 01:13,0
17/10/2019 01:18,0
17/10/2019 01:23,0
17/10/2019 01:28,0
17/10/2019 01:33,0
17/10/2019 01:38,0
17/10/2019 01:43,0
17/10/2019 01:48,0
17/10/2019 01:53,0
17/10/2019 01:58,0
17/10/2019 02:03,0
17/10/2019 02:08,0
17/10/2019 02:13,0
17/10/2019 02:18,0
17/10/2019 02:23,0
17/10/2019 02:28,0
17/10/2019 02:33,0
17/10/2019 02:38,0
17/10/2019 02:43,0
17/10/2019 02:48,0
17/10/2019 02:53,0
17/10/2019 02:58,0
17/10/2019 03:03,0
17/10/2019 03:08,0
17/10/2019 03:13,0
17/10/2019 03:18,0
17/10/2019 03:23,0
17/10/2019 03:28,0
17/10/2019 03:33,0
17/10/2019 03:38,0
17/10/2019 03:43,0
17/10/2019 03:48,0
17/10/2019 03:53,0
17/10/2019 03:58,0
17/10/2019 04:03,0
17/10/2019 04:08,0
17/10/2019 04:13,0
17/10/2019 04:18,0
17/10/2019 04:23,0
17/10/2019 04:28,0
17/10/2019 04:33,0
17/10/2019 04:38,0
17/10/2019 04:43,0
17/10/2019 04:48,0
17/10/2019 04:53,0
17/10/2019 04:58,0
17/10/2019 05:03,0
17/10/2019 05:08,0
17/10/2019 05:13,0
17/10/2019 05:18,0
17/10/2019 05:23,0
17/10/2019 05:28,0
17/10/2019 05:33,0
17/10/2019 05:38,0
17/10/2019 05:43,0
17/10/2019 05:48,0
17/10/2019 05:53,0
17/10/2019 05:58,0
17/10/2019 06:03,0
17/10/2019 06:08,0
17/10/2019 06:13,0
17/10/2019 06:18,0
17/10/2019 06:23,0
17/10/2019 06:28,0
17/10/2019 06:33,0
17/10/2019 06:38,0
17/10/2019 06:43,0
17/10/2019 06:48,0
17/10/2019 06:53,0
17/10/2019 06:58,0
17/10/2019 07:03,0
17/10/2019 07:08,0
17/10/2019 07:13,0
17/10/2019 07:18,0
17/10/2019 07:23,0
17/10/2019 07:28,0
17/10/2019 07:33,0
17/10/2019 07:38,0
17/10/2019 07:43,0
17/10/2019 07:48,0
17/10/2019 07:53,0
17/10/2019 07:58,0
17/10/2019 08:03,0
17/10/2019 08:08,0
17/10/2019 08:13,0
17/10/2019 08:18,0
17/10/2019 08:23,0
17/10/2019 08:28,0
17/10/2019 08:33,0
17/10/2019 08:38,0
17/10/2019 08:43,0
17/10/2019 08:48,0
17/10/2019 08:53,0
17/10/2019 08:58,0
17/10/2019 09:03,0
17/10/2019 09:08,0
17/10/2019 09:13,0
17/10/2019 09:18,0
17/10/2019 09:23,0
17/10/2019 09:28,0
17/10/2019 09:33,0
17/10/2019 09:38,0
17/10/2019 09:43,0
17/10/2019 09:48,0
17/10/2019 09:53,0
17/10/2019 09:58,0
17/10/2019 10:03,0
17/10/2019 10:08,0
17/10/2019 10:13,0
17/10/2019 10:18,0
17/10/2019 10:23,0
17/10/2019 10:28,0
17/10/2019 10:33,0
17/10/2019 10:38,0
17/10/2019 10:43,0
17/10/2019 10:48,0
17/10/2019 10:53,0
17/10/2019 10:58,0
17/10/2019 11:03,0
17/10/2019 11:08,0
17/10/2019 11:13,0
17/10/2019 11:18,0
17/10/2019 11:23,0
17/10/2019 11:28,0
17/10/2019 11:33,0
17/10/2019 11:38,0
17/10/2019 11:43,0
17/10/2019 11:48,0
17/10/2019 11:53,0
17/10/2019 11:58,0
17/10/2019 12:03,0
17/10/2019 12:08,0
17/10/2019 12:13,0
17/10/2019 12:18,0
17/10/2019 12:23,0
17/10/2019 12:28,0
17/10/2019 12:33,0
17/10/2019 12:38,0
17/10/2019 12:43,0
17/10/2019 12:48,0
17/10/2019 12:53,0
17/10/2019 12:58,0
17/10/2019 13:03,0
17/10/2019 13:08,0
17/10/2019 13:13,0
17/10/2019 13:18,0
17/10/2019 13:23,0
17/10/2019 13:28,0
17/10/2019 13:33,0
17/10/2019 13:38,0
17/10/2019 13:43,0
17/10/2019 13:48,0
17/10/2019 13:53,0
17/10/2019 13:58,0
17/10/2019 14:03,0
17/10/2019 14:08,0
17/10/2019 14:13,0
17/10/2019 14:18,0
17/10/2019 14:23,0
17/10/2019 14:28,0
17/10/2019 14:33,0
17/10/2019 14:38,0
17/10/2019 14:43,0
17/10/2019 14:48,0
17/10/2019 14:53,1.417422661
17/10/2019 14:58,0.354355665
17/10/2019 15:03,0.354355665
17/10/2019 15:08,0
17/10/2019 15:13,1.063066996
17/10/2019 15:18,0.354355665
17/10/2019 15:23,0
17/10/2019 15:28,0
17/10/2019 15:33,0
17/10/2019 15:38,0
17/10/2019 15:43,0
17/10/2019 15:48,0
17/10/2019 15:53,0
17/10/2019 15:58,0
17/10/2019 16:03,0
17/10/2019 16:08,0
17/10/2019 16:13,0
17/10/2019 16:18,0
17/10/2019 16:23,0
17/10/2019 16:28,0
17/10/2019 16:33,0
17/10/2019 16:38,0
17/10/2019 16:43,0
17/10/2019 16:48,0
17/10/2019 16:53,0
17/10/2019 16:58,0
17/10/2019 17:03,0
17/10/2019 17:08,0
17/10/2019 17:13,0
17/10/2019 17:18,0
17/10/2019 17:23,0
17/10/2019 17:28,0
17/10/2019 17:33,0
17/10/2019 17:38,0
17/10/2019 17:43,0
17/10/2019 17:48,0
17/10/2019 17:53,0
17/10/2019 17:58,0
17/10/2019 18:03,0
17/10/2019 18:08,0
17/10/2019 18:13,0
17/10/2019 18:18,0
17/10/2019 18:23,0
17/10/2019 18:28,0
17/10/2019 18:33,0
17/10/2019 18:38,0.354355665
17/10/2019 18:43,0.354355665
17/10/2019 18:48,0.354355665
17/10/2019 18:53,0.354355665
17/10/2019 18:58,0
17/10/2019 19:03,0
17/10/2019 19:08,0
17/10/2019 19:13,0
17/10/2019 19:18,0
17/10/2019 19:23,0
17/10/2019 19:28,0
17/10/2019 19:33,0
17/10/2019 19:38,0
17/10/2019 19:43,0
17/10/2019 19:48,0
17/10/2019 19:53,0
17/10/2019 19:58,0
17/10/2019 20:03,0
17/10/2019 20:08,0
17/10/2019 20:13,0
17/10/2019 20:18,0
17/10/2019 20:23,0
17/10/2019 20:28,0
17/10/2019 20:33,0
17/10/2019 20:38,0
17/10/2019 20:43,0
17/10/2019 20:48,0
17/10/2019 20:53,0
17/10/2019 20:58,0
17/10/2019 21:03,0
17/10/2019 21:08,0
17/10/2019 21:13,0
17/10/2019 21:18,0
17/10/2019 21:23,0
17/10/2019 21:28,0
17/10/2019 21:33,0
17/10/2019 21:38,0
17/10/2019 21:43,0
17/10/2019 21:48,0
17/10/2019 21:53,0
17/10/2019 21:58,0
17/10/2019 22:03,0
17/10/2019 22:08,0
17/10/2019 22:13,0
17/10/2019 22:18,0
17/10/2019 22:23,0
17/10/2019 22:28,0
17/10/2019 22:33,0
17/10/2019 22:38,0
17/10/2019 22:43,0
17/10/2019 22:48,0
17/10/2019 22:53,0
17/10/2019 22:58,0
17/10/2019 23:03,0
17/10/2019 23:08,0
17/10/2019 23:13,0
17/10/2019 23:18,0
17/10/2019 23:23,0
17/10/2019 23:28,0
17/10/2019 23:33,0
17/10/2019 23:38,0
17/10/2019 23:43,0
17/10/2019 23:48,0
17/10/2019 23:53,0
17/10/2019 23:58,0
18/10/2019 00:03,0
18/10/2019 00:08,0
18/10/2019 00:13,0
18/10/2019 00:18,0
18/10/2019 00:23,0
18/10/2019 00:28,0
18/10/2019 00:33,0
18/10/2019 00:38,0
18/10/2019 00:43,0
18/10/2019 00:48,0
18/10/2019 00:53,0
18/10/2019 00:58,0
18/10/2019 01:03,0
18/10/2019 01:08,0
18/10/2019 01:13,0
18/10/2019 01:18,0
18/10/2019 01:23,0
18/10/2019 01:28,0
18/10/2019 01:33,0
18/10/2019 01:38,0
18/10/2019 01:43,0
18/10/2019 01:48,0
18/10/2019 01:53,0
18/10/2019 01:58,0
18/10/2019 02:03,0
18/10/2019 02:08,0
18/10/2019 02:13,0
18/10/2019 02:18,0
18/10/2019 02:23,0
18/10/2019 02:28,0
18/10/2019 02:33,0
18/10/2019 02:38,0
18/10/2019 02:43,0
18/10/2019 02:48,0
18/10/2019 02:53,0
18/10/2019 02:58,0
18/10/2019 03:03,0
18/10/2019 03:08,0
18/10/2019 03:13,0
18/10/2019 03:18,0
18/10/2019 03:23,0
18/10/2019 03:28,0
18/10/2019 03:33,0
18/10/2019 03:38,0
18/10/2019 03:43,0
18/10/2019 03:48,0
18/10/2019 03:53,0
18/10/2019 03:58,0
18/10/2019 04:03,0
18/10/2019 04:08,0
18/10/2019 04:13,0
18/10/2019 04:18,0
18/10/2019 04:23,0
18/10/2019 04:28,0
18/10/2019 04:33,0
18/10/2019 04:38,0
18/10/2019 04:43,0
18/10/2019 04:48,0
18/10/2019 04:53,0
18/10/2019 04:58,0
18/10/2019 05:03,0
18/10/2019 05:08,0
18/10/2019 05:13,0
18/10/2019 05:18,0
18/10/2019 05:23,0
18/10/2019 05:28,0
18/10/2019 05:33,0
18/10/2019 05:38,0
18/10/2019 05:43,0
18/10/2019 05:48,0
18/10/2019 05:53,0
18/10/2019 05:58,0
18/10/2019 06:03,0
18/10/2019 06:08,0
18/10/2019 06:13,0
18/10/2019 06:18,0
18/10/2019 06:23,0
18/10/2019 06:28,0
18/10/2019 06:33,0
18/10/2019 06:38,0
18/10/2019 06:43,0
18/10/2019 06:48,0
18/10/2019 06:53,0
18/10/2019 06:58,0
18/10/2019 07:03,0
18/10/2019 07:08,0
18/10/2019 07:13,0
18/10/2019 07:18,0
18/10/2019 07:23,0
18/10/2019 07:28,0
18/10/2019 07:33,0
18/10/2019 07:38,0
18/10/2019 07:43,0
18/10/2019 07:48,0
18/10/2019 07:53,0
18/10/2019 07:58,0
18/10/2019 08:03,0
18/10/2019 08:08,0
18/10/2019 08:13,0
18/10/2019 08:18,0
18/10/2019 08:23,0
18/10/2019 08:28,0
18/10/2019 08:33,0
18/10/2019 08:38,0
18/10/2019 08:43,0
18/10/2019 08:48,0
18/10/2019 08:53,0
18/10/2019 08:58,0
18/10/2019 09:03,0
18/10/2019 09:08,0
18/10/2019 09:13,0
18/10/2019 09:18,0
18/10/2019 09:23,0
18/10/2019 09:28,0
18/10/2019 09:33,0
18/10/2019 09:38,0
18/10/2019 09:43,0
18/10/2019 09:48,0
18/10/2019 09:53,0
18/10/2019 09:58,0
18/10/2019 10:03,0
18/10/2019 10:08,0
18/10/2019 10:13,0
18/10/2019 10:18,0
18/10/2019 10:23,0
18/10/2019 10:28,0
18/10/2019 10:33,0
18/10/2019 10:38,0
18/10/2019 10:43,0
18/10/2019 10:48,0
18/10/2019 10:53,0
18/10/2019 10:58,0
18/10/2019 11:03,0
18/10/2019 11:08,0
18/10/2019 11:13,0
18/10/2019 11:18,0
18/10/2019 11:23,0
18/10/2019 11:28,0
18/10/2019 11:33,0
18/10/2019 11:38,0
18/10/2019 11:43,0
18/10/2019 11:48,0
18/10/2019 11:53,0
18/10/2019 11:58,0
18/10/2019 12:03,0
18/10/2019 12:08,0
18/10/2019 12:13,0
18/10/2019 12:18,0
18/10/2019 12:23,0
18/10/2019 12:28,0
18/10/2019 12:33,0
18/10/2019 12:38,0
18/10/2019 12:43,0
18/10/2019 12:48,0
18/10/2019 12:53,0
18/10/2019 12:58,0
18/10/2019 13:03,0
18/10/2019 13:08,0
18/10/2019 13:13,0
18/10/2019 13:18,0
18/10/2019 13:23,0
18/10/2019 13:28,0
18/10/2019 13:33,0
18/10/2019 13:38,0
18/10/2019 13:43,0
18/10/2019 13:48,0
18/10/2019 13:53,0
18/10/2019 13:58,0
18/10/2019 14:03,0
18/10/2019 14:08,0
18/10/2019 14:13,0
18/10/2019 14:18,0
18/10/2019 14:23,0
18/10/2019 14:28,0
18/10/2019 14:33,0
18/10/2019 14:38,0
18/10/2019 14:43,0
18/10/2019 14:48,0
18/10/2019 14:53,0
18/10/2019 14:58,0
18/10/2019 15:03,0
18/10/2019 15:08,0
18/10/2019 15:13,0
18/10/2019 15:18,0
18/10/2019 15:23,0
18/10/2019 15:28,0
18/10/2019 15:33,0
18/10/2019 15:38,0
18/10/2019 15:43,0
18/10/2019 15:48,0
18/10/2019 15:53,0
18/10/2019 15:58,0
18/10/2019 16:03,0
18/10/2019 16:08,0
18/10/2019 16:13,0
18/10/2019 16:18,0
18/10/2019 16:23,0
18/10/2019 16:28,0
18/10/2019 16:33,0
18/10/2019 16:38,0
18/10/2019 16:43,0
18/10/2019 16:48,0
18/10/2019 16:53,0
18/10/2019 16:58,0
18/10/2019 17:03,0
18/10/2019 17:08,0
18/10/2019 17:13,0
18/10/2019 17:18,0
18/10/2019 17:23,0
18/10/2019 17:28,0
18/10/2019 17:33,0
18/10/2019 17:38,0
18/10/2019 17:43,0
18/10/2019 17:48,0
18/10/2019 17:53,0
18/10/2019 17:58,0
18/10/2019 18:03,0
18/10/2019 18:08,0
18/10/2019 18:13,0
18/10/2019 18:18,0
18/10/2019 18:23,0
18/10/2019 18:28,0
18/10/2019 18:33,0
18/10/2019 18:38,0
18/10/2019 18:43,0
18/10/2019 18:48,0
18/10/2019 18:53,0
18/10/2019 18:58,0
18/10/2019 19:03,0
18/10/2019 19:08,0
18/10/2019 19:13,0
18/10/2019 19:18,0
18/10/2019 19:23,0
18/10/2019 19:28,0
18/10/2019 19:33,0
18/10/2019 19:38,0
18/10/2019 19:43,0
18/10/2019 19:48,0
18/10/2019 19:53,0
18/10/2019 19:58,0
18/10/2019 20:03,0
18/10/2019 20:08,0
18/10/2019 20:13,0
18/10/2019 20:18,0
18/10/2019 20:23,0
18/10/2019 20:28,0
18/10/2019 20:33,0
18/10/2019 20:38,0
18/10/2019 20:43,0
18/10/2019 20:48,0
18/10/2019 20:53,0
18/10/2019 20:58,0
18/10/2019 21:03,0
18/10/2019 21:08,0
18/10/2019 21:13,0
18/10/2019 21:18,0
18/10/2019 21:23,0
18/10/2019 21:28,0
18/10/2019 21:33,0
18/10/2019 21:38,0
18/10/2019 21:43,0
18/10/2019 21:48,0
18/10/2019 21:53,0
18/10/2019 21:58,0
18/10/2019 22:03,0
18/10/2019 22:08,0
18/10/2019 22:13,0
18/10/2019 22:18,0
18/10/2019 22:23,0
18/10/2019 22:28,0
18/10/2019 22:33,0
18/10/2019 22:38,0
18/10/2019 22:43,0
18/10/2019 22:48,0
18/10/2019 22:53,0
18/10/2019 22:58,0
18/10/2019 23:03,0
18/10/2019 23:08,0
18/10/2019 23:13,0
18/10/2019 23:18,0
18/10/2019 23:23,0
18/10/2019 23:28,0
18/10/2019 23:33,0
18/10/2019 23:38,0
18/10/2019 23:43,0
18/10/2019 23:48,0
18/10/2019 23:53,0
18/10/2019 23:58,0
19/10/2019 00:03,0
19/10/2019 00:08,0
19/10/2019 00:13,0
19/10/2019 00:18,0
19/10/2019 00:23,0
19/10/2019 00:28,0
19/10/2019 00:33,0
19/10/2019 00:38,0
19/10/2019 00:43,0
19/10/2019 00:48,0
19/10/2019 00:53,0
19/10/2019 00:58,0
19/10/2019 01:03,0
19/10/2019 01:08,0
19/10/2019 01:13,0
19/10/2019 01:18,0
19/10/2019 01:23,0
19/10/2019 01:28,0
19/10/2019 01:33,0
19/10/2019 01:38,0
19/10/2019 01:43,0
19/10/2019 01:48,0
19/10/2019 01:53,0
19/10/2019 01:58,0
19/10/2019 02:03,0
19/10/2019 02:08,0
19/10/2019 02:13,0
19/10/2019 02:18,0
19/10/2019 02:23,0
19/10/2019 02:28,0
19/10/2019 02:33,0
19/10/2019 02:38,0
19/10/2019 02:43,0
19/10/2019 02:48,0
19/10/2019 02:53,0
19/10/2019 02:58,0
19/10/2019 03:03,0
19/10/2019 03:08,0
19/10/2019 03:13,0
19/10/2019 03:18,0
19/10/2019 03:23,0
19/10/2019 03:28,0
19/10/2019 03:33,0
19/10/2019 03:38,0
19/10/2019 03:43,0
19/10/2019 03:48,0
19/10/2019 03:53,0
19/10/2019 03:58,0
19/10/2019 04:03,0
19/10/2019 04:08,0
19/10/2019 04:13,0
19/10/2019 04:18,0
19/10/2019 04:23,0
19/10/2019 04:28,0
19/10/2019 04:33,0
19/10/2019 04:38,0
19/10/2019 04:43,0
19/10/2019 04:48,0
19/10/2019 04:53,0
19/10/2019 04:58,0
19/10/2019 05:03,0
19/10/2019 05:08,0
19/10/2019 05:13,0
19/10/2019 05:18,0
19/10/2019 05:23,0
19/10/2019 05:28,0
19/10/2019 05:33,0
19/10/2019 05:38,0
19/10/2019 05:43,0
19/10/2019 05:48,0
19/10/2019 05:53,0
19/10/2019 05:58,0
19/10/2019 06:03,0
19/10/2019 06:08,0
19/10/2019 06:13,0
19/10/2019 06:18,0
19/10/2019 06:23,0
19/10/2019 06:28,0
19/10/2019 06:33,0
19/10/2019 06:38,0
19/10/2019 06:43,0
19/10/2019 06:48,0
19/10/2019 06:53,0
19/10/2019 06:58,0
19/10/2019 07:03,0
19/10/2019 07:08,0
19/10/2019 07:13,0
19/10/2019 07:18,0
19/10/2019 07:23,0
19/10/2019 07:28,0
19/10/2019 07:33,0
19/10/2019 07:38,0
19/10/2019 07:43,0
19/10/2019 07:48,0
19/10/2019 07:53,0
19/10/2019 07:58,0
19/10/2019 08:03,0
19/10/2019 08:08,0
19/10/2019 08:13,0
19/10/2019 08:18,0
19/10/2019 08:23,0
19/10/2019 08:28,0
19/10/2019 08:33,0
19/10/2019 08:38,0
19/10/2019 08:43,0
19/10/2019 08:48,0
19/10/2019 08:53,0
19/10/2019 08:58,0
19/10/2019 09:03,0
19/10/2019 09:08,0
19/10/2019 09:13,0
19/10/2019 09:18,0
19/10/2019 09:23,0
19/10/2019 09:28,0
19/10/2019 09:33,0
19/10/2019 09:38,0
19/10/2019 09:43,0
19/10/2019 09:48,0
19/10/2019 09:53,0
19/10/2019 09:58,0
19/10/2019 10:03,0
19/10/2019 10:08,0
19/10/2019 10:13,0
19/10/2019 10:18,0
19/10/2019 10:23,0
19/10/2019 10:28,0
19/10/2019 10:33,0
19/10/2019 10:38,0
19/10/2019 10:43,0
19/10/2019 10:48,0
19/10/2019 10:53,0
19/10/2019 10:58,0
19/10/2019 11:03,0
19/10/2019 11:08,0
19/10/2019 11:13,0
19/10/2019 11:18,0
19/10/2019 11:23,0
19/10/2019 11:28,0
19/10/2019 11:33,0
19/10/2019 11:38,0
19/10/2019 11:43,0
19/10/2019 11:48,0
19/10/2019 11:53,0
19/10/2019 11:58,0
19/10/2019 12:03,0
19/10/2019 12:08,0
19/10/2019 12:13,0
19/10/2019 12:18,0
19/10/2019 12:23,0
19/10/2019 12:28,0
19/10/2019 12:33,0
19/10/2019 12:38,0
19/10/2019 12:43,0
19/10/2019 12:48,0
19/10/2019 12:53,0
19/10/2019 12:58,0
19/10/2019 13:03,0
19/10/2019 13:08,0
19/10/2019 13:13,0
19/10/2019 13:18,0
19/10/2019 13:23,0
19/10/2019 13:28,0
19/10/2019 13:33,0
19/10/2019 13:38,0
19/10/2019 13:43,0
19/10/2019 13:48,0
19/10/2019 13:53,0
19/10/2019 13:58,0
19/10/2019 14:03,0
19/10/2019 14:08,0
19/10/2019 14:13,0
19/10/2019 14:18,0
19/10/2019 14:23,0
19/10/2019 14:28,0
19/10/2019 14:33,0
19/10/2019 14:38,1.063066996
19/10/2019 14:43,0
19/10/2019 14:48,0
19/10/2019 14:53,0
19/10/2019 14:58,0
19/10/2019 15:03,0
19/10/2019 15:08,0
19/10/2019 15:13,0
19/10/2019 15:18,0
19/10/2019 15:23,0
19/10/2019 15:28,0
19/10/2019 15:33,0
19/10/2019 15:38,0
19/10/2019 15:43,0
19/10/2019 15:48,0
19/10/2019 15:53,0
19/10/2019 15:58,0
19/10/2019 16:03,0
19/10/2019 16:08,0
19/10/2019 16:13,0
19/10/2019 16:18,0
19/10/2019 16:23,0
19/10/2019 16:28,0
19/10/2019 16:33,0
19/10/2019 16:38,0
19/10/2019 16:43,0
19/10/2019 16:48,0
19/10/2019 16:53,0
19/10/2019 16:58,0
19/10/2019 17:03,0
19/10/2019 17:08,0
19/10/2019 17:13,0
19/10/2019 17:18,0
19/10/2019 17:23,0
19/10/2019 17:28,0
19/10/2019 17:33,0
19/10/2019 17:38,0
19/10/2019 17:43,0
19/10/2019 17:48,0
19/10/2019 17:53,0
19/10/2019 17:58,0
19/10/2019 18:03,0
19/10/2019 18:08,0
19/10/2019 18:13,0
19/10/2019 18:18,0
19/10/2019 18:23,0
19/10/2019 18:28,0
19/10/2019 18:33,0
19/10/2019 18:38,0
19/10/2019 18:43,0
19/10/2019 18:48,0
19/10/2019 18:53,0
19/10/2019 18:58,0
19/10/2019 19:03,0
19/10/2019 19:08,0
19/10/2019 19:13,0
19/10/2019 19:18,0
19/10/2019 19:23,0
19/10/2019 19:28,0
19/10/2019 19:33,0
19/10/2019 19:38,0
19/10/2019 19:43,0
19/10/2019 19:48,0
19/10/2019 19:53,0
19/10/2019 19:58,0
19/10/2019 20:03,0
19/10/2019 20:08,0
19/10/2019 20:13,0
19/10/2019 20:18,0
19/10/2019 20:23,0
19/10/2019 20:28,0
19/10/2019 20:33,0
19/10/2019 20:38,0
19/10/2019 20:43,0
19/10/2019 20:48,0
19/10/2019 20:53,0
19/10/2019 20:58,0
19/10/2019 21:03,0
19/10/2019 21:08,0
19/10/2019 21:13,0
19/10/2019 21:18,0
19/10/2019 21:23,0
19/10/2019 21:28,0
19/10/2019 21:33,0
19/10/2019 21:38,0
19/10/2019 21:43,0
19/10/2019 21:48,0
19/10/2019 21:53,0
19/10/2019 21:58,0
19/10/2019 22:03,0
19/10/2019 22:08,0
19/10/2019 22:13,0
19/10/2019 22:18,0
19/10/2019 22:23,0
19/10/2019 22:28,0
19/10/2019 22:33,0
19/10/2019 22:38,0
19/10/2019 22:43,0
19/10/2019 22:48,0
19/10/2019 22:53,0
19/10/2019 22:58,0
19/10/2019 23:03,0
19/10/2019 23:08,0
19/10/2019 23:13,0
19/10/2019 23:18,0
19/10/2019 23:23,0
19/10/2019 23:28,0
19/10/2019 23:33,0
19/10/2019 23:38,0
19/10/2019 23:43,0
19/10/2019 23:48,0
19/10/2019 23:53,0
19/10/2019 23:58,0
20/10/2019 00:03,0
20/10/2019 00:08,0
20/10/2019 00:13,0
20/10/2019 00:18,0
20/10/2019 00:23,0
20/10/2019 00:28,0
20/10/2019 00:33,0
20/10/2019 00:38,0
20/10/2019 00:43,0
20/10/2019 00:48,0
20/10/2019 00:53,0
20/10/2019 00:58,0
20/10/2019 01:03,0
20/10/2019 01:08,0
20/10/2019 01:13,0
20/10/2019 01:18,0
20/10/2019 01:23,0
20/10/2019 01:28,0
20/10/2019 01:33,0
20/10/2019 01:38,0
20/10/2019 01:43,0
20/10/2019 01:48,0
20/10/2019 01:53,0
20/10/2019 01:58,0
20/10/2019 02:03,0
20/10/2019 02:08,0
20/10/2019 02:13,0
20/10/2019 02:18,0
20/10/2019 02:23,0
20/10/2019 02:28,0
20/10/2019 02:33,0
20/10/2019 02:38,0
20/10/2019 02:43,0
20/10/2019 02:48,0
20/10/2019 02:53,0
20/10/2019 02:58,0
20/10/2019 03:03,0
20/10/2019 03:08,0
20/10/2019 03:13,0
20/10/2019 03:18,0
20/10/2019 03:23,0
20/10/2019 03:28,0
20/10/2019 03:33,0
20/10/2019 03:38,0
20/10/2019 03:43,0
20/10/2019 03:48,0
20/10/2019 03:53,0
20/10/2019 03:58,0
20/10/2019 04:03,0
20/10/2019 04:08,0
20/10/2019 04:13,0
20/10/2019 04:18,0
20/10/2019 04:23,0
20/10/2019 04:28,0
20/10/2019 04:33,0
20/10/2019 04:38,0
20/10/2019 04:43,0
20/10/2019 04:48,0
20/10/2019 04:53,0
20/10/2019 04:58,0
20/10/2019 05:03,0
20/10/2019 05:08,0
20/10/2019 05:13,0
20/10/2019 05:18,0
20/10/2019 05:23,0
20/10/2019 05:28,0
20/10/2019 05:33,0
20/10/2019 05:38,0
20/10/2019 05:43,0
20/10/2019 05:48,0
20/10/2019 05:53,0
20/10/2019 05:58,0
20/10/2019 06:03,0
20/10/2019 06:08,0
20/10/2019 06:13,0
20/10/2019 06:18,0
20/10/2019 06:23,0
20/10/2019 06:28,0
20/10/2019 06:33,0
20/10/2019 06:38,0
20/10/2019 06:43,0
20/10/2019 06:48,0
20/10/2019 06:53,0
20/10/2019 06:58,0
20/10/2019 07:03,0
20/10/2019 07:08,0
20/10/2019 07:13,0
20/10/2019 07:18,0
20/10/2019 07:23,0
20/10/2019 07:28,0
20/10/2019 07:33,0
20/10/2019 07:38,0
20/10/2019 07:43,0
20/10/2019 07:48,0
20/10/2019 07:53,0
20/10/2019 07:58,0
20/10/2019 08:03,0
20/10/2019 08:08,0
20/10/2019 08:13,0
20/10/2019 08:18,0
20/10/2019 08:23,0
20/10/2019 08:28,0
20/10/2019 08:33,0
20/10/2019 08:38,0
20/10/2019 08:43,0
20/10/2019 08:48,0
20/10/2019 08:53,0
20/10/2019 08:58,0
20/10/2019 09:03,0
20/10/2019 09:08,0
20/10/2019 09:13,0
20/10/2019 09:18,0
20/10/2019 09:23,0
20/10/2019 09:28,0
20/10/2019 09:33,0
20/10/2019 09:38,0
20/10/2019 09:43,0
20/10/2019 09:48,0
20/10/2019 09:53,0
20/10/2019 09:58,0
20/10/2019 10:03,0
20/10/2019 10:08,0
20/10/2019 10:13,0
20/10/2019 10:18,0
20/10/2019 10:23,0
20/10/2019 10:28,0
20/10/2019 10:33,0
20/10/2019 10:38,0
20/10/2019 10:43,0
20/10/2019 10:48,0
20/10/2019 10:53,0
20/10/2019 10:58,0
20/10/2019 11:03,0
20/10/2019 11:08,0
20/10/2019 11:13,0
20/10/2019 11:18,0
20/10/2019 11:23,0
20/10/2019 11:28,0
20/10/2019 11:33,0
20/10/2019 11:38,0
20/10/2019 11:43,0
20/10/2019 11:48,0
20/10/2019 11:53,0
20/10/2019 11:58,0
20/10/2019 12:03,0
20/10/2019 12:08,0
20/10/2019 12:13,0
20/10/2019 12:18,0
20/10/2019 12:23,0
20/10/2019 12:28,0
20/10/2019 12:33,0
20/10/2019 12:38,0
20/10/2019 12:43,0
20/10/2019 12:48,0
20/10/2019 12:53,0
20/10/2019 12:58,0
20/10/2019 13:03,0
20/10/2019 13:08,0
20/10/2019 13:13,0
20/10/2019 13:18,0
20/10/2019 13:23,0
20/10/2019 13:28,0
20/10/2019 13:33,0
20/10/2019 13:38,0
20/10/2019 13:43,0
20/10/2019 13:48,0
20/10/2019 13:53,0
20/10/2019 13:58,0
20/10/2019 14:03,0
20/10/2019 14:08,0
20/10/2019 14:13,0
20/10/2019 14:18,0
20/10/2019 14:23,0
20/10/2019 14:28,0
20/10/2019 14:33,0
20/10/2019 14:38,0
20/10/2019 14:43,0
20/10/2019 14:48,0
20/10/2019 14:53,0
20/10/2019 14:58,0
20/10/2019 15:03,0
20/10/2019 15:08,0
20/10/2019 15:13,0
20/10/2019 15:18,0
20/10/2019 15:23,0
20/10/2019 15:28,0
20/10/2019 15:33,0
20/10/2019 15:38,0
20/10/2019 15:43,0
20/10/2019 15:48,0
20/10/2019 15:53,0
20/10/2019 15:58,0
20/10/2019 16:03,0
20/10/2019 16:08,0
20/10/2019 16:13,0
20/10/2019 16:18,0
20/10/2019 16:23,0
20/10/2019 16:28,0
20/10/2019 16:33,0
20/10/2019 16:38,0
20/10/2019 16:43,0
20/10/2019 16:48,0
20/10/2019 16:53,0
20/10/2019 16:58,0
20/10/2019 17:03,0
20/10/2019 17:08,0
20/10/2019 17:13,0
20/10/2019 17:18,0
20/10/2019 17:23,0
20/10/2019 17:28,0
20/10/2019 17:33,0
20/10/2019 17:38,0
20/10/2019 17:43,0
20/10/2019 17:48,0
20/10/2019 17:53,0
20/10/2019 17:58,0
20/10/2019 18:03,0
20/10/2019 18:08,0
20/10/2019 18:13,0
20/10/2019 18:18,0
20/10/2019 18:23,0
20/10/2019 18:28,0
20/10/2019 18:33,0
20/10/2019 18:38,0
20/10/2019 18:43,0
20/10/2019 18:48,0
20/10/2019 18:53,0
20/10/2019 18:58,0
20/10/2019 19:03,0
20/10/2019 19:08,0
20/10/2019 19:13,0
20/10/2019 19:18,0
20/10/2019 19:23,0
20/10/2019 19:28,0
20/10/2019 19:33,0
20/10/2019 19:38,0
20/10/2019 19:43,0
20/10/2019 19:48,0
20/10/2019 19:53,0
20/10/2019 19:58,0
20/10/2019 20:03,0
20/10/2019 20:08,0
20/10/2019 20:13,0
20/10/2019 20:18,0
20/10/2019 20:23,0
20/10/2019 20:28,0
20/10/2019 20:33,0
20/10/2019 20:38,0
20/10/2019 20:43,0
20/10/2019 20:48,0
20/10/2019 20:53,0
20/10/2019 20:58,0
20/10/2019 21:03,0
20/10/2019 21:08,0
20/10/2019 21:13,0
20/10/2019 21:18,0
20/10/2019 21:23,0
20/10/2019 21:28,0
20/10/2019 21:33,0
20/10/2019 21:38,0
20/10/2019 21:43,0
20/10/2019 21:48,0
20/10/2019 21:53,0
20/10/2019 21:58,0
20/10/2019 22:03,0
20/10/2019 22:08,0
20/10/2019 22:13,0
20/10/2019 22:18,0
20/10/2019 22:23,0
20/10/2019 22:28,0
20/10/2019 22:33,0
20/10/2019 22:38,0
20/10/2019 22:43,0
20/10/2019 22:48,0
20/10/2019 22:53,0
20/10/2019 22:58,0
20/10/2019 23:03,0
20/10/2019 23:08,0
20/10/2019 23:13,0
20/10/2019 23:18,0
20/10/2019 23:23,0
20/10/2019 23:28,0
20/10/2019 23:33,0
20/10/2019 23:38,0
20/10/2019 23:43,0
20/10/2019 23:48,0
20/10/2019 23:53,0
20/10/2019 23:58,0
21/10/2019 00:03,0
21/10/2019 00:08,0
21/10/2019 00:13,0
21/10/2019 00:18,0
21/10/2019 00:23,0
21/10/2019 00:28,0
21/10/2019 00:33,0
21/10/2019 00:38,0
21/10/2019 00:43,0
21/10/2019 00:48,0
21/10/2019 00:53,0
21/10/2019 00:58,0
21/10/2019 01:03,0
21/10/2019 01:08,0
21/10/2019 01:13,0
21/10/2019 01:18,0
21/10/2019 01:23,0
21/10/2019 01:28,0
21/10/2019 01:33,0
21/10/2019 01:38,0
21/10/2019 01:43,0
21/10/2019 01:48,0
21/10/2019 01:53,0
21/10/2019 01:58,0
21/10/2019 02:03,0
21/10/2019 02:08,0
21/10/2019 02:13,0
21/10/2019 02:18,0
21/10/2019 02:23,0
21/10/2019 02:28,0
21/10/2019 02:33,0
21/10/2019 02:38,0
21/10/2019 02:43,0
21/10/2019 02:48,0
21/10/2019 02:53,0
21/10/2019 02:58,0
21/10/2019 03:03,0
21/10/2019 03:08,0
21/10/2019 03:13,0
21/10/2019 03:18,0
21/10/2019 03:23,0
21/10/2019 03:28,0
21/10/2019 03:33,0
21/10/2019 03:38,0
21/10/2019 03:43,0
21/10/2019 03:48,0
21/10/2019 03:53,0
21/10/2019 03:58,0
21/10/2019 04:03,0
21/10/2019 04:08,0
21/10/2019 04:13,0
21/10/2019 04:18,0
21/10/2019 04:23,0
21/10/2019 04:28,0
21/10/2019 04:33,0
21/10/2019 04:38,0
21/10/2019 04:43,0
21/10/2019 04:48,0
21/10/2019 04:53,0
21/10/2019 04:58,0
21/10/2019 05:03,0
21/10/2019 05:08,0
21/10/2019 05:13,0
21/10/2019 05:18,0
21/10/2019 05:23,0
21/10/2019 05:28,0
21/10/2019 05:33,0
21/10/2019 05:38,0
21/10/2019 05:43,0
21/10/2019 05:48,0
21/10/2019 05:53,0
21/10/2019 05:58,0
21/10/2019 06:03,0
21/10/2019 06:08,0
21/10/2019 06:13,0
21/10/2019 06:18,0
21/10/2019 06:23,0
21/10/2019 06:28,0
21/10/2019 06:33,0
21/10/2019 06:38,0
21/10/2019 06:43,0
21/10/2019 06:48,0
21/10/2019 06:53,0
21/10/2019 06:58,0
21/10/2019 07:03,0
21/10/2019 07:08,0
21/10/2019 07:13,0
21/10/2019 07:18,0
21/10/2019 07:23,0
21/10/2019 07:28,0
21/10/2019 07:33,0
21/10/2019 07:38,0
21/10/2019 07:43,0
21/10/2019 07:48,0
21/10/2019 07:53,0
21/10/2019 07:58,0
21/10/2019 08:03,0
21/10/2019 08:08,0
21/10/2019 08:13,0
21/10/2019 08:18,0
21/10/2019 08:23,0
21/10/2019 08:28,0
21/10/2019 08:33,0
21/10/2019 08:38,0
21/10/2019 08:43,0
21/10/2019 08:48,0
21/10/2019 08:53,0
21/10/2019 08:58,0
21/10/2019 09:03,0
21/10/2019 09:08,0
21/10/2019 09:13,0
21/10/2019 09:18,0
21/10/2019 09:23,0
21/10/2019 09:28,0
21/10/2019 09:33,0
21/10/2019 09:38,0
21/10/2019 09:43,0
21/10/2019 09:48,0
21/10/2019 09:53,0
21/10/2019 09:58,0
21/10/2019 10:03,0
21/10/2019 10:08,0
21/10/2019 10:13,0
21/10/2019 10:18,0
21/10/2019 10:23,0
21/10/2019 10:28,0
21/10/2019 10:33,0
21/10/2019 10:38,0
21/10/2019 10:43,0
21/10/2019 10:48,0
21/10/2019 10:53,0
21/10/2019 10:58,0
21/10/2019 11:03,0
21/10/2019 11:08,0
21/10/2019 11:13,0
21/10/2019 11:18,0
21/10/2019 11:23,0
21/10/2019 11:28,0
21/10/2019 11:33,0
21/10/2019 11:38,0
21/10/2019 11:43,0
21/10/2019 11:48,0
21/10/2019 11:53,0
21/10/2019 11:58,0
21/10/2019 12:03,0
21/10/2019 12:08,0
21/10/2019 12:13,0
21/10/2019 12:18,0
21/10/2019 12:23,0
21/10/2019 12:28,0
21/10/2019 12:33,0
21/10/2019 12:38,0
21/10/2019 12:43,0
21/10/2019 12:48,0
21/10/2019 12:53,0
21/10/2019 12:58,0
21/10/2019 13:03,0
21/10/2019 13:08,0
21/10/2019 13:13,0
21/10/2019 13:18,0
21/10/2019 13:23,0
21/10/2019 13:28,0
21/10/2019 13:33,0
21/10/2019 13:38,0
21/10/2019 13:43,0
21/10/2019 13:48,0
21/10/2019 13:53,0
21/10/2019 13:58,0
21/10/2019 14:03,0
21/10/2019 14:08,0
21/10/2019 14:13,0
21/10/2019 14:18,0
21/10/2019 14:23,0
21/10/2019 14:28,0
21/10/2019 14:33,0
21/10/2019 14:38,0
21/10/2019 14:43,0
21/10/2019 14:48,0
21/10/2019 14:53,0
21/10/2019 14:58,0
21/10/2019 15:03,0
21/10/2019 15:08,0
21/10/2019 15:13,0
21/10/2019 15:18,0
21/10/2019 15:23,0
21/10/2019 15:28,0
21/10/2019 15:33,0
21/10/2019 15:38,0
21/10/2019 15:43,0
21/10/2019 15:48,0
21/10/2019 15:53,0
21/10/2019 15:58,0
21/10/2019 16:03,0
21/10/2019 16:08,0
21/10/2019 16:13,0
21/10/2019 16:18,0
21/10/2019 16:23,0
21/10/2019 16:28,0
21/10/2019 16:33,0
21/10/2019 16:38,0
21/10/2019 16:43,0
21/10/2019 16:48,0
21/10/2019 16:53,0
21/10/2019 16:58,0
21/10/2019 17:03,0.70871133
21/10/2019 17:08,2.834845321
21/10/2019 17:13,0
21/10/2019 17:18,0
21/10/2019 17:23,0
21/10/2019 17:28,0
21/10/2019 17:33,0
21/10/2019 17:38,0
21/10/2019 17:43,0
21/10/2019 17:48,0
21/10/2019 17:53,0
21/10/2019 17:58,0
21/10/2019 18:03,0
21/10/2019 18:08,0
21/10/2019 18:13,0
21/10/2019 18:18,0
21/10/2019 18:23,0
21/10/2019 18:28,0.354355665
21/10/2019 18:33,0
21/10/2019 18:38,0
21/10/2019 18:43,0
21/10/2019 18:48,0
21/10/2019 18:53,0
21/10/2019 18:58,0
21/10/2019 19:03,0
21/10/2019 19:08,0
21/10/2019 19:13,0
21/10/2019 19:18,0
21/10/2019 19:23,0
21/10/2019 19:28,0
21/10/2019 19:33,0
21/10/2019 19:38,0
21/10/2019 19:43,0
21/10/2019 19:48,0
21/10/2019 19:53,0
21/10/2019 19:58,0
21/10/2019 20:03,0
21/10/2019 20:08,0
21/10/2019 20:13,0
21/10/2019 20:18,0
21/10/2019 20:23,0
21/10/2019 20:28,0
21/10/2019 20:33,0
21/10/2019 20:38,0
21/10/2019 20:43,0
21/10/2019 20:48,0
21/10/2019 20:53,0
21/10/2019 20:58,0
21/10/2019 21:03,0
21/10/2019 21:08,0
21/10/2019 21:13,0
21/10/2019 21:18,0
21/10/2019 21:23,0
21/10/2019 21:28,0
21/10/2019 21:33,0
21/10/2019 21:38,0
21/10/2019 21:43,0
21/10/2019 21:48,0
21/10/2019 21:53,0
21/10/2019 21:58,0
21/10/2019 22:03,0
21/10/2019 22:08,0
21/10/2019 22:13,0
21/10/2019 22:18,0
21/10/2019 22:23,0
21/10/2019 22:28,0
21/10/2019 22:33,0
21/10/2019 22:38,0
21/10/2019 22:43,0
21/10/2019 22:48,0
21/10/2019 22:53,0
21/10/2019 22:58,0
21/10/2019 23:03,0
21/10/2019 23:08,0
21/10/2019 23:13,0
21/10/2019 23:18,0
21/10/2019 23:23,0
21/10/2019 23:28,0
21/10/2019 23:33,0
21/10/2019 23:38,0
21/10/2019 23:43,0
21/10/2019 23:48,0
21/10/2019 23:53,0
21/10/2019 23:58,0
22/10/2019 00:03,0
22/10/2019 00:08,0
22/10/2019 00:13,0
22/10/2019 00:18,0
22/10/2019 00:23,0
22/10/2019 00:28,0
22/10/2019 00:33,0
22/10/2019 00:38,0
22/10/2019 00:43,0
22/10/2019 00:48,0
22/10/2019 00:53,0
22/10/2019 00:58,0
22/10/2019 01:03,0
22/10/2019 01:08,0
22/10/2019 01:13,0
22/10/2019 01:18,0
22/10/2019 01:23,0
22/10/2019 01:28,0
22/10/2019 01:33,0
22/10/2019 01:38,0
22/10/2019 01:43,0
22/10/2019 01:48,0
22/10/2019 01:53,0
22/10/2019 01:58,0
22/10/2019 02:03,0
22/10/2019 02:08,0
22/10/2019 02:13,0
22/10/2019 02:18,0
22/10/2019 02:23,0
22/10/2019 02:28,0
22/10/2019 02:33,0
22/10/2019 02:38,0
22/10/2019 02:43,0
22/10/2019 02:48,0
22/10/2019 02:53,0
22/10/2019 02:58,0
22/10/2019 03:03,0
22/10/2019 03:08,0
22/10/2019 03:13,0
22/10/2019 03:18,0
22/10/2019 03:23,0
22/10/2019 03:28,0
22/10/2019 03:33,0
22/10/2019 03:38,0
22/10/2019 03:43,0
22/10/2019 03:48,0
22/10/2019 03:53,0
22/10/2019 03:58,0
22/10/2019 04:03,0
22/10/2019 04:08,0
22/10/2019 04:13,0
22/10/2019 04:18,0
22/10/2019 04:23,0
22/10/2019 04:28,0
22/10/2019 04:33,0
22/10/2019 04:38,0
22/10/2019 04:43,0
22/10/2019 04:48,0
22/10/2019 04:53,0
22/10/2019 04:58,0
22/10/2019 05:03,0
22/10/2019 05:08,0
22/10/2019 05:13,0
22/10/2019 05:18,0
22/10/2019 05:23,0
22/10/2019 05:28,0
22/10/2019 05:33,0
22/10/2019 05:38,0
22/10/2019 05:43,0
22/10/2019 05:48,0
22/10/2019 05:53,0
22/10/2019 05:58,0
22/10/2019 06:03,0
22/10/2019 06:08,0
22/10/2019 06:13,0
22/10/2019 06:18,0
22/10/2019 06:23,0
22/10/2019 06:28,0
22/10/2019 06:33,0
22/10/2019 06:38,0
22/10/2019 06:43,0
22/10/2019 06:48,0
22/10/2019 06:53,0
22/10/2019 06:58,0
22/10/2019 07:03,0
22/10/2019 07:08,0
22/10/2019 07:13,0
22/10/2019 07:18,0
22/10/2019 07:23,0
22/10/2019 07:28,0
22/10/2019 07:33,0
22/10/2019 07:38,0
22/10/2019 07:43,0
22/10/2019 07:48,0
22/10/2019 07:53,0
22/10/2019 07:58,0
22/10/2019 08:03,0
22/10/2019 08:08,0
22/10/2019 08:13,0
22/10/2019 08:18,0
22/10/2019 08:23,0
22/10/2019 08:28,0
22/10/2019 08:33,0
22/10/2019 08:38,0
22/10/2019 08:43,0
22/10/2019 08:48,0
22/10/2019 08:53,0
22/10/2019 08:58,0
22/10/2019 09:03,0
22/10/2019 09:08,0
22/10/2019 09:13,0
22/10/2019 09:18,0
22/10/2019 09:23,0
22/10/2019 09:28,0
22/10/2019 09:33,0
22/10/2019 09:38,0
22/10/2019 09:43,0
22/10/2019 09:48,0
22/10/2019 09:53,0
22/10/2019 09:58,0
22/10/2019 10:03,0
22/10/2019 10:08,0
22/10/2019 10:13,0
22/10/2019 10:18,0
22/10/2019 10:23,0
22/10/2019 10:28,0
22/10/2019 10:33,0
22/10/2019 10:38,0
22/10/2019 10:43,0
22/10/2019 10:48,0
22/10/2019 10:53,0
22/10/2019 10:58,0
22/10/2019 11:03,0
22/10/2019 11:08,0
22/10/2019 11:13,0
22/10/2019 11:18,0
22/10/2019 11:23,0
22/10/2019 11:28,0
22/10/2019 11:33,0
22/10/2019 11:38,0
22/10/2019 11:43,0
22/10/2019 11:48,0
22/10/2019 11:53,0
22/10/2019 11:58,0
22/10/2019 12:03,0
22/10/2019 12:08,0
22/10/2019 12:13,0
22/10/2019 12:18,0
22/10/2019 12:23,0
22/10/2019 12:28,0
22/10/2019 12:33,0
22/10/2019 12:38,0
22/10/2019 12:43,0
22/10/2019 12:48,0
22/10/2019 12:53,0
22/10/2019 12:58,0
22/10/2019 13:03,0
22/10/2019 13:08,0
22/10/2019 13:13,0
22/10/2019 13:18,0
22/10/2019 13:23,0
22/10/2019 13:28,0
22/10/2019 13:33,0
22/10/2019 13:38,0
22/10/2019 13:43,0
22/10/2019 13:48,0
22/10/2019 13:53,0
22/10/2019 13:58,0
22/10/2019 14:03,0
22/10/2019 14:08,0
22/10/2019 14:13,0
22/10/2019 14:18,0
22/10/2019 14:23,0
22/10/2019 14:28,0
22/10/2019 14:33,0
22/10/2019 14:38,0
22/10/2019 14:43,0
22/10/2019 14:48,0
22/10/2019 14:53,0
22/10/2019 14:58,0
22/10/2019 15:03,0
22/10/2019 15:08,0
22/10/2019 15:13,0
22/10/2019 15:18,0
22/10/2019 15:23,0
22/10/2019 15:28,0
22/10/2019 15:33,0
22/10/2019 15:38,0
22/10/2019 15:43,0
22/10/2019 15:48,0
22/10/2019 15:53,0
22/10/2019 15:58,0
22/10/2019 16:03,0
22/10/2019 16:08,0
22/10/2019 16:13,0
22/10/2019 16:18,0
22/10/2019 16:23,0
22/10/2019 16:28,0
22/10/2019 16:33,0
22/10/2019 16:38,0
22/10/2019 16:43,0
22/10/2019 16:48,0
22/10/2019 16:53,0
22/10/2019 16:58,0
22/10/2019 17:03,0
22/10/2019 17:08,0
22/10/2019 17:13,0
22/10/2019 17:18,0
22/10/2019 17:23,0
22/10/2019 17:28,0
22/10/2019 17:33,0
22/10/2019 17:38,0
22/10/2019 17:43,0
22/10/2019 17:48,0
22/10/2019 17:53,0
22/10/2019 17:58,0
22/10/2019 18:03,0
22/10/2019 18:08,0
22/10/2019 18:13,0
22/10/2019 18:18,0
22/10/2019 18:23,0
22/10/2019 18:34,0
22/10/2019 18:39,0
22/10/2019 18:44,0
22/10/2019 18:49,0
22/10/2019 18:54,0
22/10/2019 18:59,0
22/10/2019 19:04,0
22/10/2019 19:09,0
22/10/2019 19:14,0
22/10/2019 19:19,0
22/10/2019 19:24,0
22/10/2019 19:29,0
22/10/2019 19:34,0
22/10/2019 19:39,0
22/10/2019 19:44,0
22/10/2019 19:49,0
22/10/2019 19:54,0
22/10/2019 19:59,0
22/10/2019 20:04,0
22/10/2019 20:09,0
22/10/2019 20:14,0
22/10/2019 20:19,0
22/10/2019 20:24,0
22/10/2019 20:29,0
22/10/2019 20:34,0
22/10/2019 20:39,0
22/10/2019 20:44,0
22/10/2019 20:49,0
22/10/2019 20:54,0
22/10/2019 20:59,0
22/10/2019 21:04,0
22/10/2019 21:09,0
22/10/2019 21:14,0
22/10/2019 21:19,0
22/10/2019 21:24,0
22/10/2019 21:29,0
22/10/2019 21:34,0
22/10/2019 21:39,0
22/10/2019 21:44,0
22/10/2019 21:49,0
22/10/2019 21:54,0
22/10/2019 21:59,0
22/10/2019 22:04,0
22/10/2019 22:09,0
22/10/2019 22:14,0
22/10/2019 22:19,0
22/10/2019 22:24,0
22/10/2019 22:29,0
22/10/2019 22:34,0
22/10/2019 22:39,0
22/10/2019 22:44,0
22/10/2019 22:49,0
22/10/2019 22:54,0
22/10/2019 22:59,0
22/10/2019 23:04,0
22/10/2019 23:09,0
22/10/2019 23:14,0
22/10/2019 23:19,0
22/10/2019 23:24,0
22/10/2019 23:29,0
22/10/2019 23:34,0
22/10/2019 23:39,0
22/10/2019 23:44,0
22/10/2019 23:49,0
22/10/2019 23:54,0
22/10/2019 23:59,0
23/10/2019 00:04,0
23/10/2019 00:09,0
23/10/2019 00:14,0
23/10/2019 00:19,0
23/10/2019 00:24,0
23/10/2019 00:29,0
23/10/2019 00:34,0
23/10/2019 00:39,0
23/10/2019 00:44,0
23/10/2019 00:49,0
23/10/2019 00:54,0
23/10/2019 00:59,0
23/10/2019 01:04,0
23/10/2019 01:09,0
23/10/2019 01:14,0
23/10/2019 01:19,0
23/10/2019 01:24,0
23/10/2019 01:29,0
23/10/2019 01:34,0
23/10/2019 01:39,0
23/10/2019 01:44,0
23/10/2019 01:49,0
23/10/2019 01:54,0
23/10/2019 01:59,0
23/10/2019 02:04,0
23/10/2019 02:09,0
23/10/2019 02:14,0
23/10/2019 02:19,0
23/10/2019 02:24,0
23/10/2019 02:29,0
23/10/2019 02:34,0
23/10/2019 02:39,0
23/10/2019 02:44,0
23/10/2019 02:49,0
23/10/2019 02:54,0
23/10/2019 02:59,0
23/10/2019 03:04,0
23/10/2019 03:09,0
23/10/2019 03:14,0
23/10/2019 03:19,0
23/10/2019 03:24,0
23/10/2019 03:29,0
23/10/2019 03:34,0
23/10/2019 03:39,0
23/10/2019 03:44,0
23/10/2019 03:49,0
23/10/2019 03:54,0
23/10/2019 03:59,0
23/10/2019 04:04,0
23/10/2019 04:09,0
23/10/2019 04:14,0
23/10/2019 04:19,0
23/10/2019 04:24,0
23/10/2019 04:29,0
23/10/2019 04:34,0
23/10/2019 04:39,0
23/10/2019 04:44,0
23/10/2019 04:49,0
23/10/2019 04:54,0
23/10/2019 04:59,0
23/10/2019 05:04,0
23/10/2019 05:09,0
23/10/2019 05:14,0
23/10/2019 05:19,0
23/10/2019 05:24,0
23/10/2019 05:29,0
23/10/2019 05:34,0
23/10/2019 05:39,0
23/10/2019 05:44,0
23/10/2019 05:49,0
23/10/2019 05:54,0
23/10/2019 05:59,0
23/10/2019 06:04,0
23/10/2019 06:09,0
23/10/2019 06:14,0
23/10/2019 06:19,0
23/10/2019 06:24,0
23/10/2019 06:29,0
23/10/2019 06:34,0
23/10/2019 06:39,0
23/10/2019 06:44,0
23/10/2019 06:49,0
23/10/2019 06:54,0
23/10/2019 06:59,0
23/10/2019 07:04,0
23/10/2019 07:09,0
23/10/2019 07:14,0
23/10/2019 07:19,0
23/10/2019 07:24,0
23/10/2019 07:29,0
23/10/2019 07:34,0
23/10/2019 07:39,0
23/10/2019 07:44,0
23/10/2019 07:49,0
23/10/2019 07:54,0
23/10/2019 07:59,0
23/10/2019 08:04,0
23/10/2019 08:09,0
23/10/2019 08:14,0
23/10/2019 08:19,0
23/10/2019 08:24,0
23/10/2019 08:29,0
23/10/2019 08:34,0
23/10/2019 08:39,0
23/10/2019 08:44,0
23/10/2019 08:49,0
23/10/2019 08:54,0
23/10/2019 08:59,0
23/10/2019 09:04,0
23/10/2019 09:09,0
23/10/2019 09:14,0
23/10/2019 09:19,0
23/10/2019 09:24,0
23/10/2019 09:29,0
23/10/2019 09:34,0
23/10/2019 09:39,0
23/10/2019 09:44,0
23/10/2019 09:49,0
23/10/2019 09:54,0
23/10/2019 09:59,0
23/10/2019 10:04,0
23/10/2019 10:09,0
23/10/2019 10:14,0
23/10/2019 10:19,0
23/10/2019 10:24,0
23/10/2019 10:29,0
23/10/2019 10:34,0
23/10/2019 10:39,0
23/10/2019 10:44,0
23/10/2019 10:49,0
23/10/2019 10:54,0
23/10/2019 10:59,0
23/10/2019 11:04,0
23/10/2019 11:09,0
23/10/2019 11:14,0
23/10/2019 11:19,0
23/10/2019 11:24,0
23/10/2019 11:29,0
23/10/2019 11:34,0
23/10/2019 11:39,0
23/10/2019 11:44,0
23/10/2019 11:49,0
23/10/2019 11:54,0
23/10/2019 11:59,0
23/10/2019 12:04,0
23/10/2019 12:09,0
23/10/2019 12:14,0
23/10/2019 12:19,0
23/10/2019 12:24,0
23/10/2019 12:29,0
23/10/2019 12:34,0
23/10/2019 12:39,0
23/10/2019 12:44,0
23/10/2019 12:49,0
23/10/2019 12:54,0
23/10/2019 12:59,0
23/10/2019 13:04,0
23/10/2019 13:09,0
23/10/2019 13:14,0
23/10/2019 13:19,0
23/10/2019 13:24,0
23/10/2019 13:29,0
23/10/2019 13:34,0
23/10/2019 13:39,0
23/10/2019 13:44,0
23/10/2019 13:49,0
23/10/2019 13:54,0
23/10/2019 13:59,0
23/10/2019 14:04,0
23/10/2019 14:09,0
23/10/2019 14:14,0
23/10/2019 14:19,0
23/10/2019 14:24,0
23/10/2019 14:29,0
23/10/2019 14:34,0
23/10/2019 14:39,0
23/10/2019 14:44,0
23/10/2019 14:49,0
23/10/2019 14:54,0
23/10/2019 14:59,0
23/10/2019 15:04,0
23/10/2019 15:09,0
23/10/2019 15:14,0
23/10/2019 15:19,0
23/10/2019 15:24,0
23/10/2019 15:29,0
23/10/2019 15:34,0
23/10/2019 15:39,0
23/10/2019 15:44,0
23/10/2019 15:49,0
23/10/2019 15:54,0
23/10/2019 15:59,0
23/10/2019 16:04,0
23/10/2019 16:09,0
23/10/2019 16:14,0
23/10/2019 16:19,0
23/10/2019 16:24,0
23/10/2019 16:29,0
23/10/2019 16:34,0
23/10/2019 16:39,0
23/10/2019 16:44,0
23/10/2019 16:49,0
23/10/2019 16:54,0
23/10/2019 16:59,0
23/10/2019 17:04,0
23/10/2019 17:09,0
23/10/2019 17:14,0
23/10/2019 17:19,0
23/10/2019 17:24,0
23/10/2019 17:29,0
23/10/2019 17:34,0
23/10/2019 17:39,0
23/10/2019 17:44,0
23/10/2019 17:49,0
23/10/2019 17:54,0
23/10/2019 17:59,0
23/10/2019 18:04,0
23/10/2019 18:09,0
23/10/2019 18:14,0
23/10/2019 18:19,0
23/10/2019 18:24,0
23/10/2019 18:29,0
23/10/2019 18:34,0
23/10/2019 18:39,0
23/10/2019 18:44,0
23/10/2019 18:49,0
23/10/2019 18:54,0
23/10/2019 18:59,0
23/10/2019 19:04,0
23/10/2019 19:09,0
23/10/2019 19:14,0
23/10/2019 19:19,0
23/10/2019 19:24,0
23/10/2019 19:29,0
23/10/2019 19:34,0
23/10/2019 19:39,0
23/10/2019 19:44,0
23/10/2019 19:49,0
23/10/2019 19:54,0
23/10/2019 19:59,0
23/10/2019 20:04,0
23/10/2019 20:09,0
23/10/2019 20:14,0
23/10/2019 20:19,0
23/10/2019 20:24,0
23/10/2019 20:29,0
23/10/2019 20:34,0
23/10/2019 20:39,0
23/10/2019 20:44,0
23/10/2019 20:49,0
23/10/2019 20:54,0
23/10/2019 20:59,0
23/10/2019 21:04,0
23/10/2019 21:09,0
23/10/2019 21:14,0
23/10/2019 21:19,0
23/10/2019 21:24,0
23/10/2019 21:29,0
23/10/2019 21:34,0
23/10/2019 21:39,0
23/10/2019 21:44,0
23/10/2019 21:49,0
23/10/2019 21:54,0
23/10/2019 21:59,0
23/10/2019 22:04,0
23/10/2019 22:09,0
23/10/2019 22:14,0
23/10/2019 22:19,0
23/10/2019 22:24,0
23/10/2019 22:29,0
23/10/2019 22:34,0
23/10/2019 22:39,0
23/10/2019 22:44,0
23/10/2019 22:49,0
23/10/2019 22:54,0
23/10/2019 22:59,0
23/10/2019 23:04,0
23/10/2019 23:09,0
23/10/2019 23:14,0
23/10/2019 23:19,0
23/10/2019 23:24,0
23/10/2019 23:29,0
23/10/2019 23:34,0
23/10/2019 23:39,0
23/10/2019 23:44,0
23/10/2019 23:49,0
23/10/2019 23:54,0
23/10/2019 23:59,0
24/10/2019 00:04,0
24/10/2019 00:09,0
24/10/2019 00:14,0
24/10/2019 00:19,0
24/10/2019 00:24,0
24/10/2019 00:29,0
24/10/2019 00:34,0
24/10/2019 00:39,0
24/10/2019 00:44,0
24/10/2019 00:49,0
24/10/2019 00:54,0
24/10/2019 00:59,0
24/10/2019 01:04,0
24/10/2019 01:09,0
24/10/2019 01:14,0
24/10/2019 01:19,0
24/10/2019 01:24,0
24/10/2019 01:29,0
24/10/2019 01:34,0
24/10/2019 01:39,0
24/10/2019 01:44,0
24/10/2019 01:49,0
24/10/2019 01:54,0
24/10/2019 01:59,0
24/10/2019 02:04,0
24/10/2019 02:09,0
24/10/2019 02:14,0
24/10/2019 02:19,0
24/10/2019 02:24,0
24/10/2019 02:29,0
24/10/2019 02:34,0
24/10/2019 02:39,0
24/10/2019 02:44,0
24/10/2019 02:49,0
24/10/2019 02:54,0
24/10/2019 02:59,0
24/10/2019 03:04,0
24/10/2019 03:09,0
24/10/2019 03:14,0
24/10/2019 03:19,0
24/10/2019 03:24,0
24/10/2019 03:29,0
24/10/2019 03:34,0
24/10/2019 03:39,0
24/10/2019 03:44,0
24/10/2019 03:49,0
24/10/2019 03:54,0
24/10/2019 03:59,0
24/10/2019 04:04,0
24/10/2019 04:09,0
24/10/2019 04:14,0
24/10/2019 04:19,0
24/10/2019 04:24,0
24/10/2019 04:29,0
24/10/2019 04:34,0
24/10/2019 04:39,0
24/10/2019 04:44,0
24/10/2019 04:49,0
24/10/2019 04:54,0
24/10/2019 04:59,0
24/10/2019 05:04,0
24/10/2019 05:09,0
24/10/2019 05:14,0
24/10/2019 05:19,0
24/10/2019 05:24,0
24/10/2019 05:29,0
24/10/2019 05:34,0
24/10/2019 05:39,0
24/10/2019 05:44,0
24/10/2019 05:49,0
24/10/2019 05:54,0
24/10/2019 05:59,0
24/10/2019 06:04,0
24/10/2019 06:09,0
24/10/2019 06:14,0
24/10/2019 06:19,0
24/10/2019 06:24,0
24/10/2019 06:29,0
24/10/2019 06:34,0
24/10/2019 06:39,0
24/10/2019 06:44,0
24/10/2019 06:49,0
24/10/2019 06:54,0
24/10/2019 06:59,0
24/10/2019 07:04,0
24/10/2019 07:09,0
24/10/2019 07:14,0
24/10/2019 07:19,0
24/10/2019 07:24,0
24/10/2019 07:29,0
24/10/2019 07:34,0
24/10/2019 07:39,0
24/10/2019 07:44,0
24/10/2019 07:49,0
24/10/2019 07:54,0
24/10/2019 07:59,0
24/10/2019 08:04,0
24/10/2019 08:09,0
24/10/2019 08:14,0
24/10/2019 08:19,0
24/10/2019 08:24,0
24/10/2019 08:29,0
24/10/2019 08:34,0
24/10/2019 08:39,0
24/10/2019 08:44,0
24/10/2019 08:49,0
24/10/2019 08:54,0
24/10/2019 08:59,0
24/10/2019 09:04,0
24/10/2019 09:09,0
24/10/2019 09:14,0
24/10/2019 09:19,0
24/10/2019 09:24,0
24/10/2019 09:29,0
24/10/2019 09:34,0
24/10/2019 09:39,0
24/10/2019 09:44,0
24/10/2019 09:49,0
24/10/2019 09:54,0
24/10/2019 09:59,0
24/10/2019 10:04,0
24/10/2019 10:09,0
24/10/2019 10:14,0
24/10/2019 10:19,0
24/10/2019 10:24,0
24/10/2019 10:29,0
24/10/2019 10:34,0
24/10/2019 10:39,0
24/10/2019 10:44,0
24/10/2019 10:49,0
24/10/2019 10:54,0
24/10/2019 10:59,0
24/10/2019 11:04,0
24/10/2019 11:09,0
24/10/2019 11:14,0
24/10/2019 11:19,0
24/10/2019 11:24,0
24/10/2019 11:29,0
24/10/2019 11:34,0
24/10/2019 11:39,0
24/10/2019 11:44,0
24/10/2019 11:49,0
24/10/2019 11:54,0
24/10/2019 11:59,0
24/10/2019 12:04,0
24/10/2019 12:09,0
24/10/2019 12:14,0
24/10/2019 12:19,0
24/10/2019 12:24,0
24/10/2019 12:29,0
24/10/2019 12:34,0
24/10/2019 12:39,0
24/10/2019 12:44,0
24/10/2019 12:49,0
24/10/2019 12:54,0
24/10/2019 12:59,0
24/10/2019 13:04,0
24/10/2019 13:09,0
24/10/2019 13:14,0
24/10/2019 13:19,0
24/10/2019 13:24,0
24/10/2019 13:29,0
24/10/2019 13:34,0
24/10/2019 13:39,0
24/10/2019 13:44,0
24/10/2019 13:49,0
24/10/2019 13:54,0
24/10/2019 13:59,0
24/10/2019 14:04,0
24/10/2019 14:09,0
24/10/2019 14:14,0
24/10/2019 14:19,0
24/10/2019 14:24,0
24/10/2019 14:29,0
24/10/2019 14:34,0
24/10/2019 14:39,0
24/10/2019 14:44,0
24/10/2019 14:49,0
24/10/2019 14:54,0
24/10/2019 14:59,0
24/10/2019 15:04,0
24/10/2019 15:09,0
24/10/2019 15:14,0
24/10/2019 15:19,0
24/10/2019 15:24,0
24/10/2019 15:29,0
24/10/2019 15:34,0
24/10/2019 15:39,0
24/10/2019 15:44,0
24/10/2019 15:49,0
24/10/2019 15:54,0
24/10/2019 15:59,0
24/10/2019 16:04,0
24/10/2019 16:09,0
24/10/2019 16:14,0
24/10/2019 16:19,0
24/10/2019 16:24,0
24/10/2019 16:29,0
24/10/2019 16:34,0
24/10/2019 16:39,0
24/10/2019 16:44,0
24/10/2019 16:49,0
24/10/2019 16:54,0
24/10/2019 16:59,0
24/10/2019 17:04,0
24/10/2019 17:09,0
24/10/2019 17:14,0
24/10/2019 17:19,0
24/10/2019 17:24,0
24/10/2019 17:29,0
24/10/2019 17:34,0
24/10/2019 17:39,0
24/10/2019 17:44,0
24/10/2019 17:49,0
24/10/2019 17:54,0
24/10/2019 17:59,0
24/10/2019 18:04,0
24/10/2019 18:09,0
24/10/2019 18:14,0
24/10/2019 18:19,0
24/10/2019 18:24,0
24/10/2019 18:29,0
24/10/2019 18:34,0
24/10/2019 18:39,0
24/10/2019 18:44,0
24/10/2019 18:49,0
24/10/2019 18:54,0
24/10/2019 18:59,0
24/10/2019 19:04,0
24/10/2019 19:09,0
24/10/2019 19:14,0
24/10/2019 19:19,0
24/10/2019 19:24,0
24/10/2019 19:29,0
24/10/2019 19:34,0
24/10/2019 19:39,0
24/10/2019 19:44,0
24/10/2019 19:49,0
24/10/2019 19:54,0
24/10/2019 19:59,0
24/10/2019 20:04,0
24/10/2019 20:09,0
24/10/2019 20:14,0
24/10/2019 20:19,0
24/10/2019 20:24,0
24/10/2019 20:29,0
24/10/2019 20:34,0
24/10/2019 20:39,0
24/10/2019 20:44,0
24/10/2019 20:49,0
24/10/2019 20:54,0
24/10/2019 20:59,0
24/10/2019 21:04,0
24/10/2019 21:09,0
24/10/2019 21:14,0
24/10/2019 21:19,0
24/10/2019 21:24,0
24/10/2019 21:29,0
24/10/2019 21:34,0
24/10/2019 21:39,0
24/10/2019 21:44,0
24/10/2019 21:49,0
24/10/2019 21:54,0
24/10/2019 21:59,0
24/10/2019 22:04,0
24/10/2019 22:09,0
24/10/2019 22:14,0
24/10/2019 22:19,0
24/10/2019 22:24,0
24/10/2019 22:29,0
24/10/2019 22:34,0
24/10/2019 22:39,0
24/10/2019 22:44,0
24/10/2019 22:49,0
24/10/2019 22:54,0
24/10/2019 22:59,0
24/10/2019 23:04,0
24/10/2019 23:09,0
24/10/2019 23:14,0
24/10/2019 23:19,0
24/10/2019 23:24,0
24/10/2019 23:29,0
24/10/2019 23:34,0
24/10/2019 23:39,0
24/10/2019 23:44,0
24/10/2019 23:49,0
24/10/2019 23:54,0
24/10/2019 23:59,0
25/10/2019 00:04,0
25/10/2019 00:09,0
25/10/2019 00:14,0
25/10/2019 00:19,0
25/10/2019 00:24,0
25/10/2019 00:29,0
25/10/2019 00:34,0
25/10/2019 00:39,0
25/10/2019 00:44,0
25/10/2019 00:49,0
25/10/2019 00:54,0
25/10/2019 00:59,0
25/10/2019 01:04,0
25/10/2019 01:09,0
25/10/2019 01:14,0
25/10/2019 01:19,0
25/10/2019 01:24,0
25/10/2019 01:29,0
25/10/2019 01:34,0
25/10/2019 01:39,0
25/10/2019 01:44,0
25/10/2019 01:49,0
25/10/2019 01:54,0
25/10/2019 01:59,0
25/10/2019 02:04,0
25/10/2019 02:09,0
25/10/2019 02:14,0
25/10/2019 02:19,0
25/10/2019 02:24,0
25/10/2019 02:29,0
25/10/2019 02:34,0
25/10/2019 02:39,0
25/10/2019 02:44,0
25/10/2019 02:49,0
25/10/2019 02:54,0
25/10/2019 02:59,0
25/10/2019 03:04,0
25/10/2019 03:09,0
25/10/2019 03:14,0
25/10/2019 03:19,0
25/10/2019 03:24,0
25/10/2019 03:29,0
25/10/2019 03:34,0
25/10/2019 03:39,0
25/10/2019 03:44,0
25/10/2019 03:49,0
25/10/2019 03:54,0
25/10/2019 03:59,0
25/10/2019 04:04,0
25/10/2019 04:09,0
25/10/2019 04:14,0
25/10/2019 04:19,0
25/10/2019 04:24,0
25/10/2019 04:29,0
25/10/2019 04:34,0
25/10/2019 04:39,0
25/10/2019 04:44,0
25/10/2019 04:49,0
25/10/2019 04:54,0
25/10/2019 04:59,0
25/10/2019 05:04,0
25/10/2019 05:09,0
25/10/2019 05:14,0
25/10/2019 05:19,0
25/10/2019 05:24,0
25/10/2019 05:29,0
25/10/2019 05:34,0
25/10/2019 05:39,0
25/10/2019 05:44,0
25/10/2019 05:49,0
25/10/2019 05:54,0
25/10/2019 05:59,0
25/10/2019 06:04,0
25/10/2019 06:09,0
25/10/2019 06:14,0
25/10/2019 06:19,0
25/10/2019 06:24,0
25/10/2019 06:29,0
25/10/2019 06:34,0
25/10/2019 06:39,0
25/10/2019 06:44,0
25/10/2019 06:49,0
25/10/2019 06:54,0
25/10/2019 06:59,0
25/10/2019 07:04,0
25/10/2019 07:09,0
25/10/2019 07:14,0
25/10/2019 07:19,0
25/10/2019 07:24,0
25/10/2019 07:29,0
25/10/2019 07:34,0
25/10/2019 07:39,0
25/10/2019 07:44,0
25/10/2019 07:49,0
25/10/2019 07:54,0
25/10/2019 07:59,0
25/10/2019 08:04,0
25/10/2019 08:09,0
25/10/2019 08:14,0
25/10/2019 08:19,0
25/10/2019 08:24,0
25/10/2019 08:29,0
25/10/2019 08:34,0
25/10/2019 08:39,0
25/10/2019 08:44,0
25/10/2019 08:49,0
25/10/2019 08:54,0
25/10/2019 08:59,0
25/10/2019 09:04,0
25/10/2019 09:09,0
25/10/2019 09:14,0
25/10/2019 09:19,0
25/10/2019 09:24,0
25/10/2019 09:29,0
25/10/2019 09:34,0
25/10/2019 09:39,0
25/10/2019 09:44,0
25/10/2019 09:49,0
25/10/2019 09:54,0
25/10/2019 09:59,0
25/10/2019 10:04,0
25/10/2019 10:09,0
25/10/2019 10:14,0
25/10/2019 10:19,0
25/10/2019 10:24,0
25/10/2019 10:29,0
25/10/2019 10:34,0
25/10/2019 10:39,0
25/10/2019 10:44,0
25/10/2019 10:49,0
25/10/2019 10:54,0
25/10/2019 10:59,0
25/10/2019 11:04,0
25/10/2019 11:09,0
25/10/2019 11:14,0
25/10/2019 11:19,0
25/10/2019 11:24,0
25/10/2019 11:29,0
25/10/2019 11:34,0
25/10/2019 11:39,0
25/10/2019 11:44,0
25/10/2019 11:49,0
25/10/2019 11:54,0
25/10/2019 11:59,0
25/10/2019 12:04,0
25/10/2019 12:09,0
25/10/2019 12:14,0
25/10/2019 12:19,0
25/10/2019 12:24,0
25/10/2019 12:29,0
25/10/2019 12:34,0
25/10/2019 12:39,0
25/10/2019 12:44,0
25/10/2019 12:49,0
25/10/2019 12:54,0
25/10/2019 12:59,0
25/10/2019 13:04,0
25/10/2019 13:09,0
25/10/2019 13:14,0
25/10/2019 13:19,0
25/10/2019 13:24,0
25/10/2019 13:29,0
25/10/2019 13:34,0
25/10/2019 13:39,0
25/10/2019 13:44,0
25/10/2019 13:49,0
25/10/2019 13:54,0
25/10/2019 13:59,0
25/10/2019 14:04,0
25/10/2019 14:09,0
25/10/2019 14:14,0
25/10/2019 14:19,0
25/10/2019 14:24,0
25/10/2019 14:29,0
25/10/2019 14:34,0
25/10/2019 14:39,0
25/10/2019 14:44,0
25/10/2019 14:49,0
25/10/2019 14:54,0
25/10/2019 14:59,0
25/10/2019 15:04,0
25/10/2019 15:09,0
25/10/2019 15:14,0
25/10/2019 15:19,0
25/10/2019 15:24,0
25/10/2019 15:29,0
25/10/2019 15:34,0
25/10/2019 15:39,0
25/10/2019 15:44,0
25/10/2019 15:49,0
25/10/2019 15:54,0
25/10/2019 15:59,0
25/10/2019 16:04,0
25/10/2019 16:09,0
25/10/2019 16:14,0
25/10/2019 16:19,0
25/10/2019 16:24,0
25/10/2019 16:29,0
25/10/2019 16:34,0
25/10/2019 16:39,0
25/10/2019 16:44,0
25/10/2019 16:49,0
25/10/2019 16:54,0
25/10/2019 16:59,0
25/10/2019 17:04,0
25/10/2019 17:09,0
25/10/2019 17:14,0
25/10/2019 17:19,0
25/10/2019 17:24,0
25/10/2019 17:29,0
25/10/2019 17:34,0
25/10/2019 17:39,0
25/10/2019 17:44,0
25/10/2019 17:49,0
25/10/2019 17:54,0
25/10/2019 17:59,0
25/10/2019 18:04,0
25/10/2019 18:09,0
25/10/2019 18:14,0
25/10/2019 18:19,0
25/10/2019 18:24,0
25/10/2019 18:29,0
25/10/2019 18:34,0
25/10/2019 18:39,0
25/10/2019 18:44,0
25/10/2019 18:49,0
25/10/2019 18:54,0
25/10/2019 18:59,0
25/10/2019 19:04,0
25/10/2019 19:09,0
25/10/2019 19:14,0
25/10/2019 19:19,0
25/10/2019 19:24,0
25/10/2019 19:29,0
25/10/2019 19:34,0
25/10/2019 19:39,0
25/10/2019 19:44,0
25/10/2019 19:49,0
25/10/2019 19:54,0
25/10/2019 19:59,0
25/10/2019 20:04,0
25/10/2019 20:09,0
25/10/2019 20:14,0
25/10/2019 20:19,0
25/10/2019 20:24,0
25/10/2019 20:29,0
25/10/2019 20:34,0
25/10/2019 20:39,0
25/10/2019 20:44,0
25/10/2019 20:49,0
25/10/2019 20:54,0
25/10/2019 20:59,0
25/10/2019 21:04,0
25/10/2019 21:09,0
25/10/2019 21:14,0
25/10/2019 21:19,0
25/10/2019 21:24,0
25/10/2019 21:29,0
25/10/2019 21:34,0
25/10/2019 21:39,0
25/10/2019 21:44,0
25/10/2019 21:49,0
25/10/2019 21:54,0
25/10/2019 21:59,0
25/10/2019 22:04,0
25/10/2019 22:09,0
25/10/2019 22:14,0
25/10/2019 22:19,0
25/10/2019 22:24,0
25/10/2019 22:29,0
25/10/2019 22:34,0
25/10/2019 22:39,0
25/10/2019 22:44,0
25/10/2019 22:49,0
25/10/2019 22:54,0
25/10/2019 22:59,0
25/10/2019 23:04,0
25/10/2019 23:09,0
25/10/2019 23:14,0
25/10/2019 23:19,0
25/10/2019 23:24,0
25/10/2019 23:29,0
25/10/2019 23:34,0
25/10/2019 23:39,0
25/10/2019 23:44,0
25/10/2019 23:49,0
25/10/2019 23:54,0
25/10/2019 23:59,0
26/10/2019 00:04,0
26/10/2019 00:09,0
26/10/2019 00:14,0
26/10/2019 00:19,0
26/10/2019 00:24,0
26/10/2019 00:29,0
26/10/2019 00:34,0
26/10/2019 00:39,0
26/10/2019 00:44,0
26/10/2019 00:49,0
26/10/2019 00:54,0
26/10/2019 00:59,0
26/10/2019 01:04,0
26/10/2019 01:09,0
26/10/2019 01:14,0
26/10/2019 01:19,0
26/10/2019 01:24,0.354355665
26/10/2019 01:29,0.354355665
26/10/2019 01:34,0.354355665
26/10/2019 01:39,0
26/10/2019 01:44,0.354355665
26/10/2019 01:49,0
26/10/2019 01:54,0.354355665
26/10/2019 01:59,0.354355665
26/10/2019 02:04,0
26/10/2019 02:09,0.354355665
26/10/2019 02:14,0
26/10/2019 02:19,0.354355665
26/10/2019 02:24,0.354355665
26/10/2019 02:29,0.354355665
26/10/2019 02:34,0.354355665
26/10/2019 02:39,0
26/10/2019 02:44,0.354355665
26/10/2019 02:49,0
26/10/2019 02:54,0.354355665
26/10/2019 02:59,0
26/10/2019 03:04,0
26/10/2019 03:09,0
26/10/2019 03:14,0.354355665
26/10/2019 03:19,0
26/10/2019 03:24,0
26/10/2019 03:29,0
26/10/2019 03:34,0
26/10/2019 03:39,0
26/10/2019 03:44,0
26/10/2019 03:49,0
26/10/2019 03:54,0
26/10/2019 03:59,0
26/10/2019 04:04,0
26/10/2019 04:09,0
26/10/2019 04:14,0
26/10/2019 04:19,0
26/10/2019 04:24,0
26/10/2019 04:29,0
26/10/2019 04:34,0
26/10/2019 04:39,0
26/10/2019 04:44,0
26/10/2019 04:49,0
26/10/2019 04:54,0
26/10/2019 04:59,0
26/10/2019 05:04,0
26/10/2019 05:09,0.354355665
26/10/2019 05:14,0
26/10/2019 05:19,0
26/10/2019 05:24,0
26/10/2019 05:29,0
26/10/2019 05:34,0
26/10/2019 05:39,0
26/10/2019 05:44,0
26/10/2019 05:49,0
26/10/2019 05:54,0
26/10/2019 05:59,0
26/10/2019 06:04,0
26/10/2019 06:09,0
26/10/2019 06:14,0
26/10/2019 06:19,0
26/10/2019 06:24,0
26/10/2019 06:29,0
26/10/2019 06:34,0
26/10/2019 06:39,0
26/10/2019 06:44,0
26/10/2019 06:49,0
26/10/2019 06:54,1.063066996
26/10/2019 06:59,0.354355665
26/10/2019 07:04,0
26/10/2019 07:09,0
26/10/2019 07:14,0
26/10/2019 07:19,0
26/10/2019 07:24,0
26/10/2019 07:29,0
26/10/2019 07:34,0
26/10/2019 07:39,0
26/10/2019 07:44,0
26/10/2019 07:49,0
26/10/2019 07:54,0
26/10/2019 07:59,0
26/10/2019 08:04,0
26/10/2019 08:09,0
26/10/2019 08:14,0
26/10/2019 08:19,0
26/10/2019 08:24,0
26/10/2019 08:29,0
26/10/2019 08:34,0
26/10/2019 08:39,0
26/10/2019 08:44,0
26/10/2019 08:49,0
26/10/2019 08:54,0
26/10/2019 08:59,0
26/10/2019 09:04,0
26/10/2019 09:09,0
26/10/2019 09:14,0
26/10/2019 09:19,0
26/10/2019 09:24,0
26/10/2019 09:29,0
26/10/2019 09:34,0
26/10/2019 09:39,0
26/10/2019 09:44,0
26/10/2019 09:49,0
26/10/2019 09:54,0
26/10/2019 09:59,0
26/10/2019 10:04,0
26/10/2019 10:09,0
26/10/2019 10:14,0
26/10/2019 10:19,0
26/10/2019 10:24,0
26/10/2019 10:29,0
26/10/2019 10:34,0
26/10/2019 10:39,0
26/10/2019 10:44,0
26/10/2019 10:49,0
26/10/2019 10:54,0
26/10/2019 10:59,0
26/10/2019 11:04,0
26/10/2019 11:09,0
26/10/2019 11:14,0
26/10/2019 11:19,0
26/10/2019 11:24,0
26/10/2019 11:29,0
26/10/2019 11:34,0
26/10/2019 11:39,0
26/10/2019 11:44,0
26/10/2019 11:49,0
26/10/2019 11:54,0
26/10/2019 11:59,0
26/10/2019 12:04,0
26/10/2019 12:09,0
26/10/2019 12:14,0
26/10/2019 12:19,0
26/10/2019 12:24,0
26/10/2019 12:29,0
26/10/2019 12:34,0
26/10/2019 12:39,0
26/10/2019 12:44,0
26/10/2019 12:49,0
26/10/2019 12:54,0
26/10/2019 12:59,0
26/10/2019 13:04,0
26/10/2019 13:09,0
26/10/2019 13:14,0
26/10/2019 13:19,0
26/10/2019 13:24,0
26/10/2019 13:29,0
26/10/2019 13:34,0
26/10/2019 13:39,0
26/10/2019 13:44,0
26/10/2019 13:49,0
26/10/2019 13:54,0
26/10/2019 13:59,0
26/10/2019 14:04,0
26/10/2019 14:09,0
26/10/2019 14:14,0
26/10/2019 14:19,0
26/10/2019 14:24,0
26/10/2019 14:29,0
26/10/2019 14:34,0
26/10/2019 14:39,0
26/10/2019 14:44,0
26/10/2019 14:49,0
26/10/2019 14:54,0
26/10/2019 14:59,0
26/10/2019 15:04,0
26/10/2019 15:09,0
26/10/2019 15:14,0
26/10/2019 15:19,0
26/10/2019 15:24,0
26/10/2019 15:29,0
26/10/2019 15:34,0
26/10/2019 15:39,0
26/10/2019 15:44,0
26/10/2019 15:49,0
26/10/2019 15:54,0
26/10/2019 15:59,0
26/10/2019 16:04,0
26/10/2019 16:09,0
26/10/2019 16:14,0
26/10/2019 16:19,0
26/10/2019 16:24,0
26/10/2019 16:29,0
26/10/2019 16:34,0
26/10/2019 16:39,0
26/10/2019 16:44,0
26/10/2019 16:49,0
26/10/2019 16:54,0
26/10/2019 16:59,0
26/10/2019 17:04,0
26/10/2019 17:09,0
26/10/2019 17:14,0
26/10/2019 17:19,0
26/10/2019 17:24,0
26/10/2019 17:29,0
26/10/2019 17:34,0
26/10/2019 17:39,0
26/10/2019 17:44,0
26/10/2019 17:49,0
26/10/2019 17:54,0
26/10/2019 17:59,0
26/10/2019 18:04,0
26/10/2019 18:09,0
26/10/2019 18:14,0
26/10/2019 18:19,0
26/10/2019 18:24,0
26/10/2019 18:29,0
26/10/2019 18:34,0
26/10/2019 18:39,0
26/10/2019 18:44,0
26/10/2019 18:49,0
26/10/2019 18:54,0
26/10/2019 18:59,0
26/10/2019 19:04,0
26/10/2019 19:09,0
26/10/2019 19:14,0
26/10/2019 19:19,0
26/10/2019 19:24,0
26/10/2019 19:29,0
26/10/2019 19:34,0
26/10/2019 19:39,0
26/10/2019 19:44,0
26/10/2019 19:49,0
26/10/2019 19:54,0
26/10/2019 19:59,0
26/10/2019 20:04,0
26/10/2019 20:09,0
26/10/2019 20:14,0
26/10/2019 20:19,0
26/10/2019 20:24,0
26/10/2019 20:29,0
26/10/2019 20:34,0
26/10/2019 20:39,0
26/10/2019 20:44,0
26/10/2019 20:49,0
26/10/2019 20:54,0
26/10/2019 20:59,0
26/10/2019 21:04,0
26/10/2019 21:09,0
26/10/2019 21:14,0
26/10/2019 21:19,0
26/10/2019 21:24,0
26/10/2019 21:29,0
26/10/2019 21:34,0
26/10/2019 21:39,0
26/10/2019 21:44,0
26/10/2019 21:49,0
26/10/2019 21:54,0
26/10/2019 21:59,0
26/10/2019 22:04,0
26/10/2019 22:09,0
26/10/2019 22:14,0
26/10/2019 22:19,0
26/10/2019 22:24,0
26/10/2019 22:29,0
26/10/2019 22:34,0
26/10/2019 22:39,0
26/10/2019 22:44,0
26/10/2019 22:49,0
26/10/2019 22:54,0
26/10/2019 22:59,0
26/10/2019 23:04,0
26/10/2019 23:09,0
26/10/2019 23:14,0
26/10/2019 23:19,0
26/10/2019 23:24,0
26/10/2019 23:29,0
26/10/2019 23:34,0
26/10/2019 23:39,0
26/10/2019 23:44,0
26/10/2019 23:49,0
26/10/2019 23:54,0
26/10/2019 23:59,0
27/10/2019 00:04,0
27/10/2019 00:09,0
27/10/2019 00:14,0
27/10/2019 00:19,0
27/10/2019 00:24,0
27/10/2019 00:29,0
27/10/2019 00:34,0
27/10/2019 00:39,0
27/10/2019 00:44,0
27/10/2019 00:49,0
27/10/2019 00:54,0
27/10/2019 00:59,0
27/10/2019 01:04,0
27/10/2019 01:09,0
27/10/2019 01:14,0
27/10/2019 01:19,0
27/10/2019 01:24,0
27/10/2019 01:29,0
27/10/2019 01:34,0
27/10/2019 01:39,0
27/10/2019 01:44,0
27/10/2019 01:49,0
27/10/2019 01:54,0
27/10/2019 01:59,0
27/10/2019 02:04,0
27/10/2019 02:09,0
27/10/2019 02:14,0
27/10/2019 02:19,0
27/10/2019 02:24,0
27/10/2019 02:29,0
27/10/2019 02:34,0
27/10/2019 02:39,0
27/10/2019 02:44,0
27/10/2019 02:49,0
27/10/2019 02:54,0
27/10/2019 02:59,0
27/10/2019 03:04,0
27/10/2019 03:09,0
27/10/2019 03:14,0
27/10/2019 03:19,0
27/10/2019 03:24,0
27/10/2019 03:29,0
27/10/2019 03:34,0
27/10/2019 03:39,0
27/10/2019 03:44,0
27/10/2019 03:49,0
27/10/2019 03:54,0
27/10/2019 03:59,0
27/10/2019 04:04,0
27/10/2019 04:09,0
27/10/2019 04:14,0
27/10/2019 04:19,0
27/10/2019 04:24,0
27/10/2019 04:29,0
27/10/2019 04:34,0
27/10/2019 04:39,0
27/10/2019 04:44,0
27/10/2019 04:49,0
27/10/2019 04:54,0
27/10/2019 04:59,0
27/10/2019 05:04,0
27/10/2019 05:09,0
27/10/2019 05:14,0
27/10/2019 05:19,0
27/10/2019 05:24,0
27/10/2019 05:29,0
27/10/2019 05:34,0
27/10/2019 05:39,0
27/10/2019 05:44,0
27/10/2019 05:49,0
27/10/2019 05:54,0
27/10/2019 05:59,0
27/10/2019 06:04,0
27/10/2019 06:09,0
27/10/2019 06:14,0
27/10/2019 06:19,0
27/10/2019 06:24,0
27/10/2019 06:29,0
27/10/2019 06:34,0
27/10/2019 06:39,0
27/10/2019 06:44,0
27/10/2019 06:49,0
27/10/2019 06:54,0
27/10/2019 06:59,0
27/10/2019 07:04,0
27/10/2019 07:09,0
27/10/2019 07:14,0
27/10/2019 07:19,0
27/10/2019 07:24,0
27/10/2019 07:29,0
27/10/2019 07:34,0
27/10/2019 07:39,0
27/10/2019 07:44,0
27/10/2019 07:49,0
27/10/2019 07:54,0
27/10/2019 07:59,0
27/10/2019 08:04,0
27/10/2019 08:09,0
27/10/2019 08:14,0
27/10/2019 08:19,0
27/10/2019 08:24,0
27/10/2019 08:29,0
27/10/2019 08:34,0
27/10/2019 08:39,0
27/10/2019 08:44,0
27/10/2019 08:49,0
27/10/2019 08:54,0
27/10/2019 08:59,0
27/10/2019 09:04,0
27/10/2019 09:09,0
27/10/2019 09:14,0
27/10/2019 09:19,0
27/10/2019 09:24,0
27/10/2019 09:29,0
27/10/2019 09:34,0
27/10/2019 09:39,0
27/10/2019 09:44,0
27/10/2019 09:49,0
27/10/2019 09:54,0
27/10/2019 09:59,0
27/10/2019 10:04,0
27/10/2019 10:09,0
27/10/2019 10:14,0
27/10/2019 10:19,0
27/10/2019 10:24,0
27/10/2019 10:29,0
27/10/2019 10:34,0
27/10/2019 10:39,0
27/10/2019 10:44,0
27/10/2019 10:49,0
27/10/2019 10:54,0
27/10/2019 10:59,0
27/10/2019 11:04,0
27/10/2019 11:09,0
27/10/2019 11:14,0
27/10/2019 11:19,0
27/10/2019 11:24,0
27/10/2019 11:29,0
27/10/2019 11:34,0
27/10/2019 11:39,0
27/10/2019 11:44,0
27/10/2019 11:49,0
27/10/2019 11:54,0
27/10/2019 11:59,0
27/10/2019 12:04,0
27/10/2019 12:09,0
27/10/2019 12:14,0
27/10/2019 12:19,0
27/10/2019 12:24,0
27/10/2019 12:29,0
27/10/2019 12:34,0
27/10/2019 12:39,0
27/10/2019 12:44,0
27/10/2019 12:49,0
27/10/2019 12:54,0
27/10/2019 12:59,0
27/10/2019 13:04,0
27/10/2019 13:09,0
27/10/2019 13:14,0
27/10/2019 13:19,0
27/10/2019 13:24,0
27/10/2019 13:29,0
27/10/2019 13:34,0
27/10/2019 13:39,0
27/10/2019 13:44,0
27/10/2019 13:49,0
27/10/2019 13:54,0
27/10/2019 13:59,0
27/10/2019 14:04,0
27/10/2019 14:09,0
27/10/2019 14:14,0
27/10/2019 14:19,0
27/10/2019 14:24,0
27/10/2019 14:29,0
27/10/2019 14:34,0
27/10/2019 14:39,0
27/10/2019 14:44,0
27/10/2019 14:49,0
27/10/2019 14:54,0
27/10/2019 14:59,0
27/10/2019 15:04,0
27/10/2019 15:09,0
27/10/2019 15:14,0
27/10/2019 15:19,0
27/10/2019 15:24,0
27/10/2019 15:29,0
27/10/2019 15:34,0
27/10/2019 15:39,0
27/10/2019 15:44,0
27/10/2019 15:49,0
27/10/2019 15:54,0
27/10/2019 15:59,0
27/10/2019 16:04,0
27/10/2019 16:09,0
27/10/2019 16:14,0
27/10/2019 16:19,0
27/10/2019 16:24,0
27/10/2019 16:29,0
27/10/2019 16:34,0
27/10/2019 16:39,0
27/10/2019 16:44,0
27/10/2019 16:49,0
27/10/2019 16:54,0
27/10/2019 16:59,0
27/10/2019 17:04,0
27/10/2019 17:09,0
27/10/2019 17:14,0
27/10/2019 17:19,0
27/10/2019 17:24,0
27/10/2019 17:29,0
27/10/2019 17:34,0
27/10/2019 17:39,0
27/10/2019 17:44,0
27/10/2019 17:49,0
27/10/2019 17:54,0
27/10/2019 17:59,0
27/10/2019 18:04,0
27/10/2019 18:09,0
27/10/2019 18:14,0
27/10/2019 18:19,0
27/10/2019 18:24,0
27/10/2019 18:29,0
27/10/2019 18:34,0
27/10/2019 18:39,0
27/10/2019 18:44,0
27/10/2019 18:49,0
27/10/2019 18:54,0
27/10/2019 18:59,0
27/10/2019 19:04,0
27/10/2019 19:09,0
27/10/2019 19:14,0
27/10/2019 19:19,0
27/10/2019 19:24,0
27/10/2019 19:29,0
27/10/2019 19:34,0
27/10/2019 19:39,0
27/10/2019 19:44,0
27/10/2019 19:49,0
27/10/2019 19:54,0
27/10/2019 19:59,0
27/10/2019 20:04,0
27/10/2019 20:09,0
27/10/2019 20:14,0
27/10/2019 20:19,0
27/10/2019 20:24,0
27/10/2019 20:29,0
27/10/2019 20:34,0
27/10/2019 20:39,0
27/10/2019 20:44,0
27/10/2019 20:49,0
27/10/2019 20:54,0
27/10/2019 20:59,0
27/10/2019 21:04,0
27/10/2019 21:09,0
27/10/2019 21:14,0
27/10/2019 21:19,0
27/10/2019 21:24,0
27/10/2019 21:29,0
27/10/2019 21:34,0
27/10/2019 21:39,0
27/10/2019 21:44,0
27/10/2019 21:49,0
27/10/2019 21:54,0
27/10/2019 21:59,0
27/10/2019 22:04,0
27/10/2019 22:09,0
27/10/2019 22:14,0
27/10/2019 22:19,0
27/10/2019 22:24,0
27/10/2019 22:29,0
27/10/2019 22:34,0
27/10/2019 22:39,0
27/10/2019 22:44,0
27/10/2019 22:49,0
27/10/2019 22:54,0
27/10/2019 22:59,0
27/10/2019 23:04,0
27/10/2019 23:09,0
27/10/2019 23:14,0
27/10/2019 23:19,0
27/10/2019 23:24,0
27/10/2019 23:29,0
27/10/2019 23:34,0
27/10/2019 23:39,0
27/10/2019 23:44,0
27/10/2019 23:49,0
27/10/2019 23:54,0
27/10/2019 23:59,0
28/10/2019 00:04,0
28/10/2019 00:09,0
28/10/2019 00:14,0
28/10/2019 00:19,0
28/10/2019 00:24,0
28/10/2019 00:29,0
28/10/2019 00:34,0
28/10/2019 00:39,0
28/10/2019 00:44,0
28/10/2019 00:49,0
28/10/2019 00:54,0
28/10/2019 00:59,0
28/10/2019 01:04,0
28/10/2019 01:09,0
28/10/2019 01:14,0
28/10/2019 01:19,0
28/10/2019 01:24,0
28/10/2019 01:29,0
28/10/2019 01:34,0
28/10/2019 01:39,0
28/10/2019 01:44,0
28/10/2019 01:49,0
28/10/2019 01:54,0
28/10/2019 01:59,0
28/10/2019 02:04,0
28/10/2019 02:09,0
28/10/2019 02:14,0
28/10/2019 02:19,0
28/10/2019 02:24,0
28/10/2019 02:29,0
28/10/2019 02:34,0
28/10/2019 02:39,0
28/10/2019 02:44,0
28/10/2019 02:49,0
28/10/2019 02:54,0
28/10/2019 02:59,0
28/10/2019 03:04,0
28/10/2019 03:09,0
28/10/2019 03:14,0
28/10/2019 03:19,0
28/10/2019 03:24,0
28/10/2019 03:29,0
28/10/2019 03:34,0
28/10/2019 03:39,0
28/10/2019 03:44,0
28/10/2019 03:49,0
28/10/2019 03:54,0
28/10/2019 03:59,0
28/10/2019 04:04,0
28/10/2019 04:09,0
28/10/2019 04:14,0
28/10/2019 04:19,0
28/10/2019 04:24,0
28/10/2019 04:29,0
28/10/2019 04:34,0
28/10/2019 04:39,0
28/10/2019 04:44,0
28/10/2019 04:49,0
28/10/2019 04:54,0
28/10/2019 04:59,0
28/10/2019 05:04,0
28/10/2019 05:09,0
28/10/2019 05:14,0
28/10/2019 05:19,0
28/10/2019 05:24,0
28/10/2019 05:29,0
28/10/2019 05:34,0
28/10/2019 05:39,0
28/10/2019 05:44,0
28/10/2019 05:49,0
28/10/2019 05:54,0
28/10/2019 05:59,0
28/10/2019 06:04,0
28/10/2019 06:09,0
28/10/2019 06:14,0
28/10/2019 06:19,0
28/10/2019 06:24,0
28/10/2019 06:29,0
28/10/2019 06:34,0
28/10/2019 06:39,0
28/10/2019 06:44,0
28/10/2019 06:49,0
28/10/2019 06:54,0
28/10/2019 06:59,0
28/10/2019 07:04,0
28/10/2019 07:09,0
28/10/2019 07:14,0
28/10/2019 07:19,0
28/10/2019 07:24,0
28/10/2019 07:29,0
28/10/2019 07:34,0
28/10/2019 07:39,0
28/10/2019 07:44,0
28/10/2019 07:49,0
28/10/2019 07:54,0
28/10/2019 07:59,0
28/10/2019 08:04,0
28/10/2019 08:09,0
28/10/2019 08:14,0
28/10/2019 08:19,0
28/10/2019 08:24,0
28/10/2019 08:29,0
28/10/2019 08:34,0
28/10/2019 08:39,0
28/10/2019 08:44,0
28/10/2019 08:49,0
28/10/2019 08:54,0
28/10/2019 08:59,0
28/10/2019 09:04,0
28/10/2019 09:09,0
28/10/2019 09:14,0
28/10/2019 09:19,0
28/10/2019 09:24,0
28/10/2019 09:29,0
28/10/2019 09:34,0
28/10/2019 09:39,0
28/10/2019 09:44,0
28/10/2019 09:49,0
28/10/2019 09:54,0
28/10/2019 09:59,0
28/10/2019 10:04,0
28/10/2019 10:09,0
28/10/2019 10:14,0
28/10/2019 10:19,0
28/10/2019 10:24,0
28/10/2019 10:29,0
28/10/2019 10:34,0
28/10/2019 10:39,0
28/10/2019 10:44,0
28/10/2019 10:49,0
28/10/2019 10:54,0
28/10/2019 10:59,0
28/10/2019 11:04,0
28/10/2019 11:09,0
28/10/2019 11:14,0
28/10/2019 11:19,0
28/10/2019 11:24,0
28/10/2019 11:29,0
28/10/2019 11:34,0
28/10/2019 11:39,0
28/10/2019 11:44,0
28/10/2019 11:49,0
28/10/2019 11:54,0
28/10/2019 11:59,0
28/10/2019 12:04,0
28/10/2019 12:09,0
28/10/2019 12:14,0
28/10/2019 12:19,0
28/10/2019 12:24,0
28/10/2019 12:29,0
28/10/2019 12:34,0
28/10/2019 12:39,0
28/10/2019 12:44,0
28/10/2019 12:49,0
28/10/2019 12:54,0
28/10/2019 12:59,0
28/10/2019 13:04,0
28/10/2019 13:09,0
28/10/2019 13:14,0
28/10/2019 13:19,0
28/10/2019 13:24,0
28/10/2019 13:29,0
28/10/2019 13:34,0
28/10/2019 13:39,0
28/10/2019 13:44,0
28/10/2019 13:49,0
28/10/2019 13:54,0
28/10/2019 13:59,0
28/10/2019 14:04,0
28/10/2019 14:09,0
28/10/2019 14:14,0
28/10/2019 14:19,0
28/10/2019 14:24,0
28/10/2019 14:29,0
28/10/2019 14:34,0
28/10/2019 14:39,0
28/10/2019 14:44,0
28/10/2019 14:49,0
28/10/2019 14:54,0
28/10/2019 14:59,0
28/10/2019 15:04,0
28/10/2019 15:09,0
28/10/2019 15:14,0
28/10/2019 15:19,0
28/10/2019 15:24,0
28/10/2019 15:29,0
28/10/2019 15:34,0
28/10/2019 15:39,0
28/10/2019 15:44,0
28/10/2019 15:49,0
28/10/2019 15:54,0
28/10/2019 15:59,0
28/10/2019 16:04,0
28/10/2019 16:09,0
28/10/2019 16:14,0
28/10/2019 16:19,0
28/10/2019 16:24,0
28/10/2019 16:29,0
28/10/2019 16:34,0
28/10/2019 16:39,0
28/10/2019 16:44,0
28/10/2019 16:49,0
28/10/2019 16:54,0
28/10/2019 16:59,0
28/10/2019 17:04,0
28/10/2019 17:09,0
28/10/2019 17:14,0
28/10/2019 17:19,0
28/10/2019 17:24,0
28/10/2019 17:29,0
28/10/2019 17:34,0
28/10/2019 17:39,0
28/10/2019 17:44,0
28/10/2019 17:49,0
28/10/2019 17:54,0
28/10/2019 17:59,0
28/10/2019 18:04,0
28/10/2019 18:09,0
28/10/2019 18:14,0
28/10/2019 18:19,0
28/10/2019 18:24,0
28/10/2019 18:29,0
28/10/2019 18:34,0
28/10/2019 18:39,0
28/10/2019 18:44,0
28/10/2019 18:49,0
28/10/2019 18:54,0
28/10/2019 18:59,0
28/10/2019 19:04,0
28/10/2019 19:09,0
28/10/2019 19:14,0
28/10/2019 19:19,0
28/10/2019 19:24,0
28/10/2019 19:29,0
28/10/2019 19:34,0
28/10/2019 19:39,0
28/10/2019 19:44,0
28/10/2019 19:49,0
28/10/2019 19:54,0
28/10/2019 19:59,0
28/10/2019 20:04,0
28/10/2019 20:09,0
28/10/2019 20:14,0
28/10/2019 20:19,0
28/10/2019 20:24,0
28/10/2019 20:29,0
28/10/2019 20:34,0
28/10/2019 20:39,0
28/10/2019 20:44,0
28/10/2019 20:49,0
28/10/2019 20:54,0
28/10/2019 20:59,0
28/10/2019 21:04,0
28/10/2019 21:09,0
28/10/2019 21:14,0
28/10/2019 21:19,0
28/10/2019 21:24,0
28/10/2019 21:29,0
28/10/2019 21:34,0
28/10/2019 21:39,0
28/10/2019 21:44,0
28/10/2019 21:49,0
28/10/2019 21:54,0
28/10/2019 21:59,0
28/10/2019 22:04,0
28/10/2019 22:09,0
28/10/2019 22:14,0
28/10/2019 22:19,0
28/10/2019 22:24,0
28/10/2019 22:29,0
28/10/2019 22:34,0
28/10/2019 22:39,0
28/10/2019 22:44,0
28/10/2019 22:49,0
28/10/2019 22:54,0
28/10/2019 22:59,0
28/10/2019 23:04,0
28/10/2019 23:09,0
28/10/2019 23:14,0
28/10/2019 23:19,0
28/10/2019 23:24,0
28/10/2019 23:29,0
28/10/2019 23:34,0
28/10/2019 23:39,0
28/10/2019 23:44,0
28/10/2019 23:49,0
28/10/2019 23:54,0
28/10/2019 23:59,0
29/10/2019 00:04,0
29/10/2019 00:09,0
29/10/2019 00:14,0
29/10/2019 00:19,0
29/10/2019 00:24,0
29/10/2019 00:29,0
29/10/2019 00:34,0
29/10/2019 00:39,0
29/10/2019 00:44,0
29/10/2019 00:49,0
29/10/2019 00:54,0
29/10/2019 00:59,0
29/10/2019 01:04,0
29/10/2019 01:09,0
29/10/2019 01:14,0
29/10/2019 01:19,0
29/10/2019 01:24,0
29/10/2019 01:29,0
29/10/2019 01:34,0
29/10/2019 01:39,0
29/10/2019 01:44,0
29/10/2019 01:49,0
29/10/2019 01:54,0
29/10/2019 01:59,0
29/10/2019 02:04,0
29/10/2019 02:09,0
29/10/2019 02:14,0
29/10/2019 02:19,0
29/10/2019 02:24,0
29/10/2019 02:29,0
29/10/2019 02:34,0
29/10/2019 02:39,0
29/10/2019 02:44,0
29/10/2019 02:49,0
29/10/2019 02:54,0
29/10/2019 02:59,0
29/10/2019 03:04,0
29/10/2019 03:09,0
29/10/2019 03:14,0
29/10/2019 03:19,0
29/10/2019 03:24,0
29/10/2019 03:29,0
29/10/2019 03:34,0
29/10/2019 03:39,0
29/10/2019 03:44,0
29/10/2019 03:49,0
29/10/2019 03:54,0
29/10/2019 03:59,0
29/10/2019 04:04,0
29/10/2019 04:09,0
29/10/2019 04:14,0
29/10/2019 04:19,0
29/10/2019 04:24,0
29/10/2019 04:29,0
29/10/2019 04:34,0
29/10/2019 04:39,0
29/10/2019 04:44,0
29/10/2019 04:49,0
29/10/2019 04:54,0
29/10/2019 04:59,0
29/10/2019 05:04,0
29/10/2019 05:09,0
29/10/2019 05:14,0
29/10/2019 05:19,0
29/10/2019 05:24,0
29/10/2019 05:29,0
29/10/2019 05:34,0
29/10/2019 05:39,0
29/10/2019 05:44,0
29/10/2019 05:49,0
29/10/2019 05:54,0
29/10/2019 05:59,0
29/10/2019 06:04,0
29/10/2019 06:09,0
29/10/2019 06:14,0
29/10/2019 06:19,0
29/10/2019 06:24,0
29/10/2019 06:29,0
29/10/2019 06:34,0
29/10/2019 06:39,0
29/10/2019 06:44,0
29/10/2019 06:49,0
29/10/2019 06:54,0
29/10/2019 06:59,0
29/10/2019 07:04,0
29/10/2019 07:09,0
29/10/2019 07:14,0
29/10/2019 07:19,0
29/10/2019 07:24,0
29/10/2019 07:29,0
29/10/2019 07:34,0
29/10/2019 07:39,0
29/10/2019 07:44,0
29/10/2019 07:49,0
29/10/2019 07:54,0
29/10/2019 07:59,0
29/10/2019 08:04,0
29/10/2019 08:09,0
29/10/2019 08:14,0
29/10/2019 08:19,0
29/10/2019 08:24,0
29/10/2019 08:29,0
29/10/2019 08:34,0
29/10/2019 08:39,0
29/10/2019 08:44,0
29/10/2019 08:49,0
29/10/2019 08:54,0
29/10/2019 08:59,0
29/10/2019 09:04,0
29/10/2019 09:09,0
29/10/2019 09:14,0
29/10/2019 09:19,0
29/10/2019 09:24,0
29/10/2019 09:29,0
29/10/2019 09:34,0
29/10/2019 09:39,0
29/10/2019 09:44,0
29/10/2019 09:49,0
29/10/2019 09:54,0
29/10/2019 09:59,0
29/10/2019 10:04,0
29/10/2019 10:09,0
29/10/2019 10:14,0
29/10/2019 10:19,0
29/10/2019 10:24,0
29/10/2019 10:29,0
29/10/2019 10:34,0
29/10/2019 10:39,0
29/10/2019 10:44,0
29/10/2019 10:49,0
29/10/2019 10:54,0
29/10/2019 10:59,0
29/10/2019 11:04,0
29/10/2019 11:09,0
29/10/2019 11:14,0
29/10/2019 11:19,0
29/10/2019 11:24,0
29/10/2019 11:29,0
29/10/2019 11:34,0
29/10/2019 11:39,0
29/10/2019 11:44,0
29/10/2019 11:49,0
29/10/2019 11:54,0
29/10/2019 11:59,0
29/10/2019 12:04,0
29/10/2019 12:09,0
29/10/2019 12:14,0
29/10/2019 12:19,0
29/10/2019 12:24,0
29/10/2019 12:29,0
29/10/2019 12:34,0
29/10/2019 12:39,0
29/10/2019 12:44,0
29/10/2019 12:49,0
29/10/2019 12:54,0
29/10/2019 12:59,0
29/10/2019 13:04,0
29/10/2019 13:09,0
29/10/2019 13:14,0
29/10/2019 13:19,0
29/10/2019 13:24,0
29/10/2019 13:29,0
29/10/2019 13:34,0
29/10/2019 13:39,0
29/10/2019 13:44,0
29/10/2019 13:49,0
29/10/2019 13:54,0
29/10/2019 13:59,0
29/10/2019 14:04,0
29/10/2019 14:09,0
29/10/2019 14:14,0
29/10/2019 14:19,0
29/10/2019 14:24,0
29/10/2019 14:29,0
29/10/2019 14:34,0
29/10/2019 14:39,0
29/10/2019 14:44,0
29/10/2019 14:49,0
29/10/2019 14:54,0
29/10/2019 14:59,0
29/10/2019 15:04,0
29/10/2019 15:09,0
29/10/2019 15:14,0
29/10/2019 15:19,0
29/10/2019 15:24,0
29/10/2019 15:29,0
29/10/2019 15:34,0
29/10/2019 15:39,0
29/10/2019 15:44,0
29/10/2019 15:49,0
29/10/2019 15:54,0
29/10/2019 15:59,0
29/10/2019 16:04,0
29/10/2019 16:09,0
29/10/2019 16:14,0
29/10/2019 16:19,0
29/10/2019 16:24,0
29/10/2019 16:29,0
29/10/2019 16:34,0
29/10/2019 16:39,0
29/10/2019 16:44,0
29/10/2019 16:49,0
29/10/2019 16:54,0
29/10/2019 16:59,0
29/10/2019 17:04,0
29/10/2019 17:09,0
29/10/2019 17:14,0
29/10/2019 17:19,0
29/10/2019 17:24,0
29/10/2019 17:29,0
29/10/2019 17:34,0
29/10/2019 17:39,0
29/10/2019 17:44,0
29/10/2019 17:49,0
29/10/2019 17:54,0
29/10/2019 17:59,0
29/10/2019 18:04,0
29/10/2019 18:09,0
29/10/2019 18:14,0
29/10/2019 18:19,0
29/10/2019 18:24,0
29/10/2019 18:29,0
29/10/2019 18:34,0
29/10/2019 18:39,0
29/10/2019 18:44,0
29/10/2019 18:49,0
29/10/2019 18:54,0
29/10/2019 18:59,0
29/10/2019 19:04,0
29/10/2019 19:09,0
29/10/2019 19:14,0
29/10/2019 19:19,0
29/10/2019 19:24,0
29/10/2019 19:29,0
29/10/2019 19:34,0
29/10/2019 19:39,0
29/10/2019 19:44,0
29/10/2019 19:49,0
29/10/2019 19:54,0
29/10/2019 19:59,0
29/10/2019 20:04,0
29/10/2019 20:09,0
29/10/2019 20:14,0
29/10/2019 20:19,0
29/10/2019 20:24,0
29/10/2019 20:29,0
29/10/2019 20:34,0
29/10/2019 20:39,0
29/10/2019 20:44,0
29/10/2019 20:49,0
29/10/2019 20:54,0
29/10/2019 20:59,0
29/10/2019 21:04,0
29/10/2019 21:09,0
29/10/2019 21:14,0
29/10/2019 21:19,0
29/10/2019 21:24,0
29/10/2019 21:29,0
29/10/2019 21:34,0
29/10/2019 21:39,0
29/10/2019 21:44,0
29/10/2019 21:49,0
29/10/2019 21:54,0
29/10/2019 21:59,0
29/10/2019 22:04,0
29/10/2019 22:09,0
29/10/2019 22:14,0
29/10/2019 22:19,0
29/10/2019 22:24,0
29/10/2019 22:29,0
29/10/2019 22:34,0
29/10/2019 22:39,0
29/10/2019 22:44,0
29/10/2019 22:49,0
29/10/2019 22:54,0
29/10/2019 22:59,0
29/10/2019 23:04,0
29/10/2019 23:09,0
29/10/2019 23:14,0
29/10/2019 23:19,0
29/10/2019 23:24,0
29/10/2019 23:29,0
29/10/2019 23:34,0
29/10/2019 23:39,0
29/10/2019 23:44,0
29/10/2019 23:49,0
29/10/2019 23:54,0
29/10/2019 23:59,0
30/10/2019 00:04,0
30/10/2019 00:09,0
30/10/2019 00:14,0
30/10/2019 00:19,0
30/10/2019 00:24,0
30/10/2019 00:29,0
30/10/2019 00:34,0
30/10/2019 00:39,0
30/10/2019 00:44,0
30/10/2019 00:49,0
30/10/2019 00:54,0
30/10/2019 00:59,0
30/10/2019 01:04,0
30/10/2019 01:09,0
30/10/2019 01:14,0
30/10/2019 01:19,0
30/10/2019 01:24,0
30/10/2019 01:29,0
30/10/2019 01:34,0
30/10/2019 01:39,0
30/10/2019 01:44,0
30/10/2019 01:49,0
30/10/2019 01:54,0
30/10/2019 01:59,0
30/10/2019 02:04,0
30/10/2019 02:09,0
30/10/2019 02:14,0
30/10/2019 02:19,0
30/10/2019 02:24,0
30/10/2019 02:29,0
30/10/2019 02:34,0
30/10/2019 02:39,0
30/10/2019 02:44,0
30/10/2019 02:49,0
30/10/2019 02:54,0
30/10/2019 02:59,0
30/10/2019 03:04,0
30/10/2019 03:09,0
30/10/2019 03:14,0
30/10/2019 03:19,0
30/10/2019 03:24,0
30/10/2019 03:29,0
30/10/2019 03:34,0
30/10/2019 03:39,0
30/10/2019 03:44,0
30/10/2019 03:49,0
30/10/2019 03:54,0
30/10/2019 03:59,0
30/10/2019 04:04,0
30/10/2019 04:09,0
30/10/2019 04:14,0
30/10/2019 04:19,0
30/10/2019 04:24,0
30/10/2019 04:29,0
30/10/2019 04:34,0
30/10/2019 04:39,0
30/10/2019 04:44,0
30/10/2019 04:49,0
30/10/2019 04:54,0
30/10/2019 04:59,0
30/10/2019 05:04,0
30/10/2019 05:09,0
30/10/2019 05:14,0
30/10/2019 05:19,0
30/10/2019 05:24,0
30/10/2019 05:29,0
30/10/2019 05:34,0
30/10/2019 05:39,0
30/10/2019 05:44,0
30/10/2019 05:49,0
30/10/2019 05:54,0
30/10/2019 05:59,0
30/10/2019 06:04,0
30/10/2019 06:09,0
30/10/2019 06:14,0
30/10/2019 06:19,0
30/10/2019 06:24,0
30/10/2019 06:29,0
30/10/2019 06:34,0
30/10/2019 06:39,0
30/10/2019 06:44,0
30/10/2019 06:49,0
30/10/2019 06:54,0
30/10/2019 06:59,0
30/10/2019 07:04,0
30/10/2019 07:09,0
30/10/2019 07:14,0
30/10/2019 07:19,0
30/10/2019 07:24,0
30/10/2019 07:29,0
30/10/2019 07:34,0
30/10/2019 07:39,0
30/10/2019 07:44,0
30/10/2019 07:49,0
30/10/2019 07:54,0
30/10/2019 07:59,0
30/10/2019 08:04,0
30/10/2019 08:09,0
30/10/2019 08:14,0
30/10/2019 08:19,0
30/10/2019 08:24,0
30/10/2019 08:29,0
30/10/2019 08:34,0
30/10/2019 08:39,0
30/10/2019 08:44,0
30/10/2019 08:49,0
30/10/2019 08:54,0
30/10/2019 08:59,0
30/10/2019 09:04,0
30/10/2019 09:09,0
30/10/2019 09:14,0
30/10/2019 09:19,0
30/10/2019 09:24,0
30/10/2019 09:29,0
30/10/2019 09:34,0
30/10/2019 09:39,0
30/10/2019 09:44,0
30/10/2019 09:49,0
30/10/2019 09:54,0
30/10/2019 09:59,0
30/10/2019 10:04,0
30/10/2019 10:09,0
30/10/2019 10:14,0
30/10/2019 10:19,0
30/10/2019 10:24,0
30/10/2019 10:29,0
30/10/2019 10:34,0
30/10/2019 10:39,0
30/10/2019 10:44,0
30/10/2019 10:49,0
30/10/2019 10:54,0
30/10/2019 10:59,0
30/10/2019 11:04,0
30/10/2019 11:09,0
30/10/2019 11:14,0
30/10/2019 11:19,0
30/10/2019 11:24,0
30/10/2019 11:29,0
30/10/2019 11:34,0
30/10/2019 11:39,0
30/10/2019 11:44,0
30/10/2019 11:49,0
30/10/2019 11:54,0
30/10/2019 11:59,0
30/10/2019 12:04,0
30/10/2019 12:09,0
30/10/2019 12:14,0
30/10/2019 12:19,0
30/10/2019 12:24,0
30/10/2019 12:29,0
30/10/2019 12:34,0
30/10/2019 12:39,0
30/10/2019 12:44,0
30/10/2019 12:49,0
30/10/2019 12:54,0
30/10/2019 12:59,0
30/10/2019 13:04,0
30/10/2019 13:09,0
30/10/2019 13:14,0
30/10/2019 13:19,0
30/10/2019 13:24,0
30/10/2019 13:29,0
30/10/2019 13:34,0
30/10/2019 13:39,0
30/10/2019 13:44,0
30/10/2019 13:49,0
30/10/2019 13:54,0
30/10/2019 13:59,0
30/10/2019 14:04,0
30/10/2019 14:09,0
30/10/2019 14:14,0
30/10/2019 14:19,0
30/10/2019 14:24,0
30/10/2019 14:29,0
30/10/2019 14:34,0
30/10/2019 14:39,0
30/10/2019 14:44,0
30/10/2019 14:49,0
30/10/2019 14:54,0
30/10/2019 14:59,0
30/10/2019 15:04,0
30/10/2019 15:09,0
30/10/2019 15:14,0
30/10/2019 15:19,0
30/10/2019 15:24,0
30/10/2019 15:29,0
30/10/2019 15:34,0
30/10/2019 15:39,0
30/10/2019 15:44,0
30/10/2019 15:49,0
30/10/2019 15:54,0
30/10/2019 15:59,0
30/10/2019 16:04,0
30/10/2019 16:09,0
30/10/2019 16:14,0
30/10/2019 16:19,0
30/10/2019 16:24,0
30/10/2019 16:29,0
30/10/2019 16:34,0
30/10/2019 16:39,0
30/10/2019 16:44,0
30/10/2019 16:49,0
30/10/2019 16:54,0
30/10/2019 16:59,0
30/10/2019 17:04,0
30/10/2019 17:09,0
30/10/2019 17:14,0
30/10/2019 17:19,0
30/10/2019 17:24,0
30/10/2019 17:29,0
30/10/2019 17:34,0
30/10/2019 17:39,0
30/10/2019 17:44,0
30/10/2019 17:49,0
30/10/2019 17:54,0
30/10/2019 17:59,0
30/10/2019 18:04,0
30/10/2019 18:09,0
30/10/2019 18:14,0
30/10/2019 18:19,0
30/10/2019 18:24,0
30/10/2019 18:29,0
30/10/2019 18:34,0
30/10/2019 18:39,0
30/10/2019 18:44,0
30/10/2019 18:49,0
30/10/2019 18:54,0
30/10/2019 18:59,0
30/10/2019 19:04,0
30/10/2019 19:09,0
30/10/2019 19:14,0
30/10/2019 19:19,0
30/10/2019 19:24,0
30/10/2019 19:29,0
30/10/2019 19:34,0
30/10/2019 19:39,0
30/10/2019 19:44,0
30/10/2019 19:49,0
30/10/2019 19:54,0
30/10/2019 19:59,0
30/10/2019 20:04,0
30/10/2019 20:09,0
30/10/2019 20:14,0
30/10/2019 20:19,0
30/10/2019 20:24,0
30/10/2019 20:29,0
30/10/2019 20:34,0
30/10/2019 20:39,0
30/10/2019 20:44,0
30/10/2019 20:49,0
30/10/2019 20:54,0
30/10/2019 20:59,0
30/10/2019 21:04,0
30/10/2019 21:09,0
30/10/2019 21:14,0
30/10/2019 21:19,0
30/10/2019 21:24,0
30/10/2019 21:29,0
30/10/2019 21:34,0
30/10/2019 21:39,0
30/10/2019 21:44,0
30/10/2019 21:49,0
30/10/2019 21:54,0
30/10/2019 21:59,0
30/10/2019 22:04,0
30/10/2019 22:09,0
30/10/2019 22:14,0
30/10/2019 22:19,0
30/10/2019 22:24,0
30/10/2019 22:29,0
30/10/2019 22:34,0
30/10/2019 22:39,0
30/10/2019 22:44,0
30/10/2019 22:49,0
30/10/2019 22:54,0
30/10/2019 22:59,0
30/10/2019 23:04,0
30/10/2019 23:09,0
30/10/2019 23:14,0
30/10/2019 23:19,0
30/10/2019 23:24,0
30/10/2019 23:29,0
30/10/2019 23:34,0
30/10/2019 23:39,0
30/10/2019 23:44,0
30/10/2019 23:49,0
30/10/2019 23:54,0
30/10/2019 23:59,0
31/10/2019 00:04,0
31/10/2019 00:09,0
31/10/2019 00:14,0
31/10/2019 00:19,0
31/10/2019 00:24,0
31/10/2019 00:29,0
31/10/2019 00:34,0
31/10/2019 00:39,0
31/10/2019 00:44,0
31/10/2019 00:49,0
31/10/2019 00:54,0
31/10/2019 00:59,0
31/10/2019 01:04,0
31/10/2019 01:09,0
31/10/2019 01:14,0
31/10/2019 01:19,0
31/10/2019 01:24,0
31/10/2019 01:29,0
31/10/2019 01:34,0
31/10/2019 01:39,0
31/10/2019 01:44,0
31/10/2019 01:49,0
31/10/2019 01:54,0
31/10/2019 01:59,0
31/10/2019 02:04,0
31/10/2019 02:09,0
31/10/2019 02:14,0
31/10/2019 02:19,0
31/10/2019 02:24,0
31/10/2019 02:29,0
31/10/2019 02:34,0
31/10/2019 02:39,0
31/10/2019 02:44,0
31/10/2019 02:49,0
31/10/2019 02:54,0
31/10/2019 02:59,0
31/10/2019 03:04,0
31/10/2019 03:09,0
31/10/2019 03:14,0
31/10/2019 03:19,0
31/10/2019 03:24,0
31/10/2019 03:29,0
31/10/2019 03:34,0
31/10/2019 03:39,0
31/10/2019 03:44,0
31/10/2019 03:49,0
31/10/2019 03:54,0
31/10/2019 03:59,0
31/10/2019 04:04,0
31/10/2019 04:09,0
31/10/2019 04:14,0
31/10/2019 04:19,0
31/10/2019 04:24,0
31/10/2019 04:29,0
31/10/2019 04:34,0
31/10/2019 04:39,0
31/10/2019 04:44,0
31/10/2019 04:49,0
31/10/2019 04:54,0
31/10/2019 04:59,0
31/10/2019 05:04,0
31/10/2019 05:09,0
31/10/2019 05:14,0
31/10/2019 05:19,0
31/10/2019 05:24,0
31/10/2019 05:29,0
31/10/2019 05:34,0
31/10/2019 05:39,0
31/10/2019 05:44,0
31/10/2019 05:49,0
31/10/2019 05:54,0
31/10/2019 05:59,0
31/10/2019 06:04,0
31/10/2019 06:09,0
31/10/2019 06:14,0
31/10/2019 06:19,0
31/10/2019 06:24,0
31/10/2019 06:29,0
31/10/2019 06:34,0
31/10/2019 06:39,0
31/10/2019 06:44,0
31/10/2019 06:49,0
31/10/2019 06:54,0
31/10/2019 06:59,0
31/10/2019 07:04,0
31/10/2019 07:09,0
31/10/2019 07:14,0
31/10/2019 07:19,0
31/10/2019 07:24,0
31/10/2019 07:29,0
31/10/2019 07:34,0
31/10/2019 07:39,0
31/10/2019 07:44,0
31/10/2019 07:49,0
31/10/2019 07:54,0
31/10/2019 07:59,0
31/10/2019 08:04,0
31/10/2019 08:09,0
31/10/2019 08:14,0
31/10/2019 08:19,0
31/10/2019 08:24,0
31/10/2019 08:29,0
31/10/2019 08:34,0
31/10/2019 08:39,0
31/10/2019 08:44,0
31/10/2019 08:49,0
31/10/2019 08:54,0
31/10/2019 08:59,0
31/10/2019 09:04,0
31/10/2019 09:09,0
31/10/2019 09:14,0
31/10/2019 09:19,0
31/10/2019 09:24,0
31/10/2019 09:29,0
31/10/2019 09:34,0
31/10/2019 09:39,0
31/10/2019 09:44,0
31/10/2019 09:49,0
31/10/2019 09:54,0
31/10/2019 09:59,0
31/10/2019 10:04,0
31/10/2019 10:09,0
31/10/2019 10:14,0
31/10/2019 10:19,0
31/10/2019 10:24,0
31/10/2019 10:29,0
31/10/2019 10:34,0
31/10/2019 10:39,0
31/10/2019 10:44,0
31/10/2019 10:49,0
31/10/2019 10:54,0
31/10/2019 10:59,0
31/10/2019 11:04,0
31/10/2019 11:09,0
31/10/2019 11:14,0
31/10/2019 11:19,0
31/10/2019 11:24,0
31/10/2019 11:29,0
31/10/2019 11:34,0
31/10/2019 11:39,0
31/10/2019 11:44,0
31/10/2019 11:49,0
31/10/2019 11:54,0
31/10/2019 11:59,0
31/10/2019 12:04,0
31/10/2019 12:09,0
31/10/2019 12:14,0
31/10/2019 12:19,0
31/10/2019 12:24,0
31/10/2019 12:29,0
31/10/2019 12:34,0
31/10/2019 12:39,0
31/10/2019 12:44,0
31/10/2019 12:49,0
31/10/2019 12:54,0
31/10/2019 12:59,0
31/10/2019 13:04,0
31/10/2019 13:09,0
31/10/2019 13:14,0
31/10/2019 13:19,0
31/10/2019 13:24,0
31/10/2019 13:29,0
31/10/2019 13:34,0
31/10/2019 13:39,0
31/10/2019 13:44,0
31/10/2019 13:49,0
31/10/2019 13:54,0
31/10/2019 13:59,0
31/10/2019 14:04,0
31/10/2019 14:09,0
31/10/2019 14:14,0
31/10/2019 14:19,0
31/10/2019 14:24,0
31/10/2019 14:29,0
31/10/2019 14:34,0
31/10/2019 14:39,0
31/10/2019 14:44,0
31/10/2019 14:49,0
31/10/2019 14:54,0
31/10/2019 14:59,0.354355665
31/10/2019 15:04,3.543556652
31/10/2019 15:09,1.771778326
31/10/2019 15:14,0
31/10/2019 15:19,0.354355665
31/10/2019 15:24,0
31/10/2019 15:29,0
31/10/2019 15:34,0
31/10/2019 15:39,0
31/10/2019 15:44,0.354355665
31/10/2019 15:49,0
31/10/2019 15:54,0
31/10/2019 15:59,0
31/10/2019 16:04,0
31/10/2019 16:09,0
31/10/2019 16:14,0
31/10/2019 16:19,0
31/10/2019 16:24,0
31/10/2019 16:29,0
31/10/2019 16:34,0
31/10/2019 16:39,0
31/10/2019 16:44,0
31/10/2019 16:49,0
31/10/2019 16:54,0
31/10/2019 16:59,0
31/10/2019 17:04,0
31/10/2019 17:09,0
31/10/2019 17:14,0
31/10/2019 17:19,0
31/10/2019 17:24,0
31/10/2019 17:29,0
31/10/2019 17:34,0
31/10/2019 17:39,0
31/10/2019 17:44,0
31/10/2019 17:49,0
31/10/2019 17:54,0
31/10/2019 17:59,0
31/10/2019 18:04,0
31/10/2019 18:09,0
31/10/2019 18:14,0
31/10/2019 18:19,0
31/10/2019 18:24,0
31/10/2019 18:29,0
31/10/2019 18:34,0
31/10/2019 18:39,0
31/10/2019 18:44,0
31/10/2019 18:49,0
31/10/2019 18:54,0
31/10/2019 18:59,0
31/10/2019 19:04,0
31/10/2019 19:09,0
31/10/2019 19:14,0
31/10/2019 19:19,0
31/10/2019 19:24,0
31/10/2019 19:29,0
31/10/2019 19:34,0
31/10/2019 19:39,0
31/10/2019 19:44,0
31/10/2019 19:49,0
31/10/2019 19:54,0
31/10/2019 19:59,0
31/10/2019 20:04,0
31/10/2019 20:09,0
31/10/2019 20:14,0
31/10/2019 20:19,0
31/10/2019 20:24,0
31/10/2019 20:29,0
31/10/2019 20:34,0
31/10/2019 20:39,0
31/10/2019 20:44,0
31/10/2019 20:49,0
31/10/2019 20:54,0
31/10/2019 20:59,0
31/10/2019 21:04,0
31/10/2019 21:09,0
31/10/2019 21:14,0
31/10/2019 21:19,0
31/10/2019 21:24,0
31/10/2019 21:29,0
31/10/2019 21:34,0
31/10/2019 21:39,0
31/10/2019 21:44,0
31/10/2019 21:49,0
31/10/2019 21:54,0
31/10/2019 21:59,0
31/10/2019 22:04,0
31/10/2019 22:09,0
31/10/2019 22:14,0
31/10/2019 22:19,0
31/10/2019 22:24,0
31/10/2019 22:29,0
31/10/2019 22:34,0
31/10/2019 22:39,0
31/10/2019 22:44,0
31/10/2019 22:49,0
31/10/2019 22:54,0
31/10/2019 22:59,0
31/10/2019 23:04,0
31/10/2019 23:09,0
31/10/2019 23:14,0
31/10/2019 23:19,0
31/10/2019 23:24,0
31/10/2019 23:29,0
31/10/2019 23:34,0
31/10/2019 23:39,0
31/10/2019 23:44,0
31/10/2019 23:49,0
31/10/2019 23:54,0
31/10/2019 23:59,0
01/11/2019 00:04,0
01/11/2019 00:09,0
01/11/2019 00:14,0
01/11/2019 00:19,0
01/11/2019 00:24,0
01/11/2019 00:29,0
01/11/2019 00:34,0
01/11/2019 00:39,0
01/11/2019 00:44,0
01/11/2019 00:49,0
01/11/2019 00:54,0
01/11/2019 00:59,0
01/11/2019 01:04,0
01/11/2019 01:09,0
01/11/2019 01:14,0
01/11/2019 01:19,0
01/11/2019 01:24,0
01/11/2019 01:29,0
01/11/2019 01:34,0
01/11/2019 01:39,0
01/11/2019 01:44,0
01/11/2019 01:49,0
01/11/2019 01:54,0
01/11/2019 01:59,0
01/11/2019 02:04,0
01/11/2019 02:09,0
01/11/2019 02:14,0
01/11/2019 02:19,0
01/11/2019 02:24,0
01/11/2019 02:29,0
01/11/2019 02:34,0
01/11/2019 02:39,0
01/11/2019 02:44,0
01/11/2019 02:49,0
01/11/2019 02:54,0
01/11/2019 02:59,0
01/11/2019 03:04,0
01/11/2019 03:09,0
01/11/2019 03:14,0
01/11/2019 03:19,0
01/11/2019 03:24,0
01/11/2019 03:29,0
01/11/2019 03:34,0
01/11/2019 03:39,0
01/11/2019 03:44,0
01/11/2019 03:49,0
01/11/2019 03:54,0
01/11/2019 03:59,0
01/11/2019 04:04,0
01/11/2019 04:09,0
01/11/2019 04:14,0
01/11/2019 04:19,0
01/11/2019 04:24,0
01/11/2019 04:29,0
01/11/2019 04:34,0
01/11/2019 04:39,0
01/11/2019 04:44,0
01/11/2019 04:49,0
01/11/2019 04:54,0
01/11/2019 04:59,0
01/11/2019 05:04,0
01/11/2019 05:09,0
01/11/2019 05:14,0
01/11/2019 05:19,0
01/11/2019 05:24,0
01/11/2019 05:29,0
01/11/2019 05:34,0
01/11/2019 05:39,0
01/11/2019 05:44,0
01/11/2019 05:49,0
01/11/2019 05:54,0
01/11/2019 05:59,0
01/11/2019 06:04,0
01/11/2019 06:09,0
01/11/2019 06:14,0
01/11/2019 06:19,0
01/11/2019 06:24,0
01/11/2019 06:29,0
01/11/2019 06:34,0
01/11/2019 06:39,0
01/11/2019 06:44,0
01/11/2019 06:49,0
01/11/2019 06:54,0
01/11/2019 06:59,0
01/11/2019 07:04,0
01/11/2019 07:09,0
01/11/2019 07:14,0
01/11/2019 07:19,0
01/11/2019 07:24,0
01/11/2019 07:29,0
01/11/2019 07:34,0
01/11/2019 07:39,0
01/11/2019 07:44,0
01/11/2019 07:49,0
01/11/2019 07:54,0
01/11/2019 07:59,0
01/11/2019 08:04,0
01/11/2019 08:09,0
01/11/2019 08:14,0
01/11/2019 08:19,0
01/11/2019 08:24,0
01/11/2019 08:29,0
01/11/2019 08:34,0
01/11/2019 08:39,0
01/11/2019 08:44,0
01/11/2019 08:49,0
01/11/2019 08:54,0
01/11/2019 08:59,0
01/11/2019 09:04,0
01/11/2019 09:09,0
01/11/2019 09:14,0
01/11/2019 09:19,0
01/11/2019 09:24,0
01/11/2019 09:29,0
01/11/2019 09:34,0
01/11/2019 09:39,0
01/11/2019 09:44,1.417422661
01/11/2019 09:49,1.063066996
01/11/2019 09:54,0
01/11/2019 09:59,0
01/11/2019 10:04,3.897912317
01/11/2019 10:09,4.252267982
01/11/2019 10:14,3.897912317
01/11/2019 10:19,0
01/11/2019 10:24,0
01/11/2019 10:29,0
01/11/2019 10:34,0
01/11/2019 10:39,0
01/11/2019 10:44,0
01/11/2019 10:49,0
01/11/2019 10:54,0
01/11/2019 10:59,0
01/11/2019 11:04,0
01/11/2019 11:09,0
01/11/2019 11:14,0
01/11/2019 11:19,0
01/11/2019 11:24,0
01/11/2019 11:29,0
01/11/2019 11:34,0
01/11/2019 11:39,0
01/11/2019 11:44,0
01/11/2019 11:49,0
01/11/2019 11:54,0
01/11/2019 11:59,0
01/11/2019 12:04,0
01/11/2019 12:09,0
01/11/2019 12:14,0
01/11/2019 12:19,0
01/11/2019 12:24,0
01/11/2019 12:29,0
01/11/2019 12:34,0
01/11/2019 12:39,0
01/11/2019 12:44,0
01/11/2019 12:49,0
01/11/2019 12:54,0
01/11/2019 12:59,0
01/11/2019 13:04,0
01/11/2019 13:09,0
01/11/2019 13:14,0
01/11/2019 13:19,0
01/11/2019 13:24,0
01/11/2019 13:29,0
01/11/2019 13:34,0
01/11/2019 13:39,0
01/11/2019 13:44,0
01/11/2019 13:49,0
01/11/2019 13:54,0
01/11/2019 13:59,0
01/11/2019 14:04,0
01/11/2019 14:09,0
01/11/2019 14:14,0
01/11/2019 14:19,0
01/11/2019 14:24,0
01/11/2019 14:29,0
01/11/2019 14:34,0
01/11/2019 14:39,0
01/11/2019 14:44,0
01/11/2019 14:49,0
01/11/2019 14:54,0
01/11/2019 14:59,0
01/11/2019 15:04,0
01/11/2019 15:09,0
01/11/2019 15:14,0
01/11/2019 15:19,0
01/11/2019 15:24,0
01/11/2019 15:29,0
01/11/2019 15:34,0
01/11/2019 15:39,0
01/11/2019 15:44,0
01/11/2019 15:49,0
01/11/2019 15:54,0
01/11/2019 15:59,0
01/11/2019 16:04,0
01/11/2019 16:09,0
01/11/2019 16:14,0
01/11/2019 16:19,0
01/11/2019 16:24,0
01/11/2019 16:29,0
01/11/2019 16:34,0
01/11/2019 16:39,0
01/11/2019 16:44,0
01/11/2019 16:49,0
01/11/2019 16:54,0
01/11/2019 16:59,0
01/11/2019 17:04,0
01/11/2019 17:09,0
01/11/2019 17:14,0
01/11/2019 17:19,0
01/11/2019 17:24,0
01/11/2019 17:29,0
01/11/2019 17:34,0
01/11/2019 17:39,0
01/11/2019 17:44,0
01/11/2019 17:49,0
01/11/2019 17:54,0
01/11/2019 17:59,0
01/11/2019 18:04,0
01/11/2019 18:09,0
01/11/2019 18:14,0
01/11/2019 18:19,0
01/11/2019 18:24,0
01/11/2019 18:29,0
01/11/2019 18:34,0
01/11/2019 18:39,0
01/11/2019 18:44,0
01/11/2019 18:49,0
01/11/2019 18:54,0
01/11/2019 18:59,0
01/11/2019 19:04,0
01/11/2019 19:09,0
01/11/2019 19:14,0
01/11/2019 19:19,0
01/11/2019 19:24,0
01/11/2019 19:29,0
01/11/2019 19:34,0
01/11/2019 19:39,0
01/11/2019 19:44,0
01/11/2019 19:49,0
01/11/2019 19:54,0
01/11/2019 19:59,0
01/11/2019 20:04,0
01/11/2019 20:09,0
01/11/2019 20:14,0
01/11/2019 20:19,0
01/11/2019 20:24,0
01/11/2019 20:29,0
01/11/2019 20:34,0
01/11/2019 20:39,0
01/11/2019 20:44,0
01/11/2019 20:49,0
01/11/2019 20:54,0
01/11/2019 20:59,0
01/11/2019 21:04,0
01/11/2019 21:09,0
01/11/2019 21:14,0
01/11/2019 21:19,0
01/11/2019 21:24,0
01/11/2019 21:29,0
01/11/2019 21:34,0
01/11/2019 21:39,0
01/11/2019 21:44,0
01/11/2019 21:49,0
01/11/2019 21:54,0
01/11/2019 21:59,0
01/11/2019 22:04,0
01/11/2019 22:09,0
01/11/2019 22:14,0
01/11/2019 22:19,0
01/11/2019 22:24,0
01/11/2019 22:29,0
01/11/2019 22:34,0
01/11/2019 22:39,0
01/11/2019 22:44,0
01/11/2019 22:49,0
01/11/2019 22:54,0
01/11/2019 22:59,0
01/11/2019 23:04,0
01/11/2019 23:09,0
01/11/2019 23:14,0
01/11/2019 23:19,0
01/11/2019 23:24,0
01/11/2019 23:29,0
01/11/2019 23:34,0
01/11/2019 23:39,0
01/11/2019 23:44,0
01/11/2019 23:49,0
01/11/2019 23:54,0
01/11/2019 23:59,0
02/11/2019 00:04,0
02/11/2019 00:09,0
02/11/2019 00:14,0
02/11/2019 00:19,0
02/11/2019 00:24,0
02/11/2019 00:29,0
02/11/2019 00:34,0
02/11/2019 00:39,0
02/11/2019 00:44,0
02/11/2019 00:49,0
02/11/2019 00:54,0
02/11/2019 00:59,0
02/11/2019 01:04,0
02/11/2019 01:09,0
02/11/2019 01:14,0
02/11/2019 01:19,0
02/11/2019 01:24,0
02/11/2019 01:29,0
02/11/2019 01:34,0
02/11/2019 01:39,0
02/11/2019 01:44,0
02/11/2019 01:49,0
02/11/2019 01:54,0
02/11/2019 01:59,0
02/11/2019 02:04,0
02/11/2019 02:09,0
02/11/2019 02:14,0
02/11/2019 02:19,0
02/11/2019 02:24,0
02/11/2019 02:29,0
02/11/2019 02:34,0
02/11/2019 02:39,0
02/11/2019 02:44,0
02/11/2019 02:49,0
02/11/2019 02:54,0
02/11/2019 02:59,0
02/11/2019 03:04,0
02/11/2019 03:09,0
02/11/2019 03:14,0
02/11/2019 03:19,0
02/11/2019 03:24,0
02/11/2019 03:29,0
02/11/2019 03:34,0
02/11/2019 03:39,0
02/11/2019 03:44,0
02/11/2019 03:49,0
02/11/2019 03:54,0
02/11/2019 03:59,0
02/11/2019 04:04,0
02/11/2019 04:09,0
02/11/2019 04:14,0
02/11/2019 04:19,0
02/11/2019 04:24,0
02/11/2019 04:29,0
02/11/2019 04:34,0
02/11/2019 04:39,0
02/11/2019 04:44,0
02/11/2019 04:49,0
02/11/2019 04:54,0
02/11/2019 04:59,0
02/11/2019 05:04,0
02/11/2019 05:09,0
02/11/2019 05:14,0
02/11/2019 05:19,0
02/11/2019 05:24,0
02/11/2019 05:29,0
02/11/2019 05:34,0
02/11/2019 05:39,0
02/11/2019 05:44,0
02/11/2019 05:49,0
02/11/2019 05:54,0
02/11/2019 05:59,0
02/11/2019 06:04,0
02/11/2019 06:09,0
02/11/2019 06:14,0
02/11/2019 06:19,0
02/11/2019 06:24,0
02/11/2019 06:29,0
02/11/2019 06:34,0
02/11/2019 06:39,0
02/11/2019 06:44,0
02/11/2019 06:49,0
02/11/2019 06:54,0
02/11/2019 06:59,0
02/11/2019 07:04,0
02/11/2019 07:09,0
02/11/2019 07:14,0
02/11/2019 07:19,0
02/11/2019 07:24,0
02/11/2019 07:29,0
02/11/2019 07:34,0
02/11/2019 07:39,0
02/11/2019 07:44,0
02/11/2019 07:49,0
02/11/2019 07:54,0
02/11/2019 07:59,0
02/11/2019 08:04,0
02/11/2019 08:09,0
02/11/2019 08:14,0
02/11/2019 08:19,0
02/11/2019 08:24,0
02/11/2019 08:29,0
02/11/2019 08:34,0
02/11/2019 08:39,0
02/11/2019 08:44,0
02/11/2019 08:49,0
02/11/2019 08:54,0
02/11/2019 08:59,0
02/11/2019 09:04,0
02/11/2019 09:09,0
02/11/2019 09:14,0
02/11/2019 09:19,0
02/11/2019 09:24,0
02/11/2019 09:29,0
02/11/2019 09:34,0
02/11/2019 09:39,0
02/11/2019 09:44,0
02/11/2019 09:49,0
02/11/2019 09:54,0
02/11/2019 09:59,0
02/11/2019 10:04,0
02/11/2019 10:09,0
02/11/2019 10:14,0
02/11/2019 10:19,0
02/11/2019 10:24,0
02/11/2019 10:29,0
02/11/2019 10:34,0
02/11/2019 10:39,0
02/11/2019 10:44,0
02/11/2019 10:49,0
02/11/2019 10:54,0
02/11/2019 10:59,0
02/11/2019 11:04,0
02/11/2019 11:09,0
02/11/2019 11:14,0
02/11/2019 11:19,0
02/11/2019 11:24,0
02/11/2019 11:29,0
02/11/2019 11:34,0
02/11/2019 11:39,0
02/11/2019 11:44,0
02/11/2019 11:49,0
02/11/2019 11:54,0
02/11/2019 11:59,0
02/11/2019 12:04,0
02/11/2019 12:09,0
02/11/2019 12:14,0
02/11/2019 12:19,0
02/11/2019 12:24,0
02/11/2019 12:29,0
02/11/2019 12:34,0
02/11/2019 12:39,0
02/11/2019 12:44,0
02/11/2019 12:49,0
02/11/2019 12:54,0
02/11/2019 12:59,0
02/11/2019 13:04,0
02/11/2019 13:09,0
02/11/2019 13:14,0
02/11/2019 13:19,0
02/11/2019 13:24,0
02/11/2019 13:29,0
02/11/2019 13:34,0
02/11/2019 13:39,0
02/11/2019 13:44,0
02/11/2019 13:49,0
02/11/2019 13:54,0
02/11/2019 13:59,0
02/11/2019 14:04,0
02/11/2019 14:09,0
02/11/2019 14:14,0
02/11/2019 14:19,0
02/11/2019 14:24,0
02/11/2019 14:29,0
02/11/2019 14:34,0
02/11/2019 14:39,0
02/11/2019 14:44,0
02/11/2019 14:49,0
02/11/2019 14:54,0
02/11/2019 14:59,0
02/11/2019 15:04,0
02/11/2019 15:09,0
02/11/2019 15:14,0
02/11/2019 15:19,0
02/11/2019 15:24,0
02/11/2019 15:29,0
02/11/2019 15:34,0
02/11/2019 15:39,0
02/11/2019 15:44,0
02/11/2019 15:49,0
02/11/2019 15:54,0
02/11/2019 15:59,0
02/11/2019 16:04,0
02/11/2019 16:09,0
02/11/2019 16:14,0
02/11/2019 16:19,0
02/11/2019 16:24,0
02/11/2019 16:29,0
02/11/2019 16:34,0
02/11/2019 16:39,0
02/11/2019 16:44,0
02/11/2019 16:49,0
02/11/2019 16:54,0
02/11/2019 16:59,0
02/11/2019 17:04,0
02/11/2019 17:09,0
02/11/2019 17:14,0
02/11/2019 17:19,0
02/11/2019 17:24,0
02/11/2019 17:29,0
02/11/2019 17:34,0
02/11/2019 17:39,0
02/11/2019 17:44,0
02/11/2019 17:49,0
02/11/2019 17:54,0
02/11/2019 17:59,0
02/11/2019 18:04,0
02/11/2019 18:09,0
02/11/2019 18:14,0
02/11/2019 18:19,0
02/11/2019 18:24,0
02/11/2019 18:29,0
02/11/2019 18:34,0
02/11/2019 18:39,0
02/11/2019 18:44,0
02/11/2019 18:49,0
02/11/2019 18:54,0
02/11/2019 18:59,0
02/11/2019 19:04,0
02/11/2019 19:09,0
02/11/2019 19:14,0
02/11/2019 19:19,0
02/11/2019 19:24,0
02/11/2019 19:29,0
02/11/2019 19:34,0
02/11/2019 19:39,0
02/11/2019 19:44,0
02/11/2019 19:49,0
02/11/2019 19:54,0
02/11/2019 19:59,0
02/11/2019 20:04,0
02/11/2019 20:09,0
02/11/2019 20:14,0
02/11/2019 20:19,0
02/11/2019 20:24,0
02/11/2019 20:29,0
02/11/2019 20:34,0
02/11/2019 20:39,0
02/11/2019 20:44,0
02/11/2019 20:49,0
02/11/2019 20:54,0
02/11/2019 20:59,0
02/11/2019 21:04,0
02/11/2019 21:09,0
02/11/2019 21:14,0
02/11/2019 21:19,0
02/11/2019 21:24,0
02/11/2019 21:29,0
02/11/2019 21:34,0
02/11/2019 21:39,0
02/11/2019 21:44,0
02/11/2019 21:49,0
02/11/2019 21:54,0
02/11/2019 21:59,0
02/11/2019 22:04,0
02/11/2019 22:09,0
02/11/2019 22:14,0
02/11/2019 22:19,0
02/11/2019 22:24,0
02/11/2019 22:29,0
02/11/2019 22:34,0
02/11/2019 22:39,0
02/11/2019 22:44,0
02/11/2019 22:49,0
02/11/2019 22:54,0
02/11/2019 22:59,0
02/11/2019 23:04,0
02/11/2019 23:09,0
02/11/2019 23:14,0
02/11/2019 23:19,0
02/11/2019 23:24,0
02/11/2019 23:29,0
02/11/2019 23:34,0
02/11/2019 23:39,0
02/11/2019 23:44,0
02/11/2019 23:49,0
02/11/2019 23:54,0
02/11/2019 23:59,0
03/11/2019 00:04,0
03/11/2019 00:09,0
03/11/2019 00:14,0
03/11/2019 00:19,0
03/11/2019 00:24,0
03/11/2019 00:29,0
03/11/2019 00:34,0
03/11/2019 00:39,0
03/11/2019 00:44,0
03/11/2019 00:49,0
03/11/2019 00:54,0
03/11/2019 00:59,0
03/11/2019 01:04,0
03/11/2019 01:09,0
03/11/2019 01:14,0
03/11/2019 01:19,0
03/11/2019 01:24,0
03/11/2019 01:29,0
03/11/2019 01:34,0
03/11/2019 01:39,0
03/11/2019 01:44,0
03/11/2019 01:49,0
03/11/2019 01:54,0
03/11/2019 01:59,0
03/11/2019 02:04,0
03/11/2019 02:09,0
03/11/2019 02:14,0
03/11/2019 02:19,0
03/11/2019 02:24,0
03/11/2019 02:29,0
03/11/2019 02:34,0
03/11/2019 02:39,0
03/11/2019 02:44,0
03/11/2019 02:49,0
03/11/2019 02:54,0
03/11/2019 02:59,0
03/11/2019 03:04,0
03/11/2019 03:09,0
03/11/2019 03:14,0
03/11/2019 03:19,0
03/11/2019 03:24,0
03/11/2019 03:29,0
03/11/2019 03:34,0
03/11/2019 03:39,0
03/11/2019 03:44,0
03/11/2019 03:49,0
03/11/2019 03:54,0
03/11/2019 03:59,0
03/11/2019 04:04,0
03/11/2019 04:09,0
03/11/2019 04:14,0
03/11/2019 04:19,0
03/11/2019 04:24,0
03/11/2019 04:29,0
03/11/2019 04:34,0
03/11/2019 04:39,0
03/11/2019 04:44,0
03/11/2019 04:49,0
03/11/2019 04:54,0
03/11/2019 04:59,0
03/11/2019 05:04,0
03/11/2019 05:09,0
03/11/2019 05:14,0
03/11/2019 05:19,0
03/11/2019 05:24,0
03/11/2019 05:29,0
03/11/2019 05:34,0
03/11/2019 05:39,0
03/11/2019 05:44,0
03/11/2019 05:49,0
03/11/2019 05:54,0
03/11/2019 05:59,0
03/11/2019 06:04,0
03/11/2019 06:09,0
03/11/2019 06:14,0
03/11/2019 06:19,0
03/11/2019 06:24,0
03/11/2019 06:29,0
03/11/2019 06:34,0
03/11/2019 06:39,0
03/11/2019 06:44,0
03/11/2019 06:49,0
03/11/2019 06:54,0
03/11/2019 06:59,0
03/11/2019 07:04,0
03/11/2019 07:09,0
03/11/2019 07:14,0
03/11/2019 07:19,0
03/11/2019 07:24,0
03/11/2019 07:29,0
03/11/2019 07:34,0
03/11/2019 07:39,0
03/11/2019 07:44,0
03/11/2019 07:49,0
03/11/2019 07:54,0
03/11/2019 07:59,0
03/11/2019 08:04,0
03/11/2019 08:09,0
03/11/2019 08:14,0
03/11/2019 08:19,0
03/11/2019 08:24,0
03/11/2019 08:29,0
03/11/2019 08:34,0
03/11/2019 08:39,0
03/11/2019 08:44,0
03/11/2019 08:49,0
03/11/2019 08:54,0
03/11/2019 08:59,0
03/11/2019 09:04,0
03/11/2019 09:09,0
03/11/2019 09:14,0
03/11/2019 09:19,0
03/11/2019 09:24,0
03/11/2019 09:29,0
03/11/2019 09:34,0
03/11/2019 09:39,0
03/11/2019 09:44,0
03/11/2019 09:49,0
03/11/2019 09:54,0
03/11/2019 09:59,0
03/11/2019 10:04,0
03/11/2019 10:09,0
03/11/2019 10:14,0
03/11/2019 10:19,0
03/11/2019 10:24,0
03/11/2019 10:29,0
03/11/2019 10:34,0
03/11/2019 10:39,0
03/11/2019 10:44,0
03/11/2019 10:49,0
03/11/2019 10:54,0
03/11/2019 10:59,0
03/11/2019 11:04,0
03/11/2019 11:09,0
03/11/2019 11:14,0
03/11/2019 11:19,0
03/11/2019 11:24,0
03/11/2019 11:29,0
03/11/2019 11:34,0
03/11/2019 11:39,0
03/11/2019 11:44,0
03/11/2019 11:49,0
03/11/2019 11:54,0
03/11/2019 11:59,0
03/11/2019 12:04,0
03/11/2019 12:09,0
03/11/2019 12:14,0
03/11/2019 12:19,0
03/11/2019 12:24,0
03/11/2019 12:29,0
03/11/2019 12:34,0
03/11/2019 12:39,0
03/11/2019 12:44,0
03/11/2019 12:49,0
03/11/2019 12:54,0
03/11/2019 12:59,0
03/11/2019 13:04,0
03/11/2019 13:09,0
03/11/2019 13:14,0
03/11/2019 13:19,0
03/11/2019 13:24,0
03/11/2019 13:29,0
03/11/2019 13:34,0
03/11/2019 13:39,0
03/11/2019 13:44,0
03/11/2019 13:49,0
03/11/2019 13:54,0
03/11/2019 13:59,0
03/11/2019 14:04,0
03/11/2019 14:09,0
03/11/2019 14:14,0
03/11/2019 14:19,0
03/11/2019 14:24,0
03/11/2019 14:29,0
03/11/2019 14:34,0
03/11/2019 14:39,0
03/11/2019 14:44,0
03/11/2019 14:49,0
03/11/2019 14:54,0
03/11/2019 14:59,0
03/11/2019 15:04,0
03/11/2019 15:09,0
03/11/2019 15:14,0
03/11/2019 15:19,0
03/11/2019 15:24,0
03/11/2019 15:29,0
03/11/2019 15:34,0
03/11/2019 15:39,0
03/11/2019 15:44,0
03/11/2019 15:49,0
03/11/2019 15:54,0
03/11/2019 15:59,0
03/11/2019 16:04,0
03/11/2019 16:09,0
03/11/2019 16:14,0
03/11/2019 16:19,0
03/11/2019 16:24,0
03/11/2019 16:29,0
03/11/2019 16:34,0
03/11/2019 16:39,0
03/11/2019 16:44,0
03/11/2019 16:49,0
03/11/2019 16:54,0
03/11/2019 16:59,0
03/11/2019 17:04,0
03/11/2019 17:09,0
03/11/2019 17:14,0
03/11/2019 17:19,0
03/11/2019 17:24,0
03/11/2019 17:29,0
03/11/2019 17:34,0
03/11/2019 17:39,0
03/11/2019 17:44,0
03/11/2019 17:49,0
03/11/2019 17:54,0
03/11/2019 17:59,0
03/11/2019 18:04,0
03/11/2019 18:09,0
03/11/2019 18:14,0
03/11/2019 18:19,0
03/11/2019 18:24,0
03/11/2019 18:29,0
03/11/2019 18:34,0
03/11/2019 18:39,0
03/11/2019 18:44,0
03/11/2019 18:49,0
03/11/2019 18:54,0
03/11/2019 18:59,0
03/11/2019 19:04,0
03/11/2019 19:09,0
03/11/2019 19:14,0
03/11/2019 19:19,0
03/11/2019 19:24,0
03/11/2019 19:29,0
03/11/2019 19:34,0
03/11/2019 19:39,0
03/11/2019 19:44,0
03/11/2019 19:49,0
03/11/2019 19:54,0
03/11/2019 19:59,0
03/11/2019 20:04,0
03/11/2019 20:09,0
03/11/2019 20:14,0
03/11/2019 20:19,0
03/11/2019 20:24,0
03/11/2019 20:29,0
03/11/2019 20:34,0
03/11/2019 20:39,0
03/11/2019 20:44,0
03/11/2019 20:49,0
03/11/2019 20:54,0
03/11/2019 20:59,0
03/11/2019 21:04,0
03/11/2019 21:09,0
03/11/2019 21:14,0
03/11/2019 21:19,0
03/11/2019 21:24,0
03/11/2019 21:29,0
03/11/2019 21:34,0
03/11/2019 21:39,0
03/11/2019 21:44,0
03/11/2019 21:49,0
03/11/2019 21:54,0
03/11/2019 21:59,0
03/11/2019 22:04,0
03/11/2019 22:09,0
03/11/2019 22:14,0
03/11/2019 22:19,0
03/11/2019 22:24,0
03/11/2019 22:29,0
03/11/2019 22:34,0
03/11/2019 22:39,0
03/11/2019 22:44,0
03/11/2019 22:49,0
03/11/2019 22:54,0
03/11/2019 22:59,0
03/11/2019 23:04,0
03/11/2019 23:09,0
03/11/2019 23:14,0
03/11/2019 23:19,0
03/11/2019 23:24,0
03/11/2019 23:29,0
03/11/2019 23:34,0
03/11/2019 23:39,0
03/11/2019 23:44,0
03/11/2019 23:49,0
03/11/2019 23:54,0
03/11/2019 23:59,0
04/11/2019 00:04,0
04/11/2019 00:09,0
04/11/2019 00:14,0
04/11/2019 00:19,0
04/11/2019 00:24,0
04/11/2019 00:29,0
04/11/2019 00:34,0
04/11/2019 00:39,0
04/11/2019 00:44,0
04/11/2019 00:49,0
04/11/2019 00:54,0
04/11/2019 00:59,0
04/11/2019 01:04,0
04/11/2019 01:09,0
04/11/2019 01:14,0
04/11/2019 01:19,0
04/11/2019 01:24,0
04/11/2019 01:29,0
04/11/2019 01:34,0
04/11/2019 01:39,0
04/11/2019 01:44,0
04/11/2019 01:49,0
04/11/2019 01:54,0
04/11/2019 01:59,0
04/11/2019 02:04,0
04/11/2019 02:09,0
04/11/2019 02:14,0
04/11/2019 02:19,0
04/11/2019 02:24,0
04/11/2019 02:29,0
04/11/2019 02:34,0
04/11/2019 02:39,0
04/11/2019 02:44,0
04/11/2019 02:49,0
04/11/2019 02:54,0
04/11/2019 02:59,0
04/11/2019 03:04,0
04/11/2019 03:09,0
04/11/2019 03:14,0
04/11/2019 03:19,0
04/11/2019 03:24,0
04/11/2019 03:29,0
04/11/2019 03:34,0
04/11/2019 03:39,0
04/11/2019 03:44,0
04/11/2019 03:49,0
04/11/2019 03:54,0
04/11/2019 03:59,0
04/11/2019 04:04,0
04/11/2019 04:09,0
04/11/2019 04:14,0
04/11/2019 04:19,0
04/11/2019 04:24,0
04/11/2019 04:29,0
04/11/2019 04:34,0
04/11/2019 04:39,0
04/11/2019 04:44,0
04/11/2019 04:49,0
04/11/2019 04:54,0
04/11/2019 04:59,0
04/11/2019 05:04,0
04/11/2019 05:09,0
04/11/2019 05:14,0
04/11/2019 05:19,0
04/11/2019 05:24,0
04/11/2019 05:29,0
04/11/2019 05:34,0
04/11/2019 05:39,0
04/11/2019 05:44,0
04/11/2019 05:49,0
04/11/2019 05:54,0
04/11/2019 05:59,0
04/11/2019 06:04,0
04/11/2019 06:09,0
04/11/2019 06:14,0
04/11/2019 06:19,0
04/11/2019 06:24,0
04/11/2019 06:29,0
04/11/2019 06:34,0
04/11/2019 06:39,0
04/11/2019 06:44,0
04/11/2019 06:49,0
04/11/2019 06:54,0
04/11/2019 06:59,0
04/11/2019 07:04,0
04/11/2019 07:09,0
04/11/2019 07:14,0
04/11/2019 07:19,0
04/11/2019 07:24,0
04/11/2019 07:29,0
04/11/2019 07:34,0
04/11/2019 07:39,0
04/11/2019 07:44,0
04/11/2019 07:49,0
04/11/2019 07:54,0
04/11/2019 07:59,0
04/11/2019 08:04,0
04/11/2019 08:09,0
04/11/2019 08:14,0
04/11/2019 08:19,0
04/11/2019 08:24,0
04/11/2019 08:29,0
04/11/2019 08:34,0
04/11/2019 08:39,0
04/11/2019 08:44,0
04/11/2019 08:49,0
04/11/2019 08:54,0
04/11/2019 08:59,0
04/11/2019 09:04,0
04/11/2019 09:09,0
04/11/2019 09:14,0
04/11/2019 09:19,0
04/11/2019 09:24,0
04/11/2019 09:29,0
04/11/2019 09:34,0
04/11/2019 09:39,0
04/11/2019 09:44,0
04/11/2019 09:49,0
04/11/2019 09:54,0
04/11/2019 09:59,0
04/11/2019 10:04,0
04/11/2019 10:09,0
04/11/2019 10:14,0
04/11/2019 10:19,0
04/11/2019 10:24,0
04/11/2019 10:29,0
04/11/2019 10:34,0
04/11/2019 10:39,0
04/11/2019 10:44,0
04/11/2019 10:49,0
04/11/2019 10:54,0
04/11/2019 10:59,0
04/11/2019 11:04,0
04/11/2019 11:09,0
04/11/2019 11:14,0
04/11/2019 11:19,0
04/11/2019 11:24,0
04/11/2019 11:29,0
04/11/2019 11:34,0
04/11/2019 11:39,0
04/11/2019 11:44,0
04/11/2019 11:49,0
04/11/2019 11:54,0
04/11/2019 11:59,0
04/11/2019 12:04,0
04/11/2019 12:09,0
04/11/2019 12:14,0
04/11/2019 12:19,0
04/11/2019 12:24,0
04/11/2019 12:29,0
04/11/2019 12:34,0
04/11/2019 12:39,0
04/11/2019 12:44,0
04/11/2019 12:49,0
04/11/2019 12:54,0
04/11/2019 12:59,0
04/11/2019 13:04,0
04/11/2019 13:09,0
04/11/2019 13:14,0
04/11/2019 13:19,0
04/11/2019 13:24,0
04/11/2019 13:29,0
04/11/2019 13:34,0
04/11/2019 13:39,0
04/11/2019 13:44,0
04/11/2019 13:49,0
04/11/2019 13:54,0
04/11/2019 13:59,0
04/11/2019 14:04,0
04/11/2019 14:09,0
04/11/2019 14:14,0
04/11/2019 14:19,0
04/11/2019 14:24,0
04/11/2019 14:29,0
04/11/2019 14:34,0
04/11/2019 14:39,0
04/11/2019 14:44,0
04/11/2019 14:49,0
04/11/2019 14:54,0
04/11/2019 14:59,0
04/11/2019 15:04,0
04/11/2019 15:09,0
04/11/2019 15:14,0
04/11/2019 15:19,0
04/11/2019 15:24,0
04/11/2019 15:29,0
04/11/2019 15:34,0
04/11/2019 15:39,0
04/11/2019 15:44,0
04/11/2019 15:49,0
04/11/2019 15:54,0
04/11/2019 15:59,0
04/11/2019 16:04,0
04/11/2019 16:09,0
04/11/2019 16:14,0
04/11/2019 16:19,0
04/11/2019 16:24,0
04/11/2019 16:29,0
04/11/2019 16:34,0
04/11/2019 16:39,0
04/11/2019 16:44,0
04/11/2019 16:49,0
04/11/2019 16:54,0
04/11/2019 16:59,0
04/11/2019 17:04,0
04/11/2019 17:09,0
04/11/2019 17:14,0
04/11/2019 17:19,0
04/11/2019 17:24,0
04/11/2019 17:29,0
04/11/2019 17:34,0
04/11/2019 17:39,0
04/11/2019 17:44,0
04/11/2019 17:49,0
04/11/2019 17:54,0
04/11/2019 17:59,0
04/11/2019 18:04,0
04/11/2019 18:09,0
04/11/2019 18:14,0
04/11/2019 18:19,0
04/11/2019 18:24,0
04/11/2019 18:29,0
04/11/2019 18:34,0
04/11/2019 18:39,0
04/11/2019 18:44,0
04/11/2019 18:49,0
04/11/2019 18:54,0
04/11/2019 18:59,0
04/11/2019 19:04,0
04/11/2019 19:09,0
04/11/2019 19:14,0
04/11/2019 19:19,0
04/11/2019 19:24,0
04/11/2019 19:29,0
04/11/2019 19:34,0
04/11/2019 19:39,0
04/11/2019 19:44,0
04/11/2019 19:49,0
04/11/2019 19:54,0
04/11/2019 19:59,0
04/11/2019 20:04,0
04/11/2019 20:09,0
04/11/2019 20:14,0
04/11/2019 20:19,0
04/11/2019 20:24,0
04/11/2019 20:29,0
04/11/2019 20:34,0
04/11/2019 20:39,0
04/11/2019 20:44,0
04/11/2019 20:49,0
04/11/2019 20:54,0
04/11/2019 20:59,0
04/11/2019 21:04,0
04/11/2019 21:09,0
04/11/2019 21:14,0
04/11/2019 21:19,0
04/11/2019 21:24,0
04/11/2019 21:29,0
04/11/2019 21:34,0
04/11/2019 21:39,0
04/11/2019 21:44,0
04/11/2019 21:49,0
04/11/2019 21:54,0
04/11/2019 21:59,0
04/11/2019 22:04,0
04/11/2019 22:09,0
04/11/2019 22:14,0
04/11/2019 22:19,0
04/11/2019 22:24,0
04/11/2019 22:29,0
04/11/2019 22:34,0
04/11/2019 22:39,0
04/11/2019 22:44,0
04/11/2019 22:49,0
04/11/2019 22:54,0
04/11/2019 22:59,0
04/11/2019 23:04,0
04/11/2019 23:09,0
04/11/2019 23:14,0
04/11/2019 23:19,0
04/11/2019 23:24,0
04/11/2019 23:29,0
04/11/2019 23:34,0
04/11/2019 23:39,0
04/11/2019 23:44,0
04/11/2019 23:49,0
04/11/2019 23:54,0
04/11/2019 23:59,0
05/11/2019 00:04,0
05/11/2019 00:09,0
05/11/2019 00:14,0
05/11/2019 00:19,0
05/11/2019 00:24,0
05/11/2019 00:29,0
05/11/2019 00:34,0
05/11/2019 00:39,0
05/11/2019 00:44,0
05/11/2019 00:49,0
05/11/2019 00:54,0
05/11/2019 00:59,0
05/11/2019 01:04,0
05/11/2019 01:09,0
05/11/2019 01:14,0
05/11/2019 01:19,0
05/11/2019 01:24,0
05/11/2019 01:29,0
05/11/2019 01:34,0
05/11/2019 01:39,0
05/11/2019 01:44,0
05/11/2019 01:49,0
05/11/2019 01:54,0
05/11/2019 01:59,0
05/11/2019 02:04,0
05/11/2019 02:09,0
05/11/2019 02:14,0
05/11/2019 02:19,0
05/11/2019 02:24,0
05/11/2019 02:29,0
05/11/2019 02:34,0
05/11/2019 02:39,0
05/11/2019 02:44,0
05/11/2019 02:49,0
05/11/2019 02:54,0
05/11/2019 02:59,0
05/11/2019 03:04,0
05/11/2019 03:09,0
05/11/2019 03:14,0
05/11/2019 03:19,0
05/11/2019 03:24,0
05/11/2019 03:29,0
05/11/2019 03:34,0
05/11/2019 03:39,0
05/11/2019 03:44,0
05/11/2019 03:49,0
05/11/2019 03:54,0
05/11/2019 03:59,0
05/11/2019 04:04,0
05/11/2019 04:09,0
05/11/2019 04:14,0
05/11/2019 04:19,0
05/11/2019 04:24,0
05/11/2019 04:29,0
05/11/2019 04:34,0
05/11/2019 04:39,0
05/11/2019 04:44,0
05/11/2019 04:49,0
05/11/2019 04:54,0
05/11/2019 04:59,0
05/11/2019 05:04,0
05/11/2019 05:09,0
05/11/2019 05:14,0
05/11/2019 05:19,0
05/11/2019 05:24,0
05/11/2019 05:29,0
05/11/2019 05:34,0
05/11/2019 05:39,0
05/11/2019 05:44,0
05/11/2019 05:49,0
05/11/2019 05:54,0
05/11/2019 05:59,0
05/11/2019 06:04,0
05/11/2019 06:09,0
05/11/2019 06:14,0
05/11/2019 06:19,0
05/11/2019 06:24,0
05/11/2019 06:29,0
05/11/2019 06:34,0
05/11/2019 06:39,0
05/11/2019 06:44,0
05/11/2019 06:49,0
05/11/2019 06:54,0
05/11/2019 06:59,0
05/11/2019 07:04,0
05/11/2019 07:09,0
05/11/2019 07:14,0
05/11/2019 07:19,0
05/11/2019 07:24,0
05/11/2019 07:29,0
05/11/2019 07:34,0
05/11/2019 07:39,0
05/11/2019 07:44,0
05/11/2019 07:49,0
05/11/2019 07:54,0
05/11/2019 07:59,0
05/11/2019 08:04,0
05/11/2019 08:09,0
05/11/2019 08:14,0
05/11/2019 08:19,0
05/11/2019 08:24,0
05/11/2019 08:29,0
05/11/2019 08:34,0
05/11/2019 08:39,0
05/11/2019 08:44,0
05/11/2019 08:49,0
05/11/2019 08:54,0
05/11/2019 08:59,0
05/11/2019 09:04,0
05/11/2019 09:09,0
05/11/2019 09:14,0
05/11/2019 09:19,0
05/11/2019 09:24,0
05/11/2019 09:29,0
05/11/2019 09:34,0
05/11/2019 09:39,0
05/11/2019 09:44,0
05/11/2019 09:49,0
05/11/2019 09:54,0
05/11/2019 09:59,0
05/11/2019 10:04,0
05/11/2019 10:09,0
05/11/2019 10:14,0
05/11/2019 10:19,0
05/11/2019 10:24,0
05/11/2019 10:29,0
05/11/2019 10:34,0
05/11/2019 10:39,0
05/11/2019 10:44,0
05/11/2019 10:49,0
05/11/2019 10:54,0
05/11/2019 10:59,0
05/11/2019 11:04,0
05/11/2019 11:09,0
05/11/2019 11:14,0
05/11/2019 11:19,0
05/11/2019 11:24,0
05/11/2019 11:29,0
05/11/2019 11:34,0
05/11/2019 11:39,0
05/11/2019 11:44,0
05/11/2019 11:49,0
05/11/2019 11:54,0
05/11/2019 11:59,0
05/11/2019 12:04,0
05/11/2019 12:09,0
05/11/2019 12:14,0
05/11/2019 12:19,0
05/11/2019 12:24,0
05/11/2019 12:29,0
05/11/2019 12:34,0.354355665
05/11/2019 12:39,0
05/11/2019 12:44,0
05/11/2019 12:49,0
05/11/2019 12:54,0
05/11/2019 12:59,0
05/11/2019 13:04,0
05/11/2019 13:09,0
05/11/2019 13:14,0
05/11/2019 13:19,0
05/11/2019 13:24,0
05/11/2019 13:29,0
05/11/2019 13:34,0
05/11/2019 13:39,0
05/11/2019 13:44,0
05/11/2019 13:49,0
05/11/2019 13:54,0
05/11/2019 13:59,0
05/11/2019 14:04,0
05/11/2019 14:09,0
05/11/2019 14:14,0
05/11/2019 14:19,0
05/11/2019 14:24,0
05/11/2019 14:29,0
05/11/2019 14:34,0
05/11/2019 14:39,0
05/11/2019 14:44,0
05/11/2019 14:49,0
05/11/2019 14:54,0
05/11/2019 14:59,0
05/11/2019 15:04,0
05/11/2019 15:09,0
05/11/2019 15:14,0
05/11/2019 15:19,0
05/11/2019 15:24,0
05/11/2019 15:29,0
05/11/2019 15:34,0
05/11/2019 15:39,0
05/11/2019 15:44,0
05/11/2019 15:49,0
05/11/2019 15:54,0
05/11/2019 15:59,0
05/11/2019 16:04,0
05/11/2019 16:09,0
05/11/2019 16:14,0
05/11/2019 16:19,0
05/11/2019 16:24,0
05/11/2019 16:29,0
05/11/2019 16:34,0
05/11/2019 16:39,0
05/11/2019 16:44,0
05/11/2019 16:49,0
05/11/2019 16:54,0
05/11/2019 16:59,0
05/11/2019 17:04,0
05/11/2019 17:09,0
05/11/2019 17:14,0
05/11/2019 17:19,0
05/11/2019 17:24,0
05/11/2019 17:29,0
05/11/2019 17:34,0
05/11/2019 17:39,0
05/11/2019 17:44,0
05/11/2019 17:49,0
05/11/2019 17:54,0
05/11/2019 17:59,0
05/11/2019 18:04,0
05/11/2019 18:09,0
05/11/2019 18:14,0
05/11/2019 18:19,0
05/11/2019 18:24,0
05/11/2019 18:29,0
05/11/2019 18:34,0
05/11/2019 18:39,0
05/11/2019 18:44,0
05/11/2019 18:49,0
05/11/2019 18:54,0
05/11/2019 18:59,0
05/11/2019 19:04,0
05/11/2019 19:09,0
05/11/2019 19:14,0
05/11/2019 19:19,0
05/11/2019 19:24,0
05/11/2019 19:29,0
05/11/2019 19:34,0
05/11/2019 19:39,0
05/11/2019 19:44,0
05/11/2019 19:49,0
05/11/2019 19:54,0
05/11/2019 19:59,0
05/11/2019 20:04,0
05/11/2019 20:09,0
05/11/2019 20:14,0
05/11/2019 20:19,0
05/11/2019 20:24,0
05/11/2019 20:29,0
05/11/2019 20:34,0
05/11/2019 20:39,0
05/11/2019 20:44,0
05/11/2019 20:49,0
05/11/2019 20:54,0
05/11/2019 20:59,0
05/11/2019 21:04,0
05/11/2019 21:09,0
05/11/2019 21:14,0
05/11/2019 21:19,0
05/11/2019 21:24,0
05/11/2019 21:29,0
05/11/2019 21:34,0
05/11/2019 21:39,0
05/11/2019 21:44,0
05/11/2019 21:49,0
05/11/2019 21:54,0
05/11/2019 21:59,0
05/11/2019 22:04,0
05/11/2019 22:09,0
05/11/2019 22:14,0
05/11/2019 22:19,0
05/11/2019 22:24,0
05/11/2019 22:29,0
05/11/2019 22:34,0
05/11/2019 22:39,0
05/11/2019 22:44,0
05/11/2019 22:49,0
05/11/2019 22:54,0
05/11/2019 22:59,0
05/11/2019 23:04,0
05/11/2019 23:09,0
05/11/2019 23:14,0
05/11/2019 23:19,0
05/11/2019 23:24,0
05/11/2019 23:29,0
05/11/2019 23:34,0
05/11/2019 23:39,0
05/11/2019 23:44,0
05/11/2019 23:49,0
05/11/2019 23:54,0
05/11/2019 23:59,0
06/11/2019 00:04,0
06/11/2019 00:09,0
06/11/2019 00:14,0
06/11/2019 00:19,0
06/11/2019 00:24,0
06/11/2019 00:29,0
06/11/2019 00:34,0
06/11/2019 00:39,0
06/11/2019 00:44,0
06/11/2019 00:49,0
06/11/2019 00:54,0
06/11/2019 00:59,0
06/11/2019 01:04,0
06/11/2019 01:09,0
06/11/2019 01:14,0
06/11/2019 01:19,0
06/11/2019 01:24,0
06/11/2019 01:29,0
06/11/2019 01:34,0
06/11/2019 01:39,0
06/11/2019 01:44,0
06/11/2019 01:49,0
06/11/2019 01:54,0
06/11/2019 01:59,0
06/11/2019 02:04,0
06/11/2019 02:09,0
06/11/2019 02:14,0
06/11/2019 02:19,0
06/11/2019 02:24,0
06/11/2019 02:29,0
06/11/2019 02:34,0
06/11/2019 02:39,0
06/11/2019 02:44,0
06/11/2019 02:49,0
06/11/2019 02:54,0
06/11/2019 02:59,0
06/11/2019 03:04,0
06/11/2019 03:09,0
06/11/2019 03:14,0
06/11/2019 03:19,0
06/11/2019 03:24,0
06/11/2019 03:29,0
06/11/2019 03:34,0
06/11/2019 03:39,0
06/11/2019 03:44,0
06/11/2019 03:49,0
06/11/2019 03:54,0
06/11/2019 03:59,0
06/11/2019 04:04,0
06/11/2019 04:09,0
06/11/2019 04:14,0
06/11/2019 04:19,0
06/11/2019 04:24,0
06/11/2019 04:29,0
06/11/2019 04:34,0
06/11/2019 04:39,0
06/11/2019 04:44,0
06/11/2019 04:49,0
06/11/2019 04:54,0
06/11/2019 04:59,0
06/11/2019 05:04,0
06/11/2019 05:09,0
06/11/2019 05:14,0
06/11/2019 05:19,0
06/11/2019 05:24,0
06/11/2019 05:29,0
06/11/2019 05:34,0
06/11/2019 05:39,0
06/11/2019 05:44,0
06/11/2019 05:49,0
06/11/2019 05:54,0
06/11/2019 05:59,0
06/11/2019 06:04,0
06/11/2019 06:09,0
06/11/2019 06:14,0
06/11/2019 06:19,0
06/11/2019 06:24,0
06/11/2019 06:29,0
06/11/2019 06:34,0
06/11/2019 06:39,0
06/11/2019 06:44,0
06/11/2019 06:49,0
06/11/2019 06:54,0
06/11/2019 06:59,0
06/11/2019 07:04,0
06/11/2019 07:09,0
06/11/2019 07:14,0
06/11/2019 07:19,0
06/11/2019 07:24,0
06/11/2019 07:29,0
06/11/2019 07:34,0
06/11/2019 07:39,0
06/11/2019 07:44,0
06/11/2019 07:49,0
06/11/2019 07:54,0
06/11/2019 07:59,0
06/11/2019 08:04,0
06/11/2019 08:09,0
06/11/2019 08:14,0
06/11/2019 08:19,0
06/11/2019 08:24,0
06/11/2019 08:29,0
06/11/2019 08:34,0
06/11/2019 08:39,0
06/11/2019 08:44,0
06/11/2019 08:49,0
06/11/2019 08:54,0
06/11/2019 08:59,0
06/11/2019 09:04,0
06/11/2019 09:09,0
06/11/2019 09:14,0
06/11/2019 09:19,0
06/11/2019 09:24,0
06/11/2019 09:29,0
06/11/2019 09:34,0
06/11/2019 09:39,0
06/11/2019 09:44,0
06/11/2019 09:49,0
06/11/2019 09:54,0
06/11/2019 09:59,0
06/11/2019 10:04,0
06/11/2019 10:09,0
06/11/2019 10:14,0
06/11/2019 10:19,0
06/11/2019 10:24,0
06/11/2019 10:29,0
06/11/2019 10:34,0
06/11/2019 10:39,0
06/11/2019 10:44,0
06/11/2019 10:49,0
06/11/2019 10:54,0
06/11/2019 10:59,0
06/11/2019 11:04,0
06/11/2019 11:09,0
06/11/2019 11:14,0
06/11/2019 11:19,0
06/11/2019 11:24,0
06/11/2019 11:29,0
06/11/2019 11:34,0
06/11/2019 11:39,0
06/11/2019 11:44,0
06/11/2019 11:49,0
06/11/2019 11:54,0
06/11/2019 11:59,0
06/11/2019 12:04,0
06/11/2019 12:09,0
06/11/2019 12:14,0
06/11/2019 12:19,0
06/11/2019 12:24,0
06/11/2019 12:29,0
06/11/2019 12:34,0
06/11/2019 12:39,0
06/11/2019 12:44,0
06/11/2019 12:49,0
06/11/2019 12:54,0
06/11/2019 12:59,0
06/11/2019 13:04,0
06/11/2019 13:09,0
06/11/2019 13:14,0
06/11/2019 13:19,0
06/11/2019 13:24,0
06/11/2019 13:29,0
06/11/2019 13:34,0
06/11/2019 13:39,0
06/11/2019 13:44,0
06/11/2019 13:49,0
06/11/2019 13:54,0
06/11/2019 13:59,0
06/11/2019 14:04,0
06/11/2019 14:09,0
06/11/2019 14:14,0
06/11/2019 14:19,0
06/11/2019 14:24,0
06/11/2019 14:29,0
06/11/2019 14:34,0
06/11/2019 14:39,0
06/11/2019 14:44,0
06/11/2019 14:49,0
06/11/2019 14:54,0
06/11/2019 14:59,0
06/11/2019 15:04,0
06/11/2019 15:09,0
06/11/2019 15:14,0
06/11/2019 15:19,0
06/11/2019 15:24,0
06/11/2019 15:29,0
06/11/2019 15:34,0
06/11/2019 15:39,0
06/11/2019 15:44,0
06/11/2019 15:49,0
06/11/2019 15:54,0
06/11/2019 15:59,0
06/11/2019 16:04,0
06/11/2019 16:09,0
06/11/2019 16:14,0
06/11/2019 16:19,0
06/11/2019 16:24,0
06/11/2019 16:29,0
06/11/2019 16:34,0
06/11/2019 16:39,0
06/11/2019 16:44,0
06/11/2019 16:49,0
06/11/2019 16:54,0
06/11/2019 16:59,0
06/11/2019 17:04,0
06/11/2019 17:09,0
06/11/2019 17:14,0
06/11/2019 17:19,0
06/11/2019 17:24,0
06/11/2019 17:29,0
06/11/2019 17:34,0
06/11/2019 17:39,0
06/11/2019 17:44,0
06/11/2019 17:49,0
06/11/2019 17:54,0
06/11/2019 17:59,0
06/11/2019 18:04,0
06/11/2019 18:09,0
06/11/2019 18:14,0
06/11/2019 18:19,0
06/11/2019 18:24,0
06/11/2019 18:29,0
06/11/2019 18:34,0
06/11/2019 18:39,0
06/11/2019 18:44,0
06/11/2019 18:49,0
06/11/2019 18:54,0
06/11/2019 18:59,0
06/11/2019 19:04,0
06/11/2019 19:09,0
06/11/2019 19:14,0
06/11/2019 19:19,0
06/11/2019 19:24,0
06/11/2019 19:29,0
06/11/2019 19:34,0
06/11/2019 19:39,0
06/11/2019 19:44,0
06/11/2019 19:49,0
06/11/2019 19:54,0
06/11/2019 19:59,0
06/11/2019 20:04,0
06/11/2019 20:09,0
06/11/2019 20:14,0
06/11/2019 20:19,0
06/11/2019 20:24,0
06/11/2019 20:29,0
06/11/2019 20:34,0
06/11/2019 20:39,0
06/11/2019 20:44,0
06/11/2019 20:49,0
06/11/2019 20:54,0
06/11/2019 20:59,0
06/11/2019 21:04,0
06/11/2019 21:09,0
06/11/2019 21:14,0
06/11/2019 21:19,0
06/11/2019 21:24,0
06/11/2019 21:29,0
06/11/2019 21:34,0
06/11/2019 21:39,0
06/11/2019 21:44,0
06/11/2019 21:49,0
06/11/2019 21:54,0
06/11/2019 21:59,0
06/11/2019 22:04,0
06/11/2019 22:09,0
06/11/2019 22:14,0
06/11/2019 22:19,0
06/11/2019 22:24,0
06/11/2019 22:29,0
06/11/2019 22:34,0
06/11/2019 22:39,0
06/11/2019 22:44,0
06/11/2019 22:49,0
06/11/2019 22:54,0
06/11/2019 22:59,0
06/11/2019 23:04,0
06/11/2019 23:09,0
06/11/2019 23:14,0
06/11/2019 23:19,0
06/11/2019 23:24,0
06/11/2019 23:29,0
06/11/2019 23:34,0
06/11/2019 23:39,0
06/11/2019 23:44,0
06/11/2019 23:49,0
06/11/2019 23:54,0
06/11/2019 23:59,0
07/11/2019 00:04,0
07/11/2019 00:09,0
07/11/2019 00:14,0
07/11/2019 00:19,0
07/11/2019 00:24,0
07/11/2019 00:29,0
07/11/2019 00:34,0
07/11/2019 00:39,0
07/11/2019 00:44,0
07/11/2019 00:49,0
07/11/2019 00:54,0
07/11/2019 00:59,0
07/11/2019 01:04,0
07/11/2019 01:09,0
07/11/2019 01:14,0
07/11/2019 01:19,0
07/11/2019 01:24,0
07/11/2019 01:29,0
07/11/2019 01:34,0
07/11/2019 01:39,0
07/11/2019 01:44,0
07/11/2019 01:49,0
07/11/2019 01:54,0
07/11/2019 01:59,0
07/11/2019 02:04,0
07/11/2019 02:09,0
07/11/2019 02:14,0
07/11/2019 02:19,0
07/11/2019 02:24,0
07/11/2019 02:29,0
07/11/2019 02:34,0
07/11/2019 02:39,0
07/11/2019 02:44,0
07/11/2019 02:49,0
07/11/2019 02:54,0
07/11/2019 02:59,0
07/11/2019 03:04,0
07/11/2019 03:09,0
07/11/2019 03:14,0
07/11/2019 03:19,0
07/11/2019 03:24,0
07/11/2019 03:29,0
07/11/2019 03:34,0
07/11/2019 03:39,0
07/11/2019 03:44,0
07/11/2019 03:49,0
07/11/2019 03:54,0
07/11/2019 03:59,0
07/11/2019 04:04,0
07/11/2019 04:09,0
07/11/2019 04:14,0
07/11/2019 04:19,0
07/11/2019 04:24,0
07/11/2019 04:29,0
07/11/2019 04:34,0
07/11/2019 04:39,0
07/11/2019 04:44,0
07/11/2019 04:49,0
07/11/2019 04:54,0
07/11/2019 04:59,0
07/11/2019 05:04,0
07/11/2019 05:09,0
07/11/2019 05:14,0
07/11/2019 05:19,0
07/11/2019 05:24,0
07/11/2019 05:29,0
07/11/2019 05:34,0
07/11/2019 05:39,0
07/11/2019 05:44,0
07/11/2019 05:49,0
07/11/2019 05:54,0
07/11/2019 05:59,0
07/11/2019 06:04,0
07/11/2019 06:09,0
07/11/2019 06:14,0
07/11/2019 06:19,0
07/11/2019 06:24,0
07/11/2019 06:29,0
07/11/2019 06:34,0
07/11/2019 06:39,0
07/11/2019 06:44,0
07/11/2019 06:49,0
07/11/2019 06:54,0
07/11/2019 06:59,0
07/11/2019 07:04,0
07/11/2019 07:09,0
07/11/2019 07:14,0
07/11/2019 07:19,0
07/11/2019 07:24,0
07/11/2019 07:29,0
07/11/2019 07:34,0
07/11/2019 07:39,0
07/11/2019 07:44,0
07/11/2019 07:49,0
07/11/2019 07:54,0
07/11/2019 07:59,0
07/11/2019 08:04,0
07/11/2019 08:09,0
07/11/2019 08:14,0
07/11/2019 08:19,0
07/11/2019 08:24,0
07/11/2019 08:29,0
07/11/2019 08:34,0
07/11/2019 08:39,0
07/11/2019 08:44,0
07/11/2019 08:49,0
07/11/2019 08:54,0
07/11/2019 08:59,0
07/11/2019 09:04,0
07/11/2019 09:09,0
07/11/2019 09:14,0
07/11/2019 09:19,0
07/11/2019 09:24,0
07/11/2019 09:29,0
07/11/2019 09:34,0
07/11/2019 09:39,0
07/11/2019 09:44,0
07/11/2019 09:49,0
07/11/2019 09:54,0
07/11/2019 09:59,0
07/11/2019 10:04,0
07/11/2019 10:09,0
07/11/2019 10:14,0
07/11/2019 10:19,0
07/11/2019 10:24,0
07/11/2019 10:29,0
07/11/2019 10:34,0
07/11/2019 10:39,0
07/11/2019 10:44,0
07/11/2019 10:49,0
07/11/2019 10:54,0
07/11/2019 10:59,0
07/11/2019 11:04,0
07/11/2019 11:09,0
07/11/2019 11:14,0
07/11/2019 11:19,0
07/11/2019 11:24,0
07/11/2019 11:29,0
07/11/2019 11:34,0
07/11/2019 11:39,0
07/11/2019 11:44,0
07/11/2019 11:49,0
07/11/2019 11:54,0
07/11/2019 11:59,0
07/11/2019 12:04,0
07/11/2019 12:09,0
07/11/2019 12:14,0
07/11/2019 12:19,0
07/11/2019 12:24,0
07/11/2019 12:29,0
07/11/2019 12:34,0
07/11/2019 12:39,0
07/11/2019 12:44,0
07/11/2019 12:49,0
07/11/2019 12:54,0
07/11/2019 12:59,0
07/11/2019 13:04,0
07/11/2019 13:09,0
07/11/2019 13:14,0
07/11/2019 13:19,0
07/11/2019 13:24,0
07/11/2019 13:29,0
07/11/2019 13:34,0
07/11/2019 13:39,0
07/11/2019 13:44,0
07/11/2019 13:49,0
07/11/2019 13:54,0
07/11/2019 13:59,0
07/11/2019 14:04,0
07/11/2019 14:09,0
07/11/2019 14:14,0
07/11/2019 14:19,0
07/11/2019 14:24,0
07/11/2019 14:29,0
07/11/2019 14:34,0
07/11/2019 14:39,0
07/11/2019 14:44,0
07/11/2019 14:49,0
07/11/2019 14:54,0
07/11/2019 14:59,0
07/11/2019 15:04,0
07/11/2019 15:09,0
07/11/2019 15:14,0
07/11/2019 15:19,0
07/11/2019 15:24,0
07/11/2019 15:29,0
07/11/2019 15:34,0
07/11/2019 15:39,0
07/11/2019 15:44,0
07/11/2019 15:49,0
07/11/2019 15:54,0
07/11/2019 15:59,0
07/11/2019 16:04,0
07/11/2019 16:09,0
07/11/2019 16:14,0
07/11/2019 16:19,0
07/11/2019 16:24,0
07/11/2019 16:29,0
07/11/2019 16:34,0
07/11/2019 16:39,0
07/11/2019 16:44,0
07/11/2019 16:49,0
07/11/2019 16:54,0
07/11/2019 16:59,0
07/11/2019 17:04,0
07/11/2019 17:09,0
07/11/2019 17:14,0
07/11/2019 17:19,0
07/11/2019 17:24,0
07/11/2019 17:29,0
07/11/2019 17:34,0
07/11/2019 17:39,0
07/11/2019 17:44,0
07/11/2019 17:49,0
07/11/2019 17:54,0
07/11/2019 17:59,0
07/11/2019 18:04,0
07/11/2019 18:09,0
07/11/2019 18:14,0
07/11/2019 18:19,0
07/11/2019 18:24,0
07/11/2019 18:29,0
07/11/2019 18:34,0
07/11/2019 18:39,0
07/11/2019 18:44,0
07/11/2019 18:49,0
07/11/2019 18:54,0
07/11/2019 18:59,0
07/11/2019 19:04,0
07/11/2019 19:09,0
07/11/2019 19:14,0
07/11/2019 19:19,0
07/11/2019 19:24,0
07/11/2019 19:29,0
07/11/2019 19:34,0
07/11/2019 19:39,0
07/11/2019 19:44,0
07/11/2019 19:49,0
07/11/2019 19:54,0
07/11/2019 19:59,0
07/11/2019 20:04,0
07/11/2019 20:09,0
07/11/2019 20:14,0
07/11/2019 20:19,0
07/11/2019 20:24,0
07/11/2019 20:29,0
07/11/2019 20:34,0
07/11/2019 20:39,0
07/11/2019 20:44,0
07/11/2019 20:49,0
07/11/2019 20:54,0
07/11/2019 20:59,0
07/11/2019 21:04,0
07/11/2019 21:09,0
07/11/2019 21:14,0
07/11/2019 21:19,0
07/11/2019 21:24,0
07/11/2019 21:29,0
07/11/2019 21:34,0
07/11/2019 21:39,0
07/11/2019 21:44,0
07/11/2019 21:49,0
07/11/2019 21:54,0
07/11/2019 21:59,0
07/11/2019 22:04,0
07/11/2019 22:09,0
07/11/2019 22:14,0
07/11/2019 22:19,0
07/11/2019 22:24,0
07/11/2019 22:29,0
07/11/2019 22:34,0
07/11/2019 22:39,0
07/11/2019 22:44,0
07/11/2019 22:49,0
07/11/2019 22:54,0
07/11/2019 22:59,0
07/11/2019 23:04,0
07/11/2019 23:09,0
07/11/2019 23:14,0
07/11/2019 23:19,0
07/11/2019 23:24,0
07/11/2019 23:29,0
07/11/2019 23:34,0
07/11/2019 23:39,0
07/11/2019 23:44,0
07/11/2019 23:49,0
07/11/2019 23:54,0
07/11/2019 23:59,0
08/11/2019 00:04,0
08/11/2019 00:09,0
08/11/2019 00:14,0
08/11/2019 00:19,0
08/11/2019 00:24,0
08/11/2019 00:29,0
08/11/2019 00:34,0
08/11/2019 00:39,0
08/11/2019 00:44,0
08/11/2019 00:49,0
08/11/2019 00:54,0
08/11/2019 00:59,0
08/11/2019 01:04,0
08/11/2019 01:09,0
08/11/2019 01:14,0
08/11/2019 01:19,0
08/11/2019 01:24,0
08/11/2019 01:29,0
08/11/2019 01:34,0
08/11/2019 01:39,0
08/11/2019 01:44,0
08/11/2019 01:49,0
08/11/2019 01:54,0
08/11/2019 01:59,0
08/11/2019 02:04,0
08/11/2019 02:09,0
08/11/2019 02:14,0
08/11/2019 02:19,0
08/11/2019 02:24,0
08/11/2019 02:29,0
08/11/2019 02:34,0
08/11/2019 02:39,0
08/11/2019 02:44,0
08/11/2019 02:49,0
08/11/2019 02:54,0
08/11/2019 02:59,0
08/11/2019 03:04,0
08/11/2019 03:09,0
08/11/2019 03:14,0
08/11/2019 03:19,0
08/11/2019 03:24,0
08/11/2019 03:29,0
08/11/2019 03:34,0
08/11/2019 03:39,0
08/11/2019 03:44,0
08/11/2019 03:49,0
08/11/2019 03:54,0
08/11/2019 03:59,0
08/11/2019 04:04,0
08/11/2019 04:09,0
08/11/2019 04:14,0
08/11/2019 04:19,0
08/11/2019 04:24,0
08/11/2019 04:29,0
08/11/2019 04:34,0
08/11/2019 04:39,0
08/11/2019 04:44,0
08/11/2019 04:49,0
08/11/2019 04:54,0
08/11/2019 04:59,0
08/11/2019 05:04,0
08/11/2019 05:09,0
08/11/2019 05:14,0
08/11/2019 05:19,0
08/11/2019 05:24,0
08/11/2019 05:29,0
08/11/2019 05:34,0
08/11/2019 05:39,0
08/11/2019 05:44,0
08/11/2019 05:49,0
08/11/2019 05:54,0
08/11/2019 05:59,0
08/11/2019 06:04,0
08/11/2019 06:09,0
08/11/2019 06:14,0
08/11/2019 06:19,0
08/11/2019 06:24,0
08/11/2019 06:29,0
08/11/2019 06:34,0
08/11/2019 06:39,0
08/11/2019 06:44,0
08/11/2019 06:49,0
08/11/2019 06:54,0
08/11/2019 06:59,0
08/11/2019 07:04,0
08/11/2019 07:09,0
08/11/2019 07:14,0
08/11/2019 07:19,0
08/11/2019 07:24,0
08/11/2019 07:29,0
08/11/2019 07:34,0
08/11/2019 07:39,0
08/11/2019 07:44,0
08/11/2019 07:49,0
08/11/2019 07:54,0
08/11/2019 07:59,0
08/11/2019 08:04,0
08/11/2019 08:09,0
08/11/2019 08:14,0
08/11/2019 08:19,0
08/11/2019 08:24,0
08/11/2019 08:29,0
08/11/2019 08:34,0
08/11/2019 08:39,0
08/11/2019 08:44,0
08/11/2019 08:49,0
08/11/2019 08:54,0
08/11/2019 08:59,0
08/11/2019 09:04,0
08/11/2019 09:09,0
08/11/2019 09:14,0
08/11/2019 09:19,0
08/11/2019 09:24,0
08/11/2019 09:29,0
08/11/2019 09:34,0
08/11/2019 09:39,0
08/11/2019 09:44,0
08/11/2019 09:49,0
08/11/2019 09:54,0
08/11/2019 09:59,0
08/11/2019 10:04,0
08/11/2019 10:09,0
08/11/2019 10:14,0
08/11/2019 10:19,0
08/11/2019 10:24,0
08/11/2019 10:29,0
08/11/2019 10:34,0
08/11/2019 10:39,0
08/11/2019 10:44,0
08/11/2019 10:49,0
08/11/2019 10:54,0
08/11/2019 10:59,0
08/11/2019 11:04,0
08/11/2019 11:09,0
08/11/2019 11:14,0
08/11/2019 11:19,0
08/11/2019 11:24,0
08/11/2019 11:29,0
08/11/2019 11:34,0
08/11/2019 11:39,0
08/11/2019 11:44,0
08/11/2019 11:49,0
08/11/2019 11:54,0
08/11/2019 11:59,0
08/11/2019 12:04,0
08/11/2019 12:09,0
08/11/2019 12:14,0
08/11/2019 12:19,0
08/11/2019 12:24,0
08/11/2019 12:29,0
08/11/2019 12:34,0
08/11/2019 12:39,0
08/11/2019 12:44,0
08/11/2019 12:49,0
08/11/2019 12:54,0
08/11/2019 12:59,0
08/11/2019 13:04,0
08/11/2019 13:09,0
08/11/2019 13:14,0
08/11/2019 13:19,0
08/11/2019 13:24,0
08/11/2019 13:29,0
08/11/2019 13:34,0
08/11/2019 13:39,0
08/11/2019 13:44,0
08/11/2019 13:49,0
08/11/2019 13:54,0
08/11/2019 13:59,0
08/11/2019 14:04,0
08/11/2019 14:09,0
08/11/2019 14:14,0
08/11/2019 14:19,0
08/11/2019 14:24,0
08/11/2019 14:29,0
08/11/2019 14:34,0
08/11/2019 14:39,0
08/11/2019 14:44,0
08/11/2019 14:49,0
08/11/2019 14:54,0
08/11/2019 14:59,0
08/11/2019 15:04,0
08/11/2019 15:09,0
08/11/2019 15:14,0
08/11/2019 15:19,0
08/11/2019 15:24,0
08/11/2019 15:29,0
08/11/2019 15:34,0
08/11/2019 15:39,0
08/11/2019 15:44,0
08/11/2019 15:49,0
08/11/2019 15:54,0
08/11/2019 15:59,0
08/11/2019 16:04,0
08/11/2019 16:09,0
08/11/2019 16:14,0
08/11/2019 16:19,0
08/11/2019 16:24,0
08/11/2019 16:29,0
08/11/2019 16:34,0
08/11/2019 16:39,0
08/11/2019 16:44,0
08/11/2019 16:49,0
08/11/2019 16:54,0
08/11/2019 16:59,0
08/11/2019 17:04,0
08/11/2019 17:09,0
08/11/2019 17:14,0
08/11/2019 17:19,0
08/11/2019 17:24,0
08/11/2019 17:29,0
08/11/2019 17:34,0
08/11/2019 17:39,0
08/11/2019 17:44,0
08/11/2019 17:49,0
08/11/2019 17:54,0
08/11/2019 17:59,0
08/11/2019 18:04,0
08/11/2019 18:09,0
08/11/2019 18:14,0
08/11/2019 18:19,0
08/11/2019 18:24,0
08/11/2019 18:29,0
08/11/2019 18:34,0
08/11/2019 18:39,0
08/11/2019 18:44,0
08/11/2019 18:49,0
08/11/2019 18:54,0
08/11/2019 18:59,0
08/11/2019 19:04,0
08/11/2019 19:09,0
08/11/2019 19:14,0
08/11/2019 19:19,0
08/11/2019 19:24,0
08/11/2019 19:29,0
08/11/2019 19:34,0
08/11/2019 19:39,0
08/11/2019 19:44,0
08/11/2019 19:49,0
08/11/2019 19:54,0
08/11/2019 19:59,0
08/11/2019 20:04,0
08/11/2019 20:09,0
08/11/2019 20:14,0
08/11/2019 20:19,0
08/11/2019 20:24,0
08/11/2019 20:29,0
08/11/2019 20:34,0
08/11/2019 20:39,0
08/11/2019 20:44,0
08/11/2019 20:49,0
08/11/2019 20:54,0
08/11/2019 20:59,0
08/11/2019 21:04,0
08/11/2019 21:09,0
08/11/2019 21:14,0
08/11/2019 21:19,0
08/11/2019 21:24,0
08/11/2019 21:29,0
08/11/2019 21:34,0
08/11/2019 21:39,0
08/11/2019 21:44,0
08/11/2019 21:49,0
08/11/2019 21:54,0
08/11/2019 21:59,0
08/11/2019 22:04,0
08/11/2019 22:09,0
08/11/2019 22:14,0
08/11/2019 22:19,0
08/11/2019 22:24,0
08/11/2019 22:29,0
08/11/2019 22:34,0
08/11/2019 22:39,0
08/11/2019 22:44,0
08/11/2019 22:49,0
08/11/2019 22:54,0
08/11/2019 22:59,0
08/11/2019 23:04,0
08/11/2019 23:09,0
08/11/2019 23:14,0
08/11/2019 23:19,0
08/11/2019 23:24,0
08/11/2019 23:29,0
08/11/2019 23:34,0
08/11/2019 23:39,0
08/11/2019 23:44,0
08/11/2019 23:49,0
08/11/2019 23:54,0
08/11/2019 23:59,0
09/11/2019 00:04,0
09/11/2019 00:09,0
09/11/2019 00:14,0
09/11/2019 00:19,0
09/11/2019 00:24,0
09/11/2019 00:29,0
09/11/2019 00:34,0
09/11/2019 00:39,0
09/11/2019 00:44,0
09/11/2019 00:49,0
09/11/2019 00:54,0
09/11/2019 00:59,0
09/11/2019 01:04,0
09/11/2019 01:09,0
09/11/2019 01:14,0
09/11/2019 01:19,0
09/11/2019 01:24,0
09/11/2019 01:29,0
09/11/2019 01:34,0
09/11/2019 01:39,0
09/11/2019 01:44,0
09/11/2019 01:49,0
09/11/2019 01:54,0
09/11/2019 01:59,0
09/11/2019 02:04,0
09/11/2019 02:09,0
09/11/2019 02:14,0
09/11/2019 02:19,0
09/11/2019 02:24,0
09/11/2019 02:29,0
09/11/2019 02:34,0
09/11/2019 02:39,0
09/11/2019 02:44,0
09/11/2019 02:49,0
09/11/2019 02:54,0
09/11/2019 02:59,0
09/11/2019 03:04,0
09/11/2019 03:09,0
09/11/2019 03:14,0
09/11/2019 03:19,0
09/11/2019 03:24,0
09/11/2019 03:29,0
09/11/2019 03:34,0
09/11/2019 03:39,0
09/11/2019 03:44,0
09/11/2019 03:49,0
09/11/2019 03:54,0
09/11/2019 03:59,0
09/11/2019 04:04,0
09/11/2019 04:09,0
09/11/2019 04:14,0
09/11/2019 04:19,0
09/11/2019 04:24,0
09/11/2019 04:29,0
09/11/2019 04:34,0
09/11/2019 04:39,0
09/11/2019 04:44,0
09/11/2019 04:49,0
09/11/2019 04:54,0
09/11/2019 04:59,0
09/11/2019 05:04,0
09/11/2019 05:09,0
09/11/2019 05:14,0
09/11/2019 05:19,0
09/11/2019 05:24,0
09/11/2019 05:29,0
09/11/2019 05:34,0
09/11/2019 05:39,0
09/11/2019 05:44,0
09/11/2019 05:49,0
09/11/2019 05:54,0
09/11/2019 05:59,0
09/11/2019 06:04,0
09/11/2019 06:09,0
09/11/2019 06:14,0
09/11/2019 06:19,0
09/11/2019 06:24,0
09/11/2019 06:29,0
09/11/2019 06:34,0
09/11/2019 06:39,0
09/11/2019 06:44,0
09/11/2019 06:49,0
09/11/2019 06:54,0
09/11/2019 06:59,0
09/11/2019 07:04,0
09/11/2019 07:09,0
09/11/2019 07:14,0
09/11/2019 07:19,0
09/11/2019 07:24,0
09/11/2019 07:29,0
09/11/2019 07:34,0
09/11/2019 07:39,1.417422661
09/11/2019 07:44,0.354355665
09/11/2019 07:49,0
09/11/2019 07:54,0
09/11/2019 07:59,0
09/11/2019 08:04,0
09/11/2019 08:09,0
09/11/2019 08:14,0
09/11/2019 08:19,0
09/11/2019 08:24,0
09/11/2019 08:29,0
09/11/2019 08:34,0
09/11/2019 08:39,0
09/11/2019 08:44,0
09/11/2019 08:49,0
09/11/2019 08:54,0
09/11/2019 08:59,0
09/11/2019 09:04,0
09/11/2019 09:09,0
09/11/2019 09:14,0
09/11/2019 09:19,0
09/11/2019 09:24,0
09/11/2019 09:29,0
09/11/2019 09:34,0
09/11/2019 09:39,0
09/11/2019 09:44,0
09/11/2019 09:49,0
09/11/2019 09:54,0
09/11/2019 09:59,0
09/11/2019 10:04,0
09/11/2019 10:09,0
09/11/2019 10:14,0
09/11/2019 10:19,0
09/11/2019 10:24,0
09/11/2019 10:29,0
09/11/2019 10:34,0
09/11/2019 10:39,0
09/11/2019 10:44,0
09/11/2019 10:49,0
09/11/2019 10:54,0
09/11/2019 10:59,0
09/11/2019 11:04,0
09/11/2019 11:09,0
09/11/2019 11:14,0
09/11/2019 11:19,0
09/11/2019 11:24,0
09/11/2019 11:29,0
09/11/2019 11:34,0
09/11/2019 11:39,0
09/11/2019 11:44,0
09/11/2019 11:49,0
09/11/2019 11:54,0
09/11/2019 11:59,0
09/11/2019 12:04,0
09/11/2019 12:09,0
09/11/2019 12:14,0
09/11/2019 12:19,0
09/11/2019 12:24,0
09/11/2019 12:29,0
09/11/2019 12:34,0
09/11/2019 12:39,0
09/11/2019 12:44,0
09/11/2019 12:49,0
09/11/2019 12:54,0
09/11/2019 12:59,0
09/11/2019 13:04,0
09/11/2019 13:09,0
09/11/2019 13:14,0
09/11/2019 13:19,0
09/11/2019 13:24,0
09/11/2019 13:29,0
09/11/2019 13:34,0
09/11/2019 13:39,0
09/11/2019 13:44,0
09/11/2019 13:49,0
09/11/2019 13:54,0
09/11/2019 13:59,0
09/11/2019 14:04,0
09/11/2019 14:09,0
09/11/2019 14:14,0
09/11/2019 14:19,0
09/11/2019 14:24,0
09/11/2019 14:29,0
09/11/2019 14:34,0
09/11/2019 14:39,0
09/11/2019 14:44,0
09/11/2019 14:49,0
09/11/2019 14:54,0
09/11/2019 14:59,0.354355665
09/11/2019 15:04,0
09/11/2019 15:09,0
09/11/2019 15:14,0
09/11/2019 15:19,0
09/11/2019 15:24,0
09/11/2019 15:29,0
09/11/2019 15:34,0
09/11/2019 15:39,0
09/11/2019 15:44,0
09/11/2019 15:49,0
09/11/2019 15:54,0
09/11/2019 15:59,0
09/11/2019 16:04,0
09/11/2019 16:09,0
09/11/2019 16:14,0
09/11/2019 16:19,0
09/11/2019 16:24,0
09/11/2019 16:29,0
09/11/2019 16:34,0
09/11/2019 16:39,0
09/11/2019 16:44,0
09/11/2019 16:49,0
09/11/2019 16:54,0
09/11/2019 16:59,0
09/11/2019 17:04,0
09/11/2019 17:09,0
09/11/2019 17:14,0
09/11/2019 17:19,0
09/11/2019 17:24,0
09/11/2019 17:29,0
09/11/2019 17:34,0
09/11/2019 17:39,0
09/11/2019 17:44,0
09/11/2019 17:49,0
09/11/2019 17:54,0
09/11/2019 17:59,0
09/11/2019 18:04,0
09/11/2019 18:09,0
09/11/2019 18:14,0
09/11/2019 18:19,0
09/11/2019 18:24,0
09/11/2019 18:29,0
09/11/2019 18:34,0
09/11/2019 18:39,0
09/11/2019 18:44,0
09/11/2019 18:49,0
09/11/2019 18:54,0
09/11/2019 18:59,0
09/11/2019 19:04,0
09/11/2019 19:09,0
09/11/2019 19:14,0
09/11/2019 19:19,0
09/11/2019 19:24,0
09/11/2019 19:29,0
09/11/2019 19:34,0
09/11/2019 19:39,0
09/11/2019 19:44,0
09/11/2019 19:49,0
09/11/2019 19:54,0
09/11/2019 19:59,0
09/11/2019 20:04,0
09/11/2019 20:09,0
09/11/2019 20:14,0
09/11/2019 20:19,0
09/11/2019 20:24,0
09/11/2019 20:29,0
09/11/2019 20:34,0
09/11/2019 20:39,0
09/11/2019 20:44,0
09/11/2019 20:49,0
09/11/2019 20:54,0
09/11/2019 20:59,0
09/11/2019 21:04,0
09/11/2019 21:09,0
09/11/2019 21:14,0
09/11/2019 21:19,0
09/11/2019 21:24,0
09/11/2019 21:29,0
09/11/2019 21:34,0
09/11/2019 21:39,0
09/11/2019 21:44,0
09/11/2019 21:49,0
09/11/2019 21:54,0
09/11/2019 21:59,0
09/11/2019 22:04,0
09/11/2019 22:09,0
09/11/2019 22:14,0
09/11/2019 22:19,0
09/11/2019 22:24,0
09/11/2019 22:29,0
09/11/2019 22:34,0
09/11/2019 22:39,0
09/11/2019 22:44,0
09/11/2019 22:49,0
09/11/2019 22:54,0
09/11/2019 22:59,0
09/11/2019 23:04,0
09/11/2019 23:09,0
09/11/2019 23:14,0
09/11/2019 23:19,0
09/11/2019 23:24,0
09/11/2019 23:29,0
09/11/2019 23:34,0
09/11/2019 23:39,0
09/11/2019 23:44,0
09/11/2019 23:49,0
09/11/2019 23:54,0
09/11/2019 23:59,0
10/11/2019 00:04,0
10/11/2019 00:09,0
10/11/2019 00:14,0
10/11/2019 00:19,0
10/11/2019 00:24,0
10/11/2019 00:29,0
10/11/2019 00:34,0
10/11/2019 00:39,0
10/11/2019 00:44,0
10/11/2019 00:49,0
10/11/2019 00:54,0
10/11/2019 00:59,0
10/11/2019 01:04,0
10/11/2019 01:09,0
10/11/2019 01:14,0
10/11/2019 01:19,0
10/11/2019 01:24,0
10/11/2019 01:29,0
10/11/2019 01:34,0
10/11/2019 01:39,0
10/11/2019 01:44,0
10/11/2019 01:49,0
10/11/2019 01:54,0
10/11/2019 01:59,0
10/11/2019 02:04,0
10/11/2019 02:09,0
10/11/2019 02:14,0
10/11/2019 02:19,0
10/11/2019 02:24,0
10/11/2019 02:29,0
10/11/2019 02:34,0
10/11/2019 02:39,0
10/11/2019 02:44,0
10/11/2019 02:49,0
10/11/2019 02:54,0
10/11/2019 02:59,0
10/11/2019 03:04,0
10/11/2019 03:09,0
10/11/2019 03:14,0
10/11/2019 03:19,0
10/11/2019 03:24,0
10/11/2019 03:29,0
10/11/2019 03:34,0
10/11/2019 03:39,0
10/11/2019 03:44,0
10/11/2019 03:49,0
10/11/2019 03:54,0
10/11/2019 03:59,0
10/11/2019 04:04,0
10/11/2019 04:09,0
10/11/2019 04:14,0
10/11/2019 04:19,0
10/11/2019 04:24,0
10/11/2019 04:29,0
10/11/2019 04:34,0
10/11/2019 04:39,0
10/11/2019 04:44,0
10/11/2019 04:49,0
10/11/2019 04:54,0
10/11/2019 04:59,0
10/11/2019 05:04,0
10/11/2019 05:09,0
10/11/2019 05:14,0
10/11/2019 05:19,0
10/11/2019 05:24,0
10/11/2019 05:29,0
10/11/2019 05:34,0
10/11/2019 05:39,0
10/11/2019 05:44,0
10/11/2019 05:49,0
10/11/2019 05:54,0
10/11/2019 05:59,0
10/11/2019 06:04,0
10/11/2019 06:09,0
10/11/2019 06:14,0
10/11/2019 06:19,0
10/11/2019 06:24,0
10/11/2019 06:29,0
10/11/2019 06:34,0
10/11/2019 06:39,0
10/11/2019 06:44,0
10/11/2019 06:49,0
10/11/2019 06:54,0
10/11/2019 06:59,0
10/11/2019 07:04,0
10/11/2019 07:09,0
10/11/2019 07:14,0
10/11/2019 07:19,0
10/11/2019 07:24,0
10/11/2019 07:29,0
10/11/2019 07:34,0
10/11/2019 07:39,0
10/11/2019 07:44,0
10/11/2019 07:49,0
10/11/2019 07:54,0
10/11/2019 07:59,0
10/11/2019 08:04,0
10/11/2019 08:09,0
10/11/2019 08:14,0
10/11/2019 08:19,0
10/11/2019 08:24,0
10/11/2019 08:29,0
10/11/2019 08:34,0
10/11/2019 08:39,0
10/11/2019 08:44,0
10/11/2019 08:49,0
10/11/2019 08:54,0
10/11/2019 08:59,0
10/11/2019 09:04,0
10/11/2019 09:09,0
10/11/2019 09:14,0
10/11/2019 09:19,0
10/11/2019 09:24,0
10/11/2019 09:29,0
10/11/2019 09:34,0
10/11/2019 09:39,0
10/11/2019 09:44,0
10/11/2019 09:49,0
10/11/2019 09:54,0
10/11/2019 09:59,0
10/11/2019 10:04,0
10/11/2019 10:09,0
10/11/2019 10:14,0
10/11/2019 10:19,0
10/11/2019 10:24,0
10/11/2019 10:29,0
10/11/2019 10:34,0
10/11/2019 10:39,0
10/11/2019 10:44,0
10/11/2019 10:49,0
10/11/2019 10:54,0
10/11/2019 10:59,0
10/11/2019 11:04,0
10/11/2019 11:09,0
10/11/2019 11:14,0
10/11/2019 11:19,0
10/11/2019 11:24,0
10/11/2019 11:29,0
10/11/2019 11:34,0
10/11/2019 11:39,0
10/11/2019 11:44,0
10/11/2019 11:49,0
10/11/2019 11:54,0
10/11/2019 11:59,0
10/11/2019 12:04,0
10/11/2019 12:09,0
10/11/2019 12:14,0
10/11/2019 12:19,0
10/11/2019 12:24,0
10/11/2019 12:29,0
10/11/2019 12:34,0
10/11/2019 12:39,0
10/11/2019 12:44,0
10/11/2019 12:49,0
10/11/2019 12:54,0
10/11/2019 12:59,0
10/11/2019 13:04,0
10/11/2019 13:09,0
10/11/2019 13:14,0
10/11/2019 13:19,0
10/11/2019 13:24,0
10/11/2019 13:29,0
10/11/2019 13:34,0
10/11/2019 13:39,0
10/11/2019 13:44,0
10/11/2019 13:49,0
10/11/2019 13:54,0
10/11/2019 13:59,0
10/11/2019 14:04,0
10/11/2019 14:09,0
10/11/2019 14:14,0
10/11/2019 14:19,0
10/11/2019 14:24,0
10/11/2019 14:29,0
10/11/2019 14:34,0
10/11/2019 14:39,0
10/11/2019 14:44,0
10/11/2019 14:49,0
10/11/2019 14:54,0
10/11/2019 14:59,0
10/11/2019 15:04,0
10/11/2019 15:09,0
10/11/2019 15:14,0
10/11/2019 15:19,0
10/11/2019 15:24,0
10/11/2019 15:29,0
10/11/2019 15:34,0
10/11/2019 15:39,0
10/11/2019 15:44,0
10/11/2019 15:49,0
10/11/2019 15:54,0
10/11/2019 15:59,0
10/11/2019 16:04,0
10/11/2019 16:12,0
10/11/2019 16:17,0
10/11/2019 16:22,0
10/11/2019 16:27,0
10/11/2019 16:38,0
10/11/2019 16:43,0
10/11/2019 16:48,0
10/11/2019 16:53,0
10/11/2019 16:58,0
10/11/2019 17:03,0
10/11/2019 17:08,0
10/11/2019 17:13,0
10/11/2019 17:18,0
10/11/2019 17:23,0
10/11/2019 17:28,0
10/11/2019 17:33,0
10/11/2019 17:38,0
10/11/2019 17:43,0
10/11/2019 17:48,0
10/11/2019 17:53,0
10/11/2019 17:58,0
10/11/2019 18:03,0
10/11/2019 18:08,0
10/11/2019 18:13,0
10/11/2019 18:18,0
10/11/2019 18:23,0
10/11/2019 18:28,0
10/11/2019 18:33,0
10/11/2019 18:38,0
10/11/2019 18:43,0
10/11/2019 18:48,0
10/11/2019 18:53,0
10/11/2019 18:58,0
10/11/2019 19:03,0
10/11/2019 19:08,0
10/11/2019 19:13,0
10/11/2019 19:18,0
10/11/2019 19:23,0
10/11/2019 19:28,0
10/11/2019 19:33,0
10/11/2019 19:38,0
10/11/2019 19:43,0
10/11/2019 19:48,0
10/11/2019 19:53,0
10/11/2019 19:58,0
10/11/2019 20:03,0
10/11/2019 20:08,0
10/11/2019 20:13,0
10/11/2019 20:18,0
10/11/2019 20:23,0
10/11/2019 20:28,0
10/11/2019 20:33,0
10/11/2019 20:38,0
10/11/2019 20:43,0
10/11/2019 20:48,0
10/11/2019 20:53,0
10/11/2019 20:58,0
10/11/2019 21:03,0
10/11/2019 21:08,0
10/11/2019 21:13,0
10/11/2019 21:18,0
10/11/2019 21:23,0
10/11/2019 21:28,0
10/11/2019 21:33,0
10/11/2019 21:38,0
10/11/2019 21:43,0
10/11/2019 21:48,0
10/11/2019 21:53,0
10/11/2019 21:58,0
10/11/2019 22:03,0
10/11/2019 22:08,0
10/11/2019 22:13,0
10/11/2019 22:18,0
10/11/2019 22:23,0
10/11/2019 22:28,0
10/11/2019 22:33,0
10/11/2019 22:38,0
10/11/2019 22:43,0
10/11/2019 22:48,0
10/11/2019 22:53,0
10/11/2019 22:58,0
10/11/2019 23:03,0
10/11/2019 23:08,0
10/11/2019 23:13,0
10/11/2019 23:18,0
10/11/2019 23:23,0
10/11/2019 23:28,0
10/11/2019 23:33,0
10/11/2019 23:38,0
10/11/2019 23:43,0
10/11/2019 23:48,0
10/11/2019 23:53,0
10/11/2019 23:58,0
11/11/2019 00:03,0
11/11/2019 00:08,0
11/11/2019 00:13,0
11/11/2019 00:18,0
11/11/2019 00:23,0
11/11/2019 00:28,0
11/11/2019 00:33,0
11/11/2019 00:38,0
11/11/2019 00:43,0
11/11/2019 00:48,0
11/11/2019 00:53,0
11/11/2019 00:58,0
11/11/2019 01:03,0
11/11/2019 01:08,0
11/11/2019 01:13,0
11/11/2019 01:18,0
11/11/2019 01:23,0
11/11/2019 01:28,0
11/11/2019 01:33,0
11/11/2019 01:38,0
11/11/2019 01:43,0
11/11/2019 01:48,0
11/11/2019 01:53,0
11/11/2019 01:58,0
11/11/2019 02:03,0
11/11/2019 02:08,0
11/11/2019 02:13,0
11/11/2019 02:18,0
11/11/2019 02:23,0
11/11/2019 02:28,0
11/11/2019 02:33,0
11/11/2019 02:38,0
11/11/2019 02:43,0
11/11/2019 02:48,0
11/11/2019 02:53,0
11/11/2019 02:58,0
11/11/2019 03:03,0
11/11/2019 03:08,0
11/11/2019 03:13,0
11/11/2019 03:18,0
11/11/2019 03:23,0
11/11/2019 03:28,0
11/11/2019 03:33,0
11/11/2019 03:38,0
11/11/2019 03:43,0
11/11/2019 03:48,0
11/11/2019 03:53,0
11/11/2019 03:58,0
11/11/2019 04:03,0
11/11/2019 04:08,0
11/11/2019 04:13,0
11/11/2019 04:18,0
11/11/2019 04:23,0
11/11/2019 04:28,0
11/11/2019 04:33,0
11/11/2019 04:38,0
11/11/2019 04:43,0
11/11/2019 04:48,0
11/11/2019 04:53,0
11/11/2019 04:58,0
11/11/2019 05:03,0
11/11/2019 05:08,0
11/11/2019 05:13,0
11/11/2019 05:18,0
11/11/2019 05:23,0
11/11/2019 05:28,0
11/11/2019 05:33,0
11/11/2019 05:38,0
11/11/2019 05:43,0
11/11/2019 05:48,0
11/11/2019 05:53,0
11/11/2019 05:58,0
11/11/2019 06:03,0
11/11/2019 06:08,0
11/11/2019 06:13,0
11/11/2019 06:18,0
11/11/2019 06:23,0
11/11/2019 06:28,0
11/11/2019 06:33,0
11/11/2019 06:38,0
11/11/2019 06:43,0
11/11/2019 06:48,0
11/11/2019 06:53,0
11/11/2019 06:58,0
11/11/2019 07:03,0
11/11/2019 07:08,0
11/11/2019 07:13,0
11/11/2019 07:18,0
11/11/2019 07:23,0
11/11/2019 07:28,0
11/11/2019 07:33,0
11/11/2019 07:38,0
11/11/2019 07:43,0
11/11/2019 07:48,0
11/11/2019 07:53,0
11/11/2019 07:58,0
11/11/2019 08:03,0
11/11/2019 08:08,0
11/11/2019 08:13,0
11/11/2019 08:18,0
11/11/2019 08:23,0
11/11/2019 08:28,0
11/11/2019 08:33,0
11/11/2019 08:38,0
11/11/2019 08:43,0
11/11/2019 08:48,0
11/11/2019 08:53,0
11/11/2019 08:58,0
11/11/2019 09:03,0
11/11/2019 09:08,0
11/11/2019 09:13,0
11/11/2019 09:18,0
11/11/2019 09:23,0
11/11/2019 09:28,0
11/11/2019 09:33,0
11/11/2019 09:38,0
11/11/2019 09:43,0
11/11/2019 09:48,0
11/11/2019 09:53,0
11/11/2019 09:58,0
11/11/2019 10:03,0
11/11/2019 10:08,0
11/11/2019 10:13,0
11/11/2019 10:18,0
11/11/2019 10:23,0
11/11/2019 10:28,0
11/11/2019 10:33,0
11/11/2019 10:38,0
11/11/2019 10:43,0
11/11/2019 10:48,0
11/11/2019 10:53,0
11/11/2019 10:58,0
11/11/2019 11:03,0
11/11/2019 11:08,0
11/11/2019 11:13,0
11/11/2019 11:18,0
11/11/2019 11:23,0
11/11/2019 11:28,0
11/11/2019 11:33,0
11/11/2019 11:38,0
11/11/2019 11:43,0
11/11/2019 11:48,0
11/11/2019 11:53,0
11/11/2019 11:58,0
11/11/2019 12:03,0
11/11/2019 12:08,0
11/11/2019 12:13,0
11/11/2019 12:18,0
11/11/2019 12:23,0
11/11/2019 12:28,0
11/11/2019 12:33,0
11/11/2019 12:38,0
11/11/2019 12:43,0
11/11/2019 12:48,0
11/11/2019 12:53,0
11/11/2019 12:58,0
11/11/2019 13:03,0
11/11/2019 13:08,0
11/11/2019 13:13,0
11/11/2019 13:18,0
11/11/2019 13:23,0
11/11/2019 13:28,0
11/11/2019 13:33,0
11/11/2019 13:38,0
11/11/2019 13:43,0
11/11/2019 13:48,0
11/11/2019 13:53,0
11/11/2019 13:58,0
11/11/2019 14:03,0
11/11/2019 14:08,0
11/11/2019 14:13,0
11/11/2019 14:18,0
11/11/2019 14:23,0
11/11/2019 14:28,0
11/11/2019 14:33,0
11/11/2019 14:38,0
11/11/2019 14:43,0
11/11/2019 14:48,0
11/11/2019 14:53,0
11/11/2019 14:58,0
11/11/2019 15:03,0
11/11/2019 15:08,0.354355665
11/11/2019 15:13,1.417422661
11/11/2019 15:18,2.480489656
11/11/2019 15:23,1.063066996
11/11/2019 15:28,1.417422661
11/11/2019 15:33,0.354355665
11/11/2019 15:38,0.354355665
11/11/2019 15:43,0.70871133
11/11/2019 15:48,1.063066996
11/11/2019 15:53,4.606623647
11/11/2019 15:58,1.771778326
11/11/2019 16:03,3.543556652
11/11/2019 16:08,0
11/11/2019 16:13,0.354355665
11/11/2019 16:18,0
11/11/2019 16:23,0
11/11/2019 16:28,0
11/11/2019 16:33,0
11/11/2019 16:38,0
11/11/2019 16:43,0
11/11/2019 16:48,0
11/11/2019 16:53,0
11/11/2019 16:58,0
11/11/2019 17:03,0
11/11/2019 17:08,0
11/11/2019 17:13,0
11/11/2019 17:18,0
11/11/2019 17:23,0
11/11/2019 17:28,0
11/11/2019 17:33,0
11/11/2019 17:38,0
11/11/2019 17:43,0
11/11/2019 17:48,0
11/11/2019 17:53,0
11/11/2019 17:58,0
11/11/2019 18:03,0
11/11/2019 18:08,0
11/11/2019 18:13,0
11/11/2019 18:18,0
11/11/2019 18:23,0
11/11/2019 18:28,0
11/11/2019 18:33,0
11/11/2019 18:38,0
11/11/2019 18:43,0
11/11/2019 18:48,0
11/11/2019 18:53,0
11/11/2019 18:58,0
11/11/2019 19:03,0
11/11/2019 19:08,0
11/11/2019 19:13,0
11/11/2019 19:18,0
11/11/2019 19:23,0
11/11/2019 19:28,0
11/11/2019 19:33,0
11/11/2019 19:38,0
11/11/2019 19:43,0
11/11/2019 19:48,0
11/11/2019 19:53,0
11/11/2019 19:58,0
11/11/2019 20:03,0
11/11/2019 20:08,0
11/11/2019 20:13,0
11/11/2019 20:18,0
11/11/2019 20:23,0
11/11/2019 20:28,0
11/11/2019 20:33,0
11/11/2019 20:38,0
11/11/2019 20:43,0
11/11/2019 20:48,0
11/11/2019 20:53,0
11/11/2019 20:58,0
11/11/2019 21:03,0
11/11/2019 21:08,0
11/11/2019 21:13,0
11/11/2019 21:18,0
11/11/2019 21:23,0
11/11/2019 21:28,0
11/11/2019 21:33,0
11/11/2019 21:38,0
11/11/2019 21:43,0
11/11/2019 21:48,0
11/11/2019 21:53,0
11/11/2019 21:58,0
11/11/2019 22:03,0
11/11/2019 22:08,0
11/11/2019 22:13,0
11/11/2019 22:18,0
11/11/2019 22:23,0
11/11/2019 22:28,0
11/11/2019 22:33,0
11/11/2019 22:38,0
11/11/2019 22:43,0
11/11/2019 22:48,0
11/11/2019 22:53,0
11/11/2019 22:58,0
11/11/2019 23:03,0
11/11/2019 23:08,0
11/11/2019 23:13,0
11/11/2019 23:18,0
11/11/2019 23:23,0
11/11/2019 23:28,0
11/11/2019 23:33,0
11/11/2019 23:38,0
11/11/2019 23:43,0
11/11/2019 23:48,0
11/11/2019 23:53,0
11/11/2019 23:58,0
12/11/2019 00:03,0
12/11/2019 00:08,0
12/11/2019 00:13,0
12/11/2019 00:18,0
12/11/2019 00:23,0
12/11/2019 00:28,0
12/11/2019 00:33,0
12/11/2019 00:38,0
12/11/2019 00:43,0
12/11/2019 00:48,0
12/11/2019 00:53,0
12/11/2019 00:58,0
12/11/2019 01:03,0
12/11/2019 01:08,0
12/11/2019 01:13,0
12/11/2019 01:18,0
12/11/2019 01:23,0
12/11/2019 01:28,0
12/11/2019 01:33,0
12/11/2019 01:38,0
12/11/2019 01:43,0
12/11/2019 01:48,0
12/11/2019 01:53,0
12/11/2019 01:58,0
12/11/2019 02:03,0
12/11/2019 02:08,0
12/11/2019 02:13,0
12/11/2019 02:18,0
12/11/2019 02:23,0
12/11/2019 02:28,0
12/11/2019 02:33,0
12/11/2019 02:38,0
12/11/2019 02:43,0
12/11/2019 02:48,0
12/11/2019 02:53,0
12/11/2019 02:58,0
12/11/2019 03:03,0
12/11/2019 03:08,0
12/11/2019 03:13,0
12/11/2019 03:18,0
12/11/2019 03:23,0
12/11/2019 03:28,0
12/11/2019 03:33,0
12/11/2019 03:38,0
12/11/2019 03:43,0
12/11/2019 03:48,0
12/11/2019 03:53,0
12/11/2019 03:58,0
12/11/2019 04:03,0
12/11/2019 04:08,0
12/11/2019 04:13,0
12/11/2019 04:18,0
12/11/2019 04:23,0
12/11/2019 04:28,0
12/11/2019 04:33,0
12/11/2019 04:38,0
12/11/2019 04:43,0
12/11/2019 04:48,0
12/11/2019 04:53,0
12/11/2019 04:58,0
12/11/2019 05:03,0
12/11/2019 05:08,0
12/11/2019 05:13,0
12/11/2019 05:18,0
12/11/2019 05:23,0
12/11/2019 05:28,0
12/11/2019 05:33,0
12/11/2019 05:38,0
12/11/2019 05:43,0
12/11/2019 05:48,0
12/11/2019 05:53,0
12/11/2019 05:58,0
12/11/2019 06:03,0
12/11/2019 06:08,0
12/11/2019 06:13,0
12/11/2019 06:18,0
12/11/2019 06:23,0
12/11/2019 06:28,0
12/11/2019 06:33,0
12/11/2019 06:38,0
12/11/2019 06:43,0
12/11/2019 06:48,0
12/11/2019 06:53,0
12/11/2019 06:58,0
12/11/2019 07:03,0
12/11/2019 07:08,0
12/11/2019 07:13,0
12/11/2019 07:18,0
12/11/2019 07:23,0
12/11/2019 07:28,0
12/11/2019 07:33,0
12/11/2019 07:38,0
12/11/2019 07:43,0
12/11/2019 07:48,0
12/11/2019 07:53,0
12/11/2019 07:58,0
12/11/2019 08:03,0
12/11/2019 08:08,0
12/11/2019 08:13,0
12/11/2019 08:18,0
12/11/2019 08:23,0
12/11/2019 08:28,0
12/11/2019 08:33,0
12/11/2019 08:38,0
12/11/2019 08:43,0
12/11/2019 08:48,0
12/11/2019 08:53,0
12/11/2019 08:58,0
12/11/2019 09:03,0
12/11/2019 09:08,0
12/11/2019 09:13,0
12/11/2019 09:18,0
12/11/2019 09:23,0
12/11/2019 09:28,0
12/11/2019 09:33,0
12/11/2019 09:38,0
12/11/2019 09:43,0
12/11/2019 09:48,0
12/11/2019 09:53,0
12/11/2019 09:58,0
12/11/2019 10:03,0
12/11/2019 10:08,0
12/11/2019 10:13,0
12/11/2019 10:18,0
12/11/2019 10:23,0
12/11/2019 10:28,0
12/11/2019 10:33,0
12/11/2019 10:38,0
12/11/2019 10:43,0
12/11/2019 10:48,0
12/11/2019 10:53,0
12/11/2019 10:58,0
12/11/2019 11:03,0
12/11/2019 11:08,0
12/11/2019 11:13,0
12/11/2019 11:18,0
12/11/2019 11:23,0
12/11/2019 11:28,0
12/11/2019 11:33,0
12/11/2019 11:38,0
12/11/2019 11:43,0
12/11/2019 11:48,0
12/11/2019 11:53,0
12/11/2019 11:58,0
12/11/2019 12:03,0
12/11/2019 12:08,0
12/11/2019 12:13,0
12/11/2019 12:18,0
12/11/2019 12:23,0
12/11/2019 12:28,0
12/11/2019 12:33,0
12/11/2019 12:38,0
12/11/2019 12:43,0
12/11/2019 12:48,0
12/11/2019 12:53,0
12/11/2019 12:58,0
12/11/2019 13:03,0
12/11/2019 13:08,0
12/11/2019 13:13,0
12/11/2019 13:18,0
12/11/2019 13:23,0
12/11/2019 13:28,0
12/11/2019 13:33,0
12/11/2019 13:38,0
12/11/2019 13:43,0
12/11/2019 13:48,0
12/11/2019 13:53,0
12/11/2019 13:58,0
12/11/2019 14:03,0
12/11/2019 14:08,0
12/11/2019 14:13,0
12/11/2019 14:18,0
12/11/2019 14:23,0
12/11/2019 14:28,0
12/11/2019 14:33,0
12/11/2019 14:38,0
12/11/2019 14:43,0
12/11/2019 14:48,0
12/11/2019 14:53,0
12/11/2019 14:58,0
12/11/2019 15:03,0
12/11/2019 15:08,0
12/11/2019 15:13,0
12/11/2019 15:18,0
12/11/2019 15:23,0
12/11/2019 15:28,0
12/11/2019 15:33,0
12/11/2019 15:38,0
12/11/2019 15:43,0
12/11/2019 15:48,0
12/11/2019 15:53,0
12/11/2019 15:58,0
12/11/2019 16:03,0
12/11/2019 16:08,0
12/11/2019 16:13,0
12/11/2019 16:18,0
12/11/2019 16:23,0
12/11/2019 16:28,0
12/11/2019 16:33,0
12/11/2019 16:38,0
12/11/2019 16:43,0
12/11/2019 16:48,0
12/11/2019 16:53,0
12/11/2019 16:58,0
12/11/2019 17:03,0
12/11/2019 17:08,0
12/11/2019 17:13,0
12/11/2019 17:18,0
12/11/2019 17:23,0
12/11/2019 17:28,0
12/11/2019 17:33,0
12/11/2019 17:38,0
12/11/2019 17:43,0
12/11/2019 17:48,0
12/11/2019 17:53,0
12/11/2019 17:58,0
12/11/2019 18:03,0
12/11/2019 18:08,0
12/11/2019 18:13,0
12/11/2019 18:18,0
12/11/2019 18:23,0
12/11/2019 18:28,0
12/11/2019 18:33,0
12/11/2019 18:38,0
12/11/2019 18:43,0
12/11/2019 18:48,0
12/11/2019 18:53,0
12/11/2019 18:58,0
12/11/2019 19:03,0
12/11/2019 19:08,0
12/11/2019 19:13,0
12/11/2019 19:18,0
12/11/2019 19:23,0
12/11/2019 19:28,0
12/11/2019 19:33,0
12/11/2019 19:38,0
12/11/2019 19:43,0
12/11/2019 19:48,0
12/11/2019 19:53,0
12/11/2019 19:58,0
12/11/2019 20:03,0
12/11/2019 20:08,0
12/11/2019 20:13,0
12/11/2019 20:18,0
12/11/2019 20:23,0
12/11/2019 20:28,0
12/11/2019 20:33,0
12/11/2019 20:38,0
12/11/2019 20:43,0
12/11/2019 20:48,0
12/11/2019 20:53,0
12/11/2019 20:58,0
12/11/2019 21:03,0
12/11/2019 21:08,0
12/11/2019 21:13,0
12/11/2019 21:18,0
12/11/2019 21:23,0
12/11/2019 21:28,0
12/11/2019 21:33,0
12/11/2019 21:38,0
12/11/2019 21:43,0
12/11/2019 21:48,0
12/11/2019 21:53,0
12/11/2019 21:58,0
12/11/2019 22:03,0
12/11/2019 22:08,0
12/11/2019 22:13,0
12/11/2019 22:18,0
12/11/2019 22:23,0
12/11/2019 22:28,0
12/11/2019 22:33,0
12/11/2019 22:38,0
12/11/2019 22:43,0
12/11/2019 22:48,0
12/11/2019 22:53,0
12/11/2019 22:58,0
12/11/2019 23:03,0
12/11/2019 23:08,0
12/11/2019 23:13,0
12/11/2019 23:18,0
12/11/2019 23:23,0
12/11/2019 23:28,0
12/11/2019 23:33,0
12/11/2019 23:38,0
12/11/2019 23:43,0
12/11/2019 23:48,0
12/11/2019 23:53,0
12/11/2019 23:58,0
13/11/2019 00:03,0
13/11/2019 00:08,0
13/11/2019 00:13,0
13/11/2019 00:18,0
13/11/2019 00:23,0
13/11/2019 00:28,0
13/11/2019 00:33,0
13/11/2019 00:38,0
13/11/2019 00:43,0
13/11/2019 00:48,0
13/11/2019 00:53,0
13/11/2019 00:58,0
13/11/2019 01:03,0
13/11/2019 01:08,0
13/11/2019 01:13,0
13/11/2019 01:18,0
13/11/2019 01:23,0
13/11/2019 01:28,0
13/11/2019 01:33,0
13/11/2019 01:38,0
13/11/2019 01:43,0
13/11/2019 01:48,0
13/11/2019 01:53,0
13/11/2019 01:58,0
13/11/2019 02:03,0
13/11/2019 02:08,0
13/11/2019 02:13,0
13/11/2019 02:18,0
13/11/2019 02:23,0
13/11/2019 02:28,0
13/11/2019 02:33,0
13/11/2019 02:38,0
13/11/2019 02:43,0
13/11/2019 02:48,0
13/11/2019 02:53,0
13/11/2019 02:58,0
13/11/2019 03:03,0
13/11/2019 03:08,0
13/11/2019 03:13,0
13/11/2019 03:18,0
13/11/2019 03:23,0
13/11/2019 03:28,0
13/11/2019 03:33,0
13/11/2019 03:38,0
13/11/2019 03:43,0
13/11/2019 03:48,0
13/11/2019 03:53,0
13/11/2019 03:58,0
13/11/2019 04:03,0
13/11/2019 04:08,0
13/11/2019 04:13,0
13/11/2019 04:18,0
13/11/2019 04:23,0
13/11/2019 04:28,0
13/11/2019 04:33,0
13/11/2019 04:38,0
13/11/2019 04:43,0
13/11/2019 04:48,0
13/11/2019 04:53,0
13/11/2019 04:58,0
13/11/2019 05:03,0
13/11/2019 05:08,0
13/11/2019 05:13,0
13/11/2019 05:18,0
13/11/2019 05:23,0
13/11/2019 05:28,0
13/11/2019 05:33,0
13/11/2019 05:38,0
13/11/2019 05:43,0
13/11/2019 05:48,0
13/11/2019 05:53,0
13/11/2019 05:58,0
13/11/2019 06:03,0
13/11/2019 06:08,0
13/11/2019 06:13,0
13/11/2019 06:18,0
13/11/2019 06:23,0
13/11/2019 06:28,0
13/11/2019 06:33,0
13/11/2019 06:38,0
13/11/2019 06:43,0
13/11/2019 06:48,0
13/11/2019 06:53,0
13/11/2019 06:58,0
13/11/2019 07:03,0
13/11/2019 07:08,0
13/11/2019 07:13,0
13/11/2019 07:18,0
13/11/2019 07:23,0
13/11/2019 07:28,0
13/11/2019 07:33,0
13/11/2019 07:38,0
13/11/2019 07:43,0
13/11/2019 07:48,0
13/11/2019 07:53,0
13/11/2019 07:58,0
13/11/2019 08:03,0
13/11/2019 08:08,0
13/11/2019 08:13,0
13/11/2019 08:18,0
13/11/2019 08:23,0
13/11/2019 08:28,0
13/11/2019 08:33,0
13/11/2019 08:38,0
13/11/2019 08:43,0
13/11/2019 08:48,0
13/11/2019 08:53,0
13/11/2019 08:58,0
13/11/2019 09:03,0
13/11/2019 09:08,0
13/11/2019 09:13,0
13/11/2019 09:18,0
13/11/2019 09:23,0
13/11/2019 09:28,0
13/11/2019 09:33,0
13/11/2019 09:38,0
13/11/2019 09:43,0
13/11/2019 09:48,0
13/11/2019 09:53,0
13/11/2019 09:58,0
13/11/2019 10:03,0
13/11/2019 10:08,0
13/11/2019 10:13,0
13/11/2019 10:18,0
13/11/2019 10:23,0
13/11/2019 10:28,0
13/11/2019 10:33,0
13/11/2019 10:38,0
13/11/2019 10:43,0
13/11/2019 10:48,0
13/11/2019 10:53,0
13/11/2019 10:58,0
13/11/2019 11:03,0
13/11/2019 11:08,0
13/11/2019 11:13,0
13/11/2019 11:18,0
13/11/2019 11:23,0
13/11/2019 11:28,0
13/11/2019 11:33,0
13/11/2019 11:38,0
13/11/2019 11:43,0
13/11/2019 11:48,0
13/11/2019 11:53,0
13/11/2019 11:58,0
13/11/2019 12:03,0
13/11/2019 12:08,0
13/11/2019 12:13,0
13/11/2019 12:18,0
13/11/2019 12:23,0
13/11/2019 12:28,0
13/11/2019 12:33,0
13/11/2019 12:38,0
13/11/2019 12:43,0
13/11/2019 12:48,0
13/11/2019 12:53,0
13/11/2019 12:58,0
13/11/2019 13:03,0
13/11/2019 13:08,0
13/11/2019 13:13,0
13/11/2019 13:18,0
13/11/2019 13:23,0
13/11/2019 13:28,0
13/11/2019 13:33,0
13/11/2019 13:38,0
13/11/2019 16:12,0
13/11/2019 16:17,0
13/11/2019 16:22,0
13/11/2019 16:27,0
13/11/2019 16:32,0
13/11/2019 16:37,0
13/11/2019 16:42,0
13/11/2019 16:47,0
13/11/2019 16:52,0
13/11/2019 16:57,0
13/11/2019 17:02,0
13/11/2019 17:07,0
13/11/2019 17:12,0
13/11/2019 17:17,0
13/11/2019 17:22,0
13/11/2019 17:27,0
13/11/2019 17:32,0
13/11/2019 17:37,0
13/11/2019 17:42,0
13/11/2019 17:47,0
13/11/2019 17:52,0
13/11/2019 17:57,0
13/11/2019 18:02,0
13/11/2019 18:07,0
13/11/2019 18:12,0
13/11/2019 18:17,0
13/11/2019 18:22,0
13/11/2019 18:27,0
13/11/2019 18:32,0
13/11/2019 18:37,0
13/11/2019 18:42,0
13/11/2019 18:47,0
13/11/2019 18:52,0
13/11/2019 18:57,0
13/11/2019 19:02,0
13/11/2019 19:07,0
13/11/2019 19:12,0
13/11/2019 19:17,0
13/11/2019 19:22,0
13/11/2019 19:27,0
13/11/2019 19:32,0
13/11/2019 19:37,0
13/11/2019 19:42,0
13/11/2019 19:47,0
13/11/2019 19:52,0
13/11/2019 19:57,0
13/11/2019 20:02,0
13/11/2019 20:07,0
13/11/2019 20:12,0
13/11/2019 20:17,0
13/11/2019 20:22,0
13/11/2019 20:27,0
13/11/2019 20:32,0
13/11/2019 20:37,0
13/11/2019 20:42,0
13/11/2019 20:47,0
13/11/2019 20:52,0
13/11/2019 20:57,0
13/11/2019 21:02,0
13/11/2019 21:07,0
13/11/2019 21:12,0
13/11/2019 21:17,0
13/11/2019 21:22,0
13/11/2019 21:27,0
13/11/2019 21:32,0
13/11/2019 21:37,0
13/11/2019 21:42,0
13/11/2019 21:47,0
13/11/2019 21:52,0
13/11/2019 21:57,0
13/11/2019 22:02,0
13/11/2019 22:07,0
13/11/2019 22:12,0
13/11/2019 22:17,0
13/11/2019 22:22,0
13/11/2019 22:27,0
13/11/2019 22:32,0
13/11/2019 22:37,0
13/11/2019 22:42,0
13/11/2019 22:47,0
13/11/2019 22:52,0
13/11/2019 22:57,0
13/11/2019 23:02,0
13/11/2019 23:07,0
13/11/2019 23:12,0
13/11/2019 23:17,0
13/11/2019 23:22,0
13/11/2019 23:27,0
13/11/2019 23:32,0
13/11/2019 23:37,0
13/11/2019 23:42,0
13/11/2019 23:47,0
13/11/2019 23:52,0
13/11/2019 23:57,0
14/11/2019 00:02,0
14/11/2019 00:07,0
14/11/2019 00:12,0
14/11/2019 00:17,0
14/11/2019 00:22,0
14/11/2019 00:27,0
14/11/2019 00:32,0
14/11/2019 00:37,0
14/11/2019 00:42,0
14/11/2019 00:47,0
14/11/2019 00:52,0
14/11/2019 00:57,0
14/11/2019 01:02,0
14/11/2019 01:07,0
14/11/2019 01:12,0
14/11/2019 01:17,0
14/11/2019 01:22,0
14/11/2019 01:27,0
14/11/2019 01:32,0
14/11/2019 01:37,0
14/11/2019 01:42,0
14/11/2019 01:47,0
14/11/2019 01:52,0
14/11/2019 01:57,0
14/11/2019 02:02,0
14/11/2019 02:07,0
14/11/2019 02:12,0
14/11/2019 02:17,0
14/11/2019 02:22,0
14/11/2019 02:27,0
14/11/2019 02:32,0
14/11/2019 02:37,0
14/11/2019 02:42,0
14/11/2019 02:47,0
14/11/2019 02:52,0
14/11/2019 02:57,0.70871133
14/11/2019 03:02,1.063066996
14/11/2019 03:07,0.354355665
14/11/2019 03:12,0.354355665
14/11/2019 03:17,0
14/11/2019 03:22,0
14/11/2019 03:27,0.354355665
14/11/2019 03:32,0
14/11/2019 03:37,0.354355665
14/11/2019 03:42,0
14/11/2019 03:47,0.354355665
14/11/2019 03:52,0.70871133
14/11/2019 03:57,0.354355665
14/11/2019 04:02,0
14/11/2019 04:07,0
14/11/2019 04:12,0.354355665
14/11/2019 04:17,0
14/11/2019 04:22,0
14/11/2019 04:27,0
14/11/2019 04:32,0
14/11/2019 04:37,0
14/11/2019 04:42,0
14/11/2019 04:47,0.354355665
14/11/2019 04:52,0
14/11/2019 04:57,0
14/11/2019 05:02,0
14/11/2019 05:07,0
14/11/2019 05:12,0
14/11/2019 05:17,0
14/11/2019 05:22,0
14/11/2019 05:27,0
14/11/2019 05:32,0
14/11/2019 05:37,0
14/11/2019 05:42,0
14/11/2019 05:47,0
14/11/2019 05:52,0
14/11/2019 05:57,0
14/11/2019 06:02,0
14/11/2019 06:07,0
14/11/2019 06:12,0
14/11/2019 06:17,0
14/11/2019 06:22,0
14/11/2019 06:27,0
14/11/2019 06:32,0
14/11/2019 06:37,0
14/11/2019 06:42,0
14/11/2019 06:47,0
14/11/2019 06:52,0
14/11/2019 06:57,0
14/11/2019 07:02,0
14/11/2019 07:07,0
14/11/2019 07:12,0
14/11/2019 07:17,0
14/11/2019 07:22,0
14/11/2019 07:27,0
14/11/2019 07:32,0
14/11/2019 07:37,0
14/11/2019 07:42,0
14/11/2019 07:47,0
14/11/2019 07:52,0
14/11/2019 07:57,0
14/11/2019 08:02,0.354355665
14/11/2019 08:07,3.543556652
14/11/2019 08:12,3.897912317
14/11/2019 08:17,5.315334978
14/11/2019 08:22,5.315334978
14/11/2019 08:27,3.897912317
14/11/2019 08:32,0.70871133
14/11/2019 08:37,1.063066996
14/11/2019 08:42,1.771778326
14/11/2019 08:47,1.063066996
14/11/2019 08:52,1.417422661
14/11/2019 08:57,2.480489656
14/11/2019 09:02,3.897912317
14/11/2019 09:07,7.441468969
14/11/2019 09:12,4.606623647
14/11/2019 09:17,3.543556652
14/11/2019 09:22,2.126133991
14/11/2019 09:27,2.834845321
14/11/2019 09:32,3.897912317
14/11/2019 09:37,4.252267982
14/11/2019 09:42,0.354355665
14/11/2019 09:47,0.354355665
14/11/2019 09:52,0.354355665
14/11/2019 09:57,0.354355665
14/11/2019 10:11,0.70871133
14/11/2019 10:16,0.70871133
14/11/2019 10:21,0.70871133
14/11/2019 10:26,0.354355665
14/11/2019 10:31,0.354355665
14/11/2019 10:36,0.354355665
14/11/2019 10:41,0.354355665
14/11/2019 10:46,0
14/11/2019 10:51,0
14/11/2019 10:56,0.354355665
14/11/2019 11:01,0
14/11/2019 11:06,0
14/11/2019 11:11,0.354355665
14/11/2019 11:16,0
14/11/2019 11:21,0
14/11/2019 11:26,0
14/11/2019 11:31,0
14/11/2019 11:36,0
14/11/2019 11:41,0
14/11/2019 11:46,0
14/11/2019 11:51,0
14/11/2019 11:56,0
14/11/2019 12:01,0
14/11/2019 12:06,0
14/11/2019 12:11,0
14/11/2019 12:16,0
14/11/2019 12:21,0
14/11/2019 12:26,0
14/11/2019 12:31,0
14/11/2019 12:36,0
14/11/2019 12:41,0
14/11/2019 12:46,0
14/11/2019 12:51,0
14/11/2019 12:56,0
14/11/2019 13:01,0
14/11/2019 13:06,0
14/11/2019 13:11,0
14/11/2019 13:16,0
14/11/2019 13:21,0
14/11/2019 13:26,0
14/11/2019 13:31,0
14/11/2019 13:36,0
14/11/2019 13:41,0
14/11/2019 13:46,0
14/11/2019 13:51,0
14/11/2019 13:56,0
14/11/2019 14:01,0
14/11/2019 14:06,0
14/11/2019 14:11,0
14/11/2019 14:16,0
14/11/2019 14:21,0
14/11/2019 14:26,0
14/11/2019 14:31,0
14/11/2019 14:36,0
14/11/2019 14:41,0
14/11/2019 14:46,0
14/11/2019 14:51,0
14/11/2019 14:56,0
14/11/2019 15:01,0
14/11/2019 15:06,0
14/11/2019 15:11,0
14/11/2019 15:16,0
14/11/2019 15:21,0
14/11/2019 15:26,0
14/11/2019 15:31,0
14/11/2019 15:36,0
14/11/2019 15:41,0
14/11/2019 15:46,0
14/11/2019 15:51,0
14/11/2019 15:56,0
14/11/2019 16:01,0
14/11/2019 16:06,0
14/11/2019 16:11,0
14/11/2019 16:16,0
14/11/2019 16:21,0
14/11/2019 16:26,0
14/11/2019 16:31,0
14/11/2019 16:36,0
14/11/2019 16:41,0
14/11/2019 16:46,0
14/11/2019 16:51,0
14/11/2019 16:56,0
14/11/2019 17:01,0
14/11/2019 17:06,0
14/11/2019 17:11,0
14/11/2019 17:16,0
14/11/2019 17:21,0
14/11/2019 17:26,0
14/11/2019 17:31,0
14/11/2019 17:36,0
14/11/2019 17:41,0
14/11/2019 17:46,0
14/11/2019 17:51,0
14/11/2019 17:56,0
14/11/2019 18:01,0
14/11/2019 18:06,0
14/11/2019 18:11,0
14/11/2019 18:16,0
14/11/2019 18:21,0
14/11/2019 18:26,0
14/11/2019 18:31,0
14/11/2019 18:36,0
14/11/2019 18:41,0
14/11/2019 18:46,0
14/11/2019 18:51,0
14/11/2019 18:56,0
14/11/2019 19:01,0
14/11/2019 19:06,0
14/11/2019 19:11,0
14/11/2019 19:16,0
14/11/2019 19:21,0
14/11/2019 19:26,0
14/11/2019 19:31,0
14/11/2019 19:36,0
14/11/2019 19:41,0
14/11/2019 19:46,0
14/11/2019 19:51,0
14/11/2019 19:56,0
14/11/2019 20:01,0
14/11/2019 20:06,0
14/11/2019 20:11,0
14/11/2019 20:16,0
14/11/2019 20:21,0
14/11/2019 20:26,0
14/11/2019 20:31,0
14/11/2019 20:36,0
14/11/2019 20:41,0
14/11/2019 20:46,0
14/11/2019 20:51,0
14/11/2019 20:56,0
14/11/2019 21:01,0
14/11/2019 21:06,0
14/11/2019 21:11,0
14/11/2019 21:16,0
14/11/2019 21:21,0
14/11/2019 21:26,0
14/11/2019 21:31,0
14/11/2019 21:36,0
14/11/2019 21:41,0
14/11/2019 21:46,0
14/11/2019 21:51,0
14/11/2019 21:56,0
14/11/2019 22:01,0
14/11/2019 22:06,0
14/11/2019 22:11,0
14/11/2019 22:16,0
14/11/2019 22:21,0
14/11/2019 22:26,0
14/11/2019 22:31,0
14/11/2019 22:36,0
14/11/2019 22:41,0
14/11/2019 22:46,0
14/11/2019 22:51,0
14/11/2019 22:56,0
14/11/2019 23:01,0
14/11/2019 23:06,0
14/11/2019 23:11,0
14/11/2019 23:16,0
14/11/2019 23:21,0
14/11/2019 23:26,0
14/11/2019 23:31,0
14/11/2019 23:36,0
14/11/2019 23:41,0
14/11/2019 23:46,0
14/11/2019 23:51,0
14/11/2019 23:56,0
15/11/2019 00:01,0
15/11/2019 00:06,0
15/11/2019 00:11,0
15/11/2019 00:16,0
15/11/2019 00:21,0
15/11/2019 00:26,0
15/11/2019 00:31,0
15/11/2019 00:36,0
15/11/2019 00:41,0
15/11/2019 00:46,0
15/11/2019 00:51,0
15/11/2019 00:56,0
15/11/2019 01:01,0
15/11/2019 01:06,0
15/11/2019 01:11,0
15/11/2019 01:16,0
15/11/2019 01:21,0
15/11/2019 01:26,0
15/11/2019 01:31,0
15/11/2019 01:36,0
15/11/2019 01:41,0
15/11/2019 01:46,0
15/11/2019 01:51,0
15/11/2019 01:56,0
15/11/2019 02:01,0
15/11/2019 02:06,0
15/11/2019 02:11,0
15/11/2019 02:16,0
15/11/2019 02:21,0
15/11/2019 02:26,0
15/11/2019 02:31,0
15/11/2019 02:36,0
15/11/2019 02:41,0
15/11/2019 02:46,0
15/11/2019 02:51,0
15/11/2019 02:56,0
15/11/2019 03:01,0
15/11/2019 03:06,0
15/11/2019 03:11,0
15/11/2019 03:16,0
15/11/2019 03:21,0
15/11/2019 03:26,0
15/11/2019 03:31,0
15/11/2019 03:36,0
15/11/2019 03:41,0
15/11/2019 03:46,0
15/11/2019 03:51,0
15/11/2019 03:56,0
15/11/2019 04:01,0
15/11/2019 04:06,0
15/11/2019 04:11,0
15/11/2019 04:16,0
15/11/2019 04:21,0
15/11/2019 04:26,0
15/11/2019 04:31,0
15/11/2019 04:36,0
15/11/2019 04:41,0
15/11/2019 04:46,0
15/11/2019 04:51,0
15/11/2019 04:56,0
15/11/2019 05:01,0
15/11/2019 05:06,0
15/11/2019 05:11,0
15/11/2019 05:16,0
15/11/2019 05:21,0
15/11/2019 05:26,0
15/11/2019 05:31,0
15/11/2019 05:36,0
15/11/2019 05:41,0
15/11/2019 05:46,0
15/11/2019 05:51,0
15/11/2019 05:56,0
15/11/2019 06:01,0
15/11/2019 06:06,0
15/11/2019 06:11,0
15/11/2019 06:16,0
15/11/2019 06:21,0
15/11/2019 06:26,0
15/11/2019 06:31,0
15/11/2019 06:36,0
15/11/2019 06:41,0
15/11/2019 06:46,0
15/11/2019 06:51,0
15/11/2019 06:56,0
15/11/2019 07:01,0
15/11/2019 07:06,0
15/11/2019 07:11,0
15/11/2019 07:16,0
15/11/2019 07:21,0
15/11/2019 07:26,0
15/11/2019 07:31,0
15/11/2019 07:36,0
15/11/2019 07:41,0
15/11/2019 07:46,0
15/11/2019 07:51,0
15/11/2019 07:56,0
15/11/2019 08:01,0
15/11/2019 08:06,0
15/11/2019 08:11,0
15/11/2019 08:16,0
15/11/2019 08:21,0
15/11/2019 08:26,0
15/11/2019 08:31,0
15/11/2019 08:36,0
15/11/2019 08:41,0
15/11/2019 08:46,0
15/11/2019 08:51,0
15/11/2019 08:56,0
15/11/2019 09:01,0
15/11/2019 09:06,0
15/11/2019 09:11,0
15/11/2019 09:16,0
15/11/2019 09:21,0
15/11/2019 09:26,0
15/11/2019 09:31,0
15/11/2019 09:36,0
15/11/2019 09:41,0
15/11/2019 09:46,0
15/11/2019 09:51,0
15/11/2019 09:56,0
15/11/2019 10:01,0
15/11/2019 10:06,0
15/11/2019 10:11,0
15/11/2019 10:16,0
15/11/2019 10:21,0
15/11/2019 10:26,0
15/11/2019 10:31,0
15/11/2019 10:36,0
15/11/2019 10:41,0
15/11/2019 10:46,0
15/11/2019 10:51,0
15/11/2019 10:56,0
15/11/2019 11:01,0
15/11/2019 11:06,0
15/11/2019 11:11,0
15/11/2019 11:16,0
15/11/2019 11:21,0
15/11/2019 11:26,0
15/11/2019 11:31,0
15/11/2019 11:36,0
15/11/2019 11:41,0
15/11/2019 11:46,0
15/11/2019 11:51,0
15/11/2019 11:56,0
15/11/2019 12:01,0
15/11/2019 12:06,0
15/11/2019 12:11,0
15/11/2019 12:16,0
15/11/2019 12:21,0
15/11/2019 12:26,0
15/11/2019 12:31,0
15/11/2019 12:36,0
15/11/2019 12:41,0
15/11/2019 12:46,0
15/11/2019 12:51,0
15/11/2019 12:56,0
15/11/2019 13:01,0
15/11/2019 13:06,0
15/11/2019 13:11,0
15/11/2019 13:16,0
15/11/2019 13:21,0
15/11/2019 13:26,0
15/11/2019 13:31,0
15/11/2019 13:36,0
15/11/2019 13:41,0
15/11/2019 13:46,0
15/11/2019 13:51,0
15/11/2019 13:56,0
15/11/2019 14:01,0
15/11/2019 14:06,0
15/11/2019 14:11,0
15/11/2019 14:16,0
15/11/2019 14:21,0
15/11/2019 14:26,0
15/11/2019 14:31,0
15/11/2019 14:36,0
15/11/2019 14:41,0
15/11/2019 14:46,0
15/11/2019 14:51,0
15/11/2019 14:56,0
15/11/2019 15:01,0
15/11/2019 15:06,0
15/11/2019 15:11,0
15/11/2019 15:16,0
15/11/2019 15:21,0
15/11/2019 15:26,0
15/11/2019 15:31,0
15/11/2019 15:36,0
15/11/2019 15:41,0
15/11/2019 15:46,0
15/11/2019 15:51,0
15/11/2019 15:56,0
15/11/2019 16:01,0
15/11/2019 16:06,0
15/11/2019 16:11,0
15/11/2019 16:16,0
15/11/2019 16:21,0
15/11/2019 16:26,0
15/11/2019 16:31,0
15/11/2019 16:36,0
15/11/2019 16:41,0
15/11/2019 16:46,0
15/11/2019 16:51,0
15/11/2019 16:56,0
15/11/2019 17:01,0
15/11/2019 17:06,0
15/11/2019 17:11,0
15/11/2019 17:16,0
15/11/2019 17:21,0
15/11/2019 17:26,0
15/11/2019 17:31,0
15/11/2019 17:36,0
15/11/2019 17:41,0
15/11/2019 17:46,0
15/11/2019 17:51,0
15/11/2019 17:56,0
15/11/2019 18:01,0
15/11/2019 18:06,0
15/11/2019 18:11,0
15/11/2019 18:16,0
15/11/2019 18:21,0
15/11/2019 18:26,0
15/11/2019 18:31,0
15/11/2019 18:36,0
15/11/2019 18:41,0
15/11/2019 18:46,0
15/11/2019 18:51,0
15/11/2019 18:56,0
15/11/2019 19:01,0
15/11/2019 19:06,0
15/11/2019 19:11,0
15/11/2019 19:16,0
15/11/2019 19:21,0
15/11/2019 19:26,0
15/11/2019 19:31,0
15/11/2019 19:36,0
15/11/2019 19:41,0
15/11/2019 19:46,0
15/11/2019 19:51,0
15/11/2019 19:56,0
15/11/2019 20:01,0
15/11/2019 20:06,0
15/11/2019 20:11,0
15/11/2019 20:16,0
15/11/2019 20:21,0
15/11/2019 20:26,0
15/11/2019 20:31,0
15/11/2019 20:36,0
15/11/2019 20:41,0
15/11/2019 20:46,0
15/11/2019 20:51,0
15/11/2019 20:56,0
15/11/2019 21:01,0
15/11/2019 21:06,0
15/11/2019 21:11,0
15/11/2019 21:16,0
15/11/2019 21:21,0
15/11/2019 21:26,0
15/11/2019 21:31,0
15/11/2019 21:36,0
15/11/2019 21:41,0
15/11/2019 21:46,0
15/11/2019 21:51,0
15/11/2019 21:56,0
15/11/2019 22:01,0
15/11/2019 22:06,0
15/11/2019 22:11,0
15/11/2019 22:16,0
15/11/2019 22:21,0
15/11/2019 22:26,0
15/11/2019 22:31,0
15/11/2019 22:36,0
15/11/2019 22:41,0
15/11/2019 22:46,0
15/11/2019 22:51,0
15/11/2019 22:56,0
15/11/2019 23:01,0
15/11/2019 23:06,0
15/11/2019 23:11,0
15/11/2019 23:16,0
15/11/2019 23:21,0
15/11/2019 23:26,0
15/11/2019 23:31,0
15/11/2019 23:36,0
15/11/2019 23:41,0
15/11/2019 23:46,0
15/11/2019 23:51,0
15/11/2019 23:56,0
16/11/2019 00:01,0
16/11/2019 00:06,0
16/11/2019 00:11,0
16/11/2019 00:16,0
16/11/2019 00:21,0
16/11/2019 00:26,0
16/11/2019 00:31,0
16/11/2019 00:36,0
16/11/2019 00:41,0
16/11/2019 00:46,0
16/11/2019 00:51,0
16/11/2019 00:56,0
16/11/2019 01:01,0
16/11/2019 01:06,0
16/11/2019 01:11,0
16/11/2019 01:16,0
16/11/2019 01:21,0
16/11/2019 01:26,0
16/11/2019 01:31,0
16/11/2019 01:36,0
16/11/2019 01:41,0
16/11/2019 01:46,0
16/11/2019 01:51,0
16/11/2019 01:56,0
16/11/2019 02:01,0
16/11/2019 02:06,0
16/11/2019 02:11,0
16/11/2019 02:16,0
16/11/2019 02:21,0
16/11/2019 02:26,0
16/11/2019 02:31,0
16/11/2019 02:36,0
16/11/2019 02:41,0
16/11/2019 02:46,0
16/11/2019 02:51,0
16/11/2019 02:56,0
16/11/2019 03:01,0
16/11/2019 03:06,0
16/11/2019 03:11,0
16/11/2019 03:16,0
16/11/2019 03:21,0
16/11/2019 03:26,0
16/11/2019 03:31,0
16/11/2019 03:36,0
16/11/2019 03:41,0
16/11/2019 03:46,0
16/11/2019 03:51,0
16/11/2019 03:56,0
16/11/2019 04:01,0
16/11/2019 04:06,0
16/11/2019 04:11,0
16/11/2019 04:16,0
16/11/2019 04:21,0
16/11/2019 04:26,0
16/11/2019 04:31,0
16/11/2019 04:36,0
16/11/2019 04:41,0
16/11/2019 04:46,0
16/11/2019 04:51,0
16/11/2019 04:56,0
16/11/2019 05:01,0
16/11/2019 05:06,0
16/11/2019 05:11,0
16/11/2019 05:16,0
16/11/2019 05:21,0
16/11/2019 05:26,0
16/11/2019 05:31,0
16/11/2019 05:36,0
16/11/2019 05:41,0
16/11/2019 05:46,0
16/11/2019 05:51,0
16/11/2019 05:56,0
16/11/2019 06:01,0
16/11/2019 06:06,0
16/11/2019 06:11,0
16/11/2019 06:16,0
16/11/2019 06:21,0
16/11/2019 06:26,0
16/11/2019 06:31,0
16/11/2019 06:36,0
16/11/2019 06:41,0
16/11/2019 06:46,0
16/11/2019 06:51,0
16/11/2019 06:56,0
16/11/2019 07:01,0
16/11/2019 07:06,0
16/11/2019 07:11,0
16/11/2019 07:16,0
16/11/2019 07:21,0
16/11/2019 07:26,0
16/11/2019 07:31,0
16/11/2019 07:36,0
16/11/2019 07:41,0
16/11/2019 07:46,0
16/11/2019 07:51,0
16/11/2019 07:56,0
16/11/2019 08:01,0
16/11/2019 08:06,0
16/11/2019 08:11,0
16/11/2019 08:16,0
16/11/2019 08:21,0
16/11/2019 08:26,0
16/11/2019 08:31,0
16/11/2019 08:36,0
16/11/2019 08:41,0
16/11/2019 08:46,0
16/11/2019 08:51,0
16/11/2019 08:56,0
16/11/2019 09:01,0
16/11/2019 09:06,0
16/11/2019 09:11,0
16/11/2019 09:16,0
16/11/2019 09:21,0
16/11/2019 09:26,0
16/11/2019 09:31,0
16/11/2019 09:36,0
16/11/2019 09:41,0
16/11/2019 09:46,0
16/11/2019 09:51,0
16/11/2019 09:56,0
16/11/2019 10:01,0
16/11/2019 10:06,0
16/11/2019 10:11,0
16/11/2019 10:16,0
16/11/2019 10:21,0
16/11/2019 10:26,0
16/11/2019 10:31,0
16/11/2019 10:36,0
16/11/2019 10:41,0
16/11/2019 10:46,0
16/11/2019 10:51,0
16/11/2019 10:56,0
16/11/2019 11:01,0
16/11/2019 11:06,0
16/11/2019 11:11,0
16/11/2019 11:16,0
16/11/2019 11:21,0
16/11/2019 11:26,0
16/11/2019 11:31,0
16/11/2019 11:36,0
16/11/2019 11:41,0
16/11/2019 11:46,0
16/11/2019 11:51,0
16/11/2019 11:56,0
16/11/2019 12:01,0
16/11/2019 12:06,0
16/11/2019 12:11,0
16/11/2019 12:16,0
16/11/2019 12:21,0
16/11/2019 12:26,0
16/11/2019 12:31,0
16/11/2019 12:36,0
16/11/2019 12:41,0
16/11/2019 12:46,0
16/11/2019 12:51,0
16/11/2019 12:56,0
16/11/2019 13:01,0
16/11/2019 13:06,0
16/11/2019 13:11,0
16/11/2019 13:16,0
16/11/2019 13:21,0
16/11/2019 13:26,0
16/11/2019 13:31,0
16/11/2019 13:36,0
16/11/2019 13:41,0
16/11/2019 13:46,0
16/11/2019 13:51,0
16/11/2019 13:56,0
16/11/2019 14:01,0
16/11/2019 14:06,0
16/11/2019 14:11,0
16/11/2019 14:16,0
16/11/2019 14:21,0
16/11/2019 14:26,0
16/11/2019 14:31,0
16/11/2019 14:36,0
16/11/2019 14:41,0
16/11/2019 14:46,0
16/11/2019 14:51,0
16/11/2019 14:56,0
16/11/2019 15:01,0
16/11/2019 15:06,0
16/11/2019 15:11,0
16/11/2019 15:16,0
16/11/2019 15:21,0
16/11/2019 15:26,0
16/11/2019 15:31,0
16/11/2019 15:36,0
16/11/2019 15:41,0
16/11/2019 15:46,0
16/11/2019 15:51,0
16/11/2019 15:56,0
16/11/2019 16:01,0
16/11/2019 16:06,0
16/11/2019 16:11,0
16/11/2019 16:16,0
16/11/2019 16:21,0
16/11/2019 16:26,0
16/11/2019 16:31,0
16/11/2019 16:36,0
16/11/2019 16:41,0
16/11/2019 16:46,0
16/11/2019 16:51,0
16/11/2019 16:56,0
16/11/2019 17:01,0
16/11/2019 17:06,0
16/11/2019 17:11,0
16/11/2019 17:16,0
16/11/2019 17:21,0
16/11/2019 17:26,0
16/11/2019 17:31,0
16/11/2019 17:36,0
16/11/2019 17:41,0
16/11/2019 17:46,0
16/11/2019 17:51,0
16/11/2019 17:56,0
16/11/2019 18:01,0
16/11/2019 18:06,0
16/11/2019 18:11,0
16/11/2019 18:16,0
16/11/2019 18:21,0
16/11/2019 18:26,0
16/11/2019 18:31,0
16/11/2019 18:36,0
16/11/2019 18:41,0
16/11/2019 18:46,0
16/11/2019 18:51,0
16/11/2019 18:56,0
16/11/2019 19:01,0
16/11/2019 19:06,0
16/11/2019 19:11,0
16/11/2019 19:16,0
16/11/2019 19:21,0
16/11/2019 19:26,0
16/11/2019 19:31,0
16/11/2019 19:36,0
16/11/2019 19:41,0
16/11/2019 19:46,0
16/11/2019 19:51,0
16/11/2019 19:56,0
16/11/2019 20:01,0
16/11/2019 20:06,0
16/11/2019 20:11,0
16/11/2019 20:16,0
16/11/2019 20:21,0
16/11/2019 20:26,0
16/11/2019 20:31,0
16/11/2019 20:36,0
16/11/2019 20:41,0
16/11/2019 20:46,0
16/11/2019 20:51,0
16/11/2019 20:56,0
16/11/2019 21:01,0
16/11/2019 21:06,0
16/11/2019 21:11,0
16/11/2019 21:16,0
16/11/2019 21:21,0
16/11/2019 21:26,0
16/11/2019 21:31,0
16/11/2019 21:36,0
16/11/2019 21:41,0
16/11/2019 21:46,0
16/11/2019 21:51,0
16/11/2019 21:56,0
16/11/2019 22:01,0
16/11/2019 22:06,0
16/11/2019 22:11,0
16/11/2019 22:16,0
16/11/2019 22:21,0
16/11/2019 22:26,0
16/11/2019 22:31,0
16/11/2019 22:36,0
16/11/2019 22:41,0
16/11/2019 22:46,0
16/11/2019 22:51,0
16/11/2019 22:56,0
16/11/2019 23:01,0
16/11/2019 23:06,0
16/11/2019 23:11,0
16/11/2019 23:16,0
16/11/2019 23:21,0
16/11/2019 23:26,0
16/11/2019 23:31,0
16/11/2019 23:36,0
16/11/2019 23:41,0
16/11/2019 23:46,0
16/11/2019 23:51,0
16/11/2019 23:56,0
17/11/2019 00:01,0
17/11/2019 00:06,0
17/11/2019 00:11,0
17/11/2019 00:16,0
17/11/2019 00:21,0
17/11/2019 00:26,0
17/11/2019 00:31,0
17/11/2019 00:36,0
17/11/2019 00:41,0
17/11/2019 00:46,0
17/11/2019 00:51,0
17/11/2019 00:56,0
17/11/2019 01:01,0
17/11/2019 01:06,0
17/11/2019 01:11,0
17/11/2019 01:16,0
17/11/2019 01:21,0
17/11/2019 01:26,0
17/11/2019 01:31,0
17/11/2019 01:36,0
17/11/2019 01:41,0
17/11/2019 01:46,0
17/11/2019 01:51,0
17/11/2019 01:56,0
17/11/2019 02:01,0
17/11/2019 02:06,0
17/11/2019 02:11,0
17/11/2019 02:16,0
17/11/2019 02:21,0
17/11/2019 02:26,0
17/11/2019 02:31,0
17/11/2019 02:36,0
17/11/2019 02:41,0
17/11/2019 02:46,0
17/11/2019 02:51,0
17/11/2019 02:56,0
17/11/2019 03:01,0
17/11/2019 03:06,0
17/11/2019 03:11,0
17/11/2019 03:16,0
17/11/2019 03:21,0
17/11/2019 03:26,0
17/11/2019 03:31,0
17/11/2019 03:36,0
17/11/2019 03:41,0
17/11/2019 03:46,0
17/11/2019 03:51,0
17/11/2019 03:56,0
17/11/2019 04:01,0
17/11/2019 04:06,0
17/11/2019 04:11,0
17/11/2019 04:16,0
17/11/2019 04:21,0
17/11/2019 04:26,0
17/11/2019 04:31,0
17/11/2019 04:36,0
17/11/2019 04:41,0
17/11/2019 04:46,0
17/11/2019 04:51,0
17/11/2019 04:56,0
17/11/2019 05:01,0
17/11/2019 05:06,0
17/11/2019 05:11,0
17/11/2019 05:16,0
17/11/2019 05:21,0
17/11/2019 05:26,0
17/11/2019 05:31,0
17/11/2019 05:36,0
17/11/2019 05:41,0
17/11/2019 05:46,0
17/11/2019 05:51,0
17/11/2019 05:56,0
17/11/2019 06:01,0
17/11/2019 06:06,0
17/11/2019 06:11,0
17/11/2019 06:16,0
17/11/2019 06:21,0
17/11/2019 06:26,0
17/11/2019 06:31,0
17/11/2019 06:36,0
17/11/2019 06:41,0
17/11/2019 06:46,0
17/11/2019 06:51,0
17/11/2019 06:56,0
17/11/2019 07:01,0
17/11/2019 07:06,0
17/11/2019 07:11,0
17/11/2019 07:16,0
17/11/2019 07:21,0
17/11/2019 07:26,0
17/11/2019 07:31,0
17/11/2019 07:36,0
17/11/2019 07:41,0
17/11/2019 07:46,0
17/11/2019 07:51,0
17/11/2019 07:56,0
17/11/2019 08:01,0
17/11/2019 08:06,0
17/11/2019 08:11,0
17/11/2019 08:16,0
17/11/2019 08:21,0
17/11/2019 08:26,0
17/11/2019 08:31,0
17/11/2019 08:36,0
17/11/2019 08:41,0
17/11/2019 08:46,0
17/11/2019 08:51,0
17/11/2019 08:56,0
17/11/2019 09:01,0
17/11/2019 09:06,0
17/11/2019 09:11,0
17/11/2019 09:16,0
17/11/2019 09:21,0
17/11/2019 09:26,0
17/11/2019 09:31,0
17/11/2019 09:36,0
17/11/2019 09:41,0
17/11/2019 09:46,0
17/11/2019 09:51,0
17/11/2019 09:56,0
17/11/2019 10:01,0
17/11/2019 10:06,0
17/11/2019 10:11,0
17/11/2019 10:16,0
17/11/2019 10:21,0
17/11/2019 10:26,0
17/11/2019 10:31,0
17/11/2019 10:36,0
17/11/2019 10:41,0
17/11/2019 10:46,0
17/11/2019 10:51,0
17/11/2019 10:56,0
17/11/2019 11:01,0
17/11/2019 11:06,0
17/11/2019 11:11,0
17/11/2019 11:16,0
17/11/2019 11:21,0
17/11/2019 11:26,0
17/11/2019 11:31,0
17/11/2019 11:36,0
17/11/2019 11:41,0
17/11/2019 11:46,0
17/11/2019 11:51,0
17/11/2019 11:56,0
17/11/2019 12:01,0
17/11/2019 12:06,0
17/11/2019 12:11,0
17/11/2019 12:16,0
17/11/2019 12:21,0
17/11/2019 12:26,0
17/11/2019 12:31,0
17/11/2019 12:36,0
17/11/2019 12:41,0
17/11/2019 12:46,0
17/11/2019 12:51,0
17/11/2019 12:56,0
17/11/2019 13:01,0
17/11/2019 13:06,0
17/11/2019 13:11,0
17/11/2019 13:16,0
17/11/2019 13:21,0
17/11/2019 13:26,0
17/11/2019 13:31,0
17/11/2019 13:36,0
17/11/2019 13:41,0
17/11/2019 13:46,0
17/11/2019 13:51,0
17/11/2019 13:56,0
17/11/2019 14:01,0
17/11/2019 14:06,0
17/11/2019 14:11,0
17/11/2019 14:16,0
17/11/2019 14:21,0
17/11/2019 14:26,0
17/11/2019 14:31,0
17/11/2019 14:36,0
17/11/2019 14:41,0
17/11/2019 14:46,0
17/11/2019 14:51,0
17/11/2019 14:56,0
17/11/2019 15:01,0
17/11/2019 15:06,0
17/11/2019 15:11,0
17/11/2019 15:16,0
17/11/2019 15:21,0
17/11/2019 15:26,0
17/11/2019 15:31,0
17/11/2019 15:36,0
17/11/2019 15:41,0
17/11/2019 15:46,0
17/11/2019 15:51,0
17/11/2019 15:56,0
17/11/2019 16:01,0
17/11/2019 16:06,0
17/11/2019 16:11,0
17/11/2019 16:16,0
17/11/2019 16:21,0
17/11/2019 16:26,0
17/11/2019 16:31,0
17/11/2019 16:36,0
17/11/2019 16:41,0
17/11/2019 16:46,0
17/11/2019 16:51,0
17/11/2019 16:56,0
17/11/2019 17:01,0
17/11/2019 17:06,0
17/11/2019 17:11,0
17/11/2019 17:16,0
17/11/2019 17:21,0
17/11/2019 17:26,0
17/11/2019 17:31,0
17/11/2019 17:36,0
17/11/2019 17:41,0
17/11/2019 17:46,0
17/11/2019 17:51,0
17/11/2019 17:56,0
17/11/2019 18:01,0
17/11/2019 18:06,0
17/11/2019 18:11,0
17/11/2019 18:16,0
17/11/2019 18:21,0
17/11/2019 18:26,0
17/11/2019 18:31,0
17/11/2019 18:36,0
17/11/2019 18:41,0
17/11/2019 18:46,0
17/11/2019 18:51,0
17/11/2019 18:56,0
17/11/2019 19:01,0
17/11/2019 19:06,0
17/11/2019 19:11,0
17/11/2019 19:16,0
17/11/2019 19:21,0
17/11/2019 19:26,0
17/11/2019 19:31,0
17/11/2019 19:36,0
17/11/2019 19:41,0
17/11/2019 19:46,0
17/11/2019 19:51,0
17/11/2019 19:56,0
17/11/2019 20:01,0
17/11/2019 20:06,0
17/11/2019 20:11,0
17/11/2019 20:16,0
17/11/2019 20:21,0
17/11/2019 20:26,0
17/11/2019 20:31,0
17/11/2019 20:36,0
17/11/2019 20:41,0
17/11/2019 20:46,0
17/11/2019 20:51,0
17/11/2019 20:56,0
17/11/2019 21:01,0
17/11/2019 21:06,0
17/11/2019 21:11,0
17/11/2019 21:16,0
17/11/2019 21:21,0
17/11/2019 21:26,0
17/11/2019 21:31,0
17/11/2019 21:36,0
17/11/2019 21:41,0
17/11/2019 21:46,0
17/11/2019 21:51,0
17/11/2019 21:56,0
17/11/2019 22:01,0
17/11/2019 22:06,0
17/11/2019 22:11,0
17/11/2019 22:16,0
17/11/2019 22:21,0
17/11/2019 22:26,0
17/11/2019 22:31,0
17/11/2019 22:36,0
17/11/2019 22:41,0
17/11/2019 22:46,0
17/11/2019 22:51,0
17/11/2019 22:56,0
17/11/2019 23:01,0
17/11/2019 23:06,0
17/11/2019 23:11,0
17/11/2019 23:16,0
17/11/2019 23:21,0
17/11/2019 23:26,0
17/11/2019 23:31,0
17/11/2019 23:36,0
17/11/2019 23:41,0
17/11/2019 23:46,0
17/11/2019 23:51,0
17/11/2019 23:56,0
18/11/2019 00:01,0
18/11/2019 00:06,0
18/11/2019 00:11,0
18/11/2019 00:16,0
18/11/2019 00:21,0
18/11/2019 00:26,0
18/11/2019 00:31,0
18/11/2019 00:36,0
18/11/2019 00:41,0
18/11/2019 00:46,0
18/11/2019 00:51,0
18/11/2019 00:56,0
18/11/2019 01:01,0
18/11/2019 01:06,0
18/11/2019 01:11,0
18/11/2019 01:16,0
18/11/2019 01:21,0
18/11/2019 01:26,0
18/11/2019 01:31,0
18/11/2019 01:36,0
18/11/2019 01:41,0
18/11/2019 01:46,0
18/11/2019 01:51,0
18/11/2019 01:56,0
18/11/2019 02:01,0
18/11/2019 02:06,0
18/11/2019 02:11,0
18/11/2019 02:16,0
18/11/2019 02:21,0
18/11/2019 02:26,0
18/11/2019 02:31,0
18/11/2019 02:36,0
18/11/2019 02:41,0
18/11/2019 02:46,0
18/11/2019 02:51,0
18/11/2019 02:56,0
18/11/2019 03:01,0
18/11/2019 03:06,0
18/11/2019 03:11,0
18/11/2019 03:16,0
18/11/2019 03:21,0
18/11/2019 03:26,0
18/11/2019 03:31,0
18/11/2019 03:36,0
18/11/2019 03:41,0
18/11/2019 03:46,0
18/11/2019 03:51,0
18/11/2019 03:56,0
18/11/2019 04:01,0
18/11/2019 04:06,0
18/11/2019 04:11,0
18/11/2019 04:16,0
18/11/2019 04:21,0
18/11/2019 04:26,0
18/11/2019 04:31,0
18/11/2019 04:36,0
18/11/2019 04:41,0
18/11/2019 04:46,0
18/11/2019 04:51,0
18/11/2019 04:56,0
18/11/2019 05:01,0
18/11/2019 05:06,0
18/11/2019 05:11,0
18/11/2019 05:16,0
18/11/2019 05:21,0
18/11/2019 05:26,0
18/11/2019 05:31,0
18/11/2019 05:36,0
18/11/2019 05:41,0
18/11/2019 05:46,0
18/11/2019 05:51,0
18/11/2019 05:56,0
18/11/2019 06:01,0
18/11/2019 06:06,0
18/11/2019 06:11,0
18/11/2019 06:16,0
18/11/2019 06:21,0
18/11/2019 06:26,0
18/11/2019 06:31,0
18/11/2019 06:36,0
18/11/2019 06:41,0
18/11/2019 06:46,0
18/11/2019 06:51,0
18/11/2019 06:56,0
18/11/2019 07:01,0
18/11/2019 07:06,0
18/11/2019 07:11,0
18/11/2019 07:16,0
18/11/2019 07:21,0
18/11/2019 07:26,0
18/11/2019 07:31,0
18/11/2019 07:36,0
18/11/2019 07:41,0
18/11/2019 07:46,0
18/11/2019 07:51,0
18/11/2019 07:56,0
18/11/2019 08:01,0
18/11/2019 08:06,0
18/11/2019 08:11,0
18/11/2019 08:16,0
18/11/2019 08:21,0
18/11/2019 08:26,0
18/11/2019 08:31,0
18/11/2019 08:36,0
18/11/2019 08:41,0
18/11/2019 08:46,0
18/11/2019 08:51,0
18/11/2019 08:56,0
18/11/2019 09:01,0
18/11/2019 09:06,0
18/11/2019 09:11,0
18/11/2019 09:16,0
18/11/2019 09:21,0
18/11/2019 09:26,0
18/11/2019 09:31,0
18/11/2019 09:36,0
18/11/2019 09:41,0
18/11/2019 09:46,0
18/11/2019 09:51,0
18/11/2019 09:56,0
18/11/2019 10:01,0
18/11/2019 10:06,0
18/11/2019 10:11,0
18/11/2019 10:16,0
18/11/2019 10:21,0
18/11/2019 10:26,0
18/11/2019 10:31,0
18/11/2019 10:36,0
18/11/2019 10:41,0
18/11/2019 10:46,0
18/11/2019 10:51,0
18/11/2019 10:56,0
18/11/2019 11:01,0
18/11/2019 11:06,0
18/11/2019 11:11,0
18/11/2019 11:16,0
18/11/2019 11:21,0
18/11/2019 11:26,0
18/11/2019 11:31,0
18/11/2019 11:36,0
18/11/2019 11:41,0
18/11/2019 11:46,0
18/11/2019 11:51,0
18/11/2019 11:56,0
18/11/2019 12:01,0
18/11/2019 12:06,0
18/11/2019 12:11,0
18/11/2019 12:16,0
18/11/2019 12:21,0
18/11/2019 12:26,0
18/11/2019 12:31,0
18/11/2019 12:36,0
18/11/2019 12:41,0
18/11/2019 12:46,0
18/11/2019 12:51,0
18/11/2019 12:56,0
18/11/2019 13:01,0
18/11/2019 13:06,0
18/11/2019 13:11,0
18/11/2019 13:16,0
18/11/2019 13:21,0
18/11/2019 13:26,0
18/11/2019 13:31,0
18/11/2019 13:36,0
18/11/2019 13:41,0
18/11/2019 13:46,0
18/11/2019 13:51,0
18/11/2019 13:56,0
18/11/2019 14:01,0
18/11/2019 14:06,0
18/11/2019 14:11,0
18/11/2019 14:16,0
18/11/2019 14:21,0
18/11/2019 14:26,1.771778326
18/11/2019 14:31,1.063066996
18/11/2019 14:36,0
18/11/2019 14:41,0
18/11/2019 14:46,0
18/11/2019 14:51,0
18/11/2019 14:56,0
18/11/2019 15:01,0
18/11/2019 15:06,0
18/11/2019 15:11,0.354355665
18/11/2019 15:16,0
18/11/2019 15:21,0
18/11/2019 15:26,0
18/11/2019 15:31,0
18/11/2019 15:36,0
18/11/2019 15:41,0
18/11/2019 15:46,0
18/11/2019 15:51,0
18/11/2019 15:56,0
18/11/2019 16:01,0
18/11/2019 16:06,0
18/11/2019 16:11,0
18/11/2019 16:16,0
18/11/2019 16:21,0
18/11/2019 16:26,0
18/11/2019 16:31,0
18/11/2019 16:36,0
18/11/2019 16:41,0
18/11/2019 16:46,0
18/11/2019 16:51,0
18/11/2019 16:56,0
18/11/2019 17:01,0
18/11/2019 17:06,0
18/11/2019 17:11,0
18/11/2019 17:16,0
18/11/2019 17:21,0
18/11/2019 17:26,0
18/11/2019 17:31,0
18/11/2019 17:36,0
18/11/2019 17:41,0
18/11/2019 17:46,0
18/11/2019 17:51,0
18/11/2019 17:56,0
18/11/2019 18:01,0
18/11/2019 18:06,0
18/11/2019 18:11,0
18/11/2019 18:16,0
18/11/2019 18:21,0
18/11/2019 18:26,0
18/11/2019 18:31,0
18/11/2019 18:36,0
18/11/2019 18:41,0
18/11/2019 18:46,0
18/11/2019 18:51,0
18/11/2019 18:56,0
18/11/2019 19:01,0
18/11/2019 19:06,0
18/11/2019 19:11,0
18/11/2019 19:16,0
18/11/2019 19:21,0
18/11/2019 19:26,0
18/11/2019 19:31,0
18/11/2019 19:36,0
18/11/2019 19:41,0
18/11/2019 19:46,0
18/11/2019 19:51,0
18/11/2019 19:56,0
18/11/2019 20:01,0
18/11/2019 20:06,0
18/11/2019 20:11,0
18/11/2019 20:16,0
18/11/2019 20:21,0
18/11/2019 20:26,0
18/11/2019 20:31,0
18/11/2019 20:36,0
18/11/2019 20:41,0
18/11/2019 20:46,0
18/11/2019 20:51,0
18/11/2019 20:56,0
18/11/2019 21:01,0
18/11/2019 21:06,0
18/11/2019 21:11,0
18/11/2019 21:16,0
18/11/2019 21:21,0
18/11/2019 21:26,0
18/11/2019 21:31,0
18/11/2019 21:36,0
18/11/2019 21:41,0
18/11/2019 21:46,0
18/11/2019 21:51,0
18/11/2019 21:56,0
18/11/2019 22:01,0
18/11/2019 22:06,0
18/11/2019 22:11,0
18/11/2019 22:16,0
18/11/2019 22:21,0
18/11/2019 22:26,0
18/11/2019 22:31,0
18/11/2019 22:36,0
18/11/2019 22:41,0
18/11/2019 22:46,0
18/11/2019 22:51,0
18/11/2019 22:56,0
18/11/2019 23:01,0
18/11/2019 23:06,0
18/11/2019 23:11,0
18/11/2019 23:16,0
18/11/2019 23:21,0
18/11/2019 23:26,0
18/11/2019 23:31,0
18/11/2019 23:36,0
18/11/2019 23:41,0
18/11/2019 23:46,0
18/11/2019 23:51,0
18/11/2019 23:56,0
19/11/2019 00:01,0
19/11/2019 00:06,0
19/11/2019 00:11,0
19/11/2019 00:16,0
19/11/2019 00:21,0
19/11/2019 00:26,0
19/11/2019 00:31,0
19/11/2019 00:36,0
19/11/2019 00:41,0
19/11/2019 00:46,0
19/11/2019 00:51,0
19/11/2019 00:56,0
19/11/2019 01:01,0
19/11/2019 01:06,0
19/11/2019 01:11,0
19/11/2019 01:16,0
19/11/2019 01:21,0
19/11/2019 01:26,0
19/11/2019 01:31,0
19/11/2019 01:36,0
19/11/2019 01:41,0
19/11/2019 01:46,0
19/11/2019 01:51,0
19/11/2019 01:56,0
19/11/2019 02:01,0
19/11/2019 02:06,0
19/11/2019 02:11,0
19/11/2019 02:16,0
19/11/2019 02:21,0
19/11/2019 02:26,0
19/11/2019 02:31,0
19/11/2019 02:36,0
19/11/2019 02:41,0
19/11/2019 02:46,0
19/11/2019 02:51,0
19/11/2019 02:56,0
19/11/2019 03:01,0
19/11/2019 03:06,0
19/11/2019 03:11,0
19/11/2019 03:16,0
19/11/2019 03:21,0
19/11/2019 03:26,0
19/11/2019 03:31,0
19/11/2019 03:36,0
19/11/2019 03:41,0
19/11/2019 03:46,0
19/11/2019 03:51,0
19/11/2019 03:56,0
19/11/2019 04:01,0
19/11/2019 04:06,0
19/11/2019 04:11,0
19/11/2019 04:16,0
19/11/2019 04:21,0
19/11/2019 04:26,0
19/11/2019 04:31,0
19/11/2019 04:36,0
19/11/2019 04:41,0
19/11/2019 04:46,0
19/11/2019 04:51,0
19/11/2019 04:56,0
19/11/2019 05:01,0
19/11/2019 05:06,0
19/11/2019 05:11,0
19/11/2019 05:16,0
19/11/2019 05:21,0
19/11/2019 05:26,0
19/11/2019 05:31,0
19/11/2019 05:36,0
19/11/2019 05:41,0
19/11/2019 05:46,0
19/11/2019 05:51,0
19/11/2019 05:56,0
19/11/2019 06:01,0
19/11/2019 06:06,0
19/11/2019 06:11,0
19/11/2019 06:16,0
19/11/2019 06:21,0
19/11/2019 06:26,0
19/11/2019 06:31,0
19/11/2019 06:36,0
19/11/2019 06:41,0
19/11/2019 06:46,0
19/11/2019 06:51,0
19/11/2019 06:56,0
19/11/2019 07:01,0
19/11/2019 07:06,0
19/11/2019 07:11,0
19/11/2019 07:16,0
19/11/2019 07:21,0
19/11/2019 07:26,0
19/11/2019 07:31,0
19/11/2019 07:36,0
19/11/2019 07:41,0
19/11/2019 07:46,0
19/11/2019 07:51,0
19/11/2019 07:56,0
19/11/2019 08:01,0
19/11/2019 08:06,0
19/11/2019 08:11,0
19/11/2019 08:16,0
19/11/2019 08:21,0
19/11/2019 08:26,0
19/11/2019 08:31,0
19/11/2019 08:36,0
19/11/2019 08:41,0
19/11/2019 08:46,0
19/11/2019 08:51,0
19/11/2019 08:56,0
19/11/2019 09:01,0
19/11/2019 09:06,0
19/11/2019 09:11,0
19/11/2019 09:16,0
19/11/2019 09:21,0
19/11/2019 09:26,0
19/11/2019 09:31,0
19/11/2019 09:36,0
19/11/2019 09:41,0
19/11/2019 09:46,0
19/11/2019 09:51,0
19/11/2019 09:56,0
19/11/2019 10:01,0
19/11/2019 10:06,0
19/11/2019 10:11,0
19/11/2019 10:16,0
19/11/2019 10:21,0
19/11/2019 10:26,0
19/11/2019 10:31,0
19/11/2019 10:36,0
19/11/2019 10:41,0
19/11/2019 10:46,0
19/11/2019 10:51,0
19/11/2019 10:56,0
19/11/2019 11:01,0
19/11/2019 11:06,0
19/11/2019 11:11,0
19/11/2019 11:16,0
19/11/2019 11:21,0
19/11/2019 11:26,0
19/11/2019 11:31,0
19/11/2019 11:36,0
19/11/2019 11:41,0
19/11/2019 11:46,0
19/11/2019 11:51,0
19/11/2019 11:56,0
19/11/2019 12:01,0
19/11/2019 12:06,0
19/11/2019 12:11,0
19/11/2019 12:16,0
19/11/2019 12:21,0
19/11/2019 12:26,0
19/11/2019 12:31,0
19/11/2019 12:36,0
19/11/2019 12:41,0
19/11/2019 12:46,0
19/11/2019 12:51,0
19/11/2019 12:56,0
19/11/2019 13:01,0
19/11/2019 13:06,0
19/11/2019 13:11,0
19/11/2019 13:16,0
19/11/2019 13:21,0
19/11/2019 13:26,0
19/11/2019 13:31,0
19/11/2019 13:36,0
19/11/2019 13:41,0
19/11/2019 13:46,0
19/11/2019 13:51,0
19/11/2019 13:56,0
19/11/2019 14:01,0
19/11/2019 14:06,0
19/11/2019 14:11,0
19/11/2019 14:16,0
19/11/2019 14:21,0
19/11/2019 14:26,0
19/11/2019 14:31,0
19/11/2019 14:36,0
19/11/2019 14:41,0
19/11/2019 14:46,0
19/11/2019 14:51,0
19/11/2019 14:56,0
19/11/2019 15:01,0
19/11/2019 15:06,0
19/11/2019 15:11,0
19/11/2019 15:16,0
19/11/2019 15:21,0
19/11/2019 15:26,0
19/11/2019 15:31,0
19/11/2019 15:36,0
19/11/2019 15:41,0
19/11/2019 15:46,0
19/11/2019 15:51,0
19/11/2019 15:56,0
19/11/2019 16:01,0
19/11/2019 16:06,0
19/11/2019 16:11,0
19/11/2019 16:16,0
19/11/2019 16:21,0
19/11/2019 16:26,0
19/11/2019 16:31,0
19/11/2019 16:36,0
19/11/2019 16:41,0
19/11/2019 16:46,0
19/11/2019 16:51,0
19/11/2019 16:56,0
19/11/2019 17:01,0
19/11/2019 17:06,0
19/11/2019 17:11,0
19/11/2019 17:16,0
19/11/2019 17:21,0
19/11/2019 17:26,0
19/11/2019 17:31,0
19/11/2019 17:36,0
19/11/2019 17:41,0
19/11/2019 17:46,0
19/11/2019 17:51,0
19/11/2019 17:56,0
19/11/2019 18:01,0
19/11/2019 18:06,0
19/11/2019 18:11,0
19/11/2019 18:16,0
19/11/2019 18:21,0
19/11/2019 18:26,0
19/11/2019 18:31,0
19/11/2019 18:36,0
19/11/2019 18:41,0
19/11/2019 18:46,0
19/11/2019 18:51,0
19/11/2019 18:56,0
19/11/2019 19:01,0
19/11/2019 19:06,0
19/11/2019 19:11,0
19/11/2019 19:16,0
19/11/2019 19:21,0
19/11/2019 19:26,0
19/11/2019 19:31,0
19/11/2019 19:36,0
19/11/2019 19:41,0
19/11/2019 19:46,0
19/11/2019 19:51,0
19/11/2019 19:56,0
19/11/2019 20:01,0
19/11/2019 20:06,0
19/11/2019 20:11,0
19/11/2019 20:16,0
19/11/2019 20:21,0
19/11/2019 20:26,0
19/11/2019 20:31,0
19/11/2019 20:36,0
19/11/2019 20:41,0
19/11/2019 20:46,0
19/11/2019 20:51,0
19/11/2019 20:56,0
19/11/2019 21:01,0
19/11/2019 21:06,0
19/11/2019 21:11,0
19/11/2019 21:16,0
19/11/2019 21:21,0
19/11/2019 21:26,0
19/11/2019 21:31,0
19/11/2019 21:36,0
19/11/2019 21:41,0
19/11/2019 21:46,0
19/11/2019 21:51,0
19/11/2019 21:56,0
19/11/2019 22:01,0
19/11/2019 22:06,0
19/11/2019 22:11,0
19/11/2019 22:16,0
19/11/2019 22:21,0
19/11/2019 22:26,0
19/11/2019 22:31,0
19/11/2019 22:36,0
19/11/2019 22:41,0
19/11/2019 22:46,0
19/11/2019 22:51,0
19/11/2019 22:56,0
19/11/2019 23:01,0
19/11/2019 23:06,0
19/11/2019 23:11,0
19/11/2019 23:16,0
19/11/2019 23:21,0
19/11/2019 23:26,0
19/11/2019 23:31,0
19/11/2019 23:36,0
19/11/2019 23:41,0
19/11/2019 23:46,0
19/11/2019 23:51,0
19/11/2019 23:56,0
20/11/2019 00:01,0
20/11/2019 00:06,0
20/11/2019 00:11,0
20/11/2019 00:16,0
20/11/2019 00:21,0
20/11/2019 00:26,0
20/11/2019 00:31,0
20/11/2019 00:36,0
20/11/2019 00:41,0
20/11/2019 00:46,0
20/11/2019 00:51,0
20/11/2019 00:56,0
20/11/2019 01:01,0
20/11/2019 01:06,0
20/11/2019 01:11,0
20/11/2019 01:16,0
20/11/2019 01:21,0
20/11/2019 01:26,0
20/11/2019 01:31,0
20/11/2019 01:36,0
20/11/2019 01:41,0
20/11/2019 01:46,0
20/11/2019 01:51,0
20/11/2019 01:56,0
20/11/2019 02:01,0
20/11/2019 02:06,0
20/11/2019 02:11,0
20/11/2019 02:16,0
20/11/2019 02:21,0
20/11/2019 02:26,0
20/11/2019 02:31,0
20/11/2019 02:36,0
20/11/2019 02:41,0
20/11/2019 02:46,0
20/11/2019 02:51,0
20/11/2019 02:56,0
20/11/2019 03:01,0
20/11/2019 03:06,0
20/11/2019 03:11,0
20/11/2019 03:16,0
20/11/2019 03:21,0
20/11/2019 03:26,0
20/11/2019 03:31,0
20/11/2019 03:36,0
20/11/2019 03:41,0
20/11/2019 03:46,0
20/11/2019 03:51,0
20/11/2019 03:56,0
20/11/2019 04:01,0
20/11/2019 04:06,0
20/11/2019 04:11,0
20/11/2019 04:16,0
20/11/2019 04:21,0
20/11/2019 04:26,0
20/11/2019 04:31,0
20/11/2019 04:36,0
20/11/2019 04:41,0
20/11/2019 04:46,0
20/11/2019 04:51,0
20/11/2019 04:56,0
20/11/2019 05:01,0
20/11/2019 05:06,0
20/11/2019 05:11,0
20/11/2019 05:16,0
20/11/2019 05:21,0
20/11/2019 05:26,0
20/11/2019 05:31,0
20/11/2019 05:36,0
20/11/2019 05:41,0
20/11/2019 05:46,0
20/11/2019 05:51,0
20/11/2019 05:56,0
20/11/2019 06:01,0
20/11/2019 06:06,0
20/11/2019 06:11,0
20/11/2019 06:16,0
20/11/2019 06:21,0
20/11/2019 06:26,0
20/11/2019 06:31,0
20/11/2019 06:36,0
20/11/2019 06:41,0
20/11/2019 06:46,0
20/11/2019 06:51,0
20/11/2019 06:56,0
20/11/2019 07:01,0
20/11/2019 07:06,0
20/11/2019 07:11,0
20/11/2019 07:16,0
20/11/2019 07:21,0
20/11/2019 07:26,0
20/11/2019 07:31,0
20/11/2019 07:36,0
20/11/2019 07:41,0
20/11/2019 07:46,0
20/11/2019 07:51,0
20/11/2019 07:56,0
20/11/2019 08:01,0
20/11/2019 08:06,0
20/11/2019 08:11,0
20/11/2019 08:16,0
20/11/2019 08:21,0
20/11/2019 08:26,0
20/11/2019 08:31,0
20/11/2019 08:36,0
20/11/2019 08:41,0
20/11/2019 08:46,0
20/11/2019 08:51,0
20/11/2019 08:56,0
20/11/2019 09:01,0
20/11/2019 09:06,0
20/11/2019 09:11,0
20/11/2019 09:16,0
20/11/2019 09:21,0
20/11/2019 09:26,0
20/11/2019 09:31,0
20/11/2019 09:36,0
20/11/2019 09:41,0
20/11/2019 09:46,0
20/11/2019 09:51,0
20/11/2019 09:56,0
20/11/2019 10:01,0
20/11/2019 10:06,0
20/11/2019 10:11,0
20/11/2019 10:16,0
20/11/2019 10:21,0
20/11/2019 10:26,0
20/11/2019 10:31,0
20/11/2019 10:36,0
20/11/2019 10:41,0
20/11/2019 10:46,0
20/11/2019 10:51,0
20/11/2019 10:56,0
20/11/2019 11:01,0
20/11/2019 11:06,0
20/11/2019 11:11,0
20/11/2019 11:16,0
20/11/2019 11:21,0
20/11/2019 11:26,0
20/11/2019 11:31,0
20/11/2019 11:36,0
20/11/2019 11:41,0
20/11/2019 11:46,0
20/11/2019 11:51,0
20/11/2019 11:56,0
20/11/2019 12:01,0
20/11/2019 12:06,0
20/11/2019 12:11,0
20/11/2019 12:16,0
20/11/2019 12:21,0
20/11/2019 12:26,0
20/11/2019 12:31,0
20/11/2019 12:36,0
20/11/2019 12:41,0
20/11/2019 12:46,0
20/11/2019 12:51,0
20/11/2019 12:56,0
20/11/2019 13:01,0
20/11/2019 13:06,0
20/11/2019 13:11,0
20/11/2019 13:16,0
20/11/2019 13:21,0
20/11/2019 13:26,0
20/11/2019 13:31,0
20/11/2019 13:36,0
20/11/2019 13:41,0
20/11/2019 13:46,0
20/11/2019 13:51,0
20/11/2019 13:56,0
20/11/2019 14:01,0
20/11/2019 14:06,0
20/11/2019 14:11,0
20/11/2019 14:16,0
20/11/2019 14:21,0
20/11/2019 14:26,0
20/11/2019 14:31,0.354355665
20/11/2019 14:36,0.354355665
20/11/2019 14:41,0
20/11/2019 14:46,0
20/11/2019 14:51,0
20/11/2019 14:56,0
20/11/2019 15:01,0.354355665
20/11/2019 15:06,0
20/11/2019 15:11,0
20/11/2019 15:16,0.354355665
20/11/2019 15:21,0
20/11/2019 15:26,0
20/11/2019 15:31,0
20/11/2019 15:36,0
20/11/2019 15:41,0
20/11/2019 15:46,0
20/11/2019 15:51,0
20/11/2019 15:56,0
20/11/2019 16:01,0
20/11/2019 16:06,0
20/11/2019 16:11,0
20/11/2019 16:16,0
20/11/2019 16:21,0
20/11/2019 16:26,0
20/11/2019 16:31,0
20/11/2019 16:36,0
20/11/2019 16:41,0
20/11/2019 16:46,0
20/11/2019 16:51,0
20/11/2019 16:56,0
20/11/2019 17:01,0
20/11/2019 17:06,0
20/11/2019 17:11,0
20/11/2019 17:16,0
20/11/2019 17:21,0
20/11/2019 17:26,0
20/11/2019 17:31,0
20/11/2019 17:36,0
20/11/2019 17:41,0
20/11/2019 17:46,0
20/11/2019 17:51,0
20/11/2019 17:56,0
20/11/2019 18:01,0
20/11/2019 18:06,0
20/11/2019 18:11,0
20/11/2019 18:16,0
20/11/2019 18:21,0
20/11/2019 18:26,0
20/11/2019 18:31,0
20/11/2019 18:36,0
20/11/2019 18:41,0
20/11/2019 18:46,0
20/11/2019 18:51,0
20/11/2019 18:56,0
20/11/2019 19:01,0
20/11/2019 19:06,0
20/11/2019 19:11,0
20/11/2019 19:16,0
20/11/2019 19:21,0
20/11/2019 19:26,0
20/11/2019 19:31,0
20/11/2019 19:36,0
20/11/2019 19:41,0
20/11/2019 19:46,0
20/11/2019 19:51,0
20/11/2019 19:56,0
20/11/2019 20:01,0
20/11/2019 20:06,0
20/11/2019 20:11,0
20/11/2019 20:16,0
20/11/2019 20:21,0
20/11/2019 20:26,0
20/11/2019 20:31,0
20/11/2019 20:36,0
20/11/2019 20:41,0
20/11/2019 20:46,0
20/11/2019 20:51,0
20/11/2019 20:56,0
20/11/2019 21:01,0
20/11/2019 21:06,0
20/11/2019 21:11,0
20/11/2019 21:16,0
20/11/2019 21:21,0
20/11/2019 21:26,0
20/11/2019 21:31,0
20/11/2019 21:36,0
20/11/2019 21:41,0
20/11/2019 21:46,0
20/11/2019 21:51,0
20/11/2019 21:56,0
20/11/2019 22:01,0
20/11/2019 22:06,0
20/11/2019 22:11,0
20/11/2019 22:16,0
20/11/2019 22:21,0
20/11/2019 22:26,0
20/11/2019 22:31,0
20/11/2019 22:36,0
20/11/2019 22:41,0
20/11/2019 22:46,0
20/11/2019 22:51,0
20/11/2019 22:56,0
20/11/2019 23:01,0
20/11/2019 23:06,0
20/11/2019 23:11,0
20/11/2019 23:16,0
20/11/2019 23:21,0
20/11/2019 23:26,0
20/11/2019 23:31,0
20/11/2019 23:36,0
20/11/2019 23:41,0
20/11/2019 23:46,0
20/11/2019 23:51,0
20/11/2019 23:56,0
21/11/2019 00:01,0
21/11/2019 00:06,0
21/11/2019 00:11,0
21/11/2019 00:16,0
21/11/2019 00:21,0
21/11/2019 00:26,0
21/11/2019 00:31,0
21/11/2019 00:36,0
21/11/2019 00:41,0
21/11/2019 00:46,0
21/11/2019 00:51,0
21/11/2019 00:56,0
21/11/2019 01:01,0
21/11/2019 01:06,0
21/11/2019 01:11,0
21/11/2019 01:16,0
21/11/2019 01:21,0
21/11/2019 01:26,0
21/11/2019 01:31,0
21/11/2019 01:36,0
21/11/2019 01:41,0
21/11/2019 01:46,0
21/11/2019 01:51,0
21/11/2019 01:56,0
21/11/2019 02:01,0
21/11/2019 02:06,0
21/11/2019 02:11,0
21/11/2019 02:16,0
21/11/2019 02:21,0
21/11/2019 02:26,0
21/11/2019 02:31,0
21/11/2019 02:36,0
21/11/2019 02:41,0
21/11/2019 02:46,0
21/11/2019 02:51,0
21/11/2019 02:56,0
21/11/2019 03:01,0
21/11/2019 03:06,0
21/11/2019 03:11,0
21/11/2019 03:16,0
21/11/2019 03:21,0
21/11/2019 03:26,0
21/11/2019 03:31,0
21/11/2019 03:36,0
21/11/2019 03:41,0
21/11/2019 03:46,0
21/11/2019 03:51,0
21/11/2019 03:56,0
21/11/2019 04:01,0
21/11/2019 04:06,0
21/11/2019 04:11,0
21/11/2019 04:16,0
21/11/2019 04:21,0
21/11/2019 04:26,0
21/11/2019 04:31,0
21/11/2019 04:36,0
21/11/2019 04:41,0
21/11/2019 04:46,0
21/11/2019 04:51,0
21/11/2019 04:56,0
21/11/2019 05:01,0
21/11/2019 05:06,0
21/11/2019 05:11,0
21/11/2019 05:16,0
21/11/2019 05:21,0
21/11/2019 05:26,0
21/11/2019 05:31,0
21/11/2019 05:36,0
21/11/2019 05:41,0
21/11/2019 05:46,0
21/11/2019 05:51,0
21/11/2019 05:56,0
21/11/2019 06:01,0
21/11/2019 06:06,0
21/11/2019 06:11,0
21/11/2019 06:16,0
21/11/2019 06:21,0
21/11/2019 06:26,0
21/11/2019 06:31,0
21/11/2019 06:36,0
21/11/2019 06:41,0
21/11/2019 06:46,0
21/11/2019 06:51,0
21/11/2019 06:56,0
21/11/2019 07:01,0
21/11/2019 07:06,0
21/11/2019 07:11,0
21/11/2019 07:16,0
21/11/2019 07:21,0
21/11/2019 07:26,0
21/11/2019 07:31,0
21/11/2019 07:36,0
21/11/2019 07:41,0
21/11/2019 07:46,0
21/11/2019 07:51,0
21/11/2019 07:56,0
21/11/2019 08:01,0
21/11/2019 08:06,0
21/11/2019 08:11,0
21/11/2019 08:16,0
21/11/2019 08:21,0
21/11/2019 08:26,0
21/11/2019 08:31,0
21/11/2019 08:36,0
21/11/2019 08:41,0
21/11/2019 08:46,0
21/11/2019 08:51,0
21/11/2019 08:56,0
21/11/2019 09:01,0
21/11/2019 09:06,0
21/11/2019 09:11,0
21/11/2019 09:16,0
21/11/2019 09:21,0
21/11/2019 09:26,0
21/11/2019 09:31,0
21/11/2019 09:36,0
21/11/2019 09:41,0
21/11/2019 09:46,0
21/11/2019 09:51,0
21/11/2019 09:56,0
21/11/2019 10:01,0
21/11/2019 10:06,0
21/11/2019 10:11,0
21/11/2019 10:16,0
21/11/2019 10:21,0
21/11/2019 10:26,0
21/11/2019 10:31,0
21/11/2019 10:36,0
21/11/2019 10:41,0
21/11/2019 10:46,0
21/11/2019 10:51,0
21/11/2019 10:56,0
21/11/2019 11:01,0
21/11/2019 11:06,0
21/11/2019 11:11,0
21/11/2019 11:16,0
21/11/2019 11:21,0
21/11/2019 11:26,0
21/11/2019 11:31,0
21/11/2019 11:36,0
21/11/2019 11:41,0
21/11/2019 11:46,0
21/11/2019 11:51,0
21/11/2019 11:56,0
21/11/2019 12:01,0
21/11/2019 12:06,0
21/11/2019 12:11,0
21/11/2019 12:16,0
21/11/2019 12:21,0
21/11/2019 12:26,0
21/11/2019 12:31,0
21/11/2019 12:36,0
21/11/2019 12:41,0
21/11/2019 12:46,0
21/11/2019 12:51,0
21/11/2019 12:56,0
21/11/2019 13:01,0
21/11/2019 13:06,0
21/11/2019 13:11,0
21/11/2019 13:16,0
21/11/2019 13:21,0
21/11/2019 13:26,0
21/11/2019 13:31,0
21/11/2019 13:36,0
21/11/2019 13:41,0
21/11/2019 13:46,0
21/11/2019 13:51,0
21/11/2019 13:56,0
21/11/2019 14:01,0
21/11/2019 14:06,0
21/11/2019 14:11,0
21/11/2019 14:16,0
21/11/2019 14:21,0
21/11/2019 14:26,0
21/11/2019 14:31,0
21/11/2019 14:36,0
21/11/2019 14:41,0
21/11/2019 14:46,0
21/11/2019 14:51,0
21/11/2019 14:56,0
21/11/2019 15:01,3.543556652
21/11/2019 15:06,1.771778326
21/11/2019 15:11,0.70871133
21/11/2019 15:16,0
21/11/2019 15:21,0.354355665
21/11/2019 15:26,0
21/11/2019 15:31,0
21/11/2019 15:36,0
21/11/2019 15:41,0
21/11/2019 15:46,0
21/11/2019 15:51,0
21/11/2019 15:56,0
21/11/2019 16:01,0
21/11/2019 16:06,0
21/11/2019 16:11,0
21/11/2019 16:16,0
21/11/2019 16:21,0
21/11/2019 16:26,0
21/11/2019 16:31,0
21/11/2019 16:36,0
21/11/2019 16:41,0
21/11/2019 16:46,0
21/11/2019 16:51,0
21/11/2019 16:56,0
21/11/2019 17:01,0
21/11/2019 17:06,0
21/11/2019 17:11,0
21/11/2019 17:16,0
21/11/2019 17:21,0
21/11/2019 17:26,0
21/11/2019 17:31,0
21/11/2019 17:36,0
21/11/2019 17:41,0
21/11/2019 17:46,0
21/11/2019 17:51,0
21/11/2019 17:56,0
21/11/2019 18:01,0
21/11/2019 18:06,0
21/11/2019 18:11,0
21/11/2019 18:16,0
21/11/2019 18:21,0
21/11/2019 18:26,0
21/11/2019 18:31,0
21/11/2019 18:36,0
21/11/2019 18:41,0
21/11/2019 18:46,0
21/11/2019 18:51,0
21/11/2019 18:56,0
21/11/2019 19:01,0
21/11/2019 19:06,0
21/11/2019 19:11,0
21/11/2019 19:16,0
21/11/2019 19:21,0
21/11/2019 19:26,0
21/11/2019 19:31,0
21/11/2019 19:36,0
21/11/2019 19:41,0
21/11/2019 19:46,0
21/11/2019 19:51,0
21/11/2019 19:56,0
21/11/2019 20:01,0
21/11/2019 20:06,0
21/11/2019 20:11,0
21/11/2019 20:16,0.354355665
21/11/2019 20:21,0
21/11/2019 20:26,0
21/11/2019 20:31,0
21/11/2019 20:36,0
21/11/2019 20:41,0
21/11/2019 20:46,0
21/11/2019 20:51,0
21/11/2019 20:56,0
21/11/2019 21:01,0
21/11/2019 21:06,0
21/11/2019 21:11,0
21/11/2019 21:16,0
21/11/2019 21:21,0
21/11/2019 21:26,0
21/11/2019 21:31,0
21/11/2019 21:36,0
21/11/2019 21:41,0
21/11/2019 21:46,0
21/11/2019 21:51,0
21/11/2019 21:56,0
21/11/2019 22:01,0
21/11/2019 22:06,0
21/11/2019 22:11,0
21/11/2019 22:16,0
21/11/2019 22:21,0
21/11/2019 22:26,0
21/11/2019 22:31,0
21/11/2019 22:36,0
21/11/2019 22:41,0
21/11/2019 22:46,0
21/11/2019 22:51,0
21/11/2019 22:56,0
21/11/2019 23:01,0
21/11/2019 23:06,0
21/11/2019 23:11,0
21/11/2019 23:16,0
21/11/2019 23:21,0
21/11/2019 23:26,0
21/11/2019 23:31,0
21/11/2019 23:36,0
21/11/2019 23:41,0
21/11/2019 23:46,0
21/11/2019 23:51,0
21/11/2019 23:56,0
22/11/2019 00:01,0
22/11/2019 00:06,0
22/11/2019 00:11,0
22/11/2019 00:16,0
22/11/2019 00:21,0
22/11/2019 00:26,0
22/11/2019 00:31,0
22/11/2019 00:36,0
22/11/2019 00:41,0
22/11/2019 00:46,0
22/11/2019 00:51,0
22/11/2019 00:56,0
22/11/2019 01:01,0
22/11/2019 01:06,0
22/11/2019 01:11,0
22/11/2019 01:16,0
22/11/2019 01:21,0
22/11/2019 01:26,0
22/11/2019 01:31,0
22/11/2019 01:36,0
22/11/2019 01:41,0
22/11/2019 01:46,0
22/11/2019 01:51,0
22/11/2019 01:56,0
22/11/2019 02:01,0
22/11/2019 02:06,0
22/11/2019 02:11,0
22/11/2019 02:16,0
22/11/2019 02:21,0
22/11/2019 02:26,0
22/11/2019 02:31,0
22/11/2019 02:36,0
22/11/2019 02:41,0
22/11/2019 02:46,0
22/11/2019 02:51,0
22/11/2019 02:56,0
22/11/2019 03:01,0
22/11/2019 03:06,0
22/11/2019 03:11,0
22/11/2019 03:16,0
22/11/2019 03:21,0
22/11/2019 03:26,0
22/11/2019 03:31,0
22/11/2019 03:36,0
22/11/2019 03:41,0
22/11/2019 03:46,0
22/11/2019 03:51,0
22/11/2019 03:56,0
22/11/2019 04:01,0
22/11/2019 04:06,0
22/11/2019 04:11,0
22/11/2019 04:16,0
22/11/2019 04:21,0
22/11/2019 04:26,0
22/11/2019 04:31,0
22/11/2019 04:36,0
22/11/2019 04:41,0
22/11/2019 04:46,0
22/11/2019 04:51,0
22/11/2019 04:56,0
22/11/2019 05:01,0
22/11/2019 05:06,0
22/11/2019 05:11,0
22/11/2019 05:16,0
22/11/2019 05:21,0
22/11/2019 05:26,0
22/11/2019 05:31,0
22/11/2019 05:36,0
22/11/2019 05:41,0
22/11/2019 05:46,0
22/11/2019 05:51,0
22/11/2019 05:56,0
22/11/2019 06:01,0
22/11/2019 06:06,0
22/11/2019 06:11,0
22/11/2019 06:16,0
22/11/2019 06:21,0
22/11/2019 06:26,0
22/11/2019 06:31,0
22/11/2019 06:36,0
22/11/2019 06:41,0
22/11/2019 06:46,0
22/11/2019 06:51,0
22/11/2019 06:56,0
22/11/2019 07:01,0
22/11/2019 07:06,0
22/11/2019 07:11,0
22/11/2019 07:16,0
22/11/2019 07:21,0
22/11/2019 07:26,0
22/11/2019 07:31,0
22/11/2019 07:36,0
22/11/2019 07:41,0
22/11/2019 07:46,0
22/11/2019 07:51,0
22/11/2019 07:56,0
22/11/2019 08:01,0
22/11/2019 08:06,0
22/11/2019 08:11,0
22/11/2019 08:16,0
22/11/2019 08:21,0
22/11/2019 08:26,0
22/11/2019 08:31,0
22/11/2019 08:36,0
22/11/2019 08:41,0
22/11/2019 08:46,0
22/11/2019 08:51,0
22/11/2019 08:56,0
22/11/2019 09:01,0
22/11/2019 09:06,0
22/11/2019 09:11,0
22/11/2019 09:16,0
22/11/2019 09:21,0
22/11/2019 09:26,0
22/11/2019 09:31,0
22/11/2019 09:36,0
22/11/2019 09:41,0
22/11/2019 09:46,0
22/11/2019 09:51,0
22/11/2019 09:56,0
22/11/2019 10:01,0
22/11/2019 10:06,0
22/11/2019 10:11,0
22/11/2019 10:16,0
22/11/2019 10:21,0
22/11/2019 10:26,0
22/11/2019 10:31,0
22/11/2019 10:36,0
22/11/2019 10:41,0
22/11/2019 10:46,0
22/11/2019 10:51,0
22/11/2019 10:56,0
22/11/2019 11:01,0
22/11/2019 11:06,0
22/11/2019 11:11,0
22/11/2019 11:16,0
22/11/2019 11:21,0
22/11/2019 11:26,0
22/11/2019 11:31,0
22/11/2019 11:36,0
22/11/2019 11:41,0
22/11/2019 11:46,0
22/11/2019 11:51,0
22/11/2019 11:56,0
22/11/2019 12:01,0
22/11/2019 12:06,0
22/11/2019 12:11,0
22/11/2019 12:16,0
22/11/2019 12:21,0
22/11/2019 12:26,0
22/11/2019 12:31,0
22/11/2019 12:36,0
22/11/2019 12:41,0
22/11/2019 12:46,0
22/11/2019 12:51,0
22/11/2019 12:56,0
22/11/2019 13:01,0
22/11/2019 13:06,0
22/11/2019 13:11,0
22/11/2019 13:16,0
22/11/2019 13:21,0
22/11/2019 13:26,0
22/11/2019 13:31,0
22/11/2019 13:36,0
22/11/2019 13:41,0
22/11/2019 13:46,0
22/11/2019 13:51,0
22/11/2019 13:56,0
22/11/2019 14:01,0
22/11/2019 14:06,0
22/11/2019 14:11,0
22/11/2019 14:16,0
22/11/2019 14:21,0
22/11/2019 14:26,0
22/11/2019 14:31,0
22/11/2019 14:36,0
22/11/2019 14:41,0
22/11/2019 14:46,0
22/11/2019 14:51,0
22/11/2019 14:56,0.354355665
22/11/2019 15:01,0
22/11/2019 15:06,0
22/11/2019 15:11,0
22/11/2019 15:16,0
22/11/2019 15:21,0
22/11/2019 15:26,0
22/11/2019 15:31,0
22/11/2019 15:36,0
22/11/2019 15:41,0
22/11/2019 15:46,0
22/11/2019 15:51,0
22/11/2019 15:56,0
22/11/2019 16:01,0
22/11/2019 16:06,0
22/11/2019 16:11,0
22/11/2019 16:16,0
22/11/2019 16:21,0
22/11/2019 16:26,0
22/11/2019 16:31,0
22/11/2019 16:36,0
22/11/2019 16:41,0
22/11/2019 16:46,0
22/11/2019 16:51,0
22/11/2019 16:56,0
22/11/2019 17:01,0
22/11/2019 17:06,0
22/11/2019 17:11,0
22/11/2019 17:16,0
22/11/2019 17:21,0
22/11/2019 17:26,0
22/11/2019 17:31,0
22/11/2019 17:36,0
22/11/2019 17:41,0
22/11/2019 17:46,0
22/11/2019 17:51,0
22/11/2019 17:56,0
22/11/2019 18:01,0
22/11/2019 18:06,0
22/11/2019 18:11,0
22/11/2019 18:16,0
22/11/2019 18:21,0
22/11/2019 18:26,0
22/11/2019 18:31,0
22/11/2019 18:36,0
22/11/2019 18:41,0
22/11/2019 18:46,0
22/11/2019 18:51,0
22/11/2019 18:56,0
22/11/2019 19:01,0
22/11/2019 19:06,0
22/11/2019 19:11,0
22/11/2019 19:16,0
22/11/2019 19:21,0
22/11/2019 19:26,0
22/11/2019 19:31,0
22/11/2019 19:36,0
22/11/2019 19:41,0
22/11/2019 19:46,0
22/11/2019 19:51,0
22/11/2019 19:56,0
22/11/2019 20:01,0
22/11/2019 20:06,0
22/11/2019 20:11,0
22/11/2019 20:16,0
22/11/2019 20:21,0
22/11/2019 20:26,0
22/11/2019 20:31,0
22/11/2019 20:36,0
22/11/2019 20:41,0
22/11/2019 20:46,0
22/11/2019 20:51,0
22/11/2019 20:56,0
22/11/2019 21:01,0
22/11/2019 21:06,0
22/11/2019 21:11,0
22/11/2019 21:16,0
22/11/2019 21:21,0
22/11/2019 21:26,0
22/11/2019 21:31,0
22/11/2019 21:36,0
22/11/2019 21:41,0
22/11/2019 21:46,0
22/11/2019 21:51,0
22/11/2019 21:56,0
22/11/2019 22:01,0
22/11/2019 22:06,0
22/11/2019 22:11,0
22/11/2019 22:16,0
22/11/2019 22:21,0
22/11/2019 22:26,0
22/11/2019 22:31,0
22/11/2019 22:36,0
22/11/2019 22:41,0
22/11/2019 22:46,0
22/11/2019 22:51,0
22/11/2019 22:56,0
22/11/2019 23:01,0
22/11/2019 23:06,0
22/11/2019 23:11,0
22/11/2019 23:16,0
22/11/2019 23:21,0
22/11/2019 23:26,0
22/11/2019 23:31,0
22/11/2019 23:36,0
22/11/2019 23:41,0
22/11/2019 23:46,0
22/11/2019 23:51,0
22/11/2019 23:56,0
23/11/2019 00:01,0
23/11/2019 00:06,0
23/11/2019 00:11,0
23/11/2019 00:16,0
23/11/2019 00:21,0
23/11/2019 00:26,0
23/11/2019 00:31,0
23/11/2019 00:36,0
23/11/2019 00:41,0
23/11/2019 00:46,0
23/11/2019 00:51,0
23/11/2019 00:56,0
23/11/2019 01:01,0
23/11/2019 01:06,0
23/11/2019 01:11,0
23/11/2019 01:16,0
23/11/2019 01:21,0
23/11/2019 01:26,0
23/11/2019 01:31,0
23/11/2019 01:36,0
23/11/2019 01:41,0
23/11/2019 01:46,0
23/11/2019 01:51,0
23/11/2019 01:56,0
23/11/2019 02:01,0
23/11/2019 02:06,0
23/11/2019 02:11,0
23/11/2019 02:16,0
23/11/2019 02:21,0
23/11/2019 02:26,0
23/11/2019 02:31,0
23/11/2019 02:36,0
23/11/2019 02:41,0
23/11/2019 02:46,0
23/11/2019 02:51,0
23/11/2019 02:56,0
23/11/2019 03:01,0
23/11/2019 03:06,0
23/11/2019 03:11,0
23/11/2019 03:16,0
23/11/2019 03:21,0
23/11/2019 03:26,0
23/11/2019 03:31,0
23/11/2019 03:36,0
23/11/2019 03:41,0
23/11/2019 03:46,0
23/11/2019 03:51,0
23/11/2019 03:56,0
23/11/2019 04:01,0
23/11/2019 04:06,0
23/11/2019 04:11,0
23/11/2019 04:16,0
23/11/2019 04:21,0
23/11/2019 04:26,0
23/11/2019 04:31,0
23/11/2019 04:36,0
23/11/2019 04:41,0
23/11/2019 04:46,0
23/11/2019 04:51,0
23/11/2019 04:56,0
23/11/2019 05:01,0
23/11/2019 05:06,0
23/11/2019 05:11,0
23/11/2019 05:16,0
23/11/2019 05:21,0
23/11/2019 05:26,0
23/11/2019 05:31,0
23/11/2019 05:36,0
23/11/2019 05:41,0
23/11/2019 05:46,0
23/11/2019 05:51,0
23/11/2019 05:56,0
23/11/2019 06:01,0
23/11/2019 06:06,0
23/11/2019 06:11,0
23/11/2019 06:16,0
23/11/2019 06:21,0
23/11/2019 06:26,0
23/11/2019 06:31,0
23/11/2019 06:36,0
23/11/2019 06:41,0
23/11/2019 06:46,0
23/11/2019 06:51,0
23/11/2019 06:56,0
23/11/2019 07:01,0
23/11/2019 07:06,0
23/11/2019 07:11,0
23/11/2019 07:16,0
23/11/2019 07:21,0
23/11/2019 07:26,0
23/11/2019 07:31,0
23/11/2019 07:36,0
23/11/2019 07:41,0
23/11/2019 07:46,0
23/11/2019 07:51,0
23/11/2019 07:56,0
23/11/2019 08:01,0
23/11/2019 08:06,0
23/11/2019 08:11,0
23/11/2019 08:16,0
23/11/2019 08:21,0
23/11/2019 08:26,0
23/11/2019 08:31,0
23/11/2019 08:36,0
23/11/2019 08:41,0
23/11/2019 08:46,0
23/11/2019 08:51,0
23/11/2019 08:56,0
23/11/2019 09:01,0
23/11/2019 09:06,0
23/11/2019 09:11,0
23/11/2019 09:16,0
23/11/2019 09:21,0
23/11/2019 09:26,0
23/11/2019 09:31,0
23/11/2019 09:36,0
23/11/2019 09:41,0
23/11/2019 09:46,0
23/11/2019 09:51,0
23/11/2019 09:56,0
23/11/2019 10:01,0
23/11/2019 10:06,0
23/11/2019 10:11,0
23/11/2019 10:16,0
23/11/2019 10:21,0
23/11/2019 10:26,0
23/11/2019 10:31,0
23/11/2019 10:36,0
23/11/2019 10:41,0
23/11/2019 10:46,0
23/11/2019 10:51,0
23/11/2019 10:56,0
23/11/2019 11:01,0
23/11/2019 11:06,0
23/11/2019 11:11,0
23/11/2019 11:16,0
23/11/2019 11:21,0
23/11/2019 11:26,0
23/11/2019 11:31,0
23/11/2019 11:36,0
23/11/2019 11:41,0
23/11/2019 11:46,0
23/11/2019 11:51,0
23/11/2019 11:56,0
23/11/2019 12:01,0
23/11/2019 12:06,0
23/11/2019 12:11,0
23/11/2019 12:16,0
23/11/2019 12:21,0
23/11/2019 12:26,0
23/11/2019 12:31,0
23/11/2019 12:36,0
23/11/2019 12:41,0
23/11/2019 12:46,0
23/11/2019 12:51,0
23/11/2019 12:56,0
23/11/2019 13:01,0
23/11/2019 13:06,0
23/11/2019 13:11,0
23/11/2019 13:16,0
23/11/2019 13:21,0
23/11/2019 13:26,0
23/11/2019 13:31,0
23/11/2019 13:36,0
23/11/2019 13:41,0
23/11/2019 13:46,0
23/11/2019 13:51,0
23/11/2019 13:56,0
23/11/2019 14:01,0
23/11/2019 14:06,0
23/11/2019 14:11,0
23/11/2019 14:16,0
23/11/2019 14:21,0
23/11/2019 14:26,0
23/11/2019 14:31,0
23/11/2019 14:36,0
23/11/2019 14:41,0
23/11/2019 14:46,0
23/11/2019 14:51,0
23/11/2019 14:56,0
23/11/2019 15:01,0
23/11/2019 15:06,0
23/11/2019 15:11,0
23/11/2019 15:16,0
23/11/2019 15:21,0
23/11/2019 15:26,0
23/11/2019 15:31,0
23/11/2019 15:36,0
23/11/2019 15:41,0
23/11/2019 15:46,0
23/11/2019 15:51,0
23/11/2019 15:56,0
23/11/2019 16:01,0
23/11/2019 16:06,0
23/11/2019 16:11,0
23/11/2019 16:16,0
23/11/2019 16:21,0
23/11/2019 16:26,0
23/11/2019 16:31,0
23/11/2019 16:36,0
23/11/2019 16:41,0
23/11/2019 16:46,0
23/11/2019 16:51,0
23/11/2019 16:56,0
23/11/2019 17:01,0
23/11/2019 17:06,0
23/11/2019 17:11,0
23/11/2019 17:16,0.354355665
23/11/2019 17:21,0
23/11/2019 17:26,1.063066996
23/11/2019 17:31,0.354355665
23/11/2019 17:36,2.126133991
23/11/2019 17:41,1.063066996
23/11/2019 17:46,1.063066996
23/11/2019 17:51,0.354355665
23/11/2019 17:56,1.063066996
23/11/2019 18:01,5.669690643
23/11/2019 18:06,6.378401973
23/11/2019 18:11,6.732757638
23/11/2019 18:16,10.98502562
23/11/2019 18:21,6.378401973
23/11/2019 18:26,3.189200987
23/11/2019 18:31,1.417422661
23/11/2019 18:36,1.063066996
23/11/2019 18:41,0.70871133
23/11/2019 18:46,0.354355665
23/11/2019 18:51,0.70871133
23/11/2019 18:56,0.354355665
23/11/2019 19:01,0
23/11/2019 19:06,0
23/11/2019 19:11,0
23/11/2019 19:16,0
23/11/2019 19:21,0
23/11/2019 19:26,0
23/11/2019 19:31,0
23/11/2019 19:36,0
23/11/2019 19:41,0
23/11/2019 19:46,0
23/11/2019 19:51,0
23/11/2019 19:56,0
23/11/2019 20:01,0
23/11/2019 20:06,0
23/11/2019 20:11,0
23/11/2019 20:16,0
23/11/2019 20:21,0
23/11/2019 20:26,0
23/11/2019 20:31,0
23/11/2019 20:36,0
23/11/2019 20:41,0
23/11/2019 20:46,0
23/11/2019 20:51,0
23/11/2019 20:56,0
23/11/2019 21:01,0
23/11/2019 21:06,0
23/11/2019 21:11,0.354355665
23/11/2019 21:16,0
23/11/2019 21:21,0
23/11/2019 21:26,0
23/11/2019 21:31,0
23/11/2019 21:36,0
23/11/2019 21:41,0
23/11/2019 21:46,0
23/11/2019 21:51,0
23/11/2019 21:56,0
23/11/2019 22:01,0
23/11/2019 22:06,0
23/11/2019 22:11,0
23/11/2019 22:16,0
23/11/2019 22:21,0
23/11/2019 22:26,0
23/11/2019 22:31,0.354355665
23/11/2019 22:36,0
23/11/2019 22:41,0
23/11/2019 22:46,0
23/11/2019 22:51,0
23/11/2019 22:56,0
23/11/2019 23:01,0
23/11/2019 23:06,0
23/11/2019 23:11,0
23/11/2019 23:16,0
23/11/2019 23:21,0
23/11/2019 23:26,0
23/11/2019 23:31,0
23/11/2019 23:36,0
23/11/2019 23:41,0
23/11/2019 23:46,0
23/11/2019 23:51,0
23/11/2019 23:56,0
24/11/2019 00:01,0
24/11/2019 00:06,0
24/11/2019 00:11,0
24/11/2019 00:16,0
24/11/2019 00:21,0
24/11/2019 00:26,0
24/11/2019 00:31,0
24/11/2019 00:36,0
24/11/2019 00:41,0
24/11/2019 00:46,0
24/11/2019 00:51,0
24/11/2019 00:56,0
24/11/2019 01:01,0
24/11/2019 01:06,0
24/11/2019 01:11,0
24/11/2019 01:16,0
24/11/2019 01:21,0
24/11/2019 01:26,0
24/11/2019 01:31,0
24/11/2019 01:36,0
24/11/2019 01:41,0
24/11/2019 01:46,0
24/11/2019 01:51,0
24/11/2019 01:56,0
24/11/2019 02:01,0
24/11/2019 02:06,0
24/11/2019 02:11,0
24/11/2019 02:16,0
24/11/2019 02:21,0
24/11/2019 02:26,0
24/11/2019 02:31,0
24/11/2019 02:36,0
24/11/2019 02:41,0
24/11/2019 02:46,0
24/11/2019 02:51,0
24/11/2019 02:56,0
24/11/2019 03:01,0
24/11/2019 03:06,0
24/11/2019 03:11,0
24/11/2019 03:16,0
24/11/2019 03:21,0
24/11/2019 03:26,0
24/11/2019 03:31,0
24/11/2019 03:36,0
24/11/2019 03:41,0
24/11/2019 03:46,0
24/11/2019 03:51,0
24/11/2019 03:56,0
24/11/2019 04:01,0
24/11/2019 04:06,0
24/11/2019 04:11,0
24/11/2019 04:16,0
24/11/2019 04:21,0
24/11/2019 04:26,0
24/11/2019 04:31,0
24/11/2019 04:36,0
24/11/2019 04:41,0
24/11/2019 04:46,0
24/11/2019 04:51,0
24/11/2019 04:56,0
24/11/2019 05:01,0
24/11/2019 05:06,0
24/11/2019 05:11,0
24/11/2019 05:16,0
24/11/2019 05:21,0
24/11/2019 05:26,0
24/11/2019 05:31,0
24/11/2019 05:36,0
24/11/2019 05:41,0
24/11/2019 05:46,0
24/11/2019 05:51,0
24/11/2019 05:56,0
24/11/2019 06:01,0
24/11/2019 06:06,0
24/11/2019 06:11,0
24/11/2019 06:16,0
24/11/2019 06:21,0
24/11/2019 06:26,0
24/11/2019 06:31,0
24/11/2019 06:36,0
24/11/2019 06:41,0
24/11/2019 06:46,0
24/11/2019 06:51,0
24/11/2019 06:56,0
24/11/2019 07:01,0.70871133
24/11/2019 07:06,6.024046308
24/11/2019 07:11,2.834845321
24/11/2019 07:16,0
24/11/2019 07:21,0
24/11/2019 07:26,0
24/11/2019 07:31,0
24/11/2019 07:36,0
24/11/2019 07:41,0
24/11/2019 07:46,0
24/11/2019 07:51,0
24/11/2019 07:56,0
24/11/2019 08:01,0
24/11/2019 08:06,0
24/11/2019 08:11,0
24/11/2019 08:16,0
24/11/2019 08:21,0
24/11/2019 08:26,0
24/11/2019 08:31,0
24/11/2019 08:36,0
24/11/2019 08:41,0
24/11/2019 08:46,0.354355665
24/11/2019 08:51,0
24/11/2019 08:56,0
24/11/2019 09:01,0
24/11/2019 09:06,0
24/11/2019 09:11,0
24/11/2019 09:16,0
24/11/2019 09:21,0
24/11/2019 09:26,0
24/11/2019 09:31,0
24/11/2019 09:36,0
24/11/2019 09:41,0
24/11/2019 09:46,0
24/11/2019 09:51,0
24/11/2019 09:56,0
24/11/2019 10:01,0
24/11/2019 10:06,0
24/11/2019 10:11,0
24/11/2019 10:16,0
24/11/2019 10:21,0
24/11/2019 10:26,0
24/11/2019 10:31,0
24/11/2019 10:36,0
24/11/2019 10:41,0
24/11/2019 10:46,0
24/11/2019 10:51,0
24/11/2019 10:56,0
24/11/2019 11:01,0
24/11/2019 11:06,0
24/11/2019 11:11,0
24/11/2019 11:16,0
24/11/2019 11:21,0
24/11/2019 11:26,0
24/11/2019 11:31,0
24/11/2019 11:36,0
24/11/2019 11:41,0
24/11/2019 11:46,0
24/11/2019 11:51,0
24/11/2019 11:56,0
24/11/2019 12:01,0
24/11/2019 12:06,0
24/11/2019 12:11,0
24/11/2019 12:16,0
24/11/2019 12:21,0
24/11/2019 12:26,0
24/11/2019 12:31,0
24/11/2019 12:36,0
24/11/2019 12:41,0
24/11/2019 12:46,0
24/11/2019 12:51,0
24/11/2019 12:56,0
24/11/2019 13:01,0
24/11/2019 13:06,0
24/11/2019 13:11,0
24/11/2019 13:16,0
24/11/2019 13:21,0
24/11/2019 13:26,0
24/11/2019 13:31,0
24/11/2019 13:36,0
24/11/2019 13:41,0
24/11/2019 13:46,0
24/11/2019 13:51,0
24/11/2019 13:56,0
24/11/2019 14:01,0
24/11/2019 14:06,0
24/11/2019 14:11,0
24/11/2019 14:16,0
24/11/2019 14:21,0
24/11/2019 14:26,0
24/11/2019 14:31,0
24/11/2019 14:36,0
24/11/2019 14:41,0
24/11/2019 14:46,0
24/11/2019 14:51,0
24/11/2019 14:56,0
24/11/2019 15:01,0
24/11/2019 15:06,0
24/11/2019 15:11,0
24/11/2019 15:16,0
24/11/2019 15:21,0
24/11/2019 15:26,0
24/11/2019 15:31,0
24/11/2019 15:36,0
24/11/2019 15:41,0
24/11/2019 15:46,0
24/11/2019 15:51,0
24/11/2019 15:56,0
24/11/2019 16:01,0
24/11/2019 16:06,0
24/11/2019 16:11,0
24/11/2019 16:16,0
24/11/2019 16:21,0
24/11/2019 16:26,0
24/11/2019 16:31,0
24/11/2019 16:36,0
24/11/2019 16:41,0
24/11/2019 16:46,0
24/11/2019 16:51,0
24/11/2019 16:56,0
24/11/2019 17:01,0
24/11/2019 17:06,0
24/11/2019 17:11,0
24/11/2019 17:16,0
24/11/2019 17:21,0
24/11/2019 17:26,0
24/11/2019 17:31,0
24/11/2019 17:36,0
24/11/2019 17:41,0
24/11/2019 17:46,0
24/11/2019 17:51,0
24/11/2019 17:56,0
24/11/2019 18:01,0
24/11/2019 18:06,0
24/11/2019 18:11,0
24/11/2019 18:16,0
24/11/2019 18:21,0
24/11/2019 18:26,0
24/11/2019 18:31,0
24/11/2019 18:36,0
24/11/2019 18:41,0
24/11/2019 18:46,0
24/11/2019 18:51,0
24/11/2019 18:56,0
24/11/2019 19:01,0
24/11/2019 19:06,0
24/11/2019 19:11,0
24/11/2019 19:16,0
24/11/2019 19:21,0
24/11/2019 19:26,0
24/11/2019 19:31,0
24/11/2019 19:36,0
24/11/2019 19:41,0
24/11/2019 19:46,0
24/11/2019 19:51,0
24/11/2019 19:56,0
24/11/2019 20:01,0
24/11/2019 20:06,0
24/11/2019 20:11,0
24/11/2019 20:16,0
24/11/2019 20:21,0
24/11/2019 20:26,0
24/11/2019 20:31,0
24/11/2019 20:36,0
24/11/2019 20:41,0
24/11/2019 20:46,0
24/11/2019 20:51,0
24/11/2019 20:56,0
24/11/2019 21:01,0
24/11/2019 21:06,0
24/11/2019 21:11,0
24/11/2019 21:16,0
24/11/2019 21:21,0
24/11/2019 21:26,0
24/11/2019 21:31,0
24/11/2019 21:36,0
24/11/2019 21:41,0
24/11/2019 21:46,0
24/11/2019 21:51,0
24/11/2019 21:56,0
24/11/2019 22:01,0
24/11/2019 22:06,0
24/11/2019 22:11,0
24/11/2019 22:16,0
24/11/2019 22:21,0
24/11/2019 22:26,0
24/11/2019 22:31,0
24/11/2019 22:36,0
24/11/2019 22:41,0
24/11/2019 22:46,0
24/11/2019 22:51,0
24/11/2019 22:56,0
24/11/2019 23:01,0
24/11/2019 23:06,0
24/11/2019 23:11,0
24/11/2019 23:16,0
24/11/2019 23:21,0
24/11/2019 23:26,0
24/11/2019 23:31,0
24/11/2019 23:36,0
24/11/2019 23:41,0
24/11/2019 23:46,0
24/11/2019 23:51,0
24/11/2019 23:56,0
25/11/2019 00:01,0
25/11/2019 00:06,0
25/11/2019 00:11,0
25/11/2019 00:16,0
25/11/2019 00:21,0
25/11/2019 00:26,0
25/11/2019 00:31,0
25/11/2019 00:36,0
25/11/2019 00:41,0
25/11/2019 00:46,0
25/11/2019 00:51,0
25/11/2019 00:56,0
25/11/2019 01:01,0
25/11/2019 01:06,0
25/11/2019 01:11,0
25/11/2019 01:16,0
25/11/2019 01:21,0
25/11/2019 01:26,0
25/11/2019 01:31,0
25/11/2019 01:36,0
25/11/2019 01:41,0
25/11/2019 01:46,0
25/11/2019 01:51,0
25/11/2019 01:56,0
25/11/2019 02:01,0
25/11/2019 02:06,0
25/11/2019 02:11,0
25/11/2019 02:16,0
25/11/2019 02:21,0
25/11/2019 02:26,0
25/11/2019 02:31,0
25/11/2019 02:36,0
25/11/2019 02:41,0
25/11/2019 02:46,0
25/11/2019 02:51,0
25/11/2019 02:56,0
25/11/2019 03:01,0
25/11/2019 03:06,0
25/11/2019 03:11,0
25/11/2019 03:16,0
25/11/2019 03:21,0
25/11/2019 03:26,0
25/11/2019 03:31,0
25/11/2019 03:36,0
25/11/2019 03:41,0
25/11/2019 03:46,0
25/11/2019 03:51,0
25/11/2019 03:56,0
25/11/2019 04:01,0
25/11/2019 04:06,0
25/11/2019 04:11,0
25/11/2019 04:16,0
25/11/2019 04:21,0
25/11/2019 04:26,0
25/11/2019 04:31,0
25/11/2019 04:36,0
25/11/2019 04:41,0
25/11/2019 04:46,0
25/11/2019 04:51,0
25/11/2019 04:56,0
25/11/2019 05:01,0
25/11/2019 05:06,0
25/11/2019 05:11,0
25/11/2019 05:16,0
25/11/2019 05:21,0
25/11/2019 05:26,0
25/11/2019 05:31,0
25/11/2019 05:36,0
25/11/2019 05:41,0
25/11/2019 05:46,0
25/11/2019 05:51,0
25/11/2019 05:56,0
25/11/2019 06:01,0
25/11/2019 06:06,0
25/11/2019 06:11,0
25/11/2019 06:16,0
25/11/2019 06:21,0
25/11/2019 06:26,0
25/11/2019 06:31,0
25/11/2019 06:36,0
25/11/2019 06:41,0
25/11/2019 06:46,0
25/11/2019 06:51,0
25/11/2019 06:56,0
25/11/2019 07:01,0
25/11/2019 07:06,0
25/11/2019 07:11,0
25/11/2019 07:16,0
25/11/2019 07:21,0
25/11/2019 07:26,0
25/11/2019 07:31,0
25/11/2019 07:36,0
25/11/2019 07:41,0
25/11/2019 07:46,0
25/11/2019 07:51,0
25/11/2019 07:56,0
25/11/2019 08:01,0
25/11/2019 08:06,0
25/11/2019 08:11,0
25/11/2019 08:16,0
25/11/2019 08:21,0
25/11/2019 08:26,0
25/11/2019 08:31,0
25/11/2019 08:36,0
25/11/2019 08:41,0
25/11/2019 08:46,0
25/11/2019 08:51,0
25/11/2019 08:56,0
25/11/2019 09:01,0
25/11/2019 09:06,0
25/11/2019 09:11,0
25/11/2019 09:16,0
25/11/2019 09:21,0
25/11/2019 09:26,0
25/11/2019 09:31,0
25/11/2019 09:36,0
25/11/2019 09:41,0
25/11/2019 09:46,0
25/11/2019 09:51,0
25/11/2019 09:56,0
25/11/2019 10:01,0
25/11/2019 10:06,0
25/11/2019 10:11,0
25/11/2019 10:16,0
25/11/2019 10:21,0
25/11/2019 10:26,0
25/11/2019 10:31,0
25/11/2019 10:36,0
25/11/2019 10:41,0
25/11/2019 10:46,0
25/11/2019 10:51,0
25/11/2019 10:56,0
25/11/2019 11:01,0
25/11/2019 11:06,0
25/11/2019 11:11,0
25/11/2019 11:16,0
25/11/2019 11:21,0
25/11/2019 11:26,0
25/11/2019 11:31,0
25/11/2019 11:36,0
25/11/2019 11:41,0
25/11/2019 11:46,0
25/11/2019 11:51,0
25/11/2019 11:56,0
25/11/2019 12:01,0
25/11/2019 12:06,0
25/11/2019 12:11,0
25/11/2019 12:16,0
25/11/2019 12:21,0
25/11/2019 12:26,0
25/11/2019 12:31,0
25/11/2019 12:36,0
25/11/2019 12:41,0
25/11/2019 12:46,0
25/11/2019 12:51,0
25/11/2019 12:56,0
25/11/2019 13:01,0
25/11/2019 13:06,0
25/11/2019 13:11,0
25/11/2019 13:16,0
25/11/2019 13:21,0
25/11/2019 13:26,0
25/11/2019 13:31,0
25/11/2019 13:36,0
25/11/2019 13:41,0
25/11/2019 13:46,0
25/11/2019 13:51,0
25/11/2019 13:56,0
25/11/2019 14:01,0
25/11/2019 14:06,0
25/11/2019 14:11,0
25/11/2019 14:16,0
25/11/2019 14:21,0
25/11/2019 14:26,0
25/11/2019 14:31,0
25/11/2019 14:36,0
25/11/2019 14:41,0
25/11/2019 14:46,0
25/11/2019 14:51,0
25/11/2019 14:56,0
25/11/2019 15:01,0
25/11/2019 15:06,0
25/11/2019 15:11,0
25/11/2019 15:16,0
25/11/2019 15:21,0
25/11/2019 15:26,0
25/11/2019 15:31,0
25/11/2019 15:36,0
25/11/2019 15:41,0
25/11/2019 15:46,0
25/11/2019 15:51,0
25/11/2019 15:56,0
25/11/2019 16:01,0
25/11/2019 16:06,0
25/11/2019 16:11,0
25/11/2019 16:16,0
25/11/2019 16:21,0
25/11/2019 16:26,0
25/11/2019 16:31,0
25/11/2019 16:36,0
25/11/2019 16:41,0
25/11/2019 16:46,0
25/11/2019 16:51,0
25/11/2019 16:56,0
25/11/2019 17:01,0
25/11/2019 17:06,0
25/11/2019 17:11,0
25/11/2019 17:16,0
25/11/2019 17:21,0
25/11/2019 17:26,0
25/11/2019 17:31,0
25/11/2019 17:36,0
25/11/2019 17:41,0
25/11/2019 17:46,0
25/11/2019 17:51,0
25/11/2019 17:56,0
25/11/2019 18:01,0
25/11/2019 18:06,0
25/11/2019 18:11,0
25/11/2019 18:16,0
25/11/2019 18:21,0
25/11/2019 18:26,0
25/11/2019 18:31,0
25/11/2019 18:36,0
25/11/2019 18:41,0
25/11/2019 18:46,0
25/11/2019 18:51,0
25/11/2019 18:56,0
25/11/2019 19:01,0
25/11/2019 19:06,0
25/11/2019 19:11,0
25/11/2019 19:16,0
25/11/2019 19:21,0
25/11/2019 19:26,0
25/11/2019 19:31,0
25/11/2019 19:36,0
25/11/2019 19:41,0
25/11/2019 19:46,0
25/11/2019 19:51,0
25/11/2019 19:56,0
25/11/2019 20:01,0
25/11/2019 20:06,0
25/11/2019 20:11,0
25/11/2019 20:16,0
25/11/2019 20:21,0
25/11/2019 20:26,0
25/11/2019 20:31,0
25/11/2019 20:36,0
25/11/2019 20:41,0
25/11/2019 20:46,0
25/11/2019 20:51,0
25/11/2019 20:56,0
25/11/2019 21:01,0
25/11/2019 21:06,0
25/11/2019 21:11,0
25/11/2019 21:16,0
25/11/2019 21:21,0
25/11/2019 21:26,0
25/11/2019 21:31,0
25/11/2019 21:36,0
25/11/2019 21:41,0
25/11/2019 21:46,0
25/11/2019 21:51,0
25/11/2019 21:56,0
25/11/2019 22:01,0
25/11/2019 22:06,0
25/11/2019 22:11,0
25/11/2019 22:16,0
25/11/2019 22:21,0
25/11/2019 22:26,0
25/11/2019 22:31,0
25/11/2019 22:36,0
25/11/2019 22:41,0
25/11/2019 22:46,0
25/11/2019 22:51,0
25/11/2019 22:56,0
25/11/2019 23:01,0
25/11/2019 23:06,0
25/11/2019 23:11,0
25/11/2019 23:16,0
25/11/2019 23:21,0
25/11/2019 23:26,0
25/11/2019 23:31,0
25/11/2019 23:36,0
25/11/2019 23:41,0
25/11/2019 23:46,0
25/11/2019 23:51,0
25/11/2019 23:56,0
26/11/2019 00:01,0
26/11/2019 00:06,0
26/11/2019 00:11,0
26/11/2019 00:16,0
26/11/2019 00:21,0
26/11/2019 00:26,0
26/11/2019 00:31,0
26/11/2019 00:36,0
26/11/2019 00:41,0
26/11/2019 00:46,0
26/11/2019 00:51,0
26/11/2019 00:56,0
26/11/2019 01:01,0
26/11/2019 01:06,0
26/11/2019 01:11,0
26/11/2019 01:16,0
26/11/2019 01:21,0
26/11/2019 01:26,0
26/11/2019 01:31,0
26/11/2019 01:36,0
26/11/2019 01:41,0
26/11/2019 01:46,0
26/11/2019 01:51,0
26/11/2019 01:56,0
26/11/2019 02:01,0
26/11/2019 02:06,0
26/11/2019 02:11,0
26/11/2019 02:16,0
26/11/2019 02:21,0
26/11/2019 02:26,0
26/11/2019 02:31,0
26/11/2019 02:36,0
26/11/2019 02:41,0
26/11/2019 02:46,0
26/11/2019 02:51,0
26/11/2019 02:56,0
26/11/2019 03:01,0
26/11/2019 03:06,0
26/11/2019 03:11,0
26/11/2019 03:16,0
26/11/2019 03:21,0
26/11/2019 03:26,0
26/11/2019 03:31,0
26/11/2019 03:36,0
26/11/2019 03:41,0
26/11/2019 03:46,0
26/11/2019 03:51,0
26/11/2019 03:56,0
26/11/2019 04:01,0
26/11/2019 04:06,0
26/11/2019 04:11,0
26/11/2019 04:16,0
26/11/2019 04:21,0
26/11/2019 04:26,0
26/11/2019 04:31,0
26/11/2019 04:36,0
26/11/2019 04:41,0
26/11/2019 04:46,0
26/11/2019 04:51,0
26/11/2019 04:56,0
26/11/2019 05:01,0
26/11/2019 05:06,0
26/11/2019 05:11,0
26/11/2019 05:16,0
26/11/2019 05:21,0
26/11/2019 05:26,0
26/11/2019 05:31,0
26/11/2019 05:36,0
26/11/2019 05:41,0
26/11/2019 05:46,0
26/11/2019 05:51,0
26/11/2019 05:56,0
26/11/2019 06:01,0
26/11/2019 06:06,0
26/11/2019 06:11,0
26/11/2019 06:16,0
26/11/2019 06:21,0
26/11/2019 06:26,0
26/11/2019 06:31,0
26/11/2019 06:36,0
26/11/2019 06:41,0
26/11/2019 06:46,0
26/11/2019 06:51,0
26/11/2019 06:56,0
26/11/2019 07:01,0
26/11/2019 07:06,0
26/11/2019 07:11,0
26/11/2019 07:16,0
26/11/2019 07:21,0
26/11/2019 07:26,0
26/11/2019 07:31,0
26/11/2019 07:36,0
26/11/2019 07:41,0
26/11/2019 07:46,0
26/11/2019 07:51,0
26/11/2019 07:56,0
26/11/2019 08:01,0
26/11/2019 08:06,0
26/11/2019 08:11,0
26/11/2019 08:16,0
26/11/2019 08:21,0
26/11/2019 08:26,0
26/11/2019 08:31,0
26/11/2019 08:36,0
26/11/2019 08:41,0
26/11/2019 08:46,0
26/11/2019 08:51,0
26/11/2019 08:56,0
26/11/2019 09:01,0
26/11/2019 09:06,0
26/11/2019 09:11,0
26/11/2019 09:16,0
26/11/2019 09:21,0
26/11/2019 09:26,0
26/11/2019 09:31,0
26/11/2019 09:36,0
26/11/2019 09:41,0
26/11/2019 09:46,0
26/11/2019 09:51,0
26/11/2019 09:56,0
26/11/2019 10:01,0
26/11/2019 10:06,0
26/11/2019 10:11,0
26/11/2019 10:16,0
26/11/2019 10:21,0
26/11/2019 10:26,0
26/11/2019 10:31,0
26/11/2019 10:36,0
26/11/2019 10:41,0
26/11/2019 10:46,0
26/11/2019 10:51,0
26/11/2019 10:56,0
26/11/2019 11:01,0
26/11/2019 11:06,0
26/11/2019 11:11,0
26/11/2019 11:16,0
26/11/2019 11:21,0
26/11/2019 11:26,0
26/11/2019 11:31,0
26/11/2019 11:36,0
26/11/2019 11:41,0
26/11/2019 11:46,0
26/11/2019 11:51,0
26/11/2019 11:56,0
26/11/2019 12:01,0
26/11/2019 12:06,0
26/11/2019 12:11,0
26/11/2019 12:16,0
26/11/2019 12:21,0
26/11/2019 12:26,0
26/11/2019 12:31,0
26/11/2019 12:36,0
26/11/2019 12:41,0
26/11/2019 12:46,0
26/11/2019 12:51,0
26/11/2019 12:56,0
26/11/2019 13:01,0
26/11/2019 13:06,0
26/11/2019 13:11,0
26/11/2019 13:16,0
26/11/2019 13:21,0
26/11/2019 13:26,0
26/11/2019 13:31,0
26/11/2019 13:36,0
26/11/2019 13:41,0
26/11/2019 13:46,0
26/11/2019 13:51,0
26/11/2019 13:56,0
26/11/2019 14:01,0
26/11/2019 14:06,0
26/11/2019 14:11,0
26/11/2019 14:16,0
26/11/2019 14:21,0
26/11/2019 14:26,0
26/11/2019 14:31,0
26/11/2019 14:36,0
26/11/2019 14:41,0
26/11/2019 14:46,0
26/11/2019 14:51,0
26/11/2019 14:56,0
26/11/2019 15:01,0
26/11/2019 15:06,0
26/11/2019 15:11,0
26/11/2019 15:16,0
26/11/2019 15:21,0
26/11/2019 15:26,0
26/11/2019 15:31,0
26/11/2019 15:36,0
26/11/2019 15:41,0
26/11/2019 15:46,0
26/11/2019 15:51,0
26/11/2019 15:56,0
26/11/2019 16:01,0
26/11/2019 16:06,0
26/11/2019 16:11,0
26/11/2019 16:16,0
26/11/2019 16:21,0
26/11/2019 16:26,0
26/11/2019 16:31,0
26/11/2019 16:36,0
26/11/2019 16:41,0
26/11/2019 16:46,0
26/11/2019 16:51,0
26/11/2019 16:56,0
26/11/2019 17:01,0
26/11/2019 17:06,0
26/11/2019 17:11,0
26/11/2019 17:16,0
26/11/2019 17:21,0
26/11/2019 17:26,0
26/11/2019 17:31,0
26/11/2019 17:36,0
26/11/2019 17:41,0
26/11/2019 17:46,0
26/11/2019 17:51,0
26/11/2019 17:56,0
26/11/2019 18:01,0
26/11/2019 18:06,0
26/11/2019 18:11,0
26/11/2019 18:16,0
26/11/2019 18:21,0
26/11/2019 18:26,0
26/11/2019 18:31,0
26/11/2019 18:36,0
26/11/2019 18:41,0
26/11/2019 18:46,0
26/11/2019 18:51,0
26/11/2019 18:56,0
26/11/2019 19:01,0
26/11/2019 19:06,0
26/11/2019 19:11,0
26/11/2019 19:16,0
26/11/2019 19:21,0
26/11/2019 19:26,0
26/11/2019 19:31,0
26/11/2019 19:36,0
26/11/2019 19:41,0
26/11/2019 19:46,0
26/11/2019 19:51,0
26/11/2019 19:56,0
26/11/2019 20:01,0
26/11/2019 20:06,0
26/11/2019 20:11,0
26/11/2019 20:16,0
26/11/2019 20:21,0
26/11/2019 20:26,0
26/11/2019 20:31,0
26/11/2019 20:36,0
26/11/2019 20:41,0
26/11/2019 20:46,0
26/11/2019 20:51,0
26/11/2019 20:56,0
26/11/2019 21:01,0
26/11/2019 21:06,0
26/11/2019 21:11,0
26/11/2019 21:16,0
26/11/2019 21:21,0
26/11/2019 21:26,0
26/11/2019 21:31,0
26/11/2019 21:36,0
26/11/2019 21:41,0
26/11/2019 21:46,0
26/11/2019 21:51,0
26/11/2019 21:56,0
26/11/2019 22:01,0
26/11/2019 22:06,0
26/11/2019 22:11,0
26/11/2019 22:16,0
26/11/2019 22:21,0
26/11/2019 22:26,0
26/11/2019 22:31,0
26/11/2019 22:36,0
26/11/2019 22:41,0
26/11/2019 22:46,0
26/11/2019 22:51,0
26/11/2019 22:56,0
26/11/2019 23:01,0
26/11/2019 23:06,0
26/11/2019 23:11,0
26/11/2019 23:16,0
26/11/2019 23:21,0
26/11/2019 23:26,0
26/11/2019 23:31,0
26/11/2019 23:36,0
26/11/2019 23:41,0
26/11/2019 23:46,0
26/11/2019 23:51,0
26/11/2019 23:56,0
27/11/2019 00:01,0
27/11/2019 00:06,0
27/11/2019 00:11,0
27/11/2019 00:16,0
27/11/2019 00:21,0
27/11/2019 00:26,0
27/11/2019 00:31,0
27/11/2019 00:36,0
27/11/2019 00:41,0
27/11/2019 00:46,0
27/11/2019 00:51,0
27/11/2019 00:56,0
27/11/2019 01:01,0
27/11/2019 01:06,0
27/11/2019 01:11,0
27/11/2019 01:16,0
27/11/2019 01:21,0
27/11/2019 01:26,0
27/11/2019 01:31,0
27/11/2019 01:36,0
27/11/2019 01:41,0
27/11/2019 01:46,0
27/11/2019 01:51,0
27/11/2019 01:56,0
27/11/2019 02:01,0
27/11/2019 02:06,0
27/11/2019 02:11,0
27/11/2019 02:16,0
27/11/2019 02:21,0
27/11/2019 02:26,0
27/11/2019 02:31,0
27/11/2019 02:36,0
27/11/2019 02:41,0
27/11/2019 02:46,0
27/11/2019 02:51,0
27/11/2019 02:56,0
27/11/2019 03:01,0
27/11/2019 03:06,0
27/11/2019 03:11,0
27/11/2019 03:16,0
27/11/2019 03:21,0
27/11/2019 03:26,0
27/11/2019 03:31,0
27/11/2019 03:36,0
27/11/2019 03:41,0
27/11/2019 03:46,0
27/11/2019 03:51,0
27/11/2019 03:56,0
27/11/2019 04:01,0
27/11/2019 04:06,0
27/11/2019 04:11,0
27/11/2019 04:16,0
27/11/2019 04:21,0
27/11/2019 04:26,0
27/11/2019 04:31,0
27/11/2019 04:36,0
27/11/2019 04:41,0
27/11/2019 04:46,0
27/11/2019 04:51,0
27/11/2019 04:56,0
27/11/2019 05:01,0
27/11/2019 05:06,0
27/11/2019 05:11,0
27/11/2019 05:16,0
27/11/2019 05:21,0
27/11/2019 05:26,0
27/11/2019 05:31,0
27/11/2019 05:36,0
27/11/2019 05:41,0
27/11/2019 05:46,0
27/11/2019 05:51,0
27/11/2019 05:56,0
27/11/2019 06:01,0
27/11/2019 06:06,0
27/11/2019 06:11,0
27/11/2019 06:16,0
27/11/2019 06:21,0
27/11/2019 06:26,0
27/11/2019 06:31,0
27/11/2019 06:36,0
27/11/2019 06:41,0
27/11/2019 06:46,0
27/11/2019 06:51,0
27/11/2019 06:56,0
27/11/2019 07:01,0
27/11/2019 07:06,0
27/11/2019 07:11,0
27/11/2019 07:16,0
27/11/2019 07:21,0
27/11/2019 07:26,0
27/11/2019 07:31,0
27/11/2019 07:36,0
27/11/2019 07:41,0
27/11/2019 07:46,0
27/11/2019 07:51,0
27/11/2019 07:56,0
27/11/2019 08:01,0
27/11/2019 08:06,0
27/11/2019 08:11,0
27/11/2019 08:16,0
27/11/2019 08:21,0
27/11/2019 08:26,0
27/11/2019 08:31,0
27/11/2019 08:36,0
27/11/2019 08:41,0
27/11/2019 08:46,0
27/11/2019 08:51,0
27/11/2019 08:56,0
27/11/2019 09:01,0
27/11/2019 09:06,0
27/11/2019 09:11,0
27/11/2019 09:16,0
27/11/2019 09:21,0
27/11/2019 09:26,0
27/11/2019 09:31,0
27/11/2019 09:36,0
27/11/2019 09:41,0
27/11/2019 09:46,0
27/11/2019 09:51,0
27/11/2019 09:56,0
27/11/2019 10:01,0
27/11/2019 10:06,0
27/11/2019 10:11,0
27/11/2019 10:16,0
27/11/2019 10:21,0
27/11/2019 10:26,0
27/11/2019 10:31,0
27/11/2019 10:36,0
27/11/2019 10:41,0
27/11/2019 10:46,0
27/11/2019 10:51,0
27/11/2019 10:56,0
27/11/2019 11:01,0
27/11/2019 11:06,0
27/11/2019 11:11,0
27/11/2019 11:16,0
27/11/2019 11:21,0
27/11/2019 11:26,0
27/11/2019 11:31,0
27/11/2019 11:36,0
27/11/2019 11:41,0
27/11/2019 11:46,0
27/11/2019 11:51,0
27/11/2019 11:56,0
27/11/2019 12:01,0
27/11/2019 12:06,0
27/11/2019 12:11,0
27/11/2019 12:16,0
27/11/2019 12:21,0
27/11/2019 12:26,0
27/11/2019 12:31,0
27/11/2019 12:36,0
27/11/2019 12:41,0
27/11/2019 12:46,0
27/11/2019 12:51,0
27/11/2019 12:56,0
27/11/2019 13:01,0
27/11/2019 13:06,0
27/11/2019 13:11,0
27/11/2019 13:16,0
27/11/2019 13:21,0
27/11/2019 13:26,0
27/11/2019 13:31,0
27/11/2019 13:36,0
27/11/2019 13:41,0
27/11/2019 13:46,0
27/11/2019 13:51,0
27/11/2019 13:56,0
27/11/2019 14:01,0
27/11/2019 14:06,0
27/11/2019 14:11,0
27/11/2019 14:16,0
27/11/2019 14:21,0
27/11/2019 14:26,0
27/11/2019 14:31,0
27/11/2019 14:36,0
27/11/2019 14:41,0
27/11/2019 14:46,0
27/11/2019 14:51,0
27/11/2019 14:56,0
27/11/2019 15:01,0
27/11/2019 15:06,0
27/11/2019 15:11,0
27/11/2019 15:16,0
27/11/2019 15:21,0
27/11/2019 15:26,0
27/11/2019 15:31,0
27/11/2019 15:36,0
27/11/2019 15:41,0
27/11/2019 15:46,0
27/11/2019 15:51,0
27/11/2019 15:56,0
27/11/2019 16:01,0
27/11/2019 16:06,0
27/11/2019 16:11,0
27/11/2019 16:16,0
27/11/2019 16:21,0
27/11/2019 16:26,0
27/11/2019 16:31,0
27/11/2019 16:36,0
27/11/2019 16:41,0
27/11/2019 16:46,0
27/11/2019 16:51,0
27/11/2019 16:56,0
27/11/2019 17:01,0
27/11/2019 17:06,0
27/11/2019 17:11,0
27/11/2019 17:16,0
27/11/2019 17:21,0
27/11/2019 17:26,0
27/11/2019 17:31,0
27/11/2019 17:36,0
27/11/2019 17:41,0
27/11/2019 17:46,0
27/11/2019 17:51,0
27/11/2019 17:56,0
27/11/2019 18:01,0
27/11/2019 18:06,0
27/11/2019 18:11,0
27/11/2019 18:16,0
27/11/2019 18:21,0
27/11/2019 18:26,0
27/11/2019 18:31,0
27/11/2019 18:36,0
27/11/2019 18:41,0
27/11/2019 18:46,0
27/11/2019 18:51,0
27/11/2019 18:56,0
27/11/2019 19:01,0
27/11/2019 19:06,0
27/11/2019 19:11,0
27/11/2019 19:16,0
27/11/2019 19:21,0
27/11/2019 19:26,0
27/11/2019 19:31,0
27/11/2019 19:36,0
27/11/2019 19:41,0
27/11/2019 19:46,0
27/11/2019 19:51,0
27/11/2019 19:56,0
27/11/2019 20:01,0
27/11/2019 20:06,0
27/11/2019 20:11,0
27/11/2019 20:16,0
27/11/2019 20:21,0
27/11/2019 20:26,0
27/11/2019 20:31,0
27/11/2019 20:36,0
27/11/2019 20:41,0
27/11/2019 20:46,0
27/11/2019 20:51,0
27/11/2019 20:56,0
27/11/2019 21:01,0
27/11/2019 21:06,0
27/11/2019 21:11,0
27/11/2019 21:16,0
27/11/2019 21:21,0
27/11/2019 21:26,0
27/11/2019 21:31,0
27/11/2019 21:36,0
27/11/2019 21:41,0
27/11/2019 21:46,0
27/11/2019 21:51,0
27/11/2019 21:56,0
27/11/2019 22:01,0
27/11/2019 22:06,0
27/11/2019 22:11,0
27/11/2019 22:16,0
27/11/2019 22:21,0
27/11/2019 22:26,0
27/11/2019 22:31,0
27/11/2019 22:36,0
27/11/2019 22:41,0
27/11/2019 22:46,0
27/11/2019 22:51,0
27/11/2019 22:56,0
27/11/2019 23:01,0
27/11/2019 23:06,0
27/11/2019 23:11,0
27/11/2019 23:16,0
27/11/2019 23:21,0
27/11/2019 23:26,0
27/11/2019 23:31,0
27/11/2019 23:36,0
27/11/2019 23:41,0
27/11/2019 23:46,0
27/11/2019 23:51,0
27/11/2019 23:56,0
28/11/2019 00:01,0
28/11/2019 00:06,0
28/11/2019 00:11,0
28/11/2019 00:16,0
28/11/2019 00:21,0
28/11/2019 00:26,0
28/11/2019 00:31,0
28/11/2019 00:36,0
28/11/2019 00:41,0
28/11/2019 00:46,0
28/11/2019 00:51,0
28/11/2019 00:56,0
28/11/2019 01:01,0
28/11/2019 01:06,0
28/11/2019 01:11,0
28/11/2019 01:16,0
28/11/2019 01:21,0
28/11/2019 01:26,0
28/11/2019 01:31,0
28/11/2019 01:36,0
28/11/2019 01:41,0
28/11/2019 01:46,0
28/11/2019 01:51,0
28/11/2019 01:56,0
28/11/2019 02:01,0
28/11/2019 02:06,0
28/11/2019 02:11,0
28/11/2019 02:16,0
28/11/2019 02:21,0
28/11/2019 02:26,0
28/11/2019 02:31,0
28/11/2019 02:36,0
28/11/2019 02:41,0
28/11/2019 02:46,0
28/11/2019 02:51,0
28/11/2019 02:56,0
28/11/2019 03:01,0
28/11/2019 03:06,0
28/11/2019 03:11,0
28/11/2019 03:16,0
28/11/2019 03:21,0
28/11/2019 03:26,0
28/11/2019 03:31,0
28/11/2019 03:36,0
28/11/2019 03:41,0
28/11/2019 03:46,0
28/11/2019 03:51,0
28/11/2019 03:56,0
28/11/2019 04:01,0
28/11/2019 04:06,0
28/11/2019 04:11,0
28/11/2019 04:16,0
28/11/2019 04:21,0
28/11/2019 04:26,0
28/11/2019 04:31,0
28/11/2019 04:36,0
28/11/2019 04:41,0
28/11/2019 04:46,0
28/11/2019 04:51,0
28/11/2019 04:56,0
28/11/2019 05:01,0
28/11/2019 05:06,0
28/11/2019 05:11,0
28/11/2019 05:16,0
28/11/2019 05:21,0
28/11/2019 05:26,0
28/11/2019 05:31,0
28/11/2019 05:36,0
28/11/2019 05:41,0
28/11/2019 05:46,0
28/11/2019 05:51,0
28/11/2019 05:56,0
28/11/2019 06:01,0
28/11/2019 06:06,0
28/11/2019 06:11,0
28/11/2019 06:16,0
28/11/2019 06:21,0
28/11/2019 06:26,0
28/11/2019 06:31,0
28/11/2019 06:36,0
28/11/2019 06:41,0
28/11/2019 06:46,0
28/11/2019 06:51,0
28/11/2019 06:56,0
28/11/2019 07:01,0
28/11/2019 07:06,0
28/11/2019 07:11,0
28/11/2019 07:16,0
28/11/2019 07:21,0
28/11/2019 07:26,0
28/11/2019 07:31,0
28/11/2019 07:36,0
28/11/2019 07:41,0
28/11/2019 07:46,0
28/11/2019 07:51,0
28/11/2019 07:56,0
28/11/2019 08:01,0
28/11/2019 08:06,0
28/11/2019 08:11,0
28/11/2019 08:16,0
28/11/2019 08:21,0
28/11/2019 08:26,0
28/11/2019 08:31,0
28/11/2019 08:36,0
28/11/2019 08:41,0
28/11/2019 08:46,0
28/11/2019 08:51,0
28/11/2019 08:56,0
28/11/2019 09:01,0
28/11/2019 09:06,0
28/11/2019 09:11,0
28/11/2019 09:16,0
28/11/2019 09:21,0
28/11/2019 09:26,0
28/11/2019 09:31,0
28/11/2019 09:36,0
28/11/2019 09:41,0
28/11/2019 09:46,0
28/11/2019 09:51,0
28/11/2019 09:56,0
28/11/2019 10:01,0
28/11/2019 10:06,0
28/11/2019 10:11,0
28/11/2019 10:16,0
28/11/2019 10:21,0
28/11/2019 10:26,0
28/11/2019 10:31,0
28/11/2019 10:36,0
28/11/2019 10:41,0
28/11/2019 10:46,0
28/11/2019 10:51,0
28/11/2019 10:56,0
28/11/2019 11:01,0
28/11/2019 11:06,0
28/11/2019 11:11,0
28/11/2019 11:16,0
28/11/2019 11:21,0
28/11/2019 11:26,0
28/11/2019 11:31,0
28/11/2019 11:36,0
28/11/2019 11:41,0
28/11/2019 11:46,0
28/11/2019 11:51,0
28/11/2019 11:56,0
28/11/2019 12:01,0
28/11/2019 12:06,0
28/11/2019 12:11,0
28/11/2019 12:16,0
28/11/2019 12:21,0
28/11/2019 12:26,0
28/11/2019 12:31,0
28/11/2019 12:36,0
28/11/2019 12:41,0
28/11/2019 12:46,0
28/11/2019 12:51,0
28/11/2019 12:56,0
28/11/2019 13:01,0
28/11/2019 13:06,0
28/11/2019 13:11,0
28/11/2019 13:16,0
28/11/2019 13:21,0
28/11/2019 13:26,0
28/11/2019 13:31,0
28/11/2019 13:36,0
28/11/2019 13:41,0
28/11/2019 13:46,0
28/11/2019 13:51,0
28/11/2019 13:56,0
28/11/2019 14:01,0
28/11/2019 14:06,0
28/11/2019 14:11,0
28/11/2019 14:16,0
28/11/2019 14:21,0
28/11/2019 14:26,0
28/11/2019 14:31,0.354355665
28/11/2019 14:36,1.063066996
28/11/2019 14:41,0.70871133
28/11/2019 14:46,1.063066996
28/11/2019 14:51,3.897912317
28/11/2019 14:56,7.795824634
28/11/2019 15:01,6.024046308
28/11/2019 15:06,5.315334978
28/11/2019 15:11,2.834845321
28/11/2019 15:16,1.063066996
28/11/2019 15:21,0.354355665
28/11/2019 15:26,0.354355665
28/11/2019 15:31,0
28/11/2019 15:36,0.354355665
28/11/2019 15:41,0
28/11/2019 15:46,0
28/11/2019 15:51,0
28/11/2019 15:56,0
28/11/2019 16:01,0
28/11/2019 16:06,0
28/11/2019 16:11,0
28/11/2019 16:16,0
28/11/2019 16:21,0
28/11/2019 16:26,0
28/11/2019 16:31,0
28/11/2019 16:36,0
28/11/2019 16:41,0
28/11/2019 16:46,0
28/11/2019 16:51,0
28/11/2019 16:56,0
28/11/2019 17:01,0
28/11/2019 17:06,0
28/11/2019 17:11,0
28/11/2019 17:16,0
28/11/2019 17:21,0
28/11/2019 17:26,0
28/11/2019 17:31,0
28/11/2019 17:36,0
28/11/2019 17:41,0
28/11/2019 17:46,0
28/11/2019 17:51,0
28/11/2019 17:56,0
28/11/2019 18:01,0
28/11/2019 18:06,0
28/11/2019 18:11,0
28/11/2019 18:16,0
28/11/2019 18:21,0
28/11/2019 18:26,0
28/11/2019 18:31,0
28/11/2019 18:36,0
28/11/2019 18:41,0
28/11/2019 18:46,0
28/11/2019 18:51,0
28/11/2019 18:56,0
28/11/2019 19:01,0
28/11/2019 19:06,0
28/11/2019 19:11,0
28/11/2019 19:16,0
28/11/2019 19:21,0
28/11/2019 19:26,0
28/11/2019 19:31,0
28/11/2019 19:36,0
28/11/2019 19:41,0
28/11/2019 19:46,0
28/11/2019 19:51,0
28/11/2019 19:56,0
28/11/2019 20:01,0
28/11/2019 20:06,0
28/11/2019 20:11,0
28/11/2019 20:16,0
28/11/2019 20:21,0
28/11/2019 20:26,0
28/11/2019 20:31,0
28/11/2019 20:36,0
28/11/2019 20:41,0
28/11/2019 20:46,0
28/11/2019 20:51,0
28/11/2019 20:56,0
28/11/2019 21:01,0
28/11/2019 21:06,0
28/11/2019 21:11,0
28/11/2019 21:16,0
28/11/2019 21:21,0
28/11/2019 21:26,0
28/11/2019 21:31,0
28/11/2019 21:36,0
28/11/2019 21:41,0
28/11/2019 21:46,0
28/11/2019 21:51,0
28/11/2019 21:56,0
28/11/2019 22:01,0
28/11/2019 22:06,0
28/11/2019 22:11,0
28/11/2019 22:16,0
28/11/2019 22:21,0
28/11/2019 22:26,0
28/11/2019 22:31,0
28/11/2019 22:36,0
28/11/2019 22:41,0
28/11/2019 22:46,0
28/11/2019 22:51,0
28/11/2019 22:56,0
28/11/2019 23:01,0
28/11/2019 23:06,0
28/11/2019 23:11,0
28/11/2019 23:16,0
28/11/2019 23:21,0
28/11/2019 23:26,0
28/11/2019 23:31,0
28/11/2019 23:36,0
28/11/2019 23:41,0
28/11/2019 23:46,0
28/11/2019 23:51,0
28/11/2019 23:56,0
29/11/2019 00:01,0
29/11/2019 00:06,0
29/11/2019 00:11,0
29/11/2019 00:16,0
29/11/2019 00:21,0
29/11/2019 00:26,0
29/11/2019 00:31,0
29/11/2019 00:36,0
29/11/2019 00:41,0
29/11/2019 00:46,0
29/11/2019 00:51,0
29/11/2019 00:56,0
29/11/2019 01:01,0
29/11/2019 01:06,0
29/11/2019 01:11,0
29/11/2019 01:16,0
29/11/2019 01:21,0
29/11/2019 01:26,0
29/11/2019 01:31,0
29/11/2019 01:36,0
29/11/2019 01:41,0
29/11/2019 01:46,0
29/11/2019 01:51,0
29/11/2019 01:56,0
29/11/2019 02:01,0
29/11/2019 02:06,0
29/11/2019 02:11,0
29/11/2019 02:16,0
29/11/2019 02:21,0
29/11/2019 02:26,0
29/11/2019 02:31,0
29/11/2019 02:36,0
29/11/2019 02:41,0
29/11/2019 02:46,0
29/11/2019 02:51,0
29/11/2019 02:56,0
29/11/2019 03:01,0
29/11/2019 03:06,0
29/11/2019 03:11,0
29/11/2019 03:16,0
29/11/2019 03:21,0
29/11/2019 03:26,0
29/11/2019 03:31,0
29/11/2019 03:36,0
29/11/2019 03:41,0
29/11/2019 03:46,0
29/11/2019 03:51,0
29/11/2019 03:56,0
29/11/2019 04:01,0
29/11/2019 04:06,0
29/11/2019 04:11,0
29/11/2019 04:16,0
29/11/2019 04:21,0
29/11/2019 04:26,0
29/11/2019 04:31,0
29/11/2019 04:36,0
29/11/2019 04:41,0
29/11/2019 04:46,0
29/11/2019 04:51,0
29/11/2019 04:56,0
29/11/2019 05:01,0
29/11/2019 05:06,0
29/11/2019 05:11,0
29/11/2019 05:16,0
29/11/2019 05:21,0
29/11/2019 05:26,0
29/11/2019 05:31,0
29/11/2019 05:36,0
29/11/2019 05:41,0
29/11/2019 05:46,0
29/11/2019 05:51,0
29/11/2019 05:56,0
29/11/2019 06:01,0
29/11/2019 06:06,0
29/11/2019 06:11,0
29/11/2019 06:16,0
29/11/2019 06:21,0
29/11/2019 06:26,0
29/11/2019 06:31,0
29/11/2019 06:36,0
29/11/2019 06:41,0
29/11/2019 06:46,0
29/11/2019 06:51,0
29/11/2019 06:56,0
29/11/2019 07:01,0
29/11/2019 07:06,0
29/11/2019 07:11,0
29/11/2019 07:16,0
29/11/2019 07:21,0
29/11/2019 07:26,0
29/11/2019 07:31,0
29/11/2019 07:36,0
29/11/2019 07:41,0
29/11/2019 07:46,0
29/11/2019 07:51,0
29/11/2019 07:56,0
29/11/2019 08:01,0
29/11/2019 08:06,0
29/11/2019 08:11,0
29/11/2019 08:16,0
29/11/2019 08:21,0
29/11/2019 08:26,0
29/11/2019 08:31,0
29/11/2019 08:36,0
29/11/2019 08:41,0
29/11/2019 08:46,0
29/11/2019 08:51,0
29/11/2019 08:56,0
29/11/2019 09:01,0
29/11/2019 09:06,0
29/11/2019 09:11,0
29/11/2019 09:16,0
29/11/2019 09:21,0
29/11/2019 09:26,0
29/11/2019 09:31,0
29/11/2019 09:36,0
29/11/2019 09:41,0
29/11/2019 09:46,0
29/11/2019 09:51,0
29/11/2019 09:56,0
29/11/2019 10:01,0
29/11/2019 10:06,0
29/11/2019 10:11,0
29/11/2019 10:16,0
29/11/2019 10:21,0
29/11/2019 10:26,0
29/11/2019 10:31,0
29/11/2019 10:36,0
29/11/2019 10:41,0
29/11/2019 10:46,0
29/11/2019 10:51,0
29/11/2019 10:56,0
29/11/2019 11:01,0
29/11/2019 11:06,0
29/11/2019 11:11,0
29/11/2019 11:16,0
29/11/2019 11:21,0
29/11/2019 11:26,0
29/11/2019 11:31,0
29/11/2019 11:36,0
29/11/2019 11:41,0
29/11/2019 11:46,0
29/11/2019 11:51,0
29/11/2019 11:56,0
29/11/2019 12:01,0
29/11/2019 12:06,0
29/11/2019 12:11,0
29/11/2019 12:16,0
29/11/2019 12:21,0
29/11/2019 12:26,0
29/11/2019 12:31,0
29/11/2019 12:36,0
29/11/2019 12:41,0
29/11/2019 12:46,0
29/11/2019 12:51,0
29/11/2019 12:56,0
29/11/2019 13:01,0
29/11/2019 13:06,0
29/11/2019 13:11,0
29/11/2019 13:16,0
29/11/2019 13:21,0
29/11/2019 13:26,0
29/11/2019 13:31,0
29/11/2019 13:36,0
29/11/2019 13:41,0
29/11/2019 13:46,0
29/11/2019 13:51,0
29/11/2019 13:56,0
29/11/2019 14:01,0
29/11/2019 14:06,0
29/11/2019 14:11,0
29/11/2019 14:16,0
29/11/2019 14:21,0
29/11/2019 14:26,0
29/11/2019 14:31,0
29/11/2019 14:36,0
29/11/2019 14:41,0
29/11/2019 14:46,0
29/11/2019 14:51,0
29/11/2019 14:56,0
29/11/2019 15:01,0
29/11/2019 15:06,0
29/11/2019 15:11,0
29/11/2019 15:16,0
29/11/2019 15:21,0
29/11/2019 15:26,0
29/11/2019 15:31,0
29/11/2019 15:36,0
29/11/2019 15:41,0
29/11/2019 15:46,0
29/11/2019 15:51,0
29/11/2019 15:56,0
29/11/2019 16:01,0
29/11/2019 16:06,0
29/11/2019 16:11,0
29/11/2019 16:16,0
29/11/2019 16:21,0
29/11/2019 16:26,0
29/11/2019 16:31,0
29/11/2019 16:36,0
29/11/2019 16:41,0
29/11/2019 16:46,0
29/11/2019 16:51,0
29/11/2019 16:56,0
29/11/2019 17:01,0
29/11/2019 17:06,0
29/11/2019 17:11,0
29/11/2019 17:16,0
29/11/2019 17:21,0
29/11/2019 17:26,0
29/11/2019 17:31,0
29/11/2019 17:36,0
29/11/2019 17:41,0
29/11/2019 17:46,0
29/11/2019 17:51,0
29/11/2019 17:56,0
29/11/2019 18:01,0
29/11/2019 18:06,0
29/11/2019 18:11,0
29/11/2019 18:16,0
29/11/2019 18:21,0
29/11/2019 18:26,0
29/11/2019 18:31,0
29/11/2019 18:36,0
29/11/2019 18:41,0
29/11/2019 18:46,0
29/11/2019 18:51,0
29/11/2019 18:56,0
29/11/2019 19:01,0
29/11/2019 19:06,0
29/11/2019 19:11,0
29/11/2019 19:16,0
29/11/2019 19:21,0
29/11/2019 19:26,0
29/11/2019 19:31,0
29/11/2019 19:36,0
29/11/2019 19:41,0
29/11/2019 19:46,0
29/11/2019 19:51,0
29/11/2019 19:56,0
29/11/2019 20:01,0
29/11/2019 20:06,0
29/11/2019 20:11,0
29/11/2019 20:16,0
29/11/2019 20:21,0
29/11/2019 20:26,0
29/11/2019 20:31,0
29/11/2019 20:36,0
29/11/2019 20:41,0
29/11/2019 20:46,0
29/11/2019 20:51,0
29/11/2019 20:56,0
29/11/2019 21:01,0
29/11/2019 21:06,0
29/11/2019 21:11,0
29/11/2019 21:16,0
29/11/2019 21:21,0
29/11/2019 21:26,0
29/11/2019 21:31,0
29/11/2019 21:36,0
29/11/2019 21:41,0
29/11/2019 21:46,0
29/11/2019 21:51,0
29/11/2019 21:56,0
29/11/2019 22:01,0
29/11/2019 22:06,0
29/11/2019 22:11,0
29/11/2019 22:16,0
29/11/2019 22:21,0
29/11/2019 22:26,0
29/11/2019 22:31,0
29/11/2019 22:36,0
29/11/2019 22:41,0
29/11/2019 22:46,0
29/11/2019 22:51,0
29/11/2019 22:56,0
29/11/2019 23:01,0
29/11/2019 23:06,0
29/11/2019 23:11,0
29/11/2019 23:16,0
29/11/2019 23:21,0
29/11/2019 23:26,0
29/11/2019 23:31,0
29/11/2019 23:36,0
29/11/2019 23:41,0
29/11/2019 23:46,0
29/11/2019 23:51,0
29/11/2019 23:56,0
30/11/2019 00:01,0
30/11/2019 00:06,0
30/11/2019 00:11,0
30/11/2019 00:16,0
30/11/2019 00:21,0
30/11/2019 00:26,0
30/11/2019 00:31,0
30/11/2019 00:36,0
30/11/2019 00:41,0
30/11/2019 00:46,0
30/11/2019 00:51,0
30/11/2019 00:56,0
30/11/2019 01:01,0
30/11/2019 01:06,0
30/11/2019 01:11,0
30/11/2019 01:16,0
30/11/2019 01:21,0
30/11/2019 01:26,0
30/11/2019 01:31,0
30/11/2019 01:36,0
30/11/2019 01:41,0
30/11/2019 01:46,0
30/11/2019 01:51,0
30/11/2019 01:56,0
30/11/2019 02:01,0
30/11/2019 02:06,0
30/11/2019 02:11,0
30/11/2019 02:16,0
30/11/2019 02:21,0
30/11/2019 02:26,0
30/11/2019 02:31,0
30/11/2019 02:36,0
30/11/2019 02:41,0
30/11/2019 02:46,0
30/11/2019 02:51,0
30/11/2019 02:56,0
30/11/2019 03:01,0
30/11/2019 03:06,0
30/11/2019 03:11,0
30/11/2019 03:16,0
30/11/2019 03:21,0
30/11/2019 03:26,0
30/11/2019 03:31,0
30/11/2019 03:36,0
30/11/2019 03:41,0
30/11/2019 03:46,0
30/11/2019 03:51,0
30/11/2019 03:56,0
30/11/2019 04:01,0
30/11/2019 04:06,0
30/11/2019 04:11,0
30/11/2019 04:16,0
30/11/2019 04:21,0
30/11/2019 04:26,0
30/11/2019 04:31,0
30/11/2019 04:36,0
30/11/2019 04:41,0
30/11/2019 04:46,0
30/11/2019 04:51,0
30/11/2019 04:56,0
30/11/2019 05:01,0
30/11/2019 05:06,0
30/11/2019 05:11,0
30/11/2019 05:16,0
30/11/2019 05:21,0
30/11/2019 05:26,0
30/11/2019 05:31,0
30/11/2019 05:36,0
30/11/2019 05:41,0
30/11/2019 05:46,0
30/11/2019 05:51,0
30/11/2019 05:56,0
30/11/2019 06:01,0
30/11/2019 06:06,0
30/11/2019 06:11,0
30/11/2019 06:16,0
30/11/2019 06:21,0
30/11/2019 06:26,0
30/11/2019 06:31,0
30/11/2019 06:36,0
30/11/2019 06:41,0
30/11/2019 06:46,0
30/11/2019 06:51,0
30/11/2019 06:56,0
30/11/2019 07:01,0
30/11/2019 07:06,0
30/11/2019 07:11,0
30/11/2019 07:16,0
30/11/2019 07:21,0
30/11/2019 07:26,0
30/11/2019 07:31,0
30/11/2019 07:36,0
30/11/2019 07:41,0
30/11/2019 07:46,0
30/11/2019 07:51,0
30/11/2019 07:56,0
30/11/2019 08:01,0
30/11/2019 08:06,0
30/11/2019 08:11,0
30/11/2019 08:16,0
30/11/2019 08:21,0
30/11/2019 08:26,0
30/11/2019 08:31,0
30/11/2019 08:36,0
30/11/2019 08:41,0
30/11/2019 08:46,0
30/11/2019 08:51,0
30/11/2019 08:56,0
30/11/2019 09:01,0
30/11/2019 09:06,0
30/11/2019 09:11,0
30/11/2019 09:16,0
30/11/2019 09:21,0
30/11/2019 09:26,0
30/11/2019 09:31,0
30/11/2019 09:36,0
30/11/2019 09:41,0
30/11/2019 09:46,0
30/11/2019 09:51,0
30/11/2019 09:56,0
30/11/2019 10:01,0
30/11/2019 10:06,0
30/11/2019 10:11,0
30/11/2019 10:16,0
30/11/2019 10:21,0
30/11/2019 10:26,0
30/11/2019 10:31,0
30/11/2019 10:36,0
30/11/2019 10:41,0
30/11/2019 10:46,0
30/11/2019 10:51,0
30/11/2019 10:56,0
30/11/2019 11:01,0
30/11/2019 11:06,0
30/11/2019 11:11,0
30/11/2019 11:16,0
30/11/2019 11:21,0
30/11/2019 11:26,0
30/11/2019 11:31,0
30/11/2019 11:36,0
30/11/2019 11:41,0
30/11/2019 11:46,0
30/11/2019 11:51,0
30/11/2019 11:56,0
30/11/2019 12:01,0
30/11/2019 12:06,0
30/11/2019 12:11,0
30/11/2019 12:16,0
30/11/2019 12:21,0
30/11/2019 12:26,0
30/11/2019 12:31,0
30/11/2019 12:36,0
30/11/2019 12:41,0
30/11/2019 12:46,0
30/11/2019 12:51,0
30/11/2019 12:56,0
30/11/2019 13:01,0
30/11/2019 13:06,0
30/11/2019 13:11,0
30/11/2019 13:16,0
30/11/2019 13:21,0
30/11/2019 13:26,0
30/11/2019 13:31,0
30/11/2019 13:36,0
30/11/2019 13:41,0
30/11/2019 13:46,0
30/11/2019 13:51,0
30/11/2019 13:56,0
30/11/2019 14:01,0
30/11/2019 14:06,0
30/11/2019 14:11,0
30/11/2019 14:16,0
30/11/2019 14:21,0
30/11/2019 14:26,0
30/11/2019 14:31,0
30/11/2019 14:36,0
30/11/2019 14:41,0
30/11/2019 14:46,0
30/11/2019 14:51,0
30/11/2019 14:56,0
30/11/2019 15:01,0
30/11/2019 15:06,0
30/11/2019 15:11,0
30/11/2019 15:16,0
30/11/2019 15:21,0
30/11/2019 15:26,0
30/11/2019 15:31,0
30/11/2019 15:36,0
30/11/2019 15:41,0
30/11/2019 15:46,0
30/11/2019 15:51,0
30/11/2019 15:56,0
30/11/2019 16:01,0
30/11/2019 16:06,0
30/11/2019 16:11,0
30/11/2019 16:16,0
30/11/2019 16:21,0
30/11/2019 16:26,0
30/11/2019 16:31,0
30/11/2019 16:36,0
30/11/2019 16:41,0
30/11/2019 16:46,0
30/11/2019 16:51,0
30/11/2019 16:56,0
30/11/2019 17:01,0
30/11/2019 17:06,0
30/11/2019 17:11,0
30/11/2019 17:16,0
30/11/2019 17:21,0
30/11/2019 17:26,0
30/11/2019 17:31,0
30/11/2019 17:36,0
30/11/2019 17:41,0
30/11/2019 17:46,0
30/11/2019 17:51,0
30/11/2019 17:56,0
30/11/2019 18:01,0
30/11/2019 18:06,0
30/11/2019 18:11,0
30/11/2019 18:16,0
30/11/2019 18:21,0
30/11/2019 18:26,0
30/11/2019 18:31,0
30/11/2019 18:36,0
30/11/2019 18:41,0
30/11/2019 18:46,0
30/11/2019 18:51,0
30/11/2019 18:56,0
30/11/2019 19:01,0
30/11/2019 19:06,0
30/11/2019 19:11,0
30/11/2019 19:16,0
30/11/2019 19:21,0
30/11/2019 19:26,0
30/11/2019 19:31,0
30/11/2019 19:36,0
30/11/2019 19:41,0
30/11/2019 19:46,0
30/11/2019 19:51,0
30/11/2019 19:56,0
30/11/2019 20:01,0
30/11/2019 20:06,0
30/11/2019 20:11,0
30/11/2019 20:16,0
30/11/2019 20:21,0
30/11/2019 20:26,0
30/11/2019 20:31,0
30/11/2019 20:36,0
30/11/2019 20:41,0
30/11/2019 20:46,0
30/11/2019 20:51,0
30/11/2019 20:56,0
30/11/2019 21:01,0
30/11/2019 21:06,0
30/11/2019 21:11,0
30/11/2019 21:16,0
30/11/2019 21:21,0
30/11/2019 21:26,0
30/11/2019 21:31,0
30/11/2019 21:36,0
30/11/2019 21:41,0
30/11/2019 21:46,0
30/11/2019 21:51,0
30/11/2019 21:56,0
30/11/2019 22:01,0
30/11/2019 22:06,0
30/11/2019 22:11,0
30/11/2019 22:16,0
30/11/2019 22:21,0
30/11/2019 22:26,0
30/11/2019 22:31,0
30/11/2019 22:36,0
30/11/2019 22:41,0
30/11/2019 22:46,0
30/11/2019 22:51,0
30/11/2019 22:56,0
30/11/2019 23:01,0
30/11/2019 23:06,0
30/11/2019 23:11,0
30/11/2019 23:16,0
30/11/2019 23:21,0
30/11/2019 23:26,0
30/11/2019 23:31,0
30/11/2019 23:36,0
30/11/2019 23:41,0
30/11/2019 23:46,0
30/11/2019 23:51,0
30/11/2019 23:56,0
01/12/2019 00:01,0
01/12/2019 00:06,0
01/12/2019 00:11,0
01/12/2019 00:16,0
01/12/2019 00:21,0
01/12/2019 00:26,0
01/12/2019 00:31,0
01/12/2019 00:36,0
01/12/2019 00:41,0
01/12/2019 00:46,0
01/12/2019 00:51,0
01/12/2019 00:56,0
01/12/2019 01:01,0
01/12/2019 01:06,0
01/12/2019 01:11,0
01/12/2019 01:16,0
01/12/2019 01:21,0
01/12/2019 01:26,0
01/12/2019 01:31,0
01/12/2019 01:36,0
01/12/2019 01:41,0
01/12/2019 01:46,0
01/12/2019 01:51,0.354355665
01/12/2019 01:56,0
01/12/2019 02:01,0
01/12/2019 02:06,0
01/12/2019 02:11,0.354355665
01/12/2019 02:16,0
01/12/2019 02:21,0
01/12/2019 02:26,0
01/12/2019 02:31,0
01/12/2019 02:36,0
01/12/2019 02:41,0
01/12/2019 02:46,0
01/12/2019 02:51,0
01/12/2019 02:56,0
01/12/2019 03:01,0
01/12/2019 03:06,0
01/12/2019 03:11,0
01/12/2019 03:16,0
01/12/2019 03:21,0
01/12/2019 03:26,0
01/12/2019 03:31,0
01/12/2019 03:36,0
01/12/2019 03:41,0
01/12/2019 03:46,0
01/12/2019 03:51,0
01/12/2019 03:56,0
01/12/2019 04:01,0
01/12/2019 04:06,0
01/12/2019 04:11,0
01/12/2019 04:16,0
01/12/2019 04:21,0
01/12/2019 04:26,0
01/12/2019 04:31,0
01/12/2019 04:36,0
01/12/2019 04:41,0
01/12/2019 04:46,0
01/12/2019 04:51,0
01/12/2019 04:56,0
01/12/2019 05:01,0
01/12/2019 05:06,0
01/12/2019 05:11,0
01/12/2019 05:16,0
01/12/2019 05:21,0
01/12/2019 05:26,0
01/12/2019 05:31,0
01/12/2019 05:36,0
01/12/2019 05:41,0
01/12/2019 05:46,0
01/12/2019 05:51,0
01/12/2019 05:56,0
01/12/2019 06:01,0
01/12/2019 06:06,0
01/12/2019 06:11,0
01/12/2019 06:16,0
01/12/2019 06:21,0
01/12/2019 06:26,0
01/12/2019 06:31,0
01/12/2019 06:36,0
01/12/2019 06:41,0
01/12/2019 06:46,0
01/12/2019 06:51,0
01/12/2019 06:56,0
01/12/2019 07:01,0
01/12/2019 07:06,0
01/12/2019 07:11,0
01/12/2019 07:16,0
01/12/2019 07:21,0
01/12/2019 07:26,0
01/12/2019 07:31,0
01/12/2019 07:36,0
01/12/2019 07:41,0
01/12/2019 07:46,0
01/12/2019 07:51,0
01/12/2019 07:56,0
01/12/2019 08:01,0
01/12/2019 08:06,0
01/12/2019 08:11,0
01/12/2019 08:16,0
01/12/2019 08:21,0
01/12/2019 08:26,0
01/12/2019 08:31,0
01/12/2019 08:36,0
01/12/2019 08:41,0
01/12/2019 08:46,0
01/12/2019 08:51,0
01/12/2019 08:56,0
01/12/2019 09:01,0
01/12/2019 09:06,0
01/12/2019 09:11,0
01/12/2019 09:16,0
01/12/2019 09:21,0
01/12/2019 09:26,0
01/12/2019 09:31,0
01/12/2019 09:36,0
01/12/2019 09:41,0
01/12/2019 09:46,0
01/12/2019 09:51,0
01/12/2019 09:56,0
01/12/2019 10:01,0
01/12/2019 10:06,0
01/12/2019 10:11,0
01/12/2019 10:16,0
01/12/2019 10:21,0
01/12/2019 10:26,0
01/12/2019 10:31,0
01/12/2019 10:36,0
01/12/2019 10:41,0
01/12/2019 10:46,0
01/12/2019 10:51,0
01/12/2019 10:56,0
01/12/2019 11:01,0
01/12/2019 11:06,0
01/12/2019 11:11,0
01/12/2019 11:16,0
01/12/2019 11:21,0
01/12/2019 11:26,0
01/12/2019 11:31,0
01/12/2019 11:36,0
01/12/2019 11:41,0
01/12/2019 11:46,0
01/12/2019 11:51,0
01/12/2019 11:56,0
01/12/2019 12:01,0
01/12/2019 12:06,0
01/12/2019 12:11,0
01/12/2019 12:16,0
01/12/2019 12:21,0
01/12/2019 12:26,0
01/12/2019 12:31,0
01/12/2019 12:36,0
01/12/2019 12:41,0
01/12/2019 12:46,0
01/12/2019 12:51,0
01/12/2019 12:56,0
01/12/2019 13:01,0
01/12/2019 13:06,0
01/12/2019 13:11,0
01/12/2019 13:16,0
01/12/2019 13:21,0
01/12/2019 13:26,0
01/12/2019 13:31,0
01/12/2019 13:36,0
01/12/2019 13:41,0
01/12/2019 13:46,0
01/12/2019 13:51,0
01/12/2019 13:56,0
01/12/2019 14:01,0
01/12/2019 14:06,0
01/12/2019 14:11,0
01/12/2019 14:16,0
01/12/2019 14:21,0
01/12/2019 14:26,0
01/12/2019 14:31,0
01/12/2019 14:36,0
01/12/2019 14:41,0
01/12/2019 14:46,0
01/12/2019 14:51,0
01/12/2019 14:56,0
01/12/2019 15:01,0
01/12/2019 15:06,0
01/12/2019 15:11,0
01/12/2019 15:16,0
01/12/2019 15:21,0
01/12/2019 15:26,0
01/12/2019 15:31,0
01/12/2019 15:36,0
01/12/2019 15:41,0
01/12/2019 15:46,0
01/12/2019 15:51,0
01/12/2019 15:56,0
01/12/2019 16:01,0
01/12/2019 16:06,0
01/12/2019 16:11,0
01/12/2019 16:16,0
01/12/2019 16:21,0
01/12/2019 16:26,0
01/12/2019 16:31,0
01/12/2019 16:36,0
01/12/2019 16:41,0
01/12/2019 16:46,0
01/12/2019 16:51,0
01/12/2019 16:56,0
01/12/2019 17:01,0
01/12/2019 17:06,0
01/12/2019 17:11,0
01/12/2019 17:16,0
01/12/2019 17:21,0
01/12/2019 17:26,0
01/12/2019 17:31,0
01/12/2019 17:36,0
01/12/2019 17:41,0
01/12/2019 17:46,0
01/12/2019 17:51,0
01/12/2019 17:56,0
01/12/2019 18:01,0
01/12/2019 18:06,0
01/12/2019 18:11,0
01/12/2019 18:16,0
01/12/2019 18:21,0
01/12/2019 18:26,0
01/12/2019 18:31,0
01/12/2019 18:36,0
01/12/2019 18:41,0
01/12/2019 18:46,0
01/12/2019 18:51,0
01/12/2019 18:56,0
01/12/2019 19:01,0
01/12/2019 19:06,0
01/12/2019 19:11,0
01/12/2019 19:16,0
01/12/2019 19:21,0
01/12/2019 19:26,0
01/12/2019 19:31,0
01/12/2019 19:36,0
01/12/2019 19:41,0
01/12/2019 19:46,0
01/12/2019 19:51,0
01/12/2019 19:56,0
01/12/2019 20:01,0
01/12/2019 20:06,0
01/12/2019 20:11,0
01/12/2019 20:16,0
01/12/2019 20:21,0
01/12/2019 20:26,0
01/12/2019 20:31,0
01/12/2019 20:36,0
01/12/2019 20:41,0
01/12/2019 20:46,0
01/12/2019 20:51,0
01/12/2019 20:56,0
01/12/2019 21:01,0
01/12/2019 21:06,0
01/12/2019 21:11,0
01/12/2019 21:16,0
01/12/2019 21:21,0
01/12/2019 21:26,0
01/12/2019 21:31,0
01/12/2019 21:36,0
01/12/2019 21:41,0
01/12/2019 21:46,0
01/12/2019 21:51,0
01/12/2019 21:56,0
01/12/2019 22:01,0
01/12/2019 22:06,0
01/12/2019 22:11,0
01/12/2019 22:16,0
01/12/2019 22:21,0
01/12/2019 22:26,0
01/12/2019 22:31,0
01/12/2019 22:36,0
01/12/2019 22:41,0
01/12/2019 22:46,0
01/12/2019 22:51,0
01/12/2019 22:56,0
01/12/2019 23:01,0
01/12/2019 23:06,0
01/12/2019 23:11,0
01/12/2019 23:16,0
01/12/2019 23:21,0
01/12/2019 23:26,0
01/12/2019 23:31,0
01/12/2019 23:36,0
01/12/2019 23:41,0
01/12/2019 23:46,0
01/12/2019 23:51,0
01/12/2019 23:56,0
02/12/2019 00:01,0
02/12/2019 00:06,0
02/12/2019 00:11,0
02/12/2019 00:16,0
02/12/2019 00:21,0
02/12/2019 00:26,0
02/12/2019 00:31,0
02/12/2019 00:36,0
02/12/2019 00:41,0
02/12/2019 00:46,0
02/12/2019 00:51,0
02/12/2019 00:56,0
02/12/2019 01:01,0
02/12/2019 01:06,0
02/12/2019 01:11,0
02/12/2019 01:16,0
02/12/2019 01:21,0
02/12/2019 01:26,0
02/12/2019 01:31,0
02/12/2019 01:36,0
02/12/2019 01:41,0
02/12/2019 01:46,0
02/12/2019 01:51,0
02/12/2019 01:56,0
02/12/2019 02:01,0
02/12/2019 02:06,0
02/12/2019 02:11,0
02/12/2019 02:16,0
02/12/2019 02:21,0
02/12/2019 02:26,0
02/12/2019 02:31,0
02/12/2019 02:36,0
02/12/2019 02:41,0
02/12/2019 02:46,0
02/12/2019 02:51,0
02/12/2019 02:56,0
02/12/2019 03:01,0
02/12/2019 03:06,0
02/12/2019 03:11,0
02/12/2019 03:16,0
02/12/2019 03:21,0
02/12/2019 03:26,0
02/12/2019 03:31,0
02/12/2019 03:36,0
02/12/2019 03:41,0
02/12/2019 03:46,0
02/12/2019 03:51,0
02/12/2019 03:56,0
02/12/2019 04:01,0
02/12/2019 04:06,0
02/12/2019 04:11,0
02/12/2019 04:16,0
02/12/2019 04:21,0
02/12/2019 04:26,0
02/12/2019 04:31,0
02/12/2019 04:36,0
02/12/2019 04:41,0
02/12/2019 04:46,0
02/12/2019 04:51,0
02/12/2019 04:56,0
02/12/2019 05:01,0
02/12/2019 05:06,0
02/12/2019 05:11,0
02/12/2019 05:16,0
02/12/2019 05:21,0
02/12/2019 05:26,0
02/12/2019 05:31,0
02/12/2019 05:36,0
02/12/2019 05:41,0
02/12/2019 05:46,0
02/12/2019 05:51,0
02/12/2019 05:56,0
02/12/2019 06:01,0
02/12/2019 06:06,0
02/12/2019 06:11,0
02/12/2019 06:16,0
02/12/2019 06:21,0
02/12/2019 06:26,0
02/12/2019 06:31,0
02/12/2019 06:36,0
02/12/2019 06:41,0
02/12/2019 06:46,0
02/12/2019 06:51,0
02/12/2019 06:56,0
02/12/2019 07:01,0
02/12/2019 07:06,0
02/12/2019 07:11,0
02/12/2019 07:16,0
02/12/2019 07:21,0
02/12/2019 07:26,0
02/12/2019 07:31,0
02/12/2019 07:36,0
02/12/2019 07:41,0
02/12/2019 07:46,0
02/12/2019 07:51,0
02/12/2019 07:56,0
02/12/2019 08:01,0
02/12/2019 08:06,0
02/12/2019 08:11,0
02/12/2019 08:16,0
02/12/2019 08:21,0
02/12/2019 08:26,0
02/12/2019 08:31,0
02/12/2019 08:36,0
02/12/2019 08:41,0
02/12/2019 08:46,0
02/12/2019 08:51,0
02/12/2019 08:56,0
02/12/2019 09:01,0
02/12/2019 09:06,0
02/12/2019 09:11,0
02/12/2019 09:16,0
02/12/2019 09:21,0
02/12/2019 09:26,0
02/12/2019 09:31,0
02/12/2019 09:36,0
02/12/2019 09:41,0
02/12/2019 09:46,0
02/12/2019 09:51,0
02/12/2019 09:56,0
02/12/2019 10:01,0
02/12/2019 10:06,0
02/12/2019 10:11,0
02/12/2019 10:16,0
02/12/2019 10:21,0
02/12/2019 10:26,0
02/12/2019 10:31,0
02/12/2019 10:36,0
02/12/2019 10:41,0
02/12/2019 10:46,0
02/12/2019 10:51,0
02/12/2019 10:56,0
02/12/2019 11:01,0
02/12/2019 11:06,0
02/12/2019 11:11,0
02/12/2019 11:16,0
02/12/2019 11:21,0
02/12/2019 11:26,0
02/12/2019 11:31,0
02/12/2019 11:36,0
02/12/2019 11:41,0
02/12/2019 11:46,0
02/12/2019 11:51,0
02/12/2019 11:56,0
02/12/2019 12:01,0
02/12/2019 12:06,0
02/12/2019 12:11,0
02/12/2019 12:16,0
02/12/2019 12:21,0
02/12/2019 12:26,0
02/12/2019 12:31,0
02/12/2019 12:36,0
02/12/2019 12:41,0
02/12/2019 12:46,0
02/12/2019 12:51,0
02/12/2019 12:56,0
02/12/2019 13:01,0
02/12/2019 13:06,0
02/12/2019 13:11,0
02/12/2019 13:16,0
02/12/2019 13:21,0
02/12/2019 13:26,0
02/12/2019 13:31,0
02/12/2019 13:36,0
02/12/2019 13:41,0
02/12/2019 13:46,0
02/12/2019 13:51,0
02/12/2019 13:56,0
02/12/2019 14:01,0
02/12/2019 14:06,0
02/12/2019 14:11,0
02/12/2019 14:16,0
02/12/2019 14:21,0
02/12/2019 14:26,0
02/12/2019 14:31,0
02/12/2019 14:36,0
02/12/2019 14:41,0
02/12/2019 14:46,0
02/12/2019 14:51,0
02/12/2019 14:56,0
02/12/2019 15:01,0
02/12/2019 15:06,0
02/12/2019 15:11,0
02/12/2019 15:16,0
02/12/2019 15:21,0
02/12/2019 15:26,0
02/12/2019 15:31,0
02/12/2019 15:36,0
02/12/2019 15:41,0
02/12/2019 15:46,0
02/12/2019 15:51,0
02/12/2019 15:56,0
02/12/2019 16:01,0.354355665
02/12/2019 16:06,1.771778326
02/12/2019 16:11,0.354355665
02/12/2019 16:16,0
02/12/2019 16:21,0
02/12/2019 16:26,0
02/12/2019 16:31,0
02/12/2019 16:36,0.70871133
02/12/2019 16:41,2.834845321
02/12/2019 16:46,2.126133991
02/12/2019 16:51,0.70871133
02/12/2019 16:56,0.70871133
02/12/2019 17:01,0.70871133
02/12/2019 17:06,0.70871133
02/12/2019 17:11,0
02/12/2019 17:16,0.354355665
02/12/2019 17:21,0
02/12/2019 17:26,0
02/12/2019 17:31,0
02/12/2019 17:36,0
02/12/2019 17:41,0
02/12/2019 17:46,0
02/12/2019 17:51,0
02/12/2019 17:56,0
02/12/2019 18:01,0
02/12/2019 18:06,0
02/12/2019 18:11,0
02/12/2019 18:16,0
02/12/2019 18:21,0
02/12/2019 18:26,0
02/12/2019 18:31,0
02/12/2019 18:36,0
02/12/2019 18:41,0
02/12/2019 18:46,0
02/12/2019 18:51,0
02/12/2019 18:56,0
02/12/2019 19:01,0
02/12/2019 19:06,0
02/12/2019 19:11,0
02/12/2019 19:16,0
02/12/2019 19:21,0
02/12/2019 19:26,0
02/12/2019 19:31,0
02/12/2019 19:36,0
02/12/2019 19:41,0
02/12/2019 19:46,0
02/12/2019 19:51,0
02/12/2019 19:56,0
02/12/2019 20:01,0
02/12/2019 20:06,0
02/12/2019 20:11,0
02/12/2019 20:16,0
02/12/2019 20:21,0
02/12/2019 20:26,0
02/12/2019 20:31,0
02/12/2019 20:36,0
02/12/2019 20:41,0
02/12/2019 20:46,0
02/12/2019 20:51,0
02/12/2019 20:56,0
02/12/2019 21:01,0
02/12/2019 21:06,0
02/12/2019 21:11,0
02/12/2019 21:16,0
02/12/2019 21:21,0
02/12/2019 21:26,0
02/12/2019 21:31,0
02/12/2019 21:36,0
02/12/2019 21:41,0
02/12/2019 21:46,0
02/12/2019 21:51,0
02/12/2019 21:56,0
02/12/2019 22:01,0
02/12/2019 22:06,0
02/12/2019 22:11,0
02/12/2019 22:16,0
02/12/2019 22:21,0
02/12/2019 22:26,0
02/12/2019 22:31,0
02/12/2019 22:36,0
02/12/2019 22:41,0
02/12/2019 22:46,0
02/12/2019 22:51,0
02/12/2019 22:56,0
02/12/2019 23:01,0
02/12/2019 23:06,0
02/12/2019 23:11,0
02/12/2019 23:16,0
02/12/2019 23:21,0
02/12/2019 23:26,0
02/12/2019 23:31,0
02/12/2019 23:36,0
02/12/2019 23:41,0
02/12/2019 23:46,0
02/12/2019 23:51,0
02/12/2019 23:56,0
03/12/2019 00:01,0
03/12/2019 00:06,0
03/12/2019 00:11,0
03/12/2019 00:16,0
03/12/2019 00:21,0
03/12/2019 00:26,0
03/12/2019 00:31,0
03/12/2019 00:36,0
03/12/2019 00:41,0
03/12/2019 00:46,0
03/12/2019 00:51,0
03/12/2019 00:56,0
03/12/2019 01:01,0
03/12/2019 01:06,0
03/12/2019 01:11,0
03/12/2019 01:16,0
03/12/2019 01:21,0
03/12/2019 01:26,0
03/12/2019 01:31,0
03/12/2019 01:36,0
03/12/2019 01:41,0
03/12/2019 01:46,0
03/12/2019 01:51,0
03/12/2019 01:56,0
03/12/2019 02:01,0
03/12/2019 02:06,0
03/12/2019 02:11,0
03/12/2019 02:16,0
03/12/2019 02:21,0
03/12/2019 02:26,0
03/12/2019 02:31,0
03/12/2019 02:36,0
03/12/2019 02:41,0
03/12/2019 02:46,0
03/12/2019 02:51,0
03/12/2019 02:56,0
03/12/2019 03:01,0
03/12/2019 03:06,0
03/12/2019 03:11,0
03/12/2019 03:16,0
03/12/2019 03:21,0
03/12/2019 03:26,0
03/12/2019 03:31,0
03/12/2019 03:36,0
03/12/2019 03:41,0
03/12/2019 03:46,0
03/12/2019 03:51,0
03/12/2019 03:56,0
03/12/2019 04:01,0
03/12/2019 04:06,0
03/12/2019 04:11,0
03/12/2019 04:16,0
03/12/2019 04:21,0
03/12/2019 04:26,0
03/12/2019 04:31,0
03/12/2019 04:36,0
03/12/2019 04:41,0
03/12/2019 04:46,0
03/12/2019 04:51,0
03/12/2019 04:56,0
03/12/2019 05:01,0
03/12/2019 05:06,0
03/12/2019 05:11,0
03/12/2019 05:16,0
03/12/2019 05:21,0
03/12/2019 05:26,0
03/12/2019 05:31,0
03/12/2019 05:36,0
03/12/2019 05:41,0
03/12/2019 05:46,0
03/12/2019 05:51,0
03/12/2019 05:56,0
03/12/2019 06:01,0
03/12/2019 06:06,0
03/12/2019 06:11,0
03/12/2019 06:16,0
03/12/2019 06:21,0
03/12/2019 06:26,0
03/12/2019 06:31,0
03/12/2019 06:36,0
03/12/2019 06:41,0
03/12/2019 06:46,0
03/12/2019 06:51,0
03/12/2019 06:56,0
03/12/2019 07:01,0
03/12/2019 07:06,0
03/12/2019 07:11,0
03/12/2019 07:16,0
03/12/2019 07:21,0
03/12/2019 07:26,0
03/12/2019 07:31,0
03/12/2019 07:36,0
03/12/2019 07:41,0
03/12/2019 07:46,0
03/12/2019 07:51,0
03/12/2019 07:56,0
03/12/2019 08:01,0
03/12/2019 08:06,0
03/12/2019 08:11,0
03/12/2019 08:16,0
03/12/2019 08:21,0
03/12/2019 08:26,0
03/12/2019 08:31,0
03/12/2019 08:36,0
03/12/2019 08:41,0
03/12/2019 08:46,0
03/12/2019 08:51,0
03/12/2019 08:56,0
03/12/2019 09:01,0
03/12/2019 09:06,0
03/12/2019 09:11,0
03/12/2019 09:16,0
03/12/2019 09:21,0
03/12/2019 09:26,0
03/12/2019 09:31,0
03/12/2019 09:36,0
03/12/2019 09:41,0
03/12/2019 09:46,0
03/12/2019 09:51,0
03/12/2019 09:56,0
03/12/2019 10:01,0
03/12/2019 10:06,0
03/12/2019 10:11,0
03/12/2019 10:16,0
03/12/2019 10:21,0
03/12/2019 10:26,0
03/12/2019 10:31,0
03/12/2019 10:36,0
03/12/2019 10:41,0
03/12/2019 10:46,0
03/12/2019 10:51,0
03/12/2019 10:56,0
03/12/2019 11:01,0
03/12/2019 11:06,0
03/12/2019 11:11,0
03/12/2019 11:16,0
03/12/2019 11:21,0
03/12/2019 11:26,0
03/12/2019 11:31,0
03/12/2019 11:36,0
03/12/2019 11:41,0
03/12/2019 11:46,0
03/12/2019 11:51,0
03/12/2019 11:56,0
03/12/2019 12:01,0
03/12/2019 12:06,0
03/12/2019 12:11,0
03/12/2019 12:16,0
03/12/2019 12:21,0
03/12/2019 12:26,0
03/12/2019 12:31,0
03/12/2019 12:36,0
03/12/2019 12:41,0
03/12/2019 12:46,0
03/12/2019 12:51,0
03/12/2019 12:56,0
03/12/2019 13:01,0
03/12/2019 13:06,0
03/12/2019 13:11,0
03/12/2019 13:16,0.354355665
03/12/2019 13:21,0
03/12/2019 13:26,0
03/12/2019 13:31,0
03/12/2019 13:36,0
03/12/2019 13:41,0
03/12/2019 13:46,0
03/12/2019 13:51,0
03/12/2019 13:56,0
03/12/2019 14:01,0
03/12/2019 14:06,0
03/12/2019 14:11,0
03/12/2019 14:16,0
03/12/2019 14:21,0
03/12/2019 14:26,0
03/12/2019 14:31,0
03/12/2019 14:36,0
03/12/2019 14:41,0
03/12/2019 14:46,0
03/12/2019 14:51,0
03/12/2019 14:56,0
03/12/2019 15:01,0
03/12/2019 15:06,0
03/12/2019 15:11,0
03/12/2019 15:16,0
03/12/2019 15:21,0
03/12/2019 15:26,0
03/12/2019 15:31,0
03/12/2019 15:36,0
03/12/2019 15:41,0
03/12/2019 15:46,0
03/12/2019 15:51,0
03/12/2019 15:56,0
03/12/2019 16:01,0
03/12/2019 16:06,0
03/12/2019 16:11,0
03/12/2019 16:16,0
03/12/2019 16:21,0
03/12/2019 16:26,0
03/12/2019 16:31,0
03/12/2019 16:36,0
03/12/2019 16:41,0
03/12/2019 16:46,0
03/12/2019 16:51,0
03/12/2019 16:56,0
03/12/2019 17:01,0
03/12/2019 17:06,0
03/12/2019 17:11,0
03/12/2019 17:16,0
03/12/2019 17:21,0
03/12/2019 17:26,0
03/12/2019 17:31,0
03/12/2019 17:36,0
03/12/2019 17:41,0
03/12/2019 17:46,0
03/12/2019 17:51,0
03/12/2019 17:56,0
03/12/2019 18:01,0
03/12/2019 18:06,0
03/12/2019 18:11,0
03/12/2019 18:16,0
03/12/2019 18:21,0
03/12/2019 18:26,0
03/12/2019 18:31,0
03/12/2019 18:36,0
03/12/2019 18:41,0
03/12/2019 18:46,0
03/12/2019 18:51,0
03/12/2019 18:56,0
03/12/2019 19:01,0
03/12/2019 19:06,0
03/12/2019 19:11,0
03/12/2019 19:16,0
03/12/2019 19:21,0
03/12/2019 19:26,0
03/12/2019 19:31,0
03/12/2019 19:36,0
03/12/2019 19:41,0
03/12/2019 19:46,0
03/12/2019 19:51,0
03/12/2019 19:56,0
03/12/2019 20:01,0
03/12/2019 20:06,0
03/12/2019 20:11,0
03/12/2019 20:16,0
03/12/2019 20:21,0
03/12/2019 20:26,0
03/12/2019 20:31,0
03/12/2019 20:36,0
03/12/2019 20:41,0
03/12/2019 20:46,0
03/12/2019 20:51,0
03/12/2019 20:56,0
03/12/2019 21:01,0
03/12/2019 21:06,0
03/12/2019 21:11,0
03/12/2019 21:16,0
03/12/2019 21:21,0
03/12/2019 21:26,0
03/12/2019 21:31,0
03/12/2019 21:36,0
03/12/2019 21:41,0
03/12/2019 21:46,0
03/12/2019 21:51,0
03/12/2019 21:56,0
03/12/2019 22:01,0
03/12/2019 22:06,0
03/12/2019 22:11,0
03/12/2019 22:16,0
03/12/2019 22:21,0
03/12/2019 22:26,0
03/12/2019 22:31,0
03/12/2019 22:36,0
03/12/2019 22:41,0
03/12/2019 22:46,0
03/12/2019 22:51,0
03/12/2019 22:56,0
03/12/2019 23:01,0
03/12/2019 23:06,0
03/12/2019 23:11,0
03/12/2019 23:16,0
03/12/2019 23:21,0
03/12/2019 23:26,0
03/12/2019 23:31,0
03/12/2019 23:36,0
03/12/2019 23:41,0
03/12/2019 23:46,0
03/12/2019 23:51,0
03/12/2019 23:56,0
04/12/2019 00:01,0
04/12/2019 00:06,0
04/12/2019 00:11,0
04/12/2019 00:16,0
04/12/2019 00:21,0
04/12/2019 00:26,0
04/12/2019 00:31,0
04/12/2019 00:36,0
04/12/2019 00:41,0
04/12/2019 00:46,0
04/12/2019 00:51,0
04/12/2019 00:56,0
04/12/2019 01:01,0
04/12/2019 01:06,0
04/12/2019 01:11,0
04/12/2019 01:16,0
04/12/2019 01:21,0
04/12/2019 01:26,0
04/12/2019 01:31,0
04/12/2019 01:36,0
04/12/2019 01:41,0
04/12/2019 01:46,0
04/12/2019 01:51,0
04/12/2019 01:56,0
04/12/2019 02:01,0
04/12/2019 02:06,0
04/12/2019 02:11,0
04/12/2019 02:16,0
04/12/2019 02:21,0
04/12/2019 02:26,0
04/12/2019 02:31,0
04/12/2019 02:36,0
04/12/2019 02:41,0
04/12/2019 02:46,0
04/12/2019 02:51,0
04/12/2019 02:56,0
04/12/2019 03:01,0
04/12/2019 03:06,0
04/12/2019 03:11,0
04/12/2019 03:16,0
04/12/2019 03:21,0
04/12/2019 03:26,0
04/12/2019 03:31,0
04/12/2019 03:36,0
04/12/2019 03:41,0
04/12/2019 03:46,0
04/12/2019 03:51,0
04/12/2019 03:56,0
04/12/2019 04:01,0
04/12/2019 04:06,0
04/12/2019 04:11,0
04/12/2019 04:16,0
04/12/2019 04:21,0
04/12/2019 04:26,0
04/12/2019 04:31,0
04/12/2019 04:36,0
04/12/2019 04:41,0
04/12/2019 04:46,0
04/12/2019 04:51,0
04/12/2019 04:56,0
04/12/2019 05:01,0
04/12/2019 05:06,0
04/12/2019 05:11,0
04/12/2019 05:16,0
04/12/2019 05:21,0
04/12/2019 05:26,0
04/12/2019 05:31,0
04/12/2019 05:36,0
04/12/2019 05:41,0
04/12/2019 05:46,0
04/12/2019 05:51,0
04/12/2019 05:56,0
04/12/2019 06:01,0
04/12/2019 06:06,0
04/12/2019 06:11,0
04/12/2019 06:16,0
04/12/2019 06:21,0
04/12/2019 06:26,0
04/12/2019 06:31,0
04/12/2019 06:36,0
04/12/2019 06:41,0
04/12/2019 06:46,0
04/12/2019 06:51,0
04/12/2019 06:56,0
04/12/2019 07:01,0
04/12/2019 07:06,0
04/12/2019 07:11,0
04/12/2019 07:16,0
04/12/2019 07:21,0
04/12/2019 07:26,0
04/12/2019 07:31,0
04/12/2019 07:36,0
04/12/2019 07:41,0
04/12/2019 07:46,0
04/12/2019 07:51,0
04/12/2019 07:56,0
04/12/2019 08:01,0
04/12/2019 08:06,0
04/12/2019 08:11,0
04/12/2019 08:16,0
04/12/2019 08:21,0
04/12/2019 08:26,0
04/12/2019 08:31,0
04/12/2019 08:36,0
04/12/2019 08:41,0
04/12/2019 08:46,0
04/12/2019 08:51,0
04/12/2019 08:56,0
04/12/2019 09:01,0
04/12/2019 09:06,0
04/12/2019 09:11,0
04/12/2019 09:16,0
04/12/2019 09:21,0
04/12/2019 09:26,0
04/12/2019 09:31,0
04/12/2019 09:36,0
04/12/2019 09:41,0
04/12/2019 09:46,0
04/12/2019 09:51,0
04/12/2019 09:56,0
04/12/2019 10:01,0
04/12/2019 10:06,0
04/12/2019 10:11,0
04/12/2019 10:16,0
04/12/2019 10:21,0
04/12/2019 10:26,0
04/12/2019 10:31,0
04/12/2019 10:36,0
04/12/2019 10:41,0
04/12/2019 10:46,0
04/12/2019 10:51,0
04/12/2019 10:56,0
04/12/2019 11:01,0
04/12/2019 11:06,0
04/12/2019 11:11,0
04/12/2019 11:16,0
04/12/2019 11:21,0
04/12/2019 11:26,0
04/12/2019 11:31,0
04/12/2019 11:36,0
04/12/2019 11:41,0
04/12/2019 11:46,0
04/12/2019 11:51,0
04/12/2019 11:56,0
04/12/2019 12:01,0
04/12/2019 12:06,0
04/12/2019 12:11,0
04/12/2019 12:16,0
04/12/2019 12:21,0
04/12/2019 12:26,0
04/12/2019 12:31,0
04/12/2019 12:36,0
04/12/2019 12:41,0
04/12/2019 12:46,0
04/12/2019 12:51,0
04/12/2019 12:56,0
04/12/2019 13:01,0
04/12/2019 13:06,0
04/12/2019 13:11,0
04/12/2019 13:16,0
04/12/2019 13:21,0
04/12/2019 13:26,0
04/12/2019 13:31,0
04/12/2019 13:36,0
04/12/2019 13:41,0
04/12/2019 13:46,0
04/12/2019 13:51,0
04/12/2019 13:56,0
04/12/2019 14:01,0
04/12/2019 14:06,0
04/12/2019 14:11,0
04/12/2019 14:16,0
04/12/2019 14:21,0
04/12/2019 14:26,0
04/12/2019 14:31,0
04/12/2019 14:36,0
04/12/2019 14:41,0
04/12/2019 14:46,0
04/12/2019 14:51,0
04/12/2019 14:56,0
04/12/2019 15:01,0
04/12/2019 15:06,0
04/12/2019 15:11,0
04/12/2019 15:16,0
04/12/2019 15:21,0
04/12/2019 15:26,0
04/12/2019 15:31,0
04/12/2019 15:36,0
04/12/2019 15:41,0
04/12/2019 15:46,0
04/12/2019 15:51,0
04/12/2019 15:56,0
04/12/2019 16:01,0
04/12/2019 16:06,0
04/12/2019 16:11,0
04/12/2019 16:16,0
04/12/2019 16:21,0
04/12/2019 16:26,0
04/12/2019 16:31,0
04/12/2019 16:36,0
04/12/2019 16:41,0
04/12/2019 16:46,0
04/12/2019 16:51,0
04/12/2019 16:56,0
04/12/2019 17:01,0
04/12/2019 17:06,0
04/12/2019 17:11,0
04/12/2019 17:16,0
04/12/2019 17:21,0
04/12/2019 17:26,0
04/12/2019 17:31,0.70871133
04/12/2019 17:36,0
04/12/2019 17:41,0
04/12/2019 17:46,0
04/12/2019 17:51,0
04/12/2019 17:56,0
04/12/2019 18:01,0
04/12/2019 18:06,0
04/12/2019 18:11,0
04/12/2019 18:16,0
04/12/2019 18:21,0
04/12/2019 18:26,0
04/12/2019 18:31,0
04/12/2019 18:36,0
04/12/2019 18:41,0
04/12/2019 18:46,0
04/12/2019 18:51,0
04/12/2019 18:56,0
04/12/2019 19:01,0
04/12/2019 19:06,0
04/12/2019 19:11,0
04/12/2019 19:16,0
04/12/2019 19:21,0
04/12/2019 19:26,0
04/12/2019 19:31,0
04/12/2019 19:36,0
04/12/2019 19:41,0
04/12/2019 19:46,0
04/12/2019 19:51,0
04/12/2019 19:56,0
04/12/2019 20:01,0
04/12/2019 20:06,0
04/12/2019 20:11,0
04/12/2019 20:16,0
04/12/2019 20:21,0
04/12/2019 20:26,0
04/12/2019 20:31,0
04/12/2019 20:36,0
04/12/2019 20:41,0
04/12/2019 20:46,0
04/12/2019 20:51,0
04/12/2019 20:56,0
04/12/2019 21:01,0
04/12/2019 21:06,0
04/12/2019 21:11,0
04/12/2019 21:16,0
04/12/2019 21:21,0
04/12/2019 21:26,0
04/12/2019 21:31,0
04/12/2019 21:36,0
04/12/2019 21:41,0
04/12/2019 21:46,0
04/12/2019 21:51,0
04/12/2019 21:56,0
04/12/2019 22:01,0
04/12/2019 22:06,0
04/12/2019 22:11,0
04/12/2019 22:16,0
04/12/2019 22:21,0
04/12/2019 22:26,0
04/12/2019 22:31,0
04/12/2019 22:36,0
04/12/2019 22:41,0
04/12/2019 22:46,0
04/12/2019 22:51,0
04/12/2019 22:56,0
04/12/2019 23:01,0
04/12/2019 23:06,0
04/12/2019 23:11,0
04/12/2019 23:16,0
04/12/2019 23:21,0
04/12/2019 23:26,0
04/12/2019 23:31,0
04/12/2019 23:36,0
04/12/2019 23:41,0
04/12/2019 23:46,0
04/12/2019 23:51,0
04/12/2019 23:56,0
05/12/2019 00:01,0
05/12/2019 00:06,0
05/12/2019 00:11,0
05/12/2019 00:16,0
05/12/2019 00:21,0
05/12/2019 00:26,0
05/12/2019 00:31,0
05/12/2019 00:36,0
05/12/2019 00:41,0
05/12/2019 00:46,0
05/12/2019 00:51,0
05/12/2019 00:56,0
05/12/2019 01:01,0
05/12/2019 01:06,0
05/12/2019 01:11,0
05/12/2019 01:16,0
05/12/2019 01:21,0
05/12/2019 01:26,0
05/12/2019 01:31,0
05/12/2019 01:36,0
05/12/2019 01:41,0
05/12/2019 01:46,0
05/12/2019 01:51,0
05/12/2019 01:56,0
05/12/2019 02:01,0
05/12/2019 02:06,0
05/12/2019 02:11,0
05/12/2019 02:16,0
05/12/2019 02:21,0
05/12/2019 02:26,0
05/12/2019 02:31,0
05/12/2019 02:36,0
05/12/2019 02:41,0
05/12/2019 02:46,0
05/12/2019 02:51,0
05/12/2019 02:56,0
05/12/2019 03:01,0
05/12/2019 03:06,0
05/12/2019 03:11,0
05/12/2019 03:16,0
05/12/2019 03:21,0
05/12/2019 03:26,0
05/12/2019 03:31,0
05/12/2019 03:36,0
05/12/2019 03:41,0
05/12/2019 03:46,0
05/12/2019 03:51,0
05/12/2019 03:56,0
05/12/2019 04:01,0
05/12/2019 04:06,0
05/12/2019 04:11,0
05/12/2019 04:16,0
05/12/2019 04:21,0
05/12/2019 04:26,0
05/12/2019 04:31,0
05/12/2019 04:36,0
05/12/2019 04:41,0
05/12/2019 04:46,0
05/12/2019 04:51,0
05/12/2019 04:56,0
05/12/2019 05:01,0
05/12/2019 05:06,0
05/12/2019 05:11,0
05/12/2019 05:16,0
05/12/2019 05:21,0
05/12/2019 05:26,0
05/12/2019 05:31,0
05/12/2019 05:36,0
05/12/2019 05:41,0
05/12/2019 05:46,0
05/12/2019 05:51,0
05/12/2019 05:56,0
05/12/2019 06:01,0
05/12/2019 06:06,0
05/12/2019 06:11,0
05/12/2019 06:16,0
05/12/2019 06:21,0
05/12/2019 06:26,0
05/12/2019 06:31,0
05/12/2019 06:36,0
05/12/2019 06:41,0
05/12/2019 06:46,0
05/12/2019 06:51,0
05/12/2019 06:56,0
05/12/2019 07:01,0
05/12/2019 07:06,0
05/12/2019 07:11,0
05/12/2019 07:16,0
05/12/2019 07:21,0
05/12/2019 07:26,0
05/12/2019 07:31,0
05/12/2019 07:36,0
05/12/2019 07:41,0
05/12/2019 07:46,0
05/12/2019 07:51,0
05/12/2019 07:56,0
05/12/2019 08:01,0
05/12/2019 08:06,0
05/12/2019 08:11,0
05/12/2019 08:16,0
05/12/2019 08:21,0
05/12/2019 08:26,0
05/12/2019 08:31,0
05/12/2019 08:36,0
05/12/2019 08:41,0
05/12/2019 08:46,0
05/12/2019 08:51,0
05/12/2019 08:56,0
05/12/2019 09:01,0
05/12/2019 09:06,0
05/12/2019 09:11,0
05/12/2019 09:16,0
05/12/2019 09:21,0
05/12/2019 09:26,0
05/12/2019 09:31,0
05/12/2019 09:36,0
05/12/2019 09:41,0
05/12/2019 09:46,0
05/12/2019 09:51,0
05/12/2019 09:56,0
05/12/2019 10:01,0
05/12/2019 10:06,0
05/12/2019 10:11,0
05/12/2019 10:16,0
05/12/2019 10:21,0
05/12/2019 10:26,0
05/12/2019 10:31,0
05/12/2019 10:36,0
05/12/2019 10:41,0
05/12/2019 10:46,0
05/12/2019 10:51,0
05/12/2019 10:56,0
05/12/2019 11:01,0
05/12/2019 11:06,0
05/12/2019 11:11,0
05/12/2019 11:16,0
05/12/2019 11:21,0
05/12/2019 11:26,0
05/12/2019 11:31,0
05/12/2019 11:36,0
05/12/2019 11:41,0
05/12/2019 11:46,0
05/12/2019 11:51,0
05/12/2019 11:56,0
05/12/2019 12:01,0
05/12/2019 12:06,0
05/12/2019 12:11,0
05/12/2019 12:16,0
05/12/2019 12:21,0
05/12/2019 12:26,0
05/12/2019 12:31,0
05/12/2019 12:36,0
05/12/2019 12:41,0
05/12/2019 12:46,0
05/12/2019 12:51,0
05/12/2019 12:56,0
05/12/2019 13:01,0
05/12/2019 13:06,0
05/12/2019 13:11,0
05/12/2019 13:16,0
05/12/2019 13:21,0
05/12/2019 13:26,0
05/12/2019 13:31,0
05/12/2019 13:36,0
05/12/2019 13:41,0
05/12/2019 13:46,0
05/12/2019 13:51,0
05/12/2019 13:56,0
05/12/2019 14:01,0
05/12/2019 14:06,0
05/12/2019 14:11,0
05/12/2019 14:16,0
05/12/2019 14:21,0
05/12/2019 14:26,0
05/12/2019 14:31,0
05/12/2019 14:36,0
05/12/2019 14:41,0
05/12/2019 14:46,0
05/12/2019 14:51,0
05/12/2019 14:56,0
05/12/2019 15:01,0
05/12/2019 15:06,0
05/12/2019 15:11,0
05/12/2019 15:16,0
05/12/2019 15:21,0
05/12/2019 15:26,0
05/12/2019 15:31,0
05/12/2019 15:36,0
05/12/2019 15:41,0
05/12/2019 15:46,0
05/12/2019 15:51,0
05/12/2019 15:56,0
05/12/2019 16:01,0
05/12/2019 16:06,0
05/12/2019 16:11,0
05/12/2019 16:16,0
05/12/2019 16:21,0
05/12/2019 16:26,0
05/12/2019 16:31,0
05/12/2019 16:36,0
05/12/2019 16:41,0
05/12/2019 16:46,0
05/12/2019 16:51,0
05/12/2019 16:56,0
05/12/2019 17:01,0
05/12/2019 17:06,0
05/12/2019 17:11,0
05/12/2019 17:16,0
05/12/2019 17:21,0
05/12/2019 17:26,0
05/12/2019 17:31,0
05/12/2019 17:36,0
05/12/2019 17:41,0
05/12/2019 17:46,0
05/12/2019 17:51,0
05/12/2019 17:56,0
05/12/2019 18:01,0
05/12/2019 18:06,0
05/12/2019 18:11,0
05/12/2019 18:16,0
05/12/2019 18:21,0
05/12/2019 18:26,0
05/12/2019 18:31,0
05/12/2019 18:36,0
05/12/2019 18:41,0
05/12/2019 18:46,0
05/12/2019 18:51,0
05/12/2019 18:56,0
05/12/2019 19:01,0
05/12/2019 19:06,0
05/12/2019 19:11,0
05/12/2019 19:16,0
05/12/2019 19:21,0
05/12/2019 19:26,0
05/12/2019 19:31,0
05/12/2019 19:36,0
05/12/2019 19:41,0
05/12/2019 19:46,0
05/12/2019 19:51,0
05/12/2019 19:56,0
05/12/2019 20:01,0
05/12/2019 20:06,0
05/12/2019 20:11,0
05/12/2019 20:16,0
05/12/2019 20:21,0
05/12/2019 20:26,0
05/12/2019 20:31,0
05/12/2019 20:36,0
05/12/2019 20:41,0
05/12/2019 20:46,0
05/12/2019 20:51,0
05/12/2019 20:56,0
05/12/2019 21:01,0
05/12/2019 21:06,0
05/12/2019 21:11,0
05/12/2019 21:16,0
05/12/2019 21:21,0
05/12/2019 21:26,0
05/12/2019 21:31,0
05/12/2019 21:36,0
05/12/2019 21:41,0
05/12/2019 21:46,0
05/12/2019 21:51,0
05/12/2019 21:56,0
05/12/2019 22:01,0
05/12/2019 22:06,0
05/12/2019 22:11,0
05/12/2019 22:16,0
05/12/2019 22:21,0
05/12/2019 22:26,0
05/12/2019 22:31,0
05/12/2019 22:36,0
05/12/2019 22:41,0
05/12/2019 22:46,0
05/12/2019 22:51,0
05/12/2019 22:56,0
05/12/2019 23:01,0
05/12/2019 23:06,0
05/12/2019 23:11,0
05/12/2019 23:16,0
05/12/2019 23:21,0
05/12/2019 23:26,0
05/12/2019 23:31,0
05/12/2019 23:36,0
05/12/2019 23:41,0
05/12/2019 23:46,0
05/12/2019 23:51,0
05/12/2019 23:56,0
06/12/2019 00:01,0
06/12/2019 00:06,0
06/12/2019 00:11,0
06/12/2019 00:16,0
06/12/2019 00:21,0
06/12/2019 00:26,0
06/12/2019 00:31,0
06/12/2019 00:36,0
06/12/2019 00:41,0
06/12/2019 00:46,0
06/12/2019 00:51,0
06/12/2019 00:56,0
06/12/2019 01:01,0
06/12/2019 01:06,0
06/12/2019 01:11,0
06/12/2019 01:16,0
06/12/2019 01:21,0
06/12/2019 01:26,0
06/12/2019 01:31,0
06/12/2019 01:36,0
06/12/2019 01:41,0
06/12/2019 01:46,0
06/12/2019 01:51,0
06/12/2019 01:56,0
06/12/2019 02:01,0
06/12/2019 02:06,0
06/12/2019 02:11,0
06/12/2019 02:16,0
06/12/2019 02:21,0
06/12/2019 02:26,0
06/12/2019 02:31,0
06/12/2019 02:36,0
06/12/2019 02:41,0
06/12/2019 02:46,0
06/12/2019 02:51,0
06/12/2019 02:56,0
06/12/2019 03:01,0
06/12/2019 03:06,0
06/12/2019 03:11,0
06/12/2019 03:16,0
06/12/2019 03:21,0
06/12/2019 03:26,0
06/12/2019 03:31,0
06/12/2019 03:36,0
06/12/2019 03:41,0
06/12/2019 03:46,0
06/12/2019 03:51,0
06/12/2019 03:56,0
06/12/2019 04:01,0
06/12/2019 04:06,0
06/12/2019 04:11,0
06/12/2019 04:16,0
06/12/2019 04:21,0
06/12/2019 04:26,0
06/12/2019 04:31,0
06/12/2019 04:36,0
06/12/2019 04:41,0
06/12/2019 04:46,0
06/12/2019 04:51,0
06/12/2019 04:56,0
06/12/2019 05:01,0
06/12/2019 05:06,0
06/12/2019 05:11,0
06/12/2019 05:16,0
06/12/2019 05:21,0
06/12/2019 05:26,0
06/12/2019 05:31,0
06/12/2019 05:36,0
06/12/2019 05:41,0
06/12/2019 05:46,0
06/12/2019 05:51,0
06/12/2019 05:56,0
06/12/2019 06:01,0
06/12/2019 06:06,0
06/12/2019 06:11,0
06/12/2019 06:16,0
06/12/2019 06:21,0
06/12/2019 06:26,0
06/12/2019 06:31,0
06/12/2019 06:36,0
06/12/2019 06:41,0
06/12/2019 06:46,0
06/12/2019 06:51,0
06/12/2019 06:56,0
06/12/2019 07:01,0
06/12/2019 07:06,0
06/12/2019 07:11,0
06/12/2019 07:16,0
06/12/2019 07:21,0
06/12/2019 07:26,0
06/12/2019 07:31,0
06/12/2019 07:36,0
06/12/2019 07:41,0
06/12/2019 07:46,0
06/12/2019 07:51,0
06/12/2019 07:56,0
06/12/2019 08:01,0
06/12/2019 08:06,0
06/12/2019 08:11,0
06/12/2019 08:16,0
06/12/2019 08:21,0
06/12/2019 08:26,0
06/12/2019 08:31,0
06/12/2019 08:36,0
06/12/2019 08:41,0
06/12/2019 08:46,0
06/12/2019 08:51,0
06/12/2019 08:56,0
06/12/2019 09:01,0
06/12/2019 09:06,0
06/12/2019 09:11,0
06/12/2019 09:16,0
06/12/2019 09:21,0
06/12/2019 09:26,0
06/12/2019 09:31,0
06/12/2019 09:36,0
06/12/2019 09:41,0
06/12/2019 09:46,0
06/12/2019 09:51,0
06/12/2019 09:56,0
06/12/2019 10:01,0
06/12/2019 10:06,0
06/12/2019 10:11,0
06/12/2019 10:16,0
06/12/2019 10:21,0
06/12/2019 10:26,0
06/12/2019 10:31,0
06/12/2019 10:36,0
06/12/2019 10:41,0
06/12/2019 10:46,0
06/12/2019 10:51,0
06/12/2019 10:56,0
06/12/2019 11:01,0
06/12/2019 11:06,0
06/12/2019 11:11,0
06/12/2019 11:16,0
06/12/2019 11:21,0
06/12/2019 11:26,0
06/12/2019 11:31,0
06/12/2019 11:36,0
06/12/2019 11:41,0
06/12/2019 11:46,0
06/12/2019 11:51,0
06/12/2019 11:56,0
06/12/2019 12:01,0
06/12/2019 12:06,0
06/12/2019 12:11,0
06/12/2019 12:16,0
06/12/2019 12:21,0
06/12/2019 12:26,0
06/12/2019 12:31,0
06/12/2019 12:36,0
06/12/2019 12:41,0
06/12/2019 12:46,0
06/12/2019 12:51,0
06/12/2019 12:56,0
06/12/2019 13:01,0
06/12/2019 13:06,0
06/12/2019 13:11,0
06/12/2019 13:16,0
06/12/2019 13:21,0
06/12/2019 13:26,0
06/12/2019 13:31,0
06/12/2019 13:36,0
06/12/2019 13:41,0
06/12/2019 13:46,0
06/12/2019 13:51,0
06/12/2019 13:56,0
06/12/2019 14:01,0
06/12/2019 14:06,0
06/12/2019 14:11,0
06/12/2019 14:16,0
06/12/2019 14:21,0
06/12/2019 14:26,0
06/12/2019 14:31,0
06/12/2019 14:36,0
06/12/2019 14:41,0
06/12/2019 14:46,0
06/12/2019 14:51,0
06/12/2019 14:56,0
06/12/2019 15:01,0
06/12/2019 15:06,0
06/12/2019 15:11,0
06/12/2019 15:16,0
06/12/2019 15:21,0
06/12/2019 15:26,0
06/12/2019 15:31,0
06/12/2019 15:36,0
06/12/2019 15:41,0
06/12/2019 15:46,0
06/12/2019 15:51,0
06/12/2019 15:56,0
06/12/2019 16:01,0
06/12/2019 16:06,0
06/12/2019 16:11,0
06/12/2019 16:16,0
06/12/2019 16:21,0
06/12/2019 16:26,0
06/12/2019 16:31,0
06/12/2019 16:36,0
06/12/2019 16:41,0
06/12/2019 16:46,0
06/12/2019 16:51,0
06/12/2019 16:56,0
06/12/2019 17:01,0
06/12/2019 17:06,0
06/12/2019 17:11,0
06/12/2019 17:16,0
06/12/2019 17:21,0
06/12/2019 17:26,0
06/12/2019 17:31,0
06/12/2019 17:36,0
06/12/2019 17:41,0
06/12/2019 17:46,0
06/12/2019 17:51,0
06/12/2019 17:56,0
06/12/2019 18:01,0
06/12/2019 18:06,0
06/12/2019 18:11,0
06/12/2019 18:16,0
06/12/2019 18:21,0
06/12/2019 18:26,0
06/12/2019 18:31,0
06/12/2019 18:36,0
06/12/2019 18:41,0
06/12/2019 18:46,0
06/12/2019 18:51,0
06/12/2019 18:56,0
06/12/2019 19:01,0
06/12/2019 19:06,0
06/12/2019 19:11,0
06/12/2019 19:16,0
06/12/2019 19:21,0
06/12/2019 19:26,0
06/12/2019 19:31,0
06/12/2019 19:36,0
06/12/2019 19:41,0
06/12/2019 19:46,0
06/12/2019 19:51,0
06/12/2019 19:56,0
06/12/2019 20:01,0
06/12/2019 20:06,0
06/12/2019 20:11,0
06/12/2019 20:16,0
06/12/2019 20:21,0
06/12/2019 20:26,0
06/12/2019 20:31,0
06/12/2019 20:36,0
06/12/2019 20:41,0
06/12/2019 20:46,0
06/12/2019 20:51,0
06/12/2019 20:56,0
06/12/2019 21:01,0
06/12/2019 21:06,0
06/12/2019 21:11,0
06/12/2019 21:16,0
06/12/2019 21:21,0
06/12/2019 21:26,0
06/12/2019 21:31,0
06/12/2019 21:36,0
06/12/2019 21:41,0
06/12/2019 21:46,0
06/12/2019 21:51,0
06/12/2019 21:56,0
06/12/2019 22:01,0
06/12/2019 22:06,0
06/12/2019 22:11,0
06/12/2019 22:16,0
06/12/2019 22:21,0
06/12/2019 22:26,0
06/12/2019 22:31,0
06/12/2019 22:36,0
06/12/2019 22:41,0
06/12/2019 22:46,0
06/12/2019 22:51,0
06/12/2019 22:56,0
06/12/2019 23:01,0
06/12/2019 23:06,0
06/12/2019 23:11,0
06/12/2019 23:16,0
06/12/2019 23:21,0
06/12/2019 23:26,0
06/12/2019 23:31,0
06/12/2019 23:36,0
06/12/2019 23:41,0
06/12/2019 23:46,0
06/12/2019 23:51,0
06/12/2019 23:56,0
07/12/2019 00:01,0
07/12/2019 00:06,0
07/12/2019 00:11,0
07/12/2019 00:16,0
07/12/2019 00:21,0
07/12/2019 00:26,0
07/12/2019 00:31,0
07/12/2019 00:36,0
07/12/2019 00:41,0
07/12/2019 00:46,0
07/12/2019 00:51,0
07/12/2019 00:56,0
07/12/2019 01:01,0
07/12/2019 01:06,0
07/12/2019 01:11,0
07/12/2019 01:16,0
07/12/2019 01:21,0
07/12/2019 01:26,0
07/12/2019 01:31,0
07/12/2019 01:36,0
07/12/2019 01:41,0
07/12/2019 01:46,0
07/12/2019 01:51,0
07/12/2019 01:56,0
07/12/2019 02:01,0
07/12/2019 02:06,0
07/12/2019 02:11,0
07/12/2019 02:16,0
07/12/2019 02:21,0
07/12/2019 02:26,0
07/12/2019 02:31,0
07/12/2019 02:36,0
07/12/2019 02:41,0
07/12/2019 02:46,0
07/12/2019 02:51,0
07/12/2019 02:56,0
07/12/2019 03:01,0
07/12/2019 03:06,0
07/12/2019 03:11,0
07/12/2019 03:16,0
07/12/2019 03:21,0
07/12/2019 03:26,0
07/12/2019 03:31,0
07/12/2019 03:36,0
07/12/2019 03:41,0
07/12/2019 03:46,0
07/12/2019 03:51,0
07/12/2019 03:56,0
07/12/2019 04:01,0
07/12/2019 04:06,0
07/12/2019 04:11,0
07/12/2019 04:16,0
07/12/2019 04:21,0
07/12/2019 04:26,0
07/12/2019 04:31,0
07/12/2019 04:36,0
07/12/2019 04:41,0
07/12/2019 04:46,0
07/12/2019 04:51,0
07/12/2019 04:56,0
07/12/2019 05:01,0
07/12/2019 05:06,0
07/12/2019 05:11,0
07/12/2019 05:16,0
07/12/2019 05:21,0
07/12/2019 05:26,0
07/12/2019 05:31,0
07/12/2019 05:36,0
07/12/2019 05:41,0
07/12/2019 05:46,0
07/12/2019 05:51,0
07/12/2019 05:56,0
07/12/2019 06:01,0
07/12/2019 06:06,0
07/12/2019 06:11,0
07/12/2019 06:16,0
07/12/2019 06:21,0
07/12/2019 06:26,0
07/12/2019 06:31,0
07/12/2019 06:36,0
07/12/2019 06:41,0
07/12/2019 06:46,0
07/12/2019 06:51,0
07/12/2019 06:56,0
07/12/2019 07:01,0
07/12/2019 07:06,0
07/12/2019 07:11,0
07/12/2019 07:16,0
07/12/2019 07:21,0
07/12/2019 07:26,0
07/12/2019 07:31,0
07/12/2019 07:36,0
07/12/2019 07:41,0
07/12/2019 07:46,0
07/12/2019 07:51,0
07/12/2019 07:56,0
07/12/2019 08:01,0
07/12/2019 08:06,0
07/12/2019 08:11,0
07/12/2019 08:16,0
07/12/2019 08:21,0
07/12/2019 08:26,0
07/12/2019 08:31,0
07/12/2019 08:36,0
07/12/2019 08:41,0
07/12/2019 08:46,0
07/12/2019 08:51,0
07/12/2019 08:56,0
07/12/2019 09:01,0
07/12/2019 09:06,0
07/12/2019 09:11,0
07/12/2019 09:16,0
07/12/2019 09:21,0
07/12/2019 09:26,0
07/12/2019 09:31,0
07/12/2019 09:36,0
07/12/2019 09:41,0
07/12/2019 09:46,0
07/12/2019 09:51,0
07/12/2019 09:56,0
07/12/2019 10:01,0
07/12/2019 10:06,0
07/12/2019 10:11,0
07/12/2019 10:16,0
07/12/2019 10:21,0
07/12/2019 10:26,0
07/12/2019 10:31,0
07/12/2019 10:36,0
07/12/2019 10:41,0
07/12/2019 10:46,0
07/12/2019 10:51,0
07/12/2019 10:56,0
07/12/2019 11:01,0
07/12/2019 11:06,0
07/12/2019 11:11,0
07/12/2019 11:16,0
07/12/2019 11:21,0
07/12/2019 11:26,0
07/12/2019 11:31,0
07/12/2019 11:36,0
07/12/2019 11:41,0
07/12/2019 11:46,0
07/12/2019 11:51,0
07/12/2019 11:56,0
07/12/2019 12:01,0
07/12/2019 12:06,0
07/12/2019 12:11,0
07/12/2019 12:16,0
07/12/2019 12:21,0
07/12/2019 12:26,0
07/12/2019 12:31,0
07/12/2019 12:36,0
07/12/2019 12:41,0
07/12/2019 12:46,0
07/12/2019 12:51,0
07/12/2019 12:56,0
07/12/2019 13:01,0
07/12/2019 13:06,0
07/12/2019 13:11,0
07/12/2019 13:16,0
07/12/2019 13:21,0
07/12/2019 13:26,0
07/12/2019 13:31,0
07/12/2019 13:36,0
07/12/2019 13:41,0
07/12/2019 13:46,0
07/12/2019 13:51,0
07/12/2019 13:56,0
07/12/2019 14:01,0
07/12/2019 14:06,0
07/12/2019 14:11,0
07/12/2019 14:16,0
07/12/2019 14:21,0
07/12/2019 14:26,0
07/12/2019 14:31,0
07/12/2019 14:36,0
07/12/2019 14:41,0
07/12/2019 14:46,0
07/12/2019 14:51,0
07/12/2019 14:56,0
07/12/2019 15:01,0
07/12/2019 15:06,0
07/12/2019 15:11,0
07/12/2019 15:16,0
07/12/2019 15:21,0
07/12/2019 15:26,0
07/12/2019 15:31,0
07/12/2019 15:36,0
07/12/2019 15:41,0
07/12/2019 15:46,0
07/12/2019 15:51,0
07/12/2019 15:56,0
07/12/2019 16:01,0
07/12/2019 16:06,0
07/12/2019 16:11,0
07/12/2019 16:16,0
07/12/2019 16:21,0
07/12/2019 16:26,0
07/12/2019 16:31,0
07/12/2019 16:36,0
07/12/2019 16:41,0
07/12/2019 16:46,0
07/12/2019 16:51,0
07/12/2019 16:56,0
07/12/2019 17:01,0
07/12/2019 17:06,0
07/12/2019 17:11,0
07/12/2019 17:16,0
07/12/2019 17:21,0
07/12/2019 17:26,0
07/12/2019 17:31,0
07/12/2019 17:36,0
07/12/2019 17:41,0
07/12/2019 17:46,0
07/12/2019 17:51,0
07/12/2019 17:56,0
07/12/2019 18:01,0
07/12/2019 18:06,0
07/12/2019 18:11,0
07/12/2019 18:16,0
07/12/2019 18:21,0
07/12/2019 18:26,0
07/12/2019 18:31,0
07/12/2019 18:36,0
07/12/2019 18:41,0
07/12/2019 18:46,0
07/12/2019 18:51,0
07/12/2019 18:56,0
07/12/2019 19:01,0
07/12/2019 19:06,0
07/12/2019 19:11,0
07/12/2019 19:16,0
07/12/2019 19:21,0
07/12/2019 19:26,0
07/12/2019 19:31,0
07/12/2019 19:36,0
07/12/2019 19:41,0
07/12/2019 19:46,0
07/12/2019 19:51,0
07/12/2019 19:56,0
07/12/2019 20:01,0
07/12/2019 20:06,0
07/12/2019 20:11,0
07/12/2019 20:16,0
07/12/2019 20:21,0
07/12/2019 20:26,0
07/12/2019 20:31,0
07/12/2019 20:36,0
07/12/2019 20:41,0
07/12/2019 20:46,0.354355665
07/12/2019 20:51,0.354355665
07/12/2019 20:56,0
07/12/2019 21:01,0.354355665
07/12/2019 21:06,0
07/12/2019 21:11,0
07/12/2019 21:16,0
07/12/2019 21:21,0
07/12/2019 21:26,0
07/12/2019 21:31,0
07/12/2019 21:36,0
07/12/2019 21:41,0
07/12/2019 21:46,0
07/12/2019 21:51,0.354355665
07/12/2019 21:56,0
07/12/2019 22:01,0
07/12/2019 22:06,0
07/12/2019 22:11,0
07/12/2019 22:16,0
07/12/2019 22:21,0
07/12/2019 22:26,0.354355665
07/12/2019 22:31,0
07/12/2019 22:36,0
07/12/2019 22:41,0
07/12/2019 22:46,0
07/12/2019 22:51,0.354355665
07/12/2019 22:56,0
07/12/2019 23:01,0
07/12/2019 23:06,0
07/12/2019 23:11,0
07/12/2019 23:16,0
07/12/2019 23:21,0
07/12/2019 23:26,0
07/12/2019 23:31,0
07/12/2019 23:36,0
07/12/2019 23:41,0
07/12/2019 23:46,0
07/12/2019 23:51,0
07/12/2019 23:56,0
08/12/2019 00:01,0
08/12/2019 00:06,0
08/12/2019 00:11,0
08/12/2019 00:16,0
08/12/2019 00:21,0
08/12/2019 00:26,0
08/12/2019 00:31,0
08/12/2019 00:36,0.354355665
08/12/2019 00:41,0.354355665
08/12/2019 00:46,0.354355665
08/12/2019 00:51,0
08/12/2019 00:56,0.354355665
08/12/2019 01:01,0
08/12/2019 01:06,0
08/12/2019 01:11,0
08/12/2019 01:16,0
08/12/2019 01:21,0
08/12/2019 01:26,0.354355665
08/12/2019 01:31,0.354355665
08/12/2019 01:36,0.70871133
08/12/2019 01:41,0
08/12/2019 01:46,0
08/12/2019 01:51,0
08/12/2019 01:56,0
08/12/2019 02:01,0
08/12/2019 02:06,0
08/12/2019 02:11,0.354355665
08/12/2019 02:16,0
08/12/2019 02:21,0
08/12/2019 02:26,0
08/12/2019 02:31,0
08/12/2019 02:36,0
08/12/2019 02:41,0
08/12/2019 02:46,0
08/12/2019 02:51,0
08/12/2019 02:56,0
08/12/2019 03:01,0
08/12/2019 03:06,0
08/12/2019 03:11,0
08/12/2019 03:16,0
08/12/2019 03:21,0
08/12/2019 03:26,0
08/12/2019 03:31,0
08/12/2019 03:36,0
08/12/2019 03:41,0
08/12/2019 03:46,0
08/12/2019 03:51,0
08/12/2019 03:56,0
08/12/2019 04:01,0
08/12/2019 04:06,0
08/12/2019 04:11,0
08/12/2019 04:16,0
08/12/2019 04:21,0
08/12/2019 04:26,0
08/12/2019 04:31,0
08/12/2019 04:36,0
08/12/2019 04:41,0
08/12/2019 04:46,0
08/12/2019 04:51,0
08/12/2019 04:56,0
08/12/2019 05:01,0
08/12/2019 05:06,0
08/12/2019 05:11,0
08/12/2019 05:16,0
08/12/2019 05:21,0
08/12/2019 05:26,0
08/12/2019 05:31,0
08/12/2019 05:36,0
08/12/2019 05:41,0
08/12/2019 05:46,0
08/12/2019 05:51,0
08/12/2019 05:56,0
08/12/2019 06:01,0
08/12/2019 06:06,0
08/12/2019 06:11,0
08/12/2019 06:16,0
08/12/2019 06:21,0
08/12/2019 06:26,0
08/12/2019 06:31,0
08/12/2019 06:36,0
08/12/2019 06:41,0
08/12/2019 06:46,0
08/12/2019 06:51,0
08/12/2019 06:56,0
08/12/2019 07:01,0
08/12/2019 07:06,0
08/12/2019 07:11,0
08/12/2019 07:16,0
08/12/2019 07:21,0
08/12/2019 07:26,0
08/12/2019 07:31,0
08/12/2019 07:36,0
08/12/2019 07:41,0
08/12/2019 07:46,0
08/12/2019 07:51,0
08/12/2019 07:56,0
08/12/2019 08:01,0
08/12/2019 08:06,0
08/12/2019 08:11,0
08/12/2019 08:16,0
08/12/2019 08:21,0
08/12/2019 08:26,0
08/12/2019 08:31,0
08/12/2019 08:36,0
08/12/2019 08:41,0
08/12/2019 08:46,0
08/12/2019 08:51,0
08/12/2019 08:56,0
08/12/2019 09:01,0
08/12/2019 09:06,0
08/12/2019 09:11,0
08/12/2019 09:16,0
08/12/2019 09:21,0
08/12/2019 09:26,0
08/12/2019 09:31,0
08/12/2019 09:36,0
08/12/2019 09:41,0
08/12/2019 09:46,0
08/12/2019 09:51,0
08/12/2019 09:56,0
08/12/2019 10:01,0
08/12/2019 10:06,0
08/12/2019 10:11,0
08/12/2019 10:16,0
08/12/2019 10:21,0
08/12/2019 10:26,0
08/12/2019 10:31,0
08/12/2019 10:36,0
08/12/2019 10:41,0
08/12/2019 10:46,0
08/12/2019 10:51,0
08/12/2019 10:56,0
08/12/2019 11:01,0
08/12/2019 11:06,0
08/12/2019 11:11,0
08/12/2019 11:16,0
08/12/2019 11:21,0
08/12/2019 11:26,0
08/12/2019 11:31,0
08/12/2019 11:36,0
08/12/2019 11:41,0
08/12/2019 11:46,0
08/12/2019 11:51,0
08/12/2019 11:56,0
08/12/2019 12:01,0
08/12/2019 12:06,0
08/12/2019 12:11,0
08/12/2019 12:16,0
08/12/2019 12:21,0
08/12/2019 12:26,0
08/12/2019 12:31,0
08/12/2019 12:36,0
08/12/2019 12:41,0
08/12/2019 12:46,0
08/12/2019 12:51,0
08/12/2019 12:56,0
08/12/2019 13:01,0
08/12/2019 13:06,0
08/12/2019 13:11,0
08/12/2019 13:16,0
08/12/2019 13:21,0
08/12/2019 13:26,0
08/12/2019 13:31,0
08/12/2019 13:36,0
08/12/2019 13:41,0
08/12/2019 13:46,0
08/12/2019 13:51,0
08/12/2019 13:56,0
08/12/2019 14:01,0
08/12/2019 14:06,0
08/12/2019 14:11,0
08/12/2019 14:16,0
08/12/2019 14:21,0
08/12/2019 14:26,0
08/12/2019 14:31,0
08/12/2019 14:36,0
08/12/2019 14:41,0
08/12/2019 14:46,0
08/12/2019 14:51,0
08/12/2019 14:56,0
08/12/2019 15:01,0
08/12/2019 15:06,0
08/12/2019 15:11,0
08/12/2019 15:16,0
08/12/2019 15:21,0
08/12/2019 15:26,0
08/12/2019 15:31,0
08/12/2019 15:36,0
08/12/2019 15:41,0
08/12/2019 15:46,0
08/12/2019 15:51,0
08/12/2019 15:56,0
08/12/2019 16:01,0
08/12/2019 16:06,0
08/12/2019 16:11,0
08/12/2019 16:16,0
08/12/2019 16:21,0
08/12/2019 16:26,0
08/12/2019 16:31,0
08/12/2019 16:36,0
08/12/2019 16:41,0
08/12/2019 16:46,0
08/12/2019 16:51,0
08/12/2019 16:56,0
08/12/2019 17:01,0
08/12/2019 17:06,0
08/12/2019 17:11,0
08/12/2019 17:16,0
08/12/2019 17:21,0
08/12/2019 17:26,0
08/12/2019 17:31,0
08/12/2019 17:36,0
08/12/2019 17:41,0
08/12/2019 17:46,0
08/12/2019 17:51,0
08/12/2019 17:56,0
08/12/2019 18:01,0
08/12/2019 18:06,0
08/12/2019 18:11,0
08/12/2019 18:16,0
08/12/2019 18:21,0
08/12/2019 18:26,0
08/12/2019 18:31,0
08/12/2019 18:36,0
08/12/2019 18:41,0
08/12/2019 18:46,0
08/12/2019 18:51,0
08/12/2019 18:56,0
08/12/2019 19:01,0
08/12/2019 19:06,0
08/12/2019 19:11,0
08/12/2019 19:16,0
08/12/2019 19:21,0
08/12/2019 19:26,0
08/12/2019 19:31,0
08/12/2019 19:36,0
08/12/2019 19:41,0
08/12/2019 19:46,0
08/12/2019 19:51,0
08/12/2019 19:56,0
08/12/2019 20:01,0
08/12/2019 20:06,0
08/12/2019 20:11,0
08/12/2019 20:16,0
08/12/2019 20:21,0
08/12/2019 20:26,0
08/12/2019 20:31,0
08/12/2019 20:36,0
08/12/2019 20:41,0
08/12/2019 20:46,0
08/12/2019 20:51,0
08/12/2019 20:56,0
08/12/2019 21:01,0
08/12/2019 21:06,0
08/12/2019 21:11,0
08/12/2019 21:16,0
08/12/2019 21:21,0
08/12/2019 21:26,0
08/12/2019 21:31,0
08/12/2019 21:36,0
08/12/2019 21:41,0
08/12/2019 21:46,0
08/12/2019 21:51,0
08/12/2019 21:56,0
08/12/2019 22:01,0
08/12/2019 22:06,0
08/12/2019 22:11,0
08/12/2019 22:16,0
08/12/2019 22:21,0
08/12/2019 22:26,0
08/12/2019 22:31,0
08/12/2019 22:36,0
08/12/2019 22:41,0
08/12/2019 22:46,0
08/12/2019 22:51,0
08/12/2019 22:56,0
08/12/2019 23:01,0
08/12/2019 23:06,0
08/12/2019 23:11,0
08/12/2019 23:16,0
08/12/2019 23:21,0
08/12/2019 23:26,0
08/12/2019 23:31,0
08/12/2019 23:36,0
08/12/2019 23:41,0
08/12/2019 23:46,0
08/12/2019 23:51,0
08/12/2019 23:56,0
09/12/2019 00:01,0
09/12/2019 00:06,0
09/12/2019 00:11,0
09/12/2019 00:16,0
09/12/2019 00:21,0
09/12/2019 00:26,0
09/12/2019 00:31,0
09/12/2019 00:36,0
09/12/2019 00:41,0
09/12/2019 00:46,0
09/12/2019 00:51,0
09/12/2019 00:56,0
09/12/2019 01:01,0
09/12/2019 01:06,0
09/12/2019 01:11,0
09/12/2019 01:16,0
09/12/2019 01:21,0
09/12/2019 01:26,0
09/12/2019 01:31,0
09/12/2019 01:36,0
09/12/2019 01:41,0
09/12/2019 01:46,0
09/12/2019 01:51,0
09/12/2019 01:56,0
09/12/2019 02:01,0
09/12/2019 02:06,0
09/12/2019 02:11,0
09/12/2019 02:16,0
09/12/2019 02:21,0
09/12/2019 02:26,0
09/12/2019 02:31,0
09/12/2019 02:36,0
09/12/2019 02:41,0.354355665
09/12/2019 02:46,0
09/12/2019 02:51,0
09/12/2019 02:56,0
09/12/2019 03:01,0
09/12/2019 03:06,0.354355665
09/12/2019 03:11,0.354355665
09/12/2019 03:16,0
09/12/2019 03:21,0
09/12/2019 03:26,0
09/12/2019 03:31,0
09/12/2019 03:36,0
09/12/2019 03:41,0
09/12/2019 03:46,0
09/12/2019 03:51,0
09/12/2019 03:56,0
09/12/2019 04:01,0
09/12/2019 04:06,0
09/12/2019 04:11,0
09/12/2019 04:16,0
09/12/2019 04:21,0
09/12/2019 04:26,0
09/12/2019 04:31,0
09/12/2019 04:36,0
09/12/2019 04:41,0
09/12/2019 04:46,0
09/12/2019 04:51,0
09/12/2019 04:56,0
09/12/2019 05:01,0
09/12/2019 05:06,0
09/12/2019 05:11,0
09/12/2019 05:16,0
09/12/2019 05:21,0
09/12/2019 05:26,0
09/12/2019 05:31,0
09/12/2019 05:36,0
09/12/2019 05:41,0
09/12/2019 05:46,0
09/12/2019 05:51,0
09/12/2019 05:56,0
09/12/2019 06:01,0
09/12/2019 06:06,0
09/12/2019 06:11,0
09/12/2019 06:16,0
09/12/2019 06:21,0
09/12/2019 06:26,0
09/12/2019 06:31,0
09/12/2019 06:36,0
09/12/2019 06:41,0
09/12/2019 06:46,0
09/12/2019 06:51,0
09/12/2019 06:56,0
09/12/2019 07:01,0
09/12/2019 07:06,0
09/12/2019 07:11,0
09/12/2019 07:16,0
09/12/2019 07:21,0
09/12/2019 07:26,0
09/12/2019 07:31,0
09/12/2019 07:36,0
09/12/2019 07:41,0
09/12/2019 07:46,0
09/12/2019 07:51,0
09/12/2019 07:56,0
09/12/2019 08:01,0
09/12/2019 08:06,0
09/12/2019 08:11,0
09/12/2019 08:16,0
09/12/2019 08:21,0
09/12/2019 08:26,0
09/12/2019 08:31,0
09/12/2019 08:36,0
09/12/2019 08:41,0
09/12/2019 08:46,0
09/12/2019 08:51,0
09/12/2019 08:56,0
09/12/2019 09:01,0
09/12/2019 09:06,0
09/12/2019 09:11,0
09/12/2019 09:16,0
09/12/2019 09:21,0
09/12/2019 09:26,0
09/12/2019 09:31,0
09/12/2019 09:36,0
09/12/2019 09:41,0
09/12/2019 09:46,0
09/12/2019 09:51,0
09/12/2019 09:56,0
09/12/2019 10:01,0
09/12/2019 10:06,0
09/12/2019 10:11,0
09/12/2019 10:16,0
09/12/2019 10:21,0
09/12/2019 10:26,0
09/12/2019 10:31,0
09/12/2019 10:36,0
09/12/2019 10:41,0
09/12/2019 10:46,0
09/12/2019 10:51,0
09/12/2019 10:56,0
09/12/2019 11:01,0
09/12/2019 11:06,0
09/12/2019 11:11,0
09/12/2019 11:16,0
09/12/2019 11:21,0
09/12/2019 11:26,0
09/12/2019 11:31,0
09/12/2019 11:36,0
09/12/2019 11:41,0
09/12/2019 11:46,0
09/12/2019 11:51,0
09/12/2019 11:56,0
09/12/2019 12:01,0
09/12/2019 12:06,0
09/12/2019 12:11,0
09/12/2019 12:16,0
09/12/2019 12:21,0
09/12/2019 12:26,0
09/12/2019 12:31,0
09/12/2019 12:36,0
09/12/2019 12:41,0
09/12/2019 12:46,0
09/12/2019 12:51,0
09/12/2019 12:56,0
09/12/2019 13:01,0
09/12/2019 13:06,0
09/12/2019 13:11,0
09/12/2019 13:16,0
09/12/2019 13:21,0
09/12/2019 13:26,0
09/12/2019 13:31,0
09/12/2019 13:36,0
09/12/2019 13:41,0
09/12/2019 13:46,0
09/12/2019 13:51,0
09/12/2019 13:56,0
09/12/2019 14:01,0
09/12/2019 14:06,0
09/12/2019 14:11,0
09/12/2019 14:16,0
09/12/2019 14:21,0
09/12/2019 14:26,0
09/12/2019 14:31,0
09/12/2019 14:36,0
09/12/2019 14:41,0
09/12/2019 14:46,0
09/12/2019 14:51,0
09/12/2019 14:56,0
09/12/2019 15:01,0
09/12/2019 15:06,0
09/12/2019 15:11,0
09/12/2019 15:16,0
09/12/2019 15:21,0
09/12/2019 15:26,0
09/12/2019 15:31,0
09/12/2019 15:36,0
09/12/2019 15:41,0
09/12/2019 15:46,0
09/12/2019 15:51,0
09/12/2019 15:56,0
09/12/2019 16:01,0
09/12/2019 16:06,0
09/12/2019 16:11,0
09/12/2019 16:16,0
09/12/2019 16:21,0
09/12/2019 16:26,0
09/12/2019 16:31,0
09/12/2019 16:36,0
09/12/2019 16:41,0
09/12/2019 16:46,0
09/12/2019 16:51,0
09/12/2019 16:56,0
09/12/2019 17:01,0
09/12/2019 17:06,0
09/12/2019 17:11,0
09/12/2019 17:16,0
09/12/2019 17:21,0
09/12/2019 17:26,0
09/12/2019 17:31,0
09/12/2019 17:36,0
09/12/2019 17:41,0
09/12/2019 17:46,0
09/12/2019 17:51,0
09/12/2019 17:56,0
09/12/2019 18:01,0
09/12/2019 18:06,0
09/12/2019 18:11,0
09/12/2019 18:16,0
09/12/2019 18:21,0
09/12/2019 18:26,0
09/12/2019 18:31,0
09/12/2019 18:36,0
09/12/2019 18:41,0
09/12/2019 18:46,0
09/12/2019 18:51,0
09/12/2019 18:56,0
09/12/2019 19:01,0
09/12/2019 19:06,0
09/12/2019 19:11,0
09/12/2019 19:16,0
09/12/2019 19:21,0
09/12/2019 19:26,0
09/12/2019 19:31,0
09/12/2019 19:36,0
09/12/2019 19:41,0
09/12/2019 19:46,0
09/12/2019 19:51,0
09/12/2019 19:56,0
09/12/2019 20:01,0
09/12/2019 20:06,0
09/12/2019 20:11,0
09/12/2019 20:16,0
09/12/2019 20:21,0
09/12/2019 20:26,0
09/12/2019 20:31,0
09/12/2019 20:36,0
09/12/2019 20:41,0
09/12/2019 20:46,0
09/12/2019 20:51,0
09/12/2019 20:56,0
09/12/2019 21:01,0
09/12/2019 21:06,0
09/12/2019 21:11,0
09/12/2019 21:16,0
09/12/2019 21:21,0
09/12/2019 21:26,0
09/12/2019 21:31,0
09/12/2019 21:36,0
09/12/2019 21:41,0
09/12/2019 21:46,0
09/12/2019 21:51,0
09/12/2019 21:56,0
09/12/2019 22:01,0
09/12/2019 22:06,0
09/12/2019 22:11,0
09/12/2019 22:16,0
09/12/2019 22:21,0
09/12/2019 22:26,0
09/12/2019 22:31,0
09/12/2019 22:36,0
09/12/2019 22:41,0
09/12/2019 22:46,0
09/12/2019 22:51,0
09/12/2019 22:56,0
09/12/2019 23:01,0
09/12/2019 23:06,0
09/12/2019 23:11,0
09/12/2019 23:16,0
09/12/2019 23:21,0
09/12/2019 23:26,0
09/12/2019 23:31,0
09/12/2019 23:36,0
09/12/2019 23:41,0
09/12/2019 23:46,0
09/12/2019 23:51,0
09/12/2019 23:56,0
10/12/2019 00:01,0
10/12/2019 00:06,0
10/12/2019 00:11,0
10/12/2019 00:16,0
10/12/2019 00:21,0
10/12/2019 00:26,0
10/12/2019 00:31,0
10/12/2019 00:36,0
10/12/2019 00:41,0.354355665
10/12/2019 00:46,0
10/12/2019 00:51,0.354355665
10/12/2019 00:56,0
10/12/2019 01:01,0
10/12/2019 01:06,0
10/12/2019 01:11,0
10/12/2019 01:16,0
10/12/2019 01:21,0
10/12/2019 01:26,0
10/12/2019 01:31,0
10/12/2019 01:36,0
10/12/2019 01:41,0
10/12/2019 01:46,0
10/12/2019 01:51,0
10/12/2019 01:56,0
10/12/2019 02:01,0
10/12/2019 02:06,0
10/12/2019 02:11,0
10/12/2019 02:16,0
10/12/2019 02:21,0
10/12/2019 02:26,0
10/12/2019 02:31,0
10/12/2019 02:36,0
10/12/2019 02:41,0
10/12/2019 02:46,0
10/12/2019 02:51,0
10/12/2019 02:56,0
10/12/2019 03:01,0
10/12/2019 03:06,0
10/12/2019 03:11,0
10/12/2019 03:16,0
10/12/2019 03:21,0
10/12/2019 03:26,0
10/12/2019 03:31,0
10/12/2019 03:36,0.354355665
10/12/2019 03:41,0
10/12/2019 03:46,0
10/12/2019 03:51,0
10/12/2019 03:56,0.354355665
10/12/2019 04:01,0
10/12/2019 04:06,0
10/12/2019 04:11,0
10/12/2019 04:16,0
10/12/2019 04:21,0
10/12/2019 04:26,0
10/12/2019 04:31,0
10/12/2019 04:36,0
10/12/2019 04:41,0
10/12/2019 04:46,0
10/12/2019 04:51,0
10/12/2019 04:56,0
10/12/2019 05:01,0
10/12/2019 05:06,0
10/12/2019 05:11,0
10/12/2019 05:16,0
10/12/2019 05:21,0
10/12/2019 05:26,0
10/12/2019 05:31,0
10/12/2019 05:36,0
10/12/2019 05:41,0
10/12/2019 05:46,0
10/12/2019 05:51,0
10/12/2019 05:56,0
10/12/2019 06:01,0
10/12/2019 06:06,0
10/12/2019 06:11,0
10/12/2019 06:16,0
10/12/2019 06:21,0
10/12/2019 06:26,0
10/12/2019 06:31,0
10/12/2019 06:36,0
10/12/2019 06:41,0
10/12/2019 06:46,0
10/12/2019 06:51,0
10/12/2019 06:56,0
10/12/2019 07:01,0
10/12/2019 07:06,0
10/12/2019 07:11,0
10/12/2019 07:16,0
10/12/2019 07:21,0
10/12/2019 07:26,0
10/12/2019 07:31,0
10/12/2019 07:36,0
10/12/2019 07:41,0
10/12/2019 07:46,0
10/12/2019 07:51,0
10/12/2019 07:56,0
10/12/2019 08:01,0
10/12/2019 08:06,0
10/12/2019 08:11,0
10/12/2019 08:16,0
10/12/2019 08:21,0
10/12/2019 08:26,0
10/12/2019 08:31,0
10/12/2019 08:36,0
10/12/2019 08:41,0
10/12/2019 08:46,0
10/12/2019 08:51,0
10/12/2019 08:56,0
10/12/2019 09:01,0
10/12/2019 09:06,0
10/12/2019 09:11,0
10/12/2019 09:16,0
10/12/2019 09:21,0
10/12/2019 09:26,0
10/12/2019 09:31,0
10/12/2019 09:36,0
10/12/2019 09:41,0
10/12/2019 09:46,0
10/12/2019 09:51,0
10/12/2019 09:56,0
10/12/2019 10:01,0
10/12/2019 10:06,0
10/12/2019 10:11,0
10/12/2019 10:16,0
10/12/2019 10:21,0
10/12/2019 10:26,0
10/12/2019 10:31,0
10/12/2019 10:36,0
10/12/2019 10:41,0
10/12/2019 10:46,0
10/12/2019 10:51,0
10/12/2019 10:56,0
10/12/2019 11:01,0
10/12/2019 11:06,0
10/12/2019 11:11,0
10/12/2019 11:16,0
10/12/2019 11:21,0
10/12/2019 11:26,0
10/12/2019 11:31,0
10/12/2019 11:36,0
10/12/2019 11:41,0
10/12/2019 11:46,0
10/12/2019 11:51,0
10/12/2019 11:56,0
10/12/2019 12:01,0
10/12/2019 12:06,0
10/12/2019 12:11,0
10/12/2019 12:16,0
10/12/2019 12:21,0
10/12/2019 12:26,0
10/12/2019 12:31,0
10/12/2019 12:36,0
10/12/2019 12:41,0
10/12/2019 12:46,0
10/12/2019 12:51,0
10/12/2019 12:56,0
10/12/2019 13:01,0
10/12/2019 13:06,0
10/12/2019 13:11,0
10/12/2019 13:16,0
10/12/2019 13:21,0
10/12/2019 13:26,0
10/12/2019 13:31,0
10/12/2019 13:36,0
10/12/2019 13:41,0
10/12/2019 13:46,0
10/12/2019 13:51,0
10/12/2019 13:56,0
10/12/2019 14:01,0
10/12/2019 14:06,0
10/12/2019 14:11,0
10/12/2019 14:16,0
10/12/2019 14:21,0
10/12/2019 14:26,0
10/12/2019 14:31,0
10/12/2019 14:36,0
10/12/2019 14:41,0
10/12/2019 14:46,0
10/12/2019 14:51,0
10/12/2019 14:56,0
10/12/2019 15:01,0
10/12/2019 15:06,0
10/12/2019 15:11,0
10/12/2019 15:16,0
10/12/2019 15:21,0
10/12/2019 15:26,0
10/12/2019 15:31,0
10/12/2019 15:36,0
10/12/2019 15:41,0
10/12/2019 15:46,0
10/12/2019 15:51,0
10/12/2019 15:56,0
10/12/2019 16:01,0
10/12/2019 16:06,0
10/12/2019 16:11,0
10/12/2019 16:16,0
10/12/2019 16:21,0
10/12/2019 16:26,0
10/12/2019 16:31,0
10/12/2019 16:36,0
10/12/2019 16:41,0
10/12/2019 16:46,0
10/12/2019 16:51,0
10/12/2019 16:56,0
10/12/2019 17:01,0
10/12/2019 17:06,0
10/12/2019 17:11,0
10/12/2019 17:16,0
10/12/2019 17:21,0
10/12/2019 17:26,0
10/12/2019 17:31,0
10/12/2019 17:36,0
10/12/2019 17:41,0
10/12/2019 17:46,0
10/12/2019 17:51,0
10/12/2019 17:56,0
10/12/2019 18:01,0
10/12/2019 18:06,0
10/12/2019 18:11,0
10/12/2019 18:16,0
10/12/2019 18:21,0
10/12/2019 18:26,0
10/12/2019 18:31,0
10/12/2019 18:36,0
10/12/2019 18:41,0
10/12/2019 18:46,0
10/12/2019 18:51,0
10/12/2019 18:56,0
10/12/2019 19:01,0
10/12/2019 19:06,0
10/12/2019 19:11,0
10/12/2019 19:16,0
10/12/2019 19:21,0
10/12/2019 19:26,0
10/12/2019 19:31,0
10/12/2019 19:36,0
10/12/2019 19:41,0
10/12/2019 19:46,0
10/12/2019 19:51,0
10/12/2019 19:56,0
10/12/2019 20:01,0
10/12/2019 20:06,0
10/12/2019 20:11,0
10/12/2019 20:16,0
10/12/2019 20:21,0
10/12/2019 20:26,0
10/12/2019 20:31,0
10/12/2019 20:36,0
10/12/2019 20:41,0
10/12/2019 20:46,0
10/12/2019 20:51,0
10/12/2019 20:56,0
10/12/2019 21:01,0
10/12/2019 21:06,0
10/12/2019 21:11,0
10/12/2019 21:16,0
10/12/2019 21:21,0
10/12/2019 21:26,0
10/12/2019 21:31,0
10/12/2019 21:36,0
10/12/2019 21:41,0
10/12/2019 21:46,0
10/12/2019 21:51,0
10/12/2019 21:56,0
10/12/2019 22:01,0
10/12/2019 22:06,0
10/12/2019 22:11,0
10/12/2019 22:16,0
10/12/2019 22:21,0
10/12/2019 22:26,0
10/12/2019 22:31,0
10/12/2019 22:36,0
10/12/2019 22:41,0
10/12/2019 22:46,0
10/12/2019 22:51,0
10/12/2019 22:56,0
10/12/2019 23:01,0
10/12/2019 23:06,0
10/12/2019 23:11,0
10/12/2019 23:16,0
10/12/2019 23:21,0
10/12/2019 23:26,0
10/12/2019 23:31,0
10/12/2019 23:36,0
10/12/2019 23:41,0
10/12/2019 23:46,0
10/12/2019 23:51,0
10/12/2019 23:56,0
11/12/2019 00:01,0
11/12/2019 00:06,0
11/12/2019 00:11,0
11/12/2019 00:16,0
11/12/2019 00:21,0
11/12/2019 00:26,0
11/12/2019 00:31,0
11/12/2019 00:36,0
11/12/2019 00:41,0
11/12/2019 00:46,0
11/12/2019 00:51,0
11/12/2019 00:56,0
11/12/2019 01:01,0
11/12/2019 01:06,0
11/12/2019 01:11,0
11/12/2019 01:16,0
11/12/2019 01:21,0
11/12/2019 01:26,0
11/12/2019 01:31,0
11/12/2019 01:36,0
11/12/2019 01:41,0
11/12/2019 01:46,0
11/12/2019 01:51,0
11/12/2019 01:56,0
11/12/2019 02:01,0
11/12/2019 02:06,0
11/12/2019 02:11,0
11/12/2019 02:16,0
11/12/2019 02:21,0
11/12/2019 02:26,0
11/12/2019 02:31,0
11/12/2019 02:36,0
11/12/2019 02:41,0
11/12/2019 02:46,0
11/12/2019 02:51,0
11/12/2019 02:56,0
11/12/2019 03:01,0
11/12/2019 03:06,0
11/12/2019 03:11,0
11/12/2019 03:16,0
11/12/2019 03:21,0
11/12/2019 03:26,0
11/12/2019 03:31,0
11/12/2019 03:36,0
11/12/2019 03:41,0
11/12/2019 03:46,0
11/12/2019 03:51,0
11/12/2019 03:56,0
11/12/2019 04:01,0
11/12/2019 04:06,0
11/12/2019 04:11,0
11/12/2019 04:16,0
11/12/2019 04:21,0
11/12/2019 04:26,0
11/12/2019 04:31,0
11/12/2019 04:36,0
11/12/2019 04:41,0
11/12/2019 04:46,0
11/12/2019 04:51,0
11/12/2019 04:56,0
11/12/2019 05:01,0
11/12/2019 05:06,0
11/12/2019 05:11,0
11/12/2019 05:16,0
11/12/2019 05:21,0
11/12/2019 05:26,0
11/12/2019 05:31,0
11/12/2019 05:36,0
11/12/2019 05:41,0
11/12/2019 05:46,0
11/12/2019 05:51,0
11/12/2019 05:56,0
11/12/2019 06:01,0
11/12/2019 06:06,0
11/12/2019 06:11,0
11/12/2019 06:16,0
11/12/2019 06:21,0
11/12/2019 06:26,0
11/12/2019 06:31,0.354355665
11/12/2019 06:36,0.354355665
11/12/2019 06:41,0
11/12/2019 06:46,0
11/12/2019 06:51,0
11/12/2019 06:56,0
11/12/2019 07:01,0.354355665
11/12/2019 07:06,0
11/12/2019 07:11,0.354355665
11/12/2019 07:16,0
11/12/2019 07:21,0.70871133
11/12/2019 07:26,0
11/12/2019 07:31,0
11/12/2019 07:36,0.354355665
11/12/2019 07:41,0
11/12/2019 07:46,0.354355665
11/12/2019 07:51,0.354355665
11/12/2019 07:56,0.354355665
11/12/2019 08:01,0.354355665
11/12/2019 08:06,0
11/12/2019 08:11,0.354355665
11/12/2019 08:16,0.354355665
11/12/2019 08:21,0
11/12/2019 08:26,0.354355665
11/12/2019 08:31,0
11/12/2019 08:36,0
11/12/2019 08:41,0.354355665
11/12/2019 08:46,0
11/12/2019 08:51,0.354355665
11/12/2019 08:56,0
11/12/2019 09:01,0
11/12/2019 09:06,0.354355665
11/12/2019 09:11,0
11/12/2019 09:16,0
11/12/2019 09:21,0
11/12/2019 09:26,0
11/12/2019 09:31,0
11/12/2019 09:36,0
11/12/2019 09:41,0
11/12/2019 09:46,0
11/12/2019 09:51,0
11/12/2019 09:56,0
11/12/2019 10:01,0
11/12/2019 10:06,0
11/12/2019 10:11,0
11/12/2019 10:16,0
11/12/2019 10:21,0
11/12/2019 10:26,0
11/12/2019 10:31,0
11/12/2019 10:36,0
11/12/2019 10:41,0
11/12/2019 10:46,0
11/12/2019 10:51,0
11/12/2019 10:56,0
11/12/2019 11:01,0
11/12/2019 11:06,0
11/12/2019 11:11,0
11/12/2019 11:16,0
11/12/2019 11:21,0
11/12/2019 11:26,0
11/12/2019 11:31,0
11/12/2019 11:36,0
11/12/2019 11:41,0
11/12/2019 11:46,0
11/12/2019 11:51,0
11/12/2019 11:56,0
11/12/2019 12:01,0
11/12/2019 12:06,0
11/12/2019 12:11,0
11/12/2019 12:16,0
11/12/2019 12:21,0
11/12/2019 12:26,0
11/12/2019 12:31,0
11/12/2019 12:36,0
11/12/2019 12:41,0
11/12/2019 12:46,0
11/12/2019 12:51,0
11/12/2019 12:56,0
11/12/2019 13:01,0
11/12/2019 13:06,0
11/12/2019 13:11,0
11/12/2019 13:16,0
11/12/2019 13:21,0
11/12/2019 13:26,0
11/12/2019 13:31,0
11/12/2019 13:36,0
11/12/2019 13:41,0
11/12/2019 13:46,0
11/12/2019 13:51,0
11/12/2019 13:56,0
11/12/2019 14:01,0
11/12/2019 14:06,0
11/12/2019 14:11,0
11/12/2019 14:16,0
11/12/2019 14:21,0
11/12/2019 14:26,0
11/12/2019 14:31,0
11/12/2019 14:36,0
11/12/2019 14:41,0
11/12/2019 14:46,0
11/12/2019 14:51,0
11/12/2019 14:56,0
11/12/2019 15:01,0
11/12/2019 15:06,0
11/12/2019 15:11,0
11/12/2019 15:16,0
11/12/2019 15:21,0
11/12/2019 15:26,0
11/12/2019 15:31,0
11/12/2019 15:36,0
11/12/2019 15:41,0
11/12/2019 15:46,0
11/12/2019 15:51,0
11/12/2019 15:56,0
11/12/2019 16:01,0
11/12/2019 16:06,0
11/12/2019 16:11,0
11/12/2019 16:16,0
11/12/2019 16:21,0
11/12/2019 16:26,0
11/12/2019 16:31,0
11/12/2019 16:36,0
11/12/2019 16:41,0
11/12/2019 16:46,0
11/12/2019 16:51,0
11/12/2019 16:56,0
11/12/2019 17:01,0
11/12/2019 17:06,0
11/12/2019 17:11,0
11/12/2019 17:16,0
11/12/2019 17:21,0
11/12/2019 17:26,0
11/12/2019 17:31,0
11/12/2019 17:36,0
11/12/2019 17:41,0
11/12/2019 17:46,0
11/12/2019 17:51,0
11/12/2019 17:56,0
11/12/2019 18:01,0
11/12/2019 18:06,0
11/12/2019 18:11,0
11/12/2019 18:16,0
11/12/2019 18:21,0
11/12/2019 18:26,0
11/12/2019 18:31,0
11/12/2019 18:36,0
11/12/2019 18:41,0
11/12/2019 18:46,0
11/12/2019 18:51,0
11/12/2019 18:56,0
11/12/2019 19:01,0
11/12/2019 19:06,0
11/12/2019 19:11,0
11/12/2019 19:16,0
11/12/2019 19:21,0
11/12/2019 19:26,0
11/12/2019 19:31,0
11/12/2019 19:36,0
11/12/2019 19:41,0
11/12/2019 19:46,0
11/12/2019 19:51,0
11/12/2019 19:56,0
11/12/2019 20:01,0
11/12/2019 20:06,0
11/12/2019 20:11,0
11/12/2019 20:16,0
11/12/2019 20:21,0
11/12/2019 20:26,0
11/12/2019 20:31,0
11/12/2019 20:36,0
11/12/2019 20:41,0
11/12/2019 20:46,0
11/12/2019 20:51,0
11/12/2019 20:56,0
11/12/2019 21:01,0
11/12/2019 21:06,0
11/12/2019 21:11,0
11/12/2019 21:16,0
11/12/2019 21:21,0
11/12/2019 21:26,0
11/12/2019 21:31,0
11/12/2019 21:36,0
11/12/2019 21:41,0
11/12/2019 21:46,0
11/12/2019 21:51,0
11/12/2019 21:56,0
11/12/2019 22:01,0
11/12/2019 22:06,0
11/12/2019 22:11,0
11/12/2019 22:16,0
11/12/2019 22:21,0
11/12/2019 22:26,0
11/12/2019 22:31,0
11/12/2019 22:36,0
11/12/2019 22:41,0
11/12/2019 22:46,0
11/12/2019 22:51,0
11/12/2019 22:56,0
11/12/2019 23:01,0
11/12/2019 23:06,0
11/12/2019 23:11,0
11/12/2019 23:16,0
11/12/2019 23:21,0
11/12/2019 23:26,0
11/12/2019 23:31,0
11/12/2019 23:36,0
11/12/2019 23:41,0
11/12/2019 23:46,0
11/12/2019 23:51,0
11/12/2019 23:56,0
12/12/2019 00:01,0
12/12/2019 00:06,0
12/12/2019 00:11,0
12/12/2019 00:16,0
12/12/2019 00:21,0
12/12/2019 00:26,0
12/12/2019 00:31,0
12/12/2019 00:36,0
12/12/2019 00:41,0
12/12/2019 00:46,0
12/12/2019 00:51,0
12/12/2019 00:56,0
12/12/2019 01:01,0
12/12/2019 01:06,0
12/12/2019 01:11,0
12/12/2019 01:16,0
12/12/2019 01:21,0
12/12/2019 01:26,0
12/12/2019 01:31,0
12/12/2019 01:36,0
12/12/2019 01:41,0
12/12/2019 01:46,0
12/12/2019 01:51,0
12/12/2019 01:56,0
12/12/2019 02:01,0
12/12/2019 02:06,0
12/12/2019 02:11,0
12/12/2019 02:16,0
12/12/2019 02:21,0
12/12/2019 02:26,0
12/12/2019 02:31,0
12/12/2019 02:36,0.354355665
12/12/2019 02:41,0.354355665
12/12/2019 02:46,0
12/12/2019 02:51,0
12/12/2019 02:56,0
12/12/2019 03:01,0
12/12/2019 03:06,0
12/12/2019 03:11,0.354355665
12/12/2019 03:16,0.354355665
12/12/2019 03:21,0
12/12/2019 03:26,0.354355665
12/12/2019 03:31,0
12/12/2019 03:36,0
12/12/2019 03:41,0
12/12/2019 03:46,0
12/12/2019 03:51,0.354355665
12/12/2019 03:56,0
12/12/2019 04:01,0
12/12/2019 04:06,0
12/12/2019 04:11,0
12/12/2019 04:16,0
12/12/2019 04:21,0
12/12/2019 04:26,0
12/12/2019 04:31,0
12/12/2019 04:36,0
12/12/2019 04:41,0
12/12/2019 04:46,0
12/12/2019 04:51,0
12/12/2019 04:56,0
12/12/2019 05:01,0
12/12/2019 05:06,0
12/12/2019 05:11,0
12/12/2019 05:16,0
12/12/2019 05:21,0
12/12/2019 05:26,0
12/12/2019 05:31,0
12/12/2019 05:36,0
12/12/2019 05:41,0.354355665
12/12/2019 05:46,0.354355665
12/12/2019 05:51,0
12/12/2019 05:56,0
12/12/2019 06:01,0
12/12/2019 06:06,0
12/12/2019 06:11,0
12/12/2019 06:16,0
12/12/2019 06:21,0
12/12/2019 06:26,0.354355665
12/12/2019 06:31,0
12/12/2019 06:36,0
12/12/2019 06:41,0
12/12/2019 06:46,0
12/12/2019 06:51,0
12/12/2019 06:56,0
12/12/2019 07:01,0
12/12/2019 07:06,0
12/12/2019 07:11,0
12/12/2019 07:16,0
12/12/2019 07:21,0
12/12/2019 07:26,0
12/12/2019 07:31,0
12/12/2019 07:36,0
12/12/2019 07:41,0
12/12/2019 07:46,0
12/12/2019 07:51,0
12/12/2019 07:56,0
12/12/2019 08:01,0
12/12/2019 08:06,0
12/12/2019 08:11,0
12/12/2019 08:16,0
12/12/2019 08:21,0
12/12/2019 08:26,0
12/12/2019 08:31,0
12/12/2019 08:36,0
12/12/2019 08:41,0
12/12/2019 08:46,0
12/12/2019 08:51,0
12/12/2019 08:56,0
12/12/2019 09:01,0
12/12/2019 09:06,0
12/12/2019 09:11,0
12/12/2019 09:16,0
12/12/2019 09:21,0
12/12/2019 09:26,0
12/12/2019 09:31,0
12/12/2019 09:36,0
12/12/2019 09:41,0
12/12/2019 09:46,0
12/12/2019 09:51,0
12/12/2019 09:56,0
12/12/2019 10:01,0
12/12/2019 10:06,0
12/12/2019 10:11,0
12/12/2019 10:16,0
12/12/2019 10:21,0
12/12/2019 10:26,0
12/12/2019 10:31,0
12/12/2019 10:36,0
12/12/2019 10:41,0
12/12/2019 10:46,0
12/12/2019 10:51,0
12/12/2019 10:56,0
12/12/2019 11:01,0
12/12/2019 11:06,0
12/12/2019 11:11,0
12/12/2019 11:16,0
12/12/2019 11:21,0
12/12/2019 11:26,0
12/12/2019 11:31,0
12/12/2019 11:36,0
12/12/2019 11:41,0
12/12/2019 11:46,0
12/12/2019 11:51,0
12/12/2019 11:56,0
12/12/2019 12:01,0
12/12/2019 12:06,0
12/12/2019 12:11,0
12/12/2019 12:16,0
12/12/2019 12:21,0
12/12/2019 12:26,0
12/12/2019 12:31,0
12/12/2019 12:36,0
12/12/2019 12:41,0
12/12/2019 12:46,0
12/12/2019 12:51,0
12/12/2019 12:56,0
12/12/2019 13:01,0
12/12/2019 13:06,0
12/12/2019 13:11,0
12/12/2019 13:16,0
12/12/2019 13:21,0
12/12/2019 13:26,0
12/12/2019 13:31,0
12/12/2019 13:36,0
12/12/2019 13:41,0
12/12/2019 13:46,0
12/12/2019 13:51,0
12/12/2019 13:56,0
12/12/2019 14:01,0
12/12/2019 14:06,0
12/12/2019 14:11,0
12/12/2019 14:16,0
12/12/2019 14:21,0
12/12/2019 14:26,0
12/12/2019 14:31,0
12/12/2019 14:36,0
12/12/2019 14:41,0
12/12/2019 14:46,0
12/12/2019 14:51,0
12/12/2019 14:56,0
12/12/2019 15:01,0
12/12/2019 15:06,0
12/12/2019 15:11,0
12/12/2019 15:16,0
12/12/2019 15:21,0
12/12/2019 15:26,0
12/12/2019 15:31,0
12/12/2019 15:36,0
12/12/2019 15:41,0
12/12/2019 15:46,0
12/12/2019 15:51,0
12/12/2019 15:56,0
12/12/2019 16:01,0
12/12/2019 16:06,0
12/12/2019 16:11,0
12/12/2019 16:16,0
12/12/2019 16:21,0
12/12/2019 16:26,0
12/12/2019 16:31,0
12/12/2019 16:36,0
12/12/2019 16:41,0
12/12/2019 16:46,0
12/12/2019 16:51,0
12/12/2019 16:56,0
12/12/2019 17:01,0
12/12/2019 17:06,0
12/12/2019 17:11,0
12/12/2019 17:16,0
12/12/2019 17:21,0
12/12/2019 17:26,0
12/12/2019 17:31,0.354355665
12/12/2019 17:36,0
12/12/2019 17:41,0
12/12/2019 17:46,0
12/12/2019 17:51,0
12/12/2019 17:56,0
12/12/2019 18:01,0.354355665
12/12/2019 18:06,0
12/12/2019 18:11,0
12/12/2019 18:16,0
12/12/2019 18:21,0.354355665
12/12/2019 18:26,0
12/12/2019 18:31,0
12/12/2019 18:36,0
12/12/2019 18:41,0
12/12/2019 18:46,0
12/12/2019 18:51,0
12/12/2019 18:56,0
12/12/2019 19:01,0
12/12/2019 19:06,0
12/12/2019 19:11,0
12/12/2019 19:16,0
12/12/2019 19:21,0
12/12/2019 19:26,0
12/12/2019 19:31,0
12/12/2019 19:36,0
12/12/2019 19:41,0
12/12/2019 19:46,0
12/12/2019 19:51,0
12/12/2019 19:56,0
12/12/2019 20:01,0
12/12/2019 20:06,0
12/12/2019 20:11,0
12/12/2019 20:16,0
12/12/2019 20:21,0
12/12/2019 20:26,0
12/12/2019 20:31,0
12/12/2019 20:36,0
12/12/2019 20:41,0
12/12/2019 20:46,0
12/12/2019 20:51,0
12/12/2019 20:56,0
12/12/2019 21:01,0
12/12/2019 21:06,0
12/12/2019 21:11,0
12/12/2019 21:16,0
12/12/2019 21:21,0
12/12/2019 21:26,0
12/12/2019 21:31,0
12/12/2019 21:36,0
12/12/2019 21:41,0
12/12/2019 21:46,0
12/12/2019 21:51,0
12/12/2019 21:56,0
12/12/2019 22:01,0
12/12/2019 22:06,0
12/12/2019 22:11,0
12/12/2019 22:16,0
12/12/2019 22:21,0
12/12/2019 22:26,0
12/12/2019 22:31,0
12/12/2019 22:36,0
12/12/2019 22:41,0
12/12/2019 22:46,0
12/12/2019 22:51,0
12/12/2019 22:56,0
12/12/2019 23:01,0
12/12/2019 23:06,0
12/12/2019 23:11,0
12/12/2019 23:16,0
12/12/2019 23:21,0
12/12/2019 23:26,0
12/12/2019 23:31,0
12/12/2019 23:36,0
12/12/2019 23:41,0
12/12/2019 23:46,0
12/12/2019 23:51,0
12/12/2019 23:56,0
13/12/2019 00:01,0
13/12/2019 00:06,0
13/12/2019 00:11,0
13/12/2019 00:16,0
13/12/2019 00:21,0
13/12/2019 00:26,0
13/12/2019 00:31,0
13/12/2019 00:36,0
13/12/2019 00:41,0
13/12/2019 00:46,0
13/12/2019 00:51,0
13/12/2019 00:56,0
13/12/2019 01:01,0
13/12/2019 01:06,0
13/12/2019 01:11,0
13/12/2019 01:16,0
13/12/2019 01:21,0
13/12/2019 01:26,0
13/12/2019 01:31,0
13/12/2019 01:36,0
13/12/2019 01:41,0
13/12/2019 01:46,0
13/12/2019 01:51,0
13/12/2019 01:56,0
13/12/2019 02:01,0
13/12/2019 02:06,0
13/12/2019 02:11,0
13/12/2019 02:16,0
13/12/2019 02:21,0
13/12/2019 02:26,0
13/12/2019 02:31,0
13/12/2019 02:36,0
13/12/2019 02:41,0
13/12/2019 02:46,0
13/12/2019 02:51,0
13/12/2019 02:56,0
13/12/2019 03:01,0
13/12/2019 03:06,0
13/12/2019 03:11,0
13/12/2019 03:16,0
13/12/2019 03:21,0
13/12/2019 03:26,0
13/12/2019 03:31,0
13/12/2019 03:36,0
13/12/2019 03:41,0
13/12/2019 03:46,0
13/12/2019 03:51,0
13/12/2019 03:56,0
13/12/2019 04:01,0
13/12/2019 04:06,0
13/12/2019 04:11,0
13/12/2019 04:16,0
13/12/2019 04:21,0
13/12/2019 04:26,0
13/12/2019 04:31,0
13/12/2019 04:36,0
13/12/2019 04:41,0
13/12/2019 04:46,0
13/12/2019 04:51,0
13/12/2019 04:56,0
13/12/2019 05:01,0
13/12/2019 05:06,0
13/12/2019 05:11,0
13/12/2019 05:16,0
13/12/2019 05:21,0
13/12/2019 05:26,0
13/12/2019 05:31,0
13/12/2019 05:36,0
13/12/2019 05:41,0
13/12/2019 05:46,0
13/12/2019 05:51,0
13/12/2019 05:56,0
13/12/2019 06:01,0
13/12/2019 06:06,0
13/12/2019 06:11,0
13/12/2019 06:16,0
13/12/2019 06:21,0
13/12/2019 06:26,0
13/12/2019 06:31,0
13/12/2019 06:36,0
13/12/2019 06:41,0
13/12/2019 06:46,0
13/12/2019 06:51,0
13/12/2019 06:56,0
13/12/2019 07:01,0
13/12/2019 07:06,0
13/12/2019 07:11,0
13/12/2019 07:16,0
13/12/2019 07:21,0
13/12/2019 07:26,0
13/12/2019 07:31,0
13/12/2019 07:36,0
13/12/2019 07:41,0
13/12/2019 07:46,0
13/12/2019 07:51,0
13/12/2019 07:56,0
13/12/2019 08:01,0
13/12/2019 08:06,0
13/12/2019 08:11,0
13/12/2019 08:16,0
13/12/2019 08:21,0
13/12/2019 08:26,0
13/12/2019 08:31,0
13/12/2019 08:36,0
13/12/2019 08:41,0
13/12/2019 08:46,0
13/12/2019 08:51,0
13/12/2019 08:56,0
13/12/2019 09:01,0
13/12/2019 09:06,0
13/12/2019 09:11,0
13/12/2019 09:16,0
13/12/2019 09:21,0
13/12/2019 09:26,0
13/12/2019 09:31,0
13/12/2019 09:36,0
13/12/2019 09:41,0
13/12/2019 09:46,0
13/12/2019 09:51,0
13/12/2019 09:56,0
13/12/2019 10:01,0
13/12/2019 10:06,0
13/12/2019 10:11,0
13/12/2019 10:16,0
13/12/2019 10:21,0
13/12/2019 10:26,0
13/12/2019 10:31,0
13/12/2019 10:36,0
13/12/2019 10:41,0
13/12/2019 10:46,0
13/12/2019 10:51,0
13/12/2019 10:56,0
13/12/2019 11:01,0
13/12/2019 11:06,0
13/12/2019 11:11,0
13/12/2019 11:16,0
13/12/2019 11:21,0
13/12/2019 11:26,0
13/12/2019 11:31,0
13/12/2019 11:36,0
13/12/2019 11:41,0
13/12/2019 11:46,0
13/12/2019 11:51,0
13/12/2019 11:56,0
13/12/2019 12:01,0
13/12/2019 12:06,0
13/12/2019 12:11,0
13/12/2019 12:16,0
13/12/2019 12:21,0
13/12/2019 12:26,0
13/12/2019 12:31,0
13/12/2019 12:36,0
13/12/2019 12:41,0
13/12/2019 12:46,0
13/12/2019 12:51,0
13/12/2019 12:56,0
13/12/2019 13:01,0
13/12/2019 13:06,0
13/12/2019 13:11,0
13/12/2019 13:16,0
13/12/2019 13:21,0
13/12/2019 13:26,0
13/12/2019 13:31,0
13/12/2019 13:36,0
13/12/2019 13:41,0
13/12/2019 13:46,0
13/12/2019 13:51,0
13/12/2019 13:56,0
13/12/2019 14:01,0
13/12/2019 14:06,0
13/12/2019 14:11,0
13/12/2019 14:16,0
13/12/2019 14:21,0
13/12/2019 14:26,0
13/12/2019 14:31,0
13/12/2019 14:36,0
13/12/2019 14:41,0
13/12/2019 14:46,0
13/12/2019 14:51,0
13/12/2019 14:56,0
13/12/2019 15:01,0
13/12/2019 15:06,0
13/12/2019 15:11,0
13/12/2019 15:16,0
13/12/2019 15:21,0
13/12/2019 15:26,0
13/12/2019 15:31,0
13/12/2019 15:36,0
13/12/2019 15:41,0
13/12/2019 15:46,0
13/12/2019 15:51,0
13/12/2019 15:56,0
13/12/2019 16:01,0
13/12/2019 16:06,0
13/12/2019 16:11,0
13/12/2019 16:16,0
13/12/2019 16:21,0
13/12/2019 16:26,0
13/12/2019 16:31,0
13/12/2019 16:36,0
13/12/2019 16:41,0
13/12/2019 16:46,0
13/12/2019 16:51,0
13/12/2019 16:56,0
13/12/2019 17:01,0
13/12/2019 17:06,0
13/12/2019 17:11,0
13/12/2019 17:16,0
13/12/2019 17:21,0
13/12/2019 17:26,0
13/12/2019 17:31,0
13/12/2019 17:36,0
13/12/2019 17:41,0
13/12/2019 17:46,0
13/12/2019 17:51,0
13/12/2019 17:56,0
13/12/2019 18:01,0
13/12/2019 18:06,0
13/12/2019 18:11,0
13/12/2019 18:16,0
13/12/2019 18:21,0
13/12/2019 18:26,0
13/12/2019 18:31,0
13/12/2019 18:36,0
13/12/2019 18:41,0
13/12/2019 18:46,0
13/12/2019 18:51,0
13/12/2019 18:56,0
13/12/2019 19:01,0
13/12/2019 19:06,0
13/12/2019 19:11,0
13/12/2019 19:16,0
13/12/2019 19:21,0
13/12/2019 19:26,0
13/12/2019 19:31,0
13/12/2019 19:36,0
13/12/2019 19:41,0
13/12/2019 19:46,0
13/12/2019 19:51,0
13/12/2019 19:56,0
13/12/2019 20:01,0
13/12/2019 20:06,0
13/12/2019 20:11,0
13/12/2019 20:16,0
13/12/2019 20:21,0
13/12/2019 20:26,0
13/12/2019 20:31,0
13/12/2019 20:36,0
13/12/2019 20:41,0
13/12/2019 20:46,0
13/12/2019 20:51,0
13/12/2019 20:56,0
13/12/2019 21:01,0
13/12/2019 21:06,0
13/12/2019 21:11,0
13/12/2019 21:16,0
13/12/2019 21:21,0
13/12/2019 21:26,0
13/12/2019 21:31,0
13/12/2019 21:36,0
13/12/2019 21:41,0
13/12/2019 21:46,0
13/12/2019 21:51,0
13/12/2019 21:56,0
13/12/2019 22:01,0
13/12/2019 22:06,0
13/12/2019 22:11,0
13/12/2019 22:16,0
13/12/2019 22:21,0
13/12/2019 22:26,0
13/12/2019 22:31,0
13/12/2019 22:36,0
13/12/2019 22:41,0
13/12/2019 22:46,0
13/12/2019 22:51,0
13/12/2019 22:56,0
13/12/2019 23:01,0
13/12/2019 23:06,0
13/12/2019 23:11,0
13/12/2019 23:16,0
13/12/2019 23:21,0
13/12/2019 23:26,0
13/12/2019 23:31,0
13/12/2019 23:36,0
13/12/2019 23:41,0
13/12/2019 23:46,0
13/12/2019 23:51,0
13/12/2019 23:56,0
14/12/2019 00:01,0
14/12/2019 00:06,0
14/12/2019 00:11,0
14/12/2019 00:16,0
14/12/2019 00:21,0
14/12/2019 00:26,0
14/12/2019 00:31,0
14/12/2019 00:36,0
14/12/2019 00:41,0
14/12/2019 00:46,0
14/12/2019 00:51,0
14/12/2019 00:56,0
14/12/2019 01:01,0
14/12/2019 01:06,0
14/12/2019 01:11,0
14/12/2019 01:16,0
14/12/2019 01:21,0
14/12/2019 01:26,0
14/12/2019 01:31,0
14/12/2019 01:36,0
14/12/2019 01:41,0
14/12/2019 01:46,0
14/12/2019 01:51,0
14/12/2019 01:56,0
14/12/2019 02:01,0
14/12/2019 02:06,0
14/12/2019 02:11,0
14/12/2019 02:16,0
14/12/2019 02:21,0
14/12/2019 02:26,0
14/12/2019 02:31,0
14/12/2019 02:36,0
14/12/2019 02:41,0
14/12/2019 02:46,0
14/12/2019 02:51,0
14/12/2019 02:56,0
14/12/2019 03:01,0
14/12/2019 03:06,0
14/12/2019 03:11,0
14/12/2019 03:16,0
14/12/2019 03:21,0
14/12/2019 03:26,0
14/12/2019 03:31,0
14/12/2019 03:36,0
14/12/2019 03:41,0
14/12/2019 03:46,0
14/12/2019 03:51,0
14/12/2019 03:56,0
14/12/2019 04:01,0
14/12/2019 04:06,0
14/12/2019 04:11,0
14/12/2019 04:16,0
14/12/2019 04:21,0
14/12/2019 04:26,0
14/12/2019 04:31,0
14/12/2019 04:36,0
14/12/2019 04:41,0
14/12/2019 04:46,0
14/12/2019 04:51,0
14/12/2019 04:56,0
14/12/2019 05:01,0
14/12/2019 05:06,0
14/12/2019 05:11,0
14/12/2019 05:16,0
14/12/2019 05:21,0
14/12/2019 05:26,0
14/12/2019 05:31,0
14/12/2019 05:36,0
14/12/2019 05:41,0
14/12/2019 05:46,0
14/12/2019 05:51,0
14/12/2019 05:56,0
14/12/2019 06:01,0
14/12/2019 06:06,0
14/12/2019 06:11,0
14/12/2019 06:16,0
14/12/2019 06:21,0
14/12/2019 06:26,0
14/12/2019 06:31,0
14/12/2019 06:36,0
14/12/2019 06:41,0
14/12/2019 06:46,0
14/12/2019 06:51,0
14/12/2019 06:56,0
14/12/2019 07:01,0
14/12/2019 07:06,0
14/12/2019 07:11,0
14/12/2019 07:16,0
14/12/2019 07:21,0
14/12/2019 07:26,0
14/12/2019 07:31,0
14/12/2019 07:36,0
14/12/2019 07:41,0
14/12/2019 07:46,0
14/12/2019 07:51,0
14/12/2019 07:56,0
14/12/2019 08:01,0
14/12/2019 08:06,0
14/12/2019 08:11,0
14/12/2019 08:16,0
14/12/2019 08:21,0
14/12/2019 08:26,0
14/12/2019 08:31,0
14/12/2019 08:36,0
14/12/2019 08:41,0
14/12/2019 08:46,0
14/12/2019 08:51,0
14/12/2019 08:56,0
14/12/2019 09:01,0
14/12/2019 09:06,0
14/12/2019 09:11,0
14/12/2019 09:16,0
14/12/2019 09:21,0
14/12/2019 09:26,0
14/12/2019 09:31,0
14/12/2019 09:36,0
14/12/2019 09:41,0
14/12/2019 09:46,0
14/12/2019 09:51,0
14/12/2019 09:56,0
14/12/2019 10:01,0
14/12/2019 10:06,0
14/12/2019 10:11,0
14/12/2019 10:16,0
14/12/2019 10:21,0
14/12/2019 10:26,0
14/12/2019 10:31,0
14/12/2019 10:36,0
14/12/2019 10:41,0
14/12/2019 10:46,0
14/12/2019 10:51,0
14/12/2019 10:56,0
14/12/2019 11:01,0
14/12/2019 11:06,0
14/12/2019 11:11,0
14/12/2019 11:16,0
14/12/2019 11:21,0
14/12/2019 11:26,0
14/12/2019 11:31,0
14/12/2019 11:36,0
14/12/2019 11:41,0
14/12/2019 11:46,0
14/12/2019 11:51,0
14/12/2019 11:56,0
14/12/2019 12:01,0
14/12/2019 12:06,0
14/12/2019 12:11,0
14/12/2019 12:16,0
14/12/2019 12:21,0
14/12/2019 12:26,0
14/12/2019 12:31,0
14/12/2019 12:36,0
14/12/2019 12:41,0
14/12/2019 12:46,0
14/12/2019 12:51,0
14/12/2019 12:56,0
14/12/2019 13:01,0
14/12/2019 13:06,0
14/12/2019 13:11,0
14/12/2019 13:16,0
14/12/2019 13:21,0
14/12/2019 13:26,0
14/12/2019 13:31,0
14/12/2019 13:36,0
14/12/2019 13:41,0
14/12/2019 13:46,0
14/12/2019 13:51,0
14/12/2019 13:56,0
14/12/2019 14:01,0
14/12/2019 14:06,0
14/12/2019 14:11,0
14/12/2019 14:16,0
14/12/2019 14:21,0
14/12/2019 14:26,0
14/12/2019 14:31,0
14/12/2019 14:36,0
14/12/2019 14:41,0
14/12/2019 14:46,0
14/12/2019 14:51,0
14/12/2019 14:56,0
14/12/2019 15:01,0
14/12/2019 15:06,0
14/12/2019 15:11,0
14/12/2019 15:16,0
14/12/2019 15:21,0
14/12/2019 15:26,0
14/12/2019 15:31,0
14/12/2019 15:36,0
14/12/2019 15:41,0
14/12/2019 15:46,0
14/12/2019 15:51,0
14/12/2019 15:56,0
14/12/2019 16:01,0
14/12/2019 16:06,0
14/12/2019 16:11,0
14/12/2019 16:16,0
14/12/2019 16:21,0
14/12/2019 16:26,0
14/12/2019 16:31,0
14/12/2019 16:36,0
14/12/2019 16:41,0
14/12/2019 16:46,0
14/12/2019 16:51,0
14/12/2019 16:56,0
14/12/2019 17:01,0
14/12/2019 17:06,0
14/12/2019 17:11,0
14/12/2019 17:16,0
14/12/2019 17:21,0
14/12/2019 17:26,0
14/12/2019 17:31,0
14/12/2019 17:36,0
14/12/2019 17:41,0
14/12/2019 17:46,0
14/12/2019 17:51,0
14/12/2019 17:56,0
14/12/2019 18:01,0
14/12/2019 18:06,0
14/12/2019 18:11,0
14/12/2019 18:16,0
14/12/2019 18:21,0
14/12/2019 18:26,0
14/12/2019 18:31,0
14/12/2019 18:36,0
14/12/2019 18:41,0
14/12/2019 18:46,0
14/12/2019 18:51,0
14/12/2019 18:56,0
14/12/2019 19:01,0
14/12/2019 19:06,0
14/12/2019 19:11,0
14/12/2019 19:16,0
14/12/2019 19:21,0
14/12/2019 19:26,0
14/12/2019 19:31,0
14/12/2019 19:36,0
14/12/2019 19:41,0
14/12/2019 19:46,0
14/12/2019 19:51,0
14/12/2019 19:56,0
14/12/2019 20:01,0
14/12/2019 20:06,0
14/12/2019 20:11,0
14/12/2019 20:16,0
14/12/2019 20:21,0
14/12/2019 20:26,0
14/12/2019 20:31,0
14/12/2019 20:36,0
14/12/2019 20:41,0
14/12/2019 20:46,0
14/12/2019 20:51,0
14/12/2019 20:56,0
14/12/2019 21:01,0
14/12/2019 21:06,0
14/12/2019 21:11,0
14/12/2019 21:16,0
14/12/2019 21:21,0
14/12/2019 21:26,0
14/12/2019 21:31,0
14/12/2019 21:36,0
14/12/2019 21:41,0
14/12/2019 21:46,0
14/12/2019 21:51,0
14/12/2019 21:56,0
14/12/2019 22:01,0
14/12/2019 22:06,0
14/12/2019 22:11,0
14/12/2019 22:16,0
14/12/2019 22:21,0
14/12/2019 22:26,0
14/12/2019 22:31,0
14/12/2019 22:36,0
14/12/2019 22:41,0
14/12/2019 22:46,0
14/12/2019 22:51,0
14/12/2019 22:56,0
14/12/2019 23:01,0
14/12/2019 23:06,0
14/12/2019 23:11,0
14/12/2019 23:16,0
14/12/2019 23:21,0
14/12/2019 23:26,0
14/12/2019 23:31,0
14/12/2019 23:36,0
14/12/2019 23:41,0
14/12/2019 23:46,0
14/12/2019 23:51,0
14/12/2019 23:56,0
15/12/2019 00:01,0
15/12/2019 00:06,0
15/12/2019 00:11,0
15/12/2019 00:16,0
15/12/2019 00:21,0
15/12/2019 00:26,0
15/12/2019 00:31,0
15/12/2019 00:36,0
15/12/2019 00:41,0
15/12/2019 00:46,0
15/12/2019 00:51,0
15/12/2019 00:56,0
15/12/2019 01:01,0
15/12/2019 01:06,0
15/12/2019 01:11,0
15/12/2019 01:16,0
15/12/2019 01:21,0
15/12/2019 01:26,0
15/12/2019 01:31,0
15/12/2019 01:36,0
15/12/2019 01:41,0
15/12/2019 01:46,0
15/12/2019 01:51,0
15/12/2019 01:56,0
15/12/2019 02:01,0
15/12/2019 02:06,0
15/12/2019 02:11,0
15/12/2019 02:16,0
15/12/2019 02:21,0
15/12/2019 02:26,0
15/12/2019 02:31,0
15/12/2019 02:36,0
15/12/2019 02:41,0
15/12/2019 02:46,0
15/12/2019 02:51,0
15/12/2019 02:56,0
15/12/2019 03:01,0
15/12/2019 03:06,0
15/12/2019 03:11,0
15/12/2019 03:16,0
15/12/2019 03:21,0
15/12/2019 03:26,0
15/12/2019 03:31,0
15/12/2019 03:36,0
15/12/2019 03:41,0
15/12/2019 03:46,0
15/12/2019 03:51,0
15/12/2019 03:56,0
15/12/2019 04:01,0
15/12/2019 04:06,0
15/12/2019 04:11,0
15/12/2019 04:16,0
15/12/2019 04:21,0
15/12/2019 04:26,0
15/12/2019 04:31,0
15/12/2019 04:36,0
15/12/2019 04:41,0
15/12/2019 04:46,0
15/12/2019 04:51,0
15/12/2019 04:56,0
15/12/2019 05:01,0
15/12/2019 05:06,0
15/12/2019 05:11,0
15/12/2019 05:16,0
15/12/2019 05:21,0
15/12/2019 05:26,0
15/12/2019 05:31,0
15/12/2019 05:36,0
15/12/2019 05:41,0
15/12/2019 05:46,0
15/12/2019 05:51,0
15/12/2019 05:56,0
15/12/2019 06:01,0
15/12/2019 06:06,0
15/12/2019 06:11,0
15/12/2019 06:16,0
15/12/2019 06:21,0
15/12/2019 06:26,0
15/12/2019 06:31,0
15/12/2019 06:36,0
15/12/2019 06:41,0
15/12/2019 06:46,0
15/12/2019 06:51,0
15/12/2019 06:56,0
15/12/2019 07:01,0
15/12/2019 07:06,0
15/12/2019 07:11,0
15/12/2019 07:16,0
15/12/2019 07:21,0
15/12/2019 07:26,0
15/12/2019 07:31,0
15/12/2019 07:36,0
15/12/2019 07:41,0
15/12/2019 07:46,0
15/12/2019 07:51,0
15/12/2019 07:56,0
15/12/2019 08:01,0
15/12/2019 08:06,0
15/12/2019 08:11,0
15/12/2019 08:16,0
15/12/2019 08:21,0
15/12/2019 08:26,0
15/12/2019 08:31,0
15/12/2019 08:36,0
15/12/2019 08:41,0
15/12/2019 08:46,0
15/12/2019 08:51,0
15/12/2019 08:56,0
15/12/2019 09:01,0
15/12/2019 09:06,0
15/12/2019 09:11,0
15/12/2019 09:16,0
15/12/2019 09:21,0
15/12/2019 09:26,0
15/12/2019 09:31,0
15/12/2019 09:36,0
15/12/2019 09:41,0
15/12/2019 09:46,0
15/12/2019 09:51,0
15/12/2019 09:56,0
15/12/2019 10:01,0
15/12/2019 10:06,0
15/12/2019 10:11,0
15/12/2019 10:16,0
15/12/2019 10:21,0
15/12/2019 10:26,0
15/12/2019 10:31,6.378401973
15/12/2019 10:36,4.606623647
15/12/2019 10:41,3.189200987
15/12/2019 10:46,4.252267982
15/12/2019 10:51,8.858891629
15/12/2019 10:56,4.252267982
15/12/2019 11:01,0.354355665
15/12/2019 11:06,0
15/12/2019 11:11,0
15/12/2019 11:16,0
15/12/2019 11:21,0
15/12/2019 11:26,0
15/12/2019 11:31,0
15/12/2019 11:36,0
15/12/2019 11:41,0
15/12/2019 11:46,0
15/12/2019 11:51,0
15/12/2019 11:56,0
15/12/2019 12:01,0
15/12/2019 12:06,0
15/12/2019 12:11,0
15/12/2019 12:16,0
15/12/2019 12:21,0
15/12/2019 12:26,0
15/12/2019 12:31,0
15/12/2019 12:36,0
15/12/2019 12:41,0
15/12/2019 12:46,0
15/12/2019 12:51,0
15/12/2019 12:56,0
15/12/2019 13:01,0
15/12/2019 13:06,0
15/12/2019 13:11,0
15/12/2019 13:16,0
15/12/2019 13:21,0
15/12/2019 13:26,0
15/12/2019 13:31,0
15/12/2019 13:36,0
15/12/2019 13:41,0
15/12/2019 13:46,0
15/12/2019 13:51,0
15/12/2019 13:56,0
15/12/2019 14:01,0
15/12/2019 14:06,0
15/12/2019 14:11,0
15/12/2019 14:16,0
15/12/2019 14:21,0
15/12/2019 14:26,0
15/12/2019 14:31,0
15/12/2019 14:36,0
15/12/2019 14:41,0
15/12/2019 14:46,0
15/12/2019 14:51,0
15/12/2019 14:56,0
15/12/2019 15:01,0
15/12/2019 15:06,0
15/12/2019 15:11,0
15/12/2019 15:16,0
15/12/2019 15:21,0
15/12/2019 15:26,0
15/12/2019 15:31,0
15/12/2019 15:36,0
15/12/2019 15:41,0
15/12/2019 15:46,0
15/12/2019 15:51,0
15/12/2019 15:56,0
15/12/2019 16:01,0
15/12/2019 16:06,0
15/12/2019 16:11,0
15/12/2019 16:16,0
15/12/2019 16:21,0
15/12/2019 16:26,0
15/12/2019 16:31,0
15/12/2019 16:36,0
15/12/2019 16:41,0
15/12/2019 16:46,0
15/12/2019 16:51,0
15/12/2019 16:56,0
15/12/2019 17:01,0
15/12/2019 17:06,0
15/12/2019 17:11,0
15/12/2019 17:16,0
15/12/2019 17:21,0
15/12/2019 17:26,0
15/12/2019 17:31,0
15/12/2019 17:36,0
15/12/2019 17:41,0
15/12/2019 17:46,0
15/12/2019 17:51,0
15/12/2019 17:56,0
15/12/2019 18:01,0
15/12/2019 18:06,0
15/12/2019 18:11,0
15/12/2019 18:16,0
15/12/2019 18:21,0
15/12/2019 18:26,0
15/12/2019 18:31,0
15/12/2019 18:36,0
15/12/2019 18:41,0
15/12/2019 18:46,0
15/12/2019 18:51,0
15/12/2019 18:56,0
15/12/2019 19:01,0
15/12/2019 19:06,0
15/12/2019 19:11,0
15/12/2019 19:16,0
15/12/2019 19:21,0
15/12/2019 19:26,0
15/12/2019 19:31,0
15/12/2019 19:36,0
15/12/2019 19:41,0
15/12/2019 19:46,0
15/12/2019 19:51,0
15/12/2019 19:56,0
15/12/2019 20:01,0
15/12/2019 20:06,0
15/12/2019 20:11,0
15/12/2019 20:16,0
15/12/2019 20:21,0
15/12/2019 20:26,0
15/12/2019 20:31,0
15/12/2019 20:36,0
15/12/2019 20:41,0
15/12/2019 20:46,0
15/12/2019 20:51,0
15/12/2019 20:56,0
15/12/2019 21:01,0
15/12/2019 21:06,0
15/12/2019 21:11,0
15/12/2019 21:16,0
15/12/2019 21:21,0
15/12/2019 21:26,0
15/12/2019 21:31,0
15/12/2019 21:36,0
15/12/2019 21:41,0
15/12/2019 21:46,0
15/12/2019 21:51,0
15/12/2019 21:56,0
15/12/2019 22:01,0
15/12/2019 22:06,0
15/12/2019 22:11,0
15/12/2019 22:16,0
15/12/2019 22:21,0
15/12/2019 22:26,0
15/12/2019 22:31,0
15/12/2019 22:36,0
15/12/2019 22:41,0
15/12/2019 22:46,0
15/12/2019 22:51,0
15/12/2019 22:56,0
15/12/2019 23:01,0
15/12/2019 23:06,0
15/12/2019 23:11,0
15/12/2019 23:16,0
15/12/2019 23:21,0
15/12/2019 23:26,0
15/12/2019 23:31,0
15/12/2019 23:36,0
15/12/2019 23:41,0
15/12/2019 23:46,0
15/12/2019 23:51,0
15/12/2019 23:56,0
16/12/2019 00:01,0
16/12/2019 00:06,0
16/12/2019 00:11,0
16/12/2019 00:16,0
16/12/2019 00:21,0
16/12/2019 00:26,0
16/12/2019 00:31,0
16/12/2019 00:36,0
16/12/2019 00:41,0
16/12/2019 00:46,0
16/12/2019 00:51,0
16/12/2019 00:56,0
16/12/2019 01:01,0
16/12/2019 01:06,0
16/12/2019 01:11,0
16/12/2019 01:16,0
16/12/2019 01:21,0
16/12/2019 01:26,0
16/12/2019 01:31,0
16/12/2019 01:36,0
16/12/2019 01:41,0
16/12/2019 01:46,0
16/12/2019 01:51,0
16/12/2019 01:56,0
16/12/2019 02:01,0
16/12/2019 02:06,0
16/12/2019 02:11,0
16/12/2019 02:16,0
16/12/2019 02:21,0
16/12/2019 02:26,0
16/12/2019 02:31,0
16/12/2019 02:36,0
16/12/2019 02:41,0
16/12/2019 02:46,0
16/12/2019 02:51,0
16/12/2019 02:56,0
16/12/2019 03:01,0
16/12/2019 03:06,0
16/12/2019 03:11,0
16/12/2019 03:16,0
16/12/2019 03:21,0
16/12/2019 03:26,0
16/12/2019 03:31,0
16/12/2019 03:36,0
16/12/2019 03:41,0
16/12/2019 03:46,0
16/12/2019 03:51,0
16/12/2019 03:56,0
16/12/2019 04:01,0
16/12/2019 04:06,0
16/12/2019 04:11,0
16/12/2019 04:16,0
16/12/2019 04:21,0
16/12/2019 04:26,0
16/12/2019 04:31,0
16/12/2019 04:36,0
16/12/2019 04:41,0
16/12/2019 04:46,0
16/12/2019 04:51,0
16/12/2019 04:56,0
16/12/2019 05:01,0
16/12/2019 05:06,0
16/12/2019 05:11,0
16/12/2019 05:16,0
16/12/2019 05:21,0
16/12/2019 05:26,0
16/12/2019 05:31,0
16/12/2019 05:36,0
16/12/2019 05:41,0
16/12/2019 05:46,0
16/12/2019 05:51,0
16/12/2019 05:56,0
16/12/2019 06:01,0
16/12/2019 06:06,0
16/12/2019 06:11,0
16/12/2019 06:16,0
16/12/2019 06:21,0
16/12/2019 06:26,0
16/12/2019 06:31,0
16/12/2019 06:36,0
16/12/2019 06:41,0
16/12/2019 06:46,0
16/12/2019 06:51,0
16/12/2019 06:56,0
16/12/2019 07:01,0
16/12/2019 07:06,0
16/12/2019 07:11,0
16/12/2019 07:16,0
16/12/2019 07:21,0
16/12/2019 07:26,0
16/12/2019 07:31,0
16/12/2019 07:36,0
16/12/2019 07:41,0
16/12/2019 07:46,0
16/12/2019 07:51,0
16/12/2019 07:56,0
16/12/2019 08:01,0
16/12/2019 08:06,0
16/12/2019 08:11,0
16/12/2019 08:16,0
16/12/2019 08:21,0
16/12/2019 08:26,0
16/12/2019 08:31,0
16/12/2019 08:36,0
16/12/2019 08:41,0
16/12/2019 08:46,0
16/12/2019 08:51,0
16/12/2019 08:56,0
16/12/2019 09:01,0
16/12/2019 09:06,0
16/12/2019 09:11,0
16/12/2019 09:16,0
16/12/2019 09:21,0
16/12/2019 09:26,0
16/12/2019 09:31,0
16/12/2019 09:36,0
16/12/2019 09:41,0
16/12/2019 09:46,0
16/12/2019 09:51,0
16/12/2019 09:56,0
16/12/2019 10:01,0
16/12/2019 10:06,0
16/12/2019 10:11,0
16/12/2019 10:16,0
16/12/2019 10:21,0
16/12/2019 10:26,0
16/12/2019 10:31,0
16/12/2019 10:36,0
16/12/2019 10:41,0
16/12/2019 10:46,0
16/12/2019 10:51,0
16/12/2019 10:56,0
16/12/2019 11:01,0
16/12/2019 11:06,0
16/12/2019 11:11,0
16/12/2019 11:16,0.354355665
16/12/2019 11:21,0
16/12/2019 11:26,0
16/12/2019 11:31,0
16/12/2019 11:36,0
16/12/2019 11:41,0
16/12/2019 11:46,0
16/12/2019 11:51,0
16/12/2019 11:56,0
16/12/2019 12:01,0
16/12/2019 12:06,0
16/12/2019 12:11,0
16/12/2019 12:16,0
16/12/2019 12:21,0
16/12/2019 12:26,0
16/12/2019 12:31,0
16/12/2019 12:36,0
16/12/2019 12:41,0
16/12/2019 12:46,0
16/12/2019 12:51,0
16/12/2019 12:56,0
16/12/2019 13:01,0
16/12/2019 13:06,0
16/12/2019 13:11,0
16/12/2019 13:16,0
16/12/2019 13:21,0
16/12/2019 13:26,0
16/12/2019 13:31,0
16/12/2019 13:36,0
16/12/2019 13:41,0
16/12/2019 13:46,0
16/12/2019 13:51,0
16/12/2019 13:56,0
16/12/2019 14:01,0
16/12/2019 14:06,0
16/12/2019 14:11,0
16/12/2019 14:16,0
16/12/2019 14:21,0
16/12/2019 14:26,0
16/12/2019 14:31,0
16/12/2019 14:36,0
16/12/2019 14:41,0
16/12/2019 14:46,0
16/12/2019 14:51,0
16/12/2019 14:56,0
16/12/2019 15:01,0
16/12/2019 15:06,0
16/12/2019 15:11,0
16/12/2019 15:16,0
16/12/2019 15:21,0
16/12/2019 15:26,0
16/12/2019 15:31,0
16/12/2019 15:36,0
16/12/2019 15:41,0
16/12/2019 15:46,0
16/12/2019 15:51,0
16/12/2019 15:56,0
16/12/2019 16:01,0
16/12/2019 16:06,0
16/12/2019 16:11,0
16/12/2019 16:16,0
16/12/2019 16:21,0
16/12/2019 16:26,0
16/12/2019 16:31,0
16/12/2019 16:36,0
16/12/2019 16:41,0
16/12/2019 16:46,0
16/12/2019 16:51,0
16/12/2019 16:56,0
16/12/2019 17:01,0
16/12/2019 17:06,0
16/12/2019 17:11,0
16/12/2019 17:16,0
16/12/2019 17:21,0
16/12/2019 17:26,0
16/12/2019 17:31,0.354355665
16/12/2019 17:36,0
16/12/2019 17:41,0
16/12/2019 17:46,0
16/12/2019 17:51,0
16/12/2019 17:56,0
16/12/2019 18:01,0
16/12/2019 18:06,0
16/12/2019 18:11,0
16/12/2019 18:16,0
16/12/2019 18:21,0
16/12/2019 18:26,0
16/12/2019 18:31,0
16/12/2019 18:36,0
16/12/2019 18:41,0
16/12/2019 18:46,0
16/12/2019 18:51,0
16/12/2019 18:56,0
16/12/2019 19:01,0
16/12/2019 19:06,0
16/12/2019 19:11,0
16/12/2019 19:16,0
16/12/2019 19:21,0
16/12/2019 19:26,0
16/12/2019 19:31,0
16/12/2019 19:36,0
16/12/2019 19:41,0
16/12/2019 19:46,0
16/12/2019 19:51,0
16/12/2019 19:56,0
16/12/2019 20:01,0
16/12/2019 20:06,0
16/12/2019 20:11,0
16/12/2019 20:16,0
16/12/2019 20:21,0
16/12/2019 20:26,0
16/12/2019 20:31,0
16/12/2019 20:36,0
16/12/2019 20:41,0
16/12/2019 20:46,0
16/12/2019 20:51,0
16/12/2019 20:56,0
16/12/2019 21:01,0
16/12/2019 21:06,0
16/12/2019 21:11,0
16/12/2019 21:16,0
16/12/2019 21:21,0
16/12/2019 21:26,0
16/12/2019 21:31,0
16/12/2019 21:36,0
16/12/2019 21:41,0
16/12/2019 21:46,0
16/12/2019 21:51,0
16/12/2019 21:56,0
16/12/2019 22:01,0
16/12/2019 22:06,0
16/12/2019 22:11,0
16/12/2019 22:16,0
16/12/2019 22:21,0
16/12/2019 22:26,0
16/12/2019 22:31,0
16/12/2019 22:36,0
16/12/2019 22:41,0
16/12/2019 22:46,0
16/12/2019 22:51,0
16/12/2019 22:56,0
16/12/2019 23:01,0
16/12/2019 23:06,0
16/12/2019 23:11,0
16/12/2019 23:16,0
16/12/2019 23:21,0
16/12/2019 23:26,0
16/12/2019 23:31,0
16/12/2019 23:36,0
16/12/2019 23:41,0
16/12/2019 23:46,0
16/12/2019 23:51,0
16/12/2019 23:56,0
17/12/2019 00:01,0
17/12/2019 00:06,0
17/12/2019 00:11,0
17/12/2019 00:16,0
17/12/2019 00:21,0
17/12/2019 00:26,0
17/12/2019 00:31,0
17/12/2019 00:36,0
17/12/2019 00:41,0
17/12/2019 00:46,0
17/12/2019 00:51,0
17/12/2019 00:56,0
17/12/2019 01:01,0
17/12/2019 01:06,0
17/12/2019 01:11,0
17/12/2019 01:16,0
17/12/2019 01:21,0
17/12/2019 01:26,0
17/12/2019 01:31,0
17/12/2019 01:36,0
17/12/2019 01:41,0
17/12/2019 01:46,0
17/12/2019 01:51,0
17/12/2019 01:56,0
17/12/2019 02:01,0
17/12/2019 02:06,0
17/12/2019 02:11,0
17/12/2019 02:16,0
17/12/2019 02:21,0
17/12/2019 02:26,0
17/12/2019 02:31,0
17/12/2019 02:36,0
17/12/2019 02:41,0
17/12/2019 02:46,0
17/12/2019 02:51,0
17/12/2019 02:56,0
17/12/2019 03:01,0
17/12/2019 03:06,0
17/12/2019 03:11,0
17/12/2019 03:16,0
17/12/2019 03:21,0
17/12/2019 03:26,0
17/12/2019 03:31,0
17/12/2019 03:36,0
17/12/2019 03:41,0
17/12/2019 03:46,0
17/12/2019 03:51,0
17/12/2019 03:56,0
17/12/2019 04:01,0
17/12/2019 04:06,0
17/12/2019 04:11,0
17/12/2019 04:16,0
17/12/2019 04:21,0
17/12/2019 04:26,0
17/12/2019 04:31,0
17/12/2019 04:36,0
17/12/2019 04:41,0
17/12/2019 04:46,0
17/12/2019 04:51,0
17/12/2019 04:56,0
17/12/2019 05:01,0
17/12/2019 05:06,0
17/12/2019 05:11,0
17/12/2019 05:16,0
17/12/2019 05:21,0
17/12/2019 05:26,0
17/12/2019 05:31,0
17/12/2019 05:36,0
17/12/2019 05:41,0
17/12/2019 05:46,0
17/12/2019 05:51,0
17/12/2019 05:56,0
17/12/2019 06:01,0
17/12/2019 06:06,0
17/12/2019 06:11,0
17/12/2019 06:16,0
17/12/2019 06:21,0
17/12/2019 06:26,0
17/12/2019 06:31,0
17/12/2019 06:36,0
17/12/2019 06:41,0
17/12/2019 06:46,0
17/12/2019 06:51,0
17/12/2019 06:56,0
17/12/2019 07:01,0
17/12/2019 07:06,0
17/12/2019 07:11,0
17/12/2019 07:16,0
17/12/2019 07:21,0
17/12/2019 07:26,0
17/12/2019 07:31,0
17/12/2019 07:36,0
17/12/2019 07:41,0
17/12/2019 07:46,0
17/12/2019 07:51,0
17/12/2019 07:56,0
17/12/2019 08:01,0
17/12/2019 08:06,0
17/12/2019 08:11,0
17/12/2019 08:16,0
17/12/2019 08:21,0
17/12/2019 08:26,0
17/12/2019 08:31,0
17/12/2019 08:36,0
17/12/2019 08:41,0
17/12/2019 08:46,0
17/12/2019 08:51,0
17/12/2019 08:56,0
17/12/2019 09:01,0
17/12/2019 09:06,0
17/12/2019 09:11,0
17/12/2019 09:16,0
17/12/2019 09:21,0
17/12/2019 09:26,0
17/12/2019 09:31,0
17/12/2019 09:36,0
17/12/2019 09:41,0
17/12/2019 09:46,0
17/12/2019 09:51,0
17/12/2019 09:56,0
17/12/2019 10:01,0
17/12/2019 10:06,0
17/12/2019 10:11,0
17/12/2019 10:16,0
17/12/2019 10:21,0
17/12/2019 10:26,0
17/12/2019 10:31,0
17/12/2019 10:36,0
17/12/2019 10:41,0
17/12/2019 10:46,0
17/12/2019 10:51,0
17/12/2019 10:56,0
17/12/2019 11:01,0
17/12/2019 11:06,0
17/12/2019 11:11,0
17/12/2019 11:16,0
17/12/2019 11:21,0
17/12/2019 11:26,0
17/12/2019 11:31,0
17/12/2019 11:36,0
17/12/2019 11:41,0
17/12/2019 11:46,0
17/12/2019 11:51,0
17/12/2019 11:56,0
17/12/2019 12:01,0
17/12/2019 12:06,0
17/12/2019 12:11,0
17/12/2019 12:16,0
17/12/2019 12:21,0
17/12/2019 12:26,0.70871133
17/12/2019 12:31,0
17/12/2019 12:36,0.354355665
17/12/2019 12:41,0
17/12/2019 12:46,0.70871133
17/12/2019 12:51,0.70871133
17/12/2019 12:56,0.354355665
17/12/2019 13:01,0.354355665
17/12/2019 13:06,0
17/12/2019 13:11,0
17/12/2019 13:16,0
17/12/2019 13:21,0
17/12/2019 13:26,0
17/12/2019 13:31,0
17/12/2019 13:36,0
17/12/2019 13:41,0
17/12/2019 13:46,0
17/12/2019 13:51,0
17/12/2019 13:56,0
17/12/2019 14:01,0
17/12/2019 14:06,0
17/12/2019 14:11,0
17/12/2019 14:16,0
17/12/2019 14:21,0
17/12/2019 14:26,0
17/12/2019 14:31,0
17/12/2019 14:36,0
17/12/2019 14:41,0
17/12/2019 14:46,0
17/12/2019 14:51,0
17/12/2019 14:56,0
17/12/2019 15:01,0
17/12/2019 15:06,0
17/12/2019 15:11,0
17/12/2019 15:16,0
17/12/2019 15:21,0
17/12/2019 15:26,0
17/12/2019 15:31,0
17/12/2019 15:36,0.354355665
17/12/2019 15:41,0
17/12/2019 15:46,0
17/12/2019 15:51,0.354355665
17/12/2019 15:56,0
17/12/2019 16:01,0
17/12/2019 16:06,0
17/12/2019 16:11,0.354355665
17/12/2019 16:16,0
17/12/2019 16:21,0
17/12/2019 16:26,0
17/12/2019 16:31,0
17/12/2019 16:36,0
17/12/2019 16:41,0
17/12/2019 16:46,0
17/12/2019 16:51,0
17/12/2019 16:56,0
17/12/2019 17:01,0
17/12/2019 17:06,0
17/12/2019 17:11,0
17/12/2019 17:16,0
17/12/2019 17:21,0
17/12/2019 17:26,0
17/12/2019 17:31,0
17/12/2019 17:36,0
17/12/2019 17:41,0
17/12/2019 17:46,0
17/12/2019 17:51,0
17/12/2019 17:56,0
17/12/2019 18:01,0
17/12/2019 18:06,0
17/12/2019 18:11,0
17/12/2019 18:16,0
17/12/2019 18:21,0
17/12/2019 18:26,0
17/12/2019 18:31,0
17/12/2019 18:36,0
17/12/2019 18:41,0
17/12/2019 18:46,0
17/12/2019 18:51,0
17/12/2019 18:56,0
17/12/2019 19:01,0
17/12/2019 19:06,0
17/12/2019 19:11,0
17/12/2019 19:16,0
17/12/2019 19:21,0
17/12/2019 19:26,0
17/12/2019 19:31,0
17/12/2019 19:36,0
17/12/2019 19:41,0
17/12/2019 19:46,0
17/12/2019 19:51,0
17/12/2019 19:56,0
17/12/2019 20:01,0
17/12/2019 20:06,0
17/12/2019 20:11,0
17/12/2019 20:16,0
17/12/2019 20:21,0
17/12/2019 20:26,0
17/12/2019 20:31,0
17/12/2019 20:36,0
17/12/2019 20:41,0
17/12/2019 20:46,0
17/12/2019 20:51,0
17/12/2019 20:56,0
17/12/2019 21:01,0
17/12/2019 21:06,0
17/12/2019 21:11,0
17/12/2019 21:16,0
17/12/2019 21:21,0
17/12/2019 21:26,0
17/12/2019 21:31,0
17/12/2019 21:36,0
17/12/2019 21:41,0
17/12/2019 21:46,0
17/12/2019 21:51,0
17/12/2019 21:56,0
17/12/2019 22:01,0
17/12/2019 22:06,0
17/12/2019 22:11,0
17/12/2019 22:16,0
17/12/2019 22:21,0
17/12/2019 22:26,0
17/12/2019 22:31,0.354355665
17/12/2019 22:36,0
17/12/2019 22:41,0
17/12/2019 22:46,0
17/12/2019 22:51,0
17/12/2019 22:56,0
17/12/2019 23:01,0
17/12/2019 23:06,0
17/12/2019 23:11,0
17/12/2019 23:16,0
17/12/2019 23:21,0
17/12/2019 23:26,0
17/12/2019 23:31,0
17/12/2019 23:36,0
17/12/2019 23:41,0
17/12/2019 23:46,0
17/12/2019 23:51,0
17/12/2019 23:56,0
18/12/2019 00:01,0
18/12/2019 00:06,0
18/12/2019 00:11,0
18/12/2019 00:16,0
18/12/2019 00:21,0
18/12/2019 00:26,0
18/12/2019 00:31,0
18/12/2019 00:36,0
18/12/2019 00:41,0
18/12/2019 00:46,0
18/12/2019 00:51,0
18/12/2019 00:56,0
18/12/2019 01:01,0
18/12/2019 01:06,0
18/12/2019 01:11,0
18/12/2019 01:16,0
18/12/2019 01:21,0
18/12/2019 01:26,0
18/12/2019 01:31,0
18/12/2019 01:36,0
18/12/2019 01:41,0
18/12/2019 01:46,0
18/12/2019 01:51,0
18/12/2019 01:56,0
18/12/2019 02:01,0
18/12/2019 02:06,0
18/12/2019 02:11,0
18/12/2019 02:16,0
18/12/2019 02:21,0
18/12/2019 02:26,0
18/12/2019 02:31,0
18/12/2019 02:36,0
18/12/2019 02:41,0
18/12/2019 02:46,0
18/12/2019 02:51,0
18/12/2019 02:56,0
18/12/2019 03:01,0
18/12/2019 03:06,0
18/12/2019 03:11,0
18/12/2019 03:16,0
18/12/2019 03:21,0
18/12/2019 03:26,0
18/12/2019 03:31,0.354355665
18/12/2019 03:36,0
18/12/2019 03:41,0
18/12/2019 03:46,0
18/12/2019 03:51,0
18/12/2019 03:56,0
18/12/2019 04:01,0
18/12/2019 04:06,0
18/12/2019 04:11,0
18/12/2019 04:16,0
18/12/2019 04:21,0
18/12/2019 04:26,0
18/12/2019 04:31,0
18/12/2019 04:36,0
18/12/2019 04:41,0
18/12/2019 04:46,0
18/12/2019 04:51,0
18/12/2019 04:56,0
18/12/2019 05:01,0
18/12/2019 05:06,0
18/12/2019 05:11,0
18/12/2019 05:16,0
18/12/2019 05:21,0
18/12/2019 05:26,0
18/12/2019 05:31,0
18/12/2019 05:36,0
18/12/2019 05:41,0
18/12/2019 05:46,0
18/12/2019 05:51,0
18/12/2019 05:56,0
18/12/2019 06:01,0
18/12/2019 06:06,0
18/12/2019 06:11,0
18/12/2019 06:16,0
18/12/2019 06:21,0
18/12/2019 06:26,0
18/12/2019 06:31,0
18/12/2019 06:36,0
18/12/2019 06:41,0
18/12/2019 06:46,0
18/12/2019 06:51,0
18/12/2019 06:56,0
18/12/2019 07:01,0
18/12/2019 07:06,0
18/12/2019 07:11,0
18/12/2019 07:16,0
18/12/2019 07:21,0
18/12/2019 07:26,0
18/12/2019 07:31,0
18/12/2019 07:36,0
18/12/2019 07:41,0
18/12/2019 07:46,0
18/12/2019 07:51,0
18/12/2019 07:56,0
18/12/2019 08:01,0
18/12/2019 08:06,0
18/12/2019 08:11,0
18/12/2019 08:16,0
18/12/2019 08:21,0
18/12/2019 08:26,0
18/12/2019 08:31,0
18/12/2019 08:36,0
18/12/2019 08:41,0
18/12/2019 08:46,0
18/12/2019 08:51,0
18/12/2019 08:56,0
18/12/2019 09:01,0
18/12/2019 09:06,0
18/12/2019 09:11,0
18/12/2019 09:16,0
18/12/2019 09:21,0
18/12/2019 09:26,0
18/12/2019 09:31,0
18/12/2019 09:36,0
18/12/2019 09:41,0
18/12/2019 09:46,0
18/12/2019 09:51,0
18/12/2019 09:56,0
18/12/2019 10:01,0
18/12/2019 10:06,0
18/12/2019 10:11,0
18/12/2019 10:16,0
18/12/2019 10:21,0
18/12/2019 10:26,0
18/12/2019 10:31,0
18/12/2019 10:36,0
18/12/2019 10:41,0
18/12/2019 10:46,0
18/12/2019 10:51,0
18/12/2019 10:56,0
18/12/2019 11:01,0
18/12/2019 11:06,0
18/12/2019 11:11,0
18/12/2019 11:16,0
18/12/2019 11:21,0
18/12/2019 11:26,0
18/12/2019 11:31,0
18/12/2019 11:36,0
18/12/2019 11:41,0
18/12/2019 11:46,0
18/12/2019 11:51,0
18/12/2019 11:56,0
18/12/2019 12:01,0
18/12/2019 12:06,0
18/12/2019 12:11,0
18/12/2019 12:16,0
18/12/2019 12:21,0
18/12/2019 12:26,0
18/12/2019 12:31,0
18/12/2019 12:36,0
18/12/2019 12:41,0
18/12/2019 12:46,0
18/12/2019 12:51,0
18/12/2019 12:56,0
18/12/2019 13:01,0
18/12/2019 13:06,0
18/12/2019 13:11,0
18/12/2019 13:16,0
18/12/2019 13:21,0
18/12/2019 13:26,0
18/12/2019 13:31,0
18/12/2019 13:36,0
18/12/2019 13:41,0
18/12/2019 13:46,0
18/12/2019 13:51,0
18/12/2019 13:56,0
18/12/2019 14:01,0
18/12/2019 14:06,0
18/12/2019 14:11,0
18/12/2019 14:16,0
18/12/2019 14:21,0
18/12/2019 14:26,0
18/12/2019 14:31,3.189200987
18/12/2019 14:36,3.189200987
18/12/2019 14:41,0.354355665
18/12/2019 14:46,0
18/12/2019 14:51,0
18/12/2019 14:56,0
18/12/2019 15:01,0
18/12/2019 15:06,0
18/12/2019 15:11,0
18/12/2019 15:16,0
18/12/2019 15:21,0
18/12/2019 15:26,0
18/12/2019 15:31,0
18/12/2019 15:36,0
18/12/2019 15:41,0
18/12/2019 15:46,0
18/12/2019 15:51,0
18/12/2019 15:56,0
18/12/2019 16:01,0
18/12/2019 16:06,0
18/12/2019 16:11,0
18/12/2019 16:16,0
18/12/2019 16:21,0
18/12/2019 16:26,0
18/12/2019 16:31,0
18/12/2019 16:36,0
18/12/2019 16:41,0
18/12/2019 16:46,0
18/12/2019 16:51,0
18/12/2019 16:56,0
18/12/2019 17:01,0
18/12/2019 17:06,0
18/12/2019 17:11,0
18/12/2019 17:16,0
18/12/2019 17:21,0
18/12/2019 17:26,0
18/12/2019 17:31,0
18/12/2019 17:36,0
18/12/2019 17:41,0
18/12/2019 17:46,0
18/12/2019 17:51,0
18/12/2019 17:56,0
18/12/2019 18:01,0
18/12/2019 18:06,0
18/12/2019 18:11,0
18/12/2019 18:16,0
18/12/2019 18:21,0
18/12/2019 18:26,0
18/12/2019 18:31,0
18/12/2019 18:36,0
18/12/2019 18:41,0
18/12/2019 18:46,0
18/12/2019 18:51,0
18/12/2019 18:56,0
18/12/2019 19:01,0
18/12/2019 19:06,0
18/12/2019 19:11,0
18/12/2019 19:16,0
18/12/2019 19:21,0
18/12/2019 19:26,0.354355665
18/12/2019 19:31,0
18/12/2019 19:36,0.354355665
18/12/2019 19:41,0
18/12/2019 19:46,0
18/12/2019 19:51,0
18/12/2019 19:56,0
18/12/2019 20:01,0.70871133
18/12/2019 20:06,0
18/12/2019 20:11,0.354355665
18/12/2019 20:16,0
18/12/2019 20:21,0
18/12/2019 20:26,0
18/12/2019 20:31,0.354355665
18/12/2019 20:36,0.354355665
18/12/2019 20:41,0
18/12/2019 20:46,0.354355665
18/12/2019 20:51,0.354355665
18/12/2019 20:56,0.354355665
18/12/2019 21:01,0
18/12/2019 21:06,0.70871133
18/12/2019 21:11,0.354355665
18/12/2019 21:16,0.70871133
18/12/2019 21:21,0.354355665
18/12/2019 21:26,0.354355665
18/12/2019 21:31,0.354355665
18/12/2019 21:36,0.354355665
18/12/2019 21:41,0
18/12/2019 21:46,0.354355665
18/12/2019 21:51,0.354355665
18/12/2019 21:56,0.354355665
18/12/2019 22:01,0.354355665
18/12/2019 22:06,0
18/12/2019 22:11,0.354355665
18/12/2019 22:16,0
18/12/2019 22:21,0.354355665
18/12/2019 22:26,0
18/12/2019 22:31,0
18/12/2019 22:36,0
18/12/2019 22:41,0
18/12/2019 22:46,0.354355665
18/12/2019 22:51,0
18/12/2019 22:56,0
18/12/2019 23:01,0
18/12/2019 23:06,0
18/12/2019 23:11,0
18/12/2019 23:16,0
18/12/2019 23:21,0
18/12/2019 23:26,0
18/12/2019 23:31,0
18/12/2019 23:36,0
18/12/2019 23:41,0
18/12/2019 23:46,0
18/12/2019 23:51,0
18/12/2019 23:56,0
19/12/2019 00:01,0
19/12/2019 00:06,0
19/12/2019 00:11,0
19/12/2019 00:16,0
19/12/2019 00:21,0
19/12/2019 00:26,0
19/12/2019 00:31,0
19/12/2019 00:36,0
19/12/2019 00:41,0
19/12/2019 00:46,0
19/12/2019 00:51,0
19/12/2019 00:56,0
19/12/2019 01:01,0
19/12/2019 01:06,0
19/12/2019 01:11,0
19/12/2019 01:16,0
19/12/2019 01:21,0
19/12/2019 01:26,0
19/12/2019 01:31,0
19/12/2019 01:36,0
19/12/2019 01:41,0
19/12/2019 01:46,0
19/12/2019 01:51,0
19/12/2019 01:56,0
19/12/2019 02:01,0
19/12/2019 02:06,0
19/12/2019 02:11,0
19/12/2019 02:16,0
19/12/2019 02:21,0
19/12/2019 02:26,0
19/12/2019 02:31,0
19/12/2019 02:36,0
19/12/2019 02:41,0
19/12/2019 02:46,0
19/12/2019 02:51,0
19/12/2019 02:56,0
19/12/2019 03:01,0
19/12/2019 03:06,0
19/12/2019 03:11,0
19/12/2019 03:16,0
19/12/2019 03:21,0
19/12/2019 03:26,0
19/12/2019 03:31,0
19/12/2019 03:36,0
19/12/2019 03:41,0
19/12/2019 03:46,0
19/12/2019 03:51,0
19/12/2019 03:56,0
19/12/2019 04:01,0
19/12/2019 04:06,0
19/12/2019 04:11,0
19/12/2019 04:16,0
19/12/2019 04:21,0
19/12/2019 04:26,0
19/12/2019 04:31,0
19/12/2019 04:36,0
19/12/2019 04:41,0
19/12/2019 04:46,0
19/12/2019 04:51,0
19/12/2019 04:56,0
19/12/2019 05:01,0
19/12/2019 05:06,0
19/12/2019 05:11,0
19/12/2019 05:16,0
19/12/2019 05:21,0
19/12/2019 05:26,0
19/12/2019 05:31,0
19/12/2019 05:36,0
19/12/2019 05:41,0
19/12/2019 05:46,0
19/12/2019 05:51,0
19/12/2019 05:56,0
19/12/2019 06:01,0
19/12/2019 06:06,0
19/12/2019 06:11,0
19/12/2019 06:16,0
19/12/2019 06:21,0
19/12/2019 06:26,0
19/12/2019 06:31,0
19/12/2019 06:36,0
19/12/2019 06:41,0
19/12/2019 06:46,0
19/12/2019 06:51,0
19/12/2019 06:56,0
19/12/2019 07:01,0
19/12/2019 07:06,0
19/12/2019 07:11,0
19/12/2019 07:16,0
19/12/2019 07:21,0
19/12/2019 07:26,0
19/12/2019 07:31,0
19/12/2019 07:36,0
19/12/2019 07:41,0
19/12/2019 07:46,0
19/12/2019 07:51,0
19/12/2019 07:56,0
19/12/2019 08:01,0
19/12/2019 08:06,0
19/12/2019 08:11,0
19/12/2019 08:16,0
19/12/2019 08:21,0
19/12/2019 08:26,0
19/12/2019 08:31,0
19/12/2019 08:36,0
19/12/2019 08:41,0
19/12/2019 08:46,0
19/12/2019 08:51,0
19/12/2019 08:56,0
19/12/2019 09:01,0
19/12/2019 09:06,0
19/12/2019 09:11,0
19/12/2019 09:16,0
19/12/2019 09:21,0
19/12/2019 09:26,0
19/12/2019 09:31,0
19/12/2019 09:36,0
19/12/2019 09:41,0
19/12/2019 09:46,0
19/12/2019 09:51,0
19/12/2019 09:56,0
19/12/2019 10:01,0
19/12/2019 10:06,0
19/12/2019 10:11,0
19/12/2019 10:16,0
19/12/2019 10:21,0
19/12/2019 10:26,0
19/12/2019 10:31,0
19/12/2019 10:36,0
19/12/2019 10:41,0
19/12/2019 10:46,0
19/12/2019 10:51,0
19/12/2019 10:56,0
19/12/2019 11:01,0
19/12/2019 11:06,0
19/12/2019 11:11,0
19/12/2019 11:16,0
19/12/2019 11:21,0
19/12/2019 11:26,0
19/12/2019 11:31,0
19/12/2019 11:36,0
19/12/2019 11:41,0
19/12/2019 11:46,0
19/12/2019 11:51,0
19/12/2019 11:56,0
19/12/2019 12:01,0
19/12/2019 12:06,0
19/12/2019 12:11,0
19/12/2019 12:16,0
19/12/2019 12:21,0
19/12/2019 12:26,0
19/12/2019 12:31,0
19/12/2019 12:36,0
19/12/2019 12:41,0
19/12/2019 12:46,0
19/12/2019 12:51,0
19/12/2019 12:56,0
19/12/2019 13:01,0
19/12/2019 13:06,0
19/12/2019 13:11,0
19/12/2019 13:16,0
19/12/2019 13:21,0
19/12/2019 13:26,0
19/12/2019 13:31,0
19/12/2019 13:36,0
19/12/2019 13:41,0
19/12/2019 13:46,0
19/12/2019 13:51,0
19/12/2019 13:56,0
19/12/2019 14:01,0
19/12/2019 14:06,0
19/12/2019 14:11,0
19/12/2019 14:16,0
19/12/2019 14:21,0
19/12/2019 14:26,0
19/12/2019 14:31,0
19/12/2019 14:36,0
19/12/2019 14:41,0
19/12/2019 14:46,0
19/12/2019 14:51,0
19/12/2019 14:56,0
19/12/2019 15:01,0
19/12/2019 15:06,0
19/12/2019 15:11,0
19/12/2019 15:16,0
19/12/2019 15:21,0
19/12/2019 15:26,0
19/12/2019 15:31,0
19/12/2019 15:36,0
19/12/2019 15:41,0
19/12/2019 15:46,0
19/12/2019 15:51,0
19/12/2019 15:56,0
19/12/2019 16:01,0
19/12/2019 16:06,0
19/12/2019 16:11,0
19/12/2019 16:16,0
19/12/2019 16:21,0
19/12/2019 16:26,0
19/12/2019 16:31,0
19/12/2019 16:36,0
19/12/2019 16:41,0
19/12/2019 16:46,0
19/12/2019 16:51,0
19/12/2019 16:56,0
19/12/2019 17:01,0
19/12/2019 17:06,0
19/12/2019 17:11,0
19/12/2019 17:16,0
19/12/2019 17:21,0.354355665
19/12/2019 17:26,0.354355665
19/12/2019 17:31,0.354355665
19/12/2019 17:36,0.354355665
19/12/2019 17:41,0.354355665
19/12/2019 17:46,0.354355665
19/12/2019 17:51,0.354355665
19/12/2019 17:56,0.354355665
19/12/2019 18:01,0
19/12/2019 18:06,0.354355665
19/12/2019 18:11,0
19/12/2019 18:16,0
19/12/2019 18:21,0
19/12/2019 18:26,0
19/12/2019 18:31,0.354355665
19/12/2019 18:36,0
19/12/2019 18:41,0.354355665
19/12/2019 18:46,0.70871133
19/12/2019 18:51,0.354355665
19/12/2019 18:56,0.354355665
19/12/2019 19:01,0.354355665
19/12/2019 19:06,0.354355665
19/12/2019 19:11,0.354355665
19/12/2019 19:16,0.354355665
19/12/2019 19:21,0.354355665
19/12/2019 19:26,0.354355665
19/12/2019 19:31,0.354355665
19/12/2019 19:36,0
19/12/2019 19:41,0.354355665
19/12/2019 19:46,0
19/12/2019 19:51,0.354355665
19/12/2019 19:56,0
19/12/2019 20:01,0
19/12/2019 20:06,0
19/12/2019 20:11,0
19/12/2019 20:16,0.354355665
19/12/2019 20:21,0
19/12/2019 20:26,0
19/12/2019 20:31,0
19/12/2019 20:36,0
19/12/2019 20:41,0
19/12/2019 20:46,0.354355665
19/12/2019 20:51,0
19/12/2019 20:56,0
19/12/2019 21:01,0
19/12/2019 21:06,0.354355665
19/12/2019 21:11,0
19/12/2019 21:16,0
19/12/2019 21:21,0
19/12/2019 21:26,0
19/12/2019 21:31,0
19/12/2019 21:36,0
19/12/2019 21:41,0
19/12/2019 21:46,0
19/12/2019 21:51,0
19/12/2019 21:56,0
19/12/2019 22:01,0
19/12/2019 22:06,0
19/12/2019 22:11,0
19/12/2019 22:16,0
19/12/2019 22:21,0
19/12/2019 22:26,0
19/12/2019 22:31,0
19/12/2019 22:36,0
19/12/2019 22:41,0
19/12/2019 22:46,0
19/12/2019 22:51,0
19/12/2019 22:56,0
19/12/2019 23:01,0
19/12/2019 23:06,0
19/12/2019 23:11,0
19/12/2019 23:16,0
19/12/2019 23:21,0
19/12/2019 23:26,0
19/12/2019 23:31,0
19/12/2019 23:36,0
19/12/2019 23:41,0
19/12/2019 23:46,0
19/12/2019 23:51,0
19/12/2019 23:56,0
20/12/2019 00:01,0
20/12/2019 00:06,0
20/12/2019 00:11,0
20/12/2019 00:16,0
20/12/2019 00:21,0
20/12/2019 00:26,0
20/12/2019 00:31,0
20/12/2019 00:36,0
20/12/2019 00:41,0
20/12/2019 00:46,0
20/12/2019 00:51,0
20/12/2019 00:56,0
20/12/2019 01:01,0
20/12/2019 01:06,0
20/12/2019 01:11,0
20/12/2019 01:16,0
20/12/2019 01:21,0
20/12/2019 01:26,0
20/12/2019 01:31,0
20/12/2019 01:36,0
20/12/2019 01:41,0
20/12/2019 01:46,0
20/12/2019 01:51,0
20/12/2019 01:56,0
20/12/2019 02:01,0
20/12/2019 02:06,0
20/12/2019 02:11,0
20/12/2019 02:16,0
20/12/2019 02:21,0
20/12/2019 02:26,0
20/12/2019 02:31,0
20/12/2019 02:36,0
20/12/2019 02:41,0
20/12/2019 02:46,0
20/12/2019 02:51,0
20/12/2019 02:56,0
20/12/2019 03:01,0
20/12/2019 03:06,0
20/12/2019 03:11,0
20/12/2019 03:16,0
20/12/2019 03:21,0
20/12/2019 03:26,0
20/12/2019 03:31,0
20/12/2019 03:36,0
20/12/2019 03:41,0
20/12/2019 03:46,0
20/12/2019 03:51,0
20/12/2019 03:56,0
20/12/2019 04:01,0
20/12/2019 04:06,0
20/12/2019 04:11,0
20/12/2019 04:16,0
20/12/2019 04:21,0
20/12/2019 04:26,0
20/12/2019 04:31,0
20/12/2019 04:36,0
20/12/2019 04:41,0
20/12/2019 04:46,0
20/12/2019 04:51,0
20/12/2019 04:56,0
20/12/2019 05:01,0
20/12/2019 05:06,0
20/12/2019 05:11,0
20/12/2019 05:16,0
20/12/2019 05:21,0
20/12/2019 05:26,0
20/12/2019 05:31,0
20/12/2019 05:36,0
20/12/2019 05:41,0
20/12/2019 05:46,0
20/12/2019 05:51,0
20/12/2019 05:56,0
20/12/2019 06:01,0
20/12/2019 06:06,0
20/12/2019 06:11,0
20/12/2019 06:16,0
20/12/2019 06:21,0
20/12/2019 06:26,0
20/12/2019 06:31,0
20/12/2019 06:36,0
20/12/2019 06:41,0
20/12/2019 06:46,0
20/12/2019 06:51,0
20/12/2019 06:56,0
20/12/2019 07:01,0
20/12/2019 07:06,0
20/12/2019 07:11,0
20/12/2019 07:16,0
20/12/2019 07:21,0
20/12/2019 07:26,0
20/12/2019 07:31,0
20/12/2019 07:36,0
20/12/2019 07:41,0
20/12/2019 07:46,0
20/12/2019 07:51,0
20/12/2019 07:56,0
20/12/2019 08:01,0
20/12/2019 08:06,0
20/12/2019 08:11,0
20/12/2019 08:16,0
20/12/2019 08:21,0
20/12/2019 08:26,0
20/12/2019 08:31,0
20/12/2019 08:36,0
20/12/2019 08:41,0
20/12/2019 08:46,0
20/12/2019 08:51,0
20/12/2019 08:56,0
20/12/2019 09:01,0
20/12/2019 09:06,0
20/12/2019 09:11,0
20/12/2019 09:16,0
20/12/2019 09:21,0
20/12/2019 09:26,0
20/12/2019 09:31,0
20/12/2019 09:36,0
20/12/2019 09:41,0
20/12/2019 09:46,0
20/12/2019 09:51,0
20/12/2019 09:56,0
20/12/2019 10:01,0
20/12/2019 10:06,0
20/12/2019 10:11,0
20/12/2019 10:16,0
20/12/2019 10:21,0
20/12/2019 10:26,0
20/12/2019 10:31,0
20/12/2019 10:36,0
20/12/2019 10:41,0
20/12/2019 10:46,0
20/12/2019 10:51,0
20/12/2019 10:56,0
20/12/2019 11:01,0
20/12/2019 11:06,0
20/12/2019 11:11,0
20/12/2019 11:16,0
20/12/2019 11:21,0
20/12/2019 11:26,0
20/12/2019 11:31,0
20/12/2019 11:36,0
20/12/2019 11:41,0
20/12/2019 11:46,0
20/12/2019 11:51,0
20/12/2019 11:56,0
20/12/2019 12:01,0
20/12/2019 12:06,0
20/12/2019 12:11,0
20/12/2019 12:16,0
20/12/2019 12:21,0
20/12/2019 12:26,0
20/12/2019 12:31,0
20/12/2019 12:36,0
20/12/2019 12:41,0
20/12/2019 12:46,0
20/12/2019 12:51,0
20/12/2019 12:56,0
20/12/2019 13:01,0
20/12/2019 13:06,0
20/12/2019 13:11,0
20/12/2019 13:16,0
20/12/2019 13:21,0
20/12/2019 13:26,0
20/12/2019 13:31,0
20/12/2019 13:36,0
20/12/2019 13:41,0
20/12/2019 13:46,0
20/12/2019 13:51,0
20/12/2019 13:56,0
20/12/2019 14:01,0
20/12/2019 14:06,0
20/12/2019 14:11,0
20/12/2019 14:16,0
20/12/2019 14:21,0
20/12/2019 14:26,0
20/12/2019 14:31,0
20/12/2019 14:36,0
20/12/2019 14:41,0
20/12/2019 14:46,0
20/12/2019 14:51,0
20/12/2019 14:56,0
20/12/2019 15:01,0
20/12/2019 15:06,0
20/12/2019 15:11,0
20/12/2019 15:16,0
20/12/2019 15:21,0
20/12/2019 15:26,0
20/12/2019 15:31,0
20/12/2019 15:36,0
20/12/2019 15:41,0
20/12/2019 15:46,0
20/12/2019 15:51,0
20/12/2019 15:56,0
20/12/2019 16:01,0
20/12/2019 16:06,0
20/12/2019 16:11,0
20/12/2019 16:16,0
20/12/2019 16:21,0
20/12/2019 16:26,0
20/12/2019 16:31,0
20/12/2019 16:36,0
20/12/2019 16:41,0
20/12/2019 16:46,0
20/12/2019 16:51,0
20/12/2019 16:56,0
20/12/2019 17:01,0
20/12/2019 17:06,0
20/12/2019 17:11,0
20/12/2019 17:16,0
20/12/2019 17:21,0
20/12/2019 17:26,0
20/12/2019 17:31,0
20/12/2019 17:36,0
20/12/2019 17:41,0
20/12/2019 17:46,0
20/12/2019 17:51,0
20/12/2019 17:56,0
20/12/2019 18:01,0
20/12/2019 18:06,0
20/12/2019 18:11,0
20/12/2019 18:16,0
20/12/2019 18:21,0
20/12/2019 18:26,0
20/12/2019 18:31,0
20/12/2019 18:36,0
20/12/2019 18:41,0
20/12/2019 18:46,0
20/12/2019 18:51,0
20/12/2019 18:56,0
20/12/2019 19:01,0
20/12/2019 19:06,0
20/12/2019 19:11,0
20/12/2019 19:16,0
20/12/2019 19:21,0
20/12/2019 19:26,0
20/12/2019 19:31,0
20/12/2019 19:36,0
20/12/2019 19:41,0
20/12/2019 19:46,0
20/12/2019 19:51,0
20/12/2019 19:56,0
20/12/2019 20:01,0
20/12/2019 20:06,0
20/12/2019 20:11,0
20/12/2019 20:16,0
20/12/2019 20:21,0
20/12/2019 20:26,0
20/12/2019 20:31,0
20/12/2019 20:36,0
20/12/2019 20:41,0
20/12/2019 20:46,0
20/12/2019 20:51,0
20/12/2019 20:56,0
20/12/2019 21:01,0
20/12/2019 21:06,0
20/12/2019 21:11,0
20/12/2019 21:16,0
20/12/2019 21:21,0
20/12/2019 21:26,0
20/12/2019 21:31,0
20/12/2019 21:36,0
20/12/2019 21:41,0
20/12/2019 21:46,0
20/12/2019 21:51,0
20/12/2019 21:56,0
20/12/2019 22:01,0
20/12/2019 22:06,0
20/12/2019 22:11,0
20/12/2019 22:16,0
20/12/2019 22:21,0
20/12/2019 22:26,0
20/12/2019 22:31,0
20/12/2019 22:36,0
20/12/2019 22:41,0
20/12/2019 22:46,0
20/12/2019 22:51,0
20/12/2019 22:56,0
20/12/2019 23:01,0
20/12/2019 23:06,0
20/12/2019 23:11,0
20/12/2019 23:16,0
20/12/2019 23:21,0
20/12/2019 23:26,0
20/12/2019 23:31,0
20/12/2019 23:36,0
20/12/2019 23:41,0
20/12/2019 23:46,0
20/12/2019 23:51,0
20/12/2019 23:56,0
21/12/2019 00:01,0
21/12/2019 00:06,0
21/12/2019 00:11,0
21/12/2019 00:16,0
21/12/2019 00:21,0
21/12/2019 00:26,0
21/12/2019 00:31,0
21/12/2019 00:36,0
21/12/2019 00:41,0
21/12/2019 00:46,0
21/12/2019 00:51,0
21/12/2019 00:56,0
21/12/2019 01:01,0
21/12/2019 01:06,0
21/12/2019 01:11,0
21/12/2019 01:16,0
21/12/2019 01:21,0
21/12/2019 01:26,0
21/12/2019 01:31,0
21/12/2019 01:36,0
21/12/2019 01:41,0
21/12/2019 01:46,0
21/12/2019 01:51,0
21/12/2019 01:56,0
21/12/2019 02:01,0
21/12/2019 02:06,0
21/12/2019 02:11,0
21/12/2019 02:16,0
21/12/2019 02:21,0
21/12/2019 02:26,0
21/12/2019 02:31,0
21/12/2019 02:36,0
21/12/2019 02:41,0
21/12/2019 02:46,0
21/12/2019 02:51,0
21/12/2019 02:56,0
21/12/2019 03:01,0
21/12/2019 03:06,0
21/12/2019 03:11,0
21/12/2019 03:16,0
21/12/2019 03:21,0
21/12/2019 03:26,0
21/12/2019 03:31,0
21/12/2019 03:36,0
21/12/2019 03:41,0
21/12/2019 03:46,0
21/12/2019 03:51,0
21/12/2019 03:56,0
21/12/2019 04:01,0
21/12/2019 04:06,0
21/12/2019 04:11,0
21/12/2019 04:16,0
21/12/2019 04:21,0
21/12/2019 04:26,0
21/12/2019 04:31,0
21/12/2019 04:36,0
21/12/2019 04:41,0
21/12/2019 04:46,0
21/12/2019 04:51,0
21/12/2019 04:56,0
21/12/2019 05:01,0
21/12/2019 05:06,0
21/12/2019 05:11,0
21/12/2019 05:16,0
21/12/2019 05:21,0
21/12/2019 05:26,0
21/12/2019 05:31,0
21/12/2019 05:36,0
21/12/2019 05:41,0
21/12/2019 05:46,0
21/12/2019 05:51,0
21/12/2019 05:56,0
21/12/2019 06:01,0
21/12/2019 06:06,0
21/12/2019 06:11,0
21/12/2019 06:16,0
21/12/2019 06:21,0
21/12/2019 06:26,0
21/12/2019 06:31,0
21/12/2019 06:36,0
21/12/2019 06:41,0
21/12/2019 06:46,0
21/12/2019 06:51,0
21/12/2019 06:56,0
21/12/2019 07:01,0
21/12/2019 07:06,0
21/12/2019 07:11,0
21/12/2019 07:16,0
21/12/2019 07:21,0
21/12/2019 07:26,0
21/12/2019 07:31,0
21/12/2019 07:36,0
21/12/2019 07:41,0
21/12/2019 07:46,0
21/12/2019 07:51,0
21/12/2019 07:56,0
21/12/2019 08:01,0
21/12/2019 08:06,0
21/12/2019 08:11,0
21/12/2019 08:16,0
21/12/2019 08:21,0
21/12/2019 08:26,0
21/12/2019 08:31,0
21/12/2019 08:36,0
21/12/2019 08:41,0
21/12/2019 08:46,0
21/12/2019 08:51,0
21/12/2019 08:56,0
21/12/2019 09:01,0
21/12/2019 09:06,0
21/12/2019 09:11,0
21/12/2019 09:16,0
21/12/2019 09:21,0
21/12/2019 09:26,0
21/12/2019 09:31,0
21/12/2019 09:36,0
21/12/2019 09:41,0
21/12/2019 09:46,0
21/12/2019 09:51,0
21/12/2019 09:56,0
21/12/2019 10:01,0
21/12/2019 10:06,0
21/12/2019 10:11,0
21/12/2019 10:16,0
21/12/2019 10:21,0
21/12/2019 10:26,0
21/12/2019 10:31,0
21/12/2019 10:36,0
21/12/2019 10:41,0
21/12/2019 10:46,0
21/12/2019 10:51,0
21/12/2019 10:56,0
21/12/2019 11:01,0
21/12/2019 11:06,0
21/12/2019 11:11,0
21/12/2019 11:16,0
21/12/2019 11:21,0
21/12/2019 11:26,0
21/12/2019 11:31,0
21/12/2019 11:36,0
21/12/2019 11:41,0
21/12/2019 11:46,0
21/12/2019 11:51,0
21/12/2019 11:56,0
21/12/2019 12:01,0
21/12/2019 12:06,0
21/12/2019 12:11,0
21/12/2019 12:16,0
21/12/2019 12:21,0
21/12/2019 12:26,0
21/12/2019 12:31,0
21/12/2019 12:36,0
21/12/2019 12:41,0
21/12/2019 12:46,0
21/12/2019 12:51,0
21/12/2019 12:56,0
21/12/2019 13:01,0
21/12/2019 13:06,0
21/12/2019 13:11,0
21/12/2019 13:16,0
21/12/2019 13:21,0
21/12/2019 13:26,0
21/12/2019 13:31,0
21/12/2019 13:36,0
21/12/2019 13:41,0
21/12/2019 13:46,0
21/12/2019 13:51,0
21/12/2019 13:56,0
21/12/2019 14:01,0
21/12/2019 14:06,0
21/12/2019 14:11,0
21/12/2019 14:16,0
21/12/2019 14:21,0
21/12/2019 14:26,0
21/12/2019 14:31,0
21/12/2019 14:36,0
21/12/2019 14:41,0
21/12/2019 14:46,0
21/12/2019 14:51,0
21/12/2019 14:56,0
21/12/2019 15:01,0
21/12/2019 15:06,0
21/12/2019 15:11,0
21/12/2019 15:16,0
21/12/2019 15:21,0
21/12/2019 15:26,0
21/12/2019 15:31,0
21/12/2019 15:36,0
21/12/2019 15:41,0
21/12/2019 15:46,0
21/12/2019 15:51,0
21/12/2019 15:56,0
21/12/2019 16:01,0
21/12/2019 16:06,0
21/12/2019 16:11,0
21/12/2019 16:16,0
21/12/2019 16:21,0
21/12/2019 16:26,0
21/12/2019 16:31,0
21/12/2019 16:36,0
21/12/2019 16:41,0
21/12/2019 16:46,0
21/12/2019 16:51,0
21/12/2019 16:56,0
21/12/2019 17:01,0
21/12/2019 17:06,0
21/12/2019 17:11,0
21/12/2019 17:16,0
21/12/2019 17:21,0
21/12/2019 17:26,0
21/12/2019 17:31,0
21/12/2019 17:36,0
21/12/2019 17:41,0
21/12/2019 17:46,0
21/12/2019 17:51,0
21/12/2019 17:56,0
21/12/2019 18:01,0
21/12/2019 18:06,0
21/12/2019 18:11,0
21/12/2019 18:16,0
21/12/2019 18:21,0
21/12/2019 18:26,0
21/12/2019 18:31,0
21/12/2019 18:36,0
21/12/2019 18:41,0
21/12/2019 18:46,0
21/12/2019 18:51,0
21/12/2019 18:56,0
21/12/2019 19:01,2.126133991
21/12/2019 19:06,1.771778326
21/12/2019 19:11,1.063066996
21/12/2019 19:16,0
21/12/2019 19:21,0
21/12/2019 19:26,0
21/12/2019 19:31,0
21/12/2019 19:36,0
21/12/2019 19:41,0
21/12/2019 19:46,0
21/12/2019 19:51,0
21/12/2019 19:56,0
21/12/2019 20:01,0
21/12/2019 20:06,0
21/12/2019 20:11,0
21/12/2019 20:16,0
21/12/2019 20:21,0
21/12/2019 20:26,0
21/12/2019 20:31,0
21/12/2019 20:36,0
21/12/2019 20:41,0
21/12/2019 20:46,0
21/12/2019 20:51,0
21/12/2019 20:56,0
21/12/2019 21:01,0
21/12/2019 21:06,0
21/12/2019 21:11,0
21/12/2019 21:16,0
21/12/2019 21:21,0
21/12/2019 21:26,0
21/12/2019 21:31,0
21/12/2019 21:36,0
21/12/2019 21:41,0
21/12/2019 21:46,0
21/12/2019 21:51,0
21/12/2019 21:56,0
21/12/2019 22:01,0
21/12/2019 22:06,0
21/12/2019 22:11,0
21/12/2019 22:16,0
21/12/2019 22:21,0
21/12/2019 22:26,0
21/12/2019 22:31,0
21/12/2019 22:36,0
21/12/2019 22:41,0
21/12/2019 22:46,0
21/12/2019 22:51,0
21/12/2019 22:56,0
21/12/2019 23:01,0
21/12/2019 23:06,0
21/12/2019 23:11,0
21/12/2019 23:16,0
21/12/2019 23:21,0
21/12/2019 23:26,0
21/12/2019 23:31,0
21/12/2019 23:36,0
21/12/2019 23:41,0
21/12/2019 23:46,0
21/12/2019 23:51,0
21/12/2019 23:56,0
22/12/2019 00:01,0
22/12/2019 00:06,0
22/12/2019 00:11,0
22/12/2019 00:16,0
22/12/2019 00:21,0
22/12/2019 00:26,0
22/12/2019 00:31,0
22/12/2019 00:36,0
22/12/2019 00:41,0
22/12/2019 00:46,0
22/12/2019 00:51,0
22/12/2019 00:56,0
22/12/2019 01:01,0
22/12/2019 01:06,0
22/12/2019 01:11,0
22/12/2019 01:16,0
22/12/2019 01:21,0
22/12/2019 01:26,0
22/12/2019 01:31,0
22/12/2019 01:36,0
22/12/2019 01:41,0
22/12/2019 01:46,0
22/12/2019 01:51,0
22/12/2019 01:56,0
22/12/2019 02:01,0
22/12/2019 02:06,0
22/12/2019 02:11,0
22/12/2019 02:16,0
22/12/2019 02:21,0
22/12/2019 02:26,0
22/12/2019 02:31,0
22/12/2019 02:36,0
22/12/2019 02:41,0
22/12/2019 02:46,0
22/12/2019 02:51,0
22/12/2019 02:56,0
22/12/2019 03:01,0
22/12/2019 03:06,0
22/12/2019 03:11,0
22/12/2019 03:16,0
22/12/2019 03:21,0
22/12/2019 03:26,0
22/12/2019 03:31,0
22/12/2019 03:36,0
22/12/2019 03:41,0
22/12/2019 03:46,0
22/12/2019 03:51,0
22/12/2019 03:56,0
22/12/2019 04:01,0
22/12/2019 04:06,0
22/12/2019 04:11,0
22/12/2019 04:16,0
22/12/2019 04:21,0
22/12/2019 04:26,0
22/12/2019 04:31,0
22/12/2019 04:36,0
22/12/2019 04:41,0
22/12/2019 04:46,0
22/12/2019 04:51,0
22/12/2019 04:56,0
22/12/2019 05:01,0
22/12/2019 05:06,0
22/12/2019 05:11,0
22/12/2019 05:16,0
22/12/2019 05:21,0
22/12/2019 05:26,0
22/12/2019 05:31,0
22/12/2019 05:36,0
22/12/2019 05:41,0.354355665
22/12/2019 05:46,0
22/12/2019 05:51,0
22/12/2019 05:56,0
22/12/2019 06:01,0
22/12/2019 06:06,0
22/12/2019 06:11,0
22/12/2019 06:16,0
22/12/2019 06:21,0
22/12/2019 06:26,0
22/12/2019 06:31,0
22/12/2019 06:36,0
22/12/2019 06:41,0
22/12/2019 06:46,0
22/12/2019 06:51,0
22/12/2019 06:56,0
22/12/2019 07:01,0
22/12/2019 07:06,0
22/12/2019 07:11,0
22/12/2019 07:16,0
22/12/2019 07:21,0
22/12/2019 07:26,0
22/12/2019 07:31,0
22/12/2019 07:36,0
22/12/2019 07:41,0
22/12/2019 07:46,0
22/12/2019 07:51,0
22/12/2019 07:56,0
22/12/2019 08:01,0
22/12/2019 08:06,0
22/12/2019 08:11,0
22/12/2019 08:16,0
22/12/2019 08:21,0
22/12/2019 08:26,0
22/12/2019 08:31,0
22/12/2019 08:36,0
22/12/2019 08:41,0
22/12/2019 08:46,0
22/12/2019 08:51,0
22/12/2019 08:56,0
22/12/2019 09:01,0
22/12/2019 09:06,0
22/12/2019 09:11,0
22/12/2019 09:16,0
22/12/2019 09:21,0
22/12/2019 09:26,0
22/12/2019 09:31,0
22/12/2019 09:36,0
22/12/2019 09:41,0
22/12/2019 09:46,0
22/12/2019 09:51,0
22/12/2019 09:56,0
22/12/2019 10:01,0
22/12/2019 10:06,0
22/12/2019 10:11,0
22/12/2019 10:16,0
22/12/2019 10:21,0
22/12/2019 10:26,0
22/12/2019 10:31,0
22/12/2019 10:36,0
22/12/2019 10:41,0.70871133
22/12/2019 10:46,1.063066996
22/12/2019 10:51,0
22/12/2019 10:56,0
22/12/2019 11:01,0
22/12/2019 11:06,0
22/12/2019 11:11,0
22/12/2019 11:16,0
22/12/2019 11:21,0
22/12/2019 11:26,0
22/12/2019 11:31,0
22/12/2019 11:36,0
22/12/2019 11:41,0
22/12/2019 11:46,0
22/12/2019 11:51,0
22/12/2019 11:56,0
22/12/2019 12:01,0
22/12/2019 12:06,0
22/12/2019 12:11,0
22/12/2019 12:16,0
22/12/2019 12:21,0
22/12/2019 12:26,0
22/12/2019 12:31,0
22/12/2019 12:36,0
22/12/2019 12:41,0
22/12/2019 12:46,0
22/12/2019 12:51,0
22/12/2019 12:56,0
22/12/2019 13:01,0
22/12/2019 13:06,0
22/12/2019 13:11,0
22/12/2019 13:16,0
22/12/2019 13:21,0
22/12/2019 13:26,0
22/12/2019 13:31,0
22/12/2019 13:36,0
22/12/2019 13:41,0
22/12/2019 13:46,0
22/12/2019 13:51,0
22/12/2019 13:56,0
22/12/2019 14:01,0
22/12/2019 14:06,0
22/12/2019 14:11,0
22/12/2019 14:16,0
22/12/2019 14:21,0
22/12/2019 14:26,0
22/12/2019 14:31,0
22/12/2019 14:36,0
22/12/2019 14:41,0
22/12/2019 14:46,0
22/12/2019 14:51,0
22/12/2019 14:56,0
22/12/2019 15:01,0
22/12/2019 15:06,0
22/12/2019 15:11,0
22/12/2019 15:16,0
22/12/2019 15:21,0
22/12/2019 15:26,0
22/12/2019 15:31,0
22/12/2019 15:36,0
22/12/2019 15:41,0
22/12/2019 15:46,0
22/12/2019 15:51,0
22/12/2019 15:56,0
22/12/2019 16:01,0
22/12/2019 16:06,0
22/12/2019 16:11,0
22/12/2019 16:16,0
22/12/2019 16:21,0
22/12/2019 16:26,0
22/12/2019 16:31,0
22/12/2019 16:36,0
22/12/2019 16:41,0
22/12/2019 16:46,0
22/12/2019 16:51,0
22/12/2019 16:56,0
22/12/2019 17:01,0
22/12/2019 17:06,1.771778326
22/12/2019 17:11,1.417422661
22/12/2019 17:16,0
22/12/2019 17:21,0
22/12/2019 17:26,0
22/12/2019 17:31,0
22/12/2019 17:36,0
22/12/2019 17:41,0
22/12/2019 17:46,0
22/12/2019 17:51,0
22/12/2019 17:56,0
22/12/2019 18:01,0
22/12/2019 18:06,0
22/12/2019 18:11,0
22/12/2019 18:16,0
22/12/2019 18:21,0
22/12/2019 18:26,0
22/12/2019 18:31,0
22/12/2019 18:36,0
22/12/2019 18:41,0
22/12/2019 18:46,0
22/12/2019 18:51,0
22/12/2019 18:56,0
22/12/2019 19:01,0
22/12/2019 19:06,0
22/12/2019 19:11,0
22/12/2019 19:16,0
22/12/2019 19:21,0
22/12/2019 19:26,0
22/12/2019 19:31,0
22/12/2019 19:36,0
22/12/2019 19:41,0
22/12/2019 19:46,0
22/12/2019 19:51,0
22/12/2019 19:56,0
22/12/2019 20:01,0
22/12/2019 20:06,0
22/12/2019 20:11,0
22/12/2019 20:16,0
22/12/2019 20:21,0
22/12/2019 20:26,0
22/12/2019 20:31,0
22/12/2019 20:36,0
22/12/2019 20:41,0.354355665
22/12/2019 20:46,1.771778326
22/12/2019 20:51,1.771778326
22/12/2019 20:56,1.063066996
22/12/2019 21:01,2.480489656
22/12/2019 21:06,1.063066996
22/12/2019 21:11,0.70871133
22/12/2019 21:16,0
22/12/2019 21:21,0.70871133
22/12/2019 21:26,0.354355665
22/12/2019 21:31,0
22/12/2019 21:36,0
22/12/2019 21:41,0
22/12/2019 21:46,0.354355665
22/12/2019 21:51,0
22/12/2019 21:56,0
22/12/2019 22:01,0.354355665
22/12/2019 22:06,0
22/12/2019 22:11,0.354355665
22/12/2019 22:16,0
22/12/2019 22:21,0
22/12/2019 22:26,0.354355665
22/12/2019 22:31,0
22/12/2019 22:36,0
22/12/2019 22:41,0
22/12/2019 22:46,0
22/12/2019 22:51,0
22/12/2019 22:56,0.354355665
22/12/2019 23:01,0
22/12/2019 23:06,0.354355665
22/12/2019 23:11,0
22/12/2019 23:16,0.354355665
22/12/2019 23:21,0
22/12/2019 23:26,0
22/12/2019 23:31,0.354355665
22/12/2019 23:36,0
22/12/2019 23:41,0
22/12/2019 23:46,0.354355665
22/12/2019 23:51,0
22/12/2019 23:56,0
23/12/2019 00:01,0.354355665
23/12/2019 00:06,0
23/12/2019 00:11,0
23/12/2019 00:16,0
23/12/2019 00:21,0
23/12/2019 00:26,0.354355665
23/12/2019 00:31,0
23/12/2019 00:36,0
23/12/2019 00:41,0
23/12/2019 00:46,0
23/12/2019 00:51,0
23/12/2019 00:56,0.354355665
23/12/2019 01:01,0
23/12/2019 01:06,0
23/12/2019 01:11,0
23/12/2019 01:16,0
23/12/2019 01:21,0
23/12/2019 01:26,0
23/12/2019 01:31,0
23/12/2019 01:36,0
23/12/2019 01:41,0
23/12/2019 01:46,0
23/12/2019 01:51,0
23/12/2019 01:56,0
23/12/2019 02:01,0
23/12/2019 02:06,0
23/12/2019 02:11,0
23/12/2019 02:16,0
23/12/2019 02:21,0
23/12/2019 02:26,0
23/12/2019 02:31,0
23/12/2019 02:36,0
23/12/2019 02:41,0
23/12/2019 02:46,0
23/12/2019 02:51,0
23/12/2019 02:56,0
23/12/2019 03:01,0
23/12/2019 03:06,0
23/12/2019 03:11,0
23/12/2019 03:16,0
23/12/2019 03:21,0
23/12/2019 03:26,0
23/12/2019 03:31,0
23/12/2019 03:36,0
23/12/2019 03:41,0
23/12/2019 03:46,0
23/12/2019 03:51,0
23/12/2019 03:56,0
23/12/2019 04:01,0
23/12/2019 04:06,0
23/12/2019 04:11,0
23/12/2019 04:16,0
23/12/2019 04:21,0
23/12/2019 04:26,0
23/12/2019 04:31,0
23/12/2019 04:36,0
23/12/2019 04:41,0
23/12/2019 04:46,0
23/12/2019 04:51,0
23/12/2019 04:56,0
23/12/2019 05:01,0
23/12/2019 05:06,0
23/12/2019 05:11,0
23/12/2019 05:16,0
23/12/2019 05:21,0
23/12/2019 05:26,0
23/12/2019 05:31,0
23/12/2019 05:36,0
23/12/2019 05:41,0
23/12/2019 05:46,0
23/12/2019 05:51,0
23/12/2019 05:56,0
23/12/2019 06:01,0
23/12/2019 06:06,0
23/12/2019 06:11,0
23/12/2019 06:16,0
23/12/2019 06:21,0
23/12/2019 06:26,0
23/12/2019 06:31,0
23/12/2019 06:36,0
23/12/2019 06:41,0
23/12/2019 06:46,0
23/12/2019 06:51,0
23/12/2019 06:56,0
23/12/2019 07:01,0
23/12/2019 07:06,0
23/12/2019 07:11,0
23/12/2019 07:16,0
23/12/2019 07:21,0
23/12/2019 07:26,0
23/12/2019 07:31,0
23/12/2019 07:36,0
23/12/2019 07:41,0
23/12/2019 07:46,0
23/12/2019 07:51,0
23/12/2019 07:56,0
23/12/2019 08:01,0
23/12/2019 08:06,0
23/12/2019 08:11,0
23/12/2019 08:16,0
23/12/2019 08:21,0
23/12/2019 08:26,0
23/12/2019 08:31,0
23/12/2019 08:36,0
23/12/2019 08:41,0
23/12/2019 08:46,0
23/12/2019 08:51,0
23/12/2019 08:56,0
23/12/2019 09:01,0
23/12/2019 09:06,0
23/12/2019 09:11,0
23/12/2019 09:16,0
23/12/2019 09:21,0
23/12/2019 09:26,0
23/12/2019 09:31,0
23/12/2019 09:36,0
23/12/2019 09:41,0
23/12/2019 09:46,0
23/12/2019 09:51,0
23/12/2019 09:56,0
23/12/2019 10:01,0
23/12/2019 10:06,0
23/12/2019 10:11,0
23/12/2019 10:16,0
23/12/2019 10:21,0
23/12/2019 10:26,0
23/12/2019 10:31,0
23/12/2019 10:36,0
23/12/2019 10:41,0
23/12/2019 10:46,0
23/12/2019 10:51,0
23/12/2019 10:56,0
23/12/2019 11:01,0
23/12/2019 11:06,0
23/12/2019 11:11,0
23/12/2019 11:16,0
23/12/2019 11:21,0
23/12/2019 11:26,0
23/12/2019 11:31,0
23/12/2019 11:36,0
23/12/2019 11:41,0
23/12/2019 11:46,0
23/12/2019 11:51,0
23/12/2019 11:56,0
23/12/2019 12:01,0
23/12/2019 12:06,0
23/12/2019 12:11,0
23/12/2019 12:16,0
23/12/2019 12:21,0
23/12/2019 12:26,0
23/12/2019 12:31,0
23/12/2019 12:36,0
23/12/2019 12:41,0
23/12/2019 12:46,0
23/12/2019 12:51,0
23/12/2019 12:56,0
23/12/2019 13:01,0
23/12/2019 13:06,0
23/12/2019 13:11,0
23/12/2019 13:16,0
23/12/2019 13:21,0
23/12/2019 13:26,0
23/12/2019 13:31,0
23/12/2019 13:36,0
23/12/2019 13:41,0
23/12/2019 13:46,0
23/12/2019 13:51,0
23/12/2019 13:56,0
23/12/2019 14:01,0
23/12/2019 14:06,0
23/12/2019 14:11,0
23/12/2019 14:16,0
23/12/2019 14:21,0
23/12/2019 14:26,0
23/12/2019 14:31,0
23/12/2019 14:36,0
23/12/2019 14:41,0
23/12/2019 14:46,0
23/12/2019 14:51,0
23/12/2019 14:56,0
23/12/2019 15:01,0
23/12/2019 15:06,0
23/12/2019 15:11,0
23/12/2019 15:16,0
23/12/2019 15:21,0
23/12/2019 15:26,0
23/12/2019 15:31,0
23/12/2019 15:36,0
23/12/2019 15:41,0
23/12/2019 15:46,0
23/12/2019 15:51,0
23/12/2019 15:56,0
23/12/2019 16:01,0
23/12/2019 16:06,0
23/12/2019 16:11,0
23/12/2019 16:16,0
23/12/2019 16:21,0
23/12/2019 16:26,0.354355665
23/12/2019 16:31,0.70871133
23/12/2019 16:36,0.354355665
23/12/2019 16:41,0
23/12/2019 16:46,0
23/12/2019 16:51,0
23/12/2019 16:56,0
23/12/2019 17:01,0
23/12/2019 17:06,0
23/12/2019 17:11,0
23/12/2019 17:16,0
23/12/2019 17:21,0
23/12/2019 17:26,0
23/12/2019 17:31,0
23/12/2019 17:36,0
23/12/2019 17:41,0
23/12/2019 17:46,0
23/12/2019 17:51,0.354355665
23/12/2019 17:56,0
23/12/2019 18:01,0
23/12/2019 18:06,0
23/12/2019 18:11,0
23/12/2019 18:16,0
23/12/2019 18:21,0.354355665
23/12/2019 18:26,0
23/12/2019 18:31,0
23/12/2019 18:36,0.354355665
23/12/2019 18:41,0
23/12/2019 18:46,0
23/12/2019 18:51,0
23/12/2019 18:56,0
23/12/2019 19:01,0
23/12/2019 19:06,0
23/12/2019 19:11,0.354355665
23/12/2019 19:16,0
23/12/2019 19:21,0
23/12/2019 19:26,0
23/12/2019 19:31,0
23/12/2019 19:36,0
23/12/2019 19:41,0
23/12/2019 19:46,0
23/12/2019 19:51,0.354355665
23/12/2019 19:56,0
23/12/2019 20:01,0
23/12/2019 20:06,0
23/12/2019 20:11,0
23/12/2019 20:16,0
23/12/2019 20:21,0
23/12/2019 20:26,0
23/12/2019 20:31,0
23/12/2019 20:36,0
23/12/2019 20:41,0
23/12/2019 20:46,0
23/12/2019 20:51,0
23/12/2019 20:56,0
23/12/2019 21:01,0
23/12/2019 21:06,0
23/12/2019 21:11,0
23/12/2019 21:16,0
23/12/2019 21:21,0
23/12/2019 21:26,0
23/12/2019 21:31,0
23/12/2019 21:36,0
23/12/2019 21:41,0
23/12/2019 21:46,0
23/12/2019 21:51,0
23/12/2019 21:56,0
23/12/2019 22:01,0
23/12/2019 22:06,0
23/12/2019 22:11,0
23/12/2019 22:16,0
23/12/2019 22:21,0
23/12/2019 22:26,0
23/12/2019 22:31,0
23/12/2019 22:36,0
23/12/2019 22:41,0
23/12/2019 22:46,0
23/12/2019 22:51,0
23/12/2019 22:56,0
23/12/2019 23:01,0
23/12/2019 23:06,0
23/12/2019 23:11,0
23/12/2019 23:16,0
23/12/2019 23:21,0
23/12/2019 23:26,0
23/12/2019 23:31,0
23/12/2019 23:36,0
23/12/2019 23:41,0
23/12/2019 23:46,0
23/12/2019 23:51,0
23/12/2019 23:56,0
24/12/2019 00:01,0
24/12/2019 00:06,0
24/12/2019 00:11,0
24/12/2019 00:16,0
24/12/2019 00:21,0
24/12/2019 00:26,0
24/12/2019 00:31,0
24/12/2019 00:36,0
24/12/2019 00:41,0
24/12/2019 00:46,0
24/12/2019 00:51,0
24/12/2019 00:56,0
24/12/2019 01:01,0
24/12/2019 01:06,0
24/12/2019 01:11,0
24/12/2019 01:16,0
24/12/2019 01:21,0
24/12/2019 01:26,0
24/12/2019 01:31,0
24/12/2019 01:36,0
24/12/2019 01:41,0
24/12/2019 01:46,0
24/12/2019 01:51,0
24/12/2019 01:56,0
24/12/2019 02:01,0
24/12/2019 02:06,0
24/12/2019 02:11,0
24/12/2019 02:16,0
24/12/2019 02:21,0
24/12/2019 02:26,0
24/12/2019 02:31,0
24/12/2019 02:36,0
24/12/2019 02:41,0
24/12/2019 02:46,0
24/12/2019 02:51,0
24/12/2019 02:56,0
24/12/2019 03:01,0
24/12/2019 03:06,0
24/12/2019 03:11,0
24/12/2019 03:16,0
24/12/2019 03:21,0
24/12/2019 03:26,0
24/12/2019 03:31,0
24/12/2019 03:36,0
24/12/2019 03:41,0
24/12/2019 03:46,0
24/12/2019 03:51,0
24/12/2019 03:56,0
24/12/2019 04:01,0
24/12/2019 04:06,0
24/12/2019 04:11,0
24/12/2019 04:16,0
24/12/2019 04:21,0
24/12/2019 04:26,0
24/12/2019 04:31,0
24/12/2019 04:36,0
24/12/2019 04:41,0
24/12/2019 04:46,0
24/12/2019 04:51,0
24/12/2019 04:56,0
24/12/2019 05:01,0
24/12/2019 05:06,0
24/12/2019 05:11,0
24/12/2019 05:16,0
24/12/2019 05:21,0
24/12/2019 05:26,0
24/12/2019 05:31,0
24/12/2019 05:36,0
24/12/2019 05:41,0
24/12/2019 05:46,0
24/12/2019 05:51,0
24/12/2019 05:56,0
24/12/2019 06:01,0
24/12/2019 06:06,0
24/12/2019 06:11,0
24/12/2019 06:16,0
24/12/2019 06:21,0
24/12/2019 06:26,0
24/12/2019 06:31,0
24/12/2019 06:36,0
24/12/2019 06:41,0
24/12/2019 06:46,0
24/12/2019 06:51,0
24/12/2019 06:56,0
24/12/2019 07:01,0
24/12/2019 07:06,0
24/12/2019 07:11,0
24/12/2019 07:16,0
24/12/2019 07:21,0
24/12/2019 07:26,0
24/12/2019 07:31,0
24/12/2019 07:36,0
24/12/2019 07:41,0
24/12/2019 07:46,0
24/12/2019 07:51,0
24/12/2019 07:56,0
24/12/2019 08:01,0
24/12/2019 08:06,0
24/12/2019 08:11,0
24/12/2019 08:16,0
24/12/2019 08:21,0
24/12/2019 08:26,0
24/12/2019 08:31,0
24/12/2019 08:36,0
24/12/2019 08:41,0
24/12/2019 08:46,0
24/12/2019 08:51,0
24/12/2019 08:56,0
24/12/2019 09:01,0
24/12/2019 09:06,0
24/12/2019 09:11,0
24/12/2019 09:16,0
24/12/2019 09:21,0
24/12/2019 09:26,0
24/12/2019 09:31,0
24/12/2019 09:36,0
24/12/2019 09:41,0
24/12/2019 09:46,0
24/12/2019 09:51,0
24/12/2019 09:56,0
24/12/2019 10:01,0
24/12/2019 10:06,0
24/12/2019 10:11,0
24/12/2019 10:16,0
24/12/2019 10:21,0
24/12/2019 10:26,0
24/12/2019 10:31,0
24/12/2019 10:36,0
24/12/2019 10:41,0
24/12/2019 10:46,0
24/12/2019 10:51,0
24/12/2019 10:56,0
24/12/2019 11:01,0
24/12/2019 11:06,0
24/12/2019 11:11,0
24/12/2019 11:16,0
24/12/2019 11:21,0
24/12/2019 11:26,0
24/12/2019 11:31,0
24/12/2019 11:36,0
24/12/2019 11:41,0
24/12/2019 11:46,0
24/12/2019 11:51,0
24/12/2019 11:56,0
24/12/2019 12:01,0
24/12/2019 12:06,0
24/12/2019 12:11,0
24/12/2019 12:16,0
24/12/2019 12:21,0
24/12/2019 12:26,0
24/12/2019 12:31,0
24/12/2019 12:36,0
24/12/2019 12:41,0
24/12/2019 12:46,0
24/12/2019 12:51,0
24/12/2019 12:56,0
24/12/2019 13:01,0
24/12/2019 13:06,0
24/12/2019 13:11,0
24/12/2019 13:16,0
24/12/2019 13:21,0
24/12/2019 13:26,0
24/12/2019 13:31,0
24/12/2019 13:36,0
24/12/2019 13:41,0
24/12/2019 13:46,0
24/12/2019 13:51,0
24/12/2019 13:56,0
24/12/2019 14:01,0
24/12/2019 14:06,0
24/12/2019 14:11,0
24/12/2019 14:16,0
24/12/2019 14:21,0
24/12/2019 14:26,0
24/12/2019 14:31,0
24/12/2019 14:36,0
24/12/2019 14:41,0
24/12/2019 14:46,0
24/12/2019 14:51,0
24/12/2019 14:56,0
24/12/2019 15:01,0
24/12/2019 15:06,0
24/12/2019 15:11,0
24/12/2019 15:16,0
24/12/2019 15:21,0
24/12/2019 15:26,0
24/12/2019 15:31,0
24/12/2019 15:36,0
24/12/2019 15:41,0
24/12/2019 15:46,0
24/12/2019 15:51,0
24/12/2019 15:56,0
24/12/2019 16:01,0
24/12/2019 16:06,0
24/12/2019 16:11,0
24/12/2019 16:16,0
24/12/2019 16:21,0
24/12/2019 16:26,0
24/12/2019 16:31,0
24/12/2019 16:36,0
24/12/2019 16:41,0
24/12/2019 16:46,0
24/12/2019 16:51,0
24/12/2019 16:56,0
24/12/2019 17:01,0
24/12/2019 17:06,0
24/12/2019 17:11,0
24/12/2019 17:16,0
24/12/2019 17:21,0
24/12/2019 17:26,0
24/12/2019 17:31,0
24/12/2019 17:36,0
24/12/2019 17:41,0
24/12/2019 17:46,0
24/12/2019 17:51,0
24/12/2019 17:56,0
24/12/2019 18:01,0
24/12/2019 18:06,0
24/12/2019 18:11,0
24/12/2019 18:16,0
24/12/2019 18:21,0
24/12/2019 18:26,0
24/12/2019 18:31,0
24/12/2019 18:36,0
24/12/2019 18:41,0
24/12/2019 18:46,0
24/12/2019 18:51,0
24/12/2019 18:56,0
24/12/2019 19:01,0
24/12/2019 19:06,0
24/12/2019 19:11,0
24/12/2019 19:16,0
24/12/2019 19:21,0
24/12/2019 19:26,0
24/12/2019 19:31,0
24/12/2019 19:36,0
24/12/2019 19:41,0
24/12/2019 19:46,0
24/12/2019 19:51,0
24/12/2019 19:56,0
24/12/2019 20:01,0
24/12/2019 20:06,0
24/12/2019 20:11,0
24/12/2019 20:16,0
24/12/2019 20:21,0
24/12/2019 20:26,0
24/12/2019 20:31,0
24/12/2019 20:36,0
24/12/2019 20:41,0
24/12/2019 20:46,0
24/12/2019 20:51,0
24/12/2019 20:56,0
24/12/2019 21:01,0
24/12/2019 21:06,0
24/12/2019 21:11,0
24/12/2019 21:16,0
24/12/2019 21:21,0
24/12/2019 21:26,0
24/12/2019 21:31,0
24/12/2019 21:36,0
24/12/2019 21:41,0
24/12/2019 21:46,0
24/12/2019 21:51,0
24/12/2019 21:56,0
24/12/2019 22:01,0
24/12/2019 22:06,0
24/12/2019 22:11,0
24/12/2019 22:16,0
24/12/2019 22:21,0
24/12/2019 22:26,0
24/12/2019 22:31,0
24/12/2019 22:36,0
24/12/2019 22:41,0
24/12/2019 22:46,0
24/12/2019 22:51,0
24/12/2019 22:56,0
24/12/2019 23:01,0
24/12/2019 23:06,0
24/12/2019 23:11,0
24/12/2019 23:16,0
24/12/2019 23:21,0
24/12/2019 23:26,0
24/12/2019 23:31,0
24/12/2019 23:36,0
24/12/2019 23:41,0
24/12/2019 23:46,0
24/12/2019 23:51,0
24/12/2019 23:56,0
25/12/2019 00:01,0
25/12/2019 00:06,0
25/12/2019 00:11,0
25/12/2019 00:16,0
25/12/2019 00:21,0
25/12/2019 00:26,0
25/12/2019 00:31,0
25/12/2019 00:36,0
25/12/2019 00:41,0
25/12/2019 00:46,0
25/12/2019 00:51,0
25/12/2019 00:56,0
25/12/2019 01:01,0
25/12/2019 01:06,0
25/12/2019 01:11,0
25/12/2019 01:16,0
25/12/2019 01:21,0
25/12/2019 01:26,0
25/12/2019 01:31,0
25/12/2019 01:36,0
25/12/2019 01:41,0
25/12/2019 01:46,0
25/12/2019 01:51,0
25/12/2019 01:56,0
25/12/2019 02:01,0
25/12/2019 02:06,0
25/12/2019 02:11,0
25/12/2019 02:16,0
25/12/2019 02:21,0
25/12/2019 02:26,0
25/12/2019 02:31,0
25/12/2019 02:36,0
25/12/2019 02:41,0
25/12/2019 02:46,0
25/12/2019 02:51,0
25/12/2019 02:56,0
25/12/2019 03:01,0
25/12/2019 03:06,0
25/12/2019 03:11,0
25/12/2019 03:16,0
25/12/2019 03:21,0
25/12/2019 03:26,0
25/12/2019 03:31,0
25/12/2019 03:36,0
25/12/2019 03:41,2.834845321
25/12/2019 03:46,0.354355665
25/12/2019 03:51,0
25/12/2019 03:56,0
25/12/2019 04:01,0
25/12/2019 04:06,0
25/12/2019 04:11,0
25/12/2019 04:16,0
25/12/2019 04:21,0
25/12/2019 04:26,0
25/12/2019 04:31,0
25/12/2019 04:36,0
25/12/2019 04:41,0
25/12/2019 04:46,0
25/12/2019 04:51,0
25/12/2019 04:56,0
25/12/2019 05:01,0
25/12/2019 05:06,0
25/12/2019 05:11,0
25/12/2019 05:16,0
25/12/2019 05:21,0
25/12/2019 05:26,0
25/12/2019 05:31,0
25/12/2019 05:36,0
25/12/2019 05:41,0
25/12/2019 05:46,0
25/12/2019 05:51,0
25/12/2019 05:56,0
25/12/2019 06:01,0
25/12/2019 06:06,0
25/12/2019 06:11,0
25/12/2019 06:16,0
25/12/2019 06:21,0
25/12/2019 06:26,0
25/12/2019 06:31,0
25/12/2019 06:36,0
25/12/2019 06:41,0
25/12/2019 06:46,0
25/12/2019 06:51,0
25/12/2019 06:56,0
25/12/2019 07:01,0
25/12/2019 07:06,0
25/12/2019 07:11,0
25/12/2019 07:16,0
25/12/2019 07:21,0
25/12/2019 07:26,0
25/12/2019 07:31,0
25/12/2019 07:36,0
25/12/2019 07:41,0
25/12/2019 07:46,0
25/12/2019 07:51,0
25/12/2019 07:56,0
25/12/2019 08:01,0
25/12/2019 08:06,0
25/12/2019 08:11,0
25/12/2019 08:16,0
25/12/2019 08:21,0
25/12/2019 08:26,0
25/12/2019 08:31,0
25/12/2019 08:36,0
25/12/2019 08:41,0
25/12/2019 08:46,0
25/12/2019 08:51,0
25/12/2019 08:56,0
25/12/2019 09:01,0
25/12/2019 09:06,0
25/12/2019 09:11,0
25/12/2019 09:16,0
25/12/2019 09:21,0
25/12/2019 09:26,0
25/12/2019 09:31,0
25/12/2019 09:36,0
25/12/2019 09:41,0
25/12/2019 09:46,0
25/12/2019 09:51,0
25/12/2019 09:56,0
25/12/2019 10:01,0
25/12/2019 10:06,0
25/12/2019 10:11,0
25/12/2019 10:16,0
25/12/2019 10:21,0
25/12/2019 10:26,0
25/12/2019 10:31,0
25/12/2019 10:36,0
25/12/2019 10:41,0
25/12/2019 10:46,0
25/12/2019 10:51,0
25/12/2019 10:56,0
25/12/2019 11:01,0
25/12/2019 11:06,0
25/12/2019 11:11,0
25/12/2019 11:16,0
25/12/2019 11:21,0
25/12/2019 11:26,0
25/12/2019 11:31,0
25/12/2019 11:36,0
25/12/2019 11:41,0
25/12/2019 11:46,0
25/12/2019 11:51,0
25/12/2019 11:56,0
25/12/2019 12:01,0
25/12/2019 12:06,0
25/12/2019 12:11,0
25/12/2019 12:16,0
25/12/2019 12:21,0
25/12/2019 12:26,0
25/12/2019 12:31,0
25/12/2019 12:36,0
25/12/2019 12:41,0
25/12/2019 12:46,0
25/12/2019 12:51,0
25/12/2019 12:56,0
25/12/2019 13:01,0
25/12/2019 13:06,0
25/12/2019 13:11,0
25/12/2019 13:16,0
25/12/2019 13:21,0
25/12/2019 13:26,0
25/12/2019 13:31,0
25/12/2019 13:36,0
25/12/2019 13:41,0
25/12/2019 13:46,0
25/12/2019 13:51,0
25/12/2019 13:56,0
25/12/2019 14:01,0
25/12/2019 14:06,0
25/12/2019 14:11,0
25/12/2019 14:16,0
25/12/2019 14:21,0
25/12/2019 14:26,0
25/12/2019 14:31,0
25/12/2019 14:36,0
25/12/2019 14:41,0
25/12/2019 14:46,0
25/12/2019 14:51,0
25/12/2019 14:56,0
25/12/2019 15:01,0
25/12/2019 15:06,0
25/12/2019 15:11,0
25/12/2019 15:16,0
25/12/2019 15:21,0
25/12/2019 15:26,0
25/12/2019 15:31,0
25/12/2019 15:36,0
25/12/2019 15:41,0
25/12/2019 15:46,0
25/12/2019 15:51,0
25/12/2019 15:56,0
25/12/2019 16:01,0
25/12/2019 16:06,0
25/12/2019 16:11,0
25/12/2019 16:16,0
25/12/2019 16:21,0
25/12/2019 16:26,0
25/12/2019 16:31,1.063066996
25/12/2019 16:36,0.70871133
25/12/2019 16:41,0
25/12/2019 16:46,0
25/12/2019 16:51,0
25/12/2019 16:56,0
25/12/2019 17:01,0
25/12/2019 17:06,0
25/12/2019 17:11,0
25/12/2019 17:16,0
25/12/2019 17:21,0
25/12/2019 17:26,0
25/12/2019 17:31,0
25/12/2019 17:36,0
25/12/2019 17:41,0
25/12/2019 17:46,0.354355665
25/12/2019 17:51,0
25/12/2019 17:56,0
25/12/2019 18:01,0.354355665
25/12/2019 18:06,0
25/12/2019 18:11,0
25/12/2019 18:16,0.354355665
25/12/2019 18:21,0
25/12/2019 18:26,0
25/12/2019 18:31,0
25/12/2019 18:36,0
25/12/2019 18:41,0
25/12/2019 18:46,0.354355665
25/12/2019 18:51,0
25/12/2019 18:56,0
25/12/2019 19:01,0
25/12/2019 19:06,0.354355665
25/12/2019 19:11,0
25/12/2019 19:16,0
25/12/2019 19:21,0
25/12/2019 19:26,0.354355665
25/12/2019 19:31,0
25/12/2019 19:36,0
25/12/2019 19:41,0
25/12/2019 19:46,0.354355665
25/12/2019 19:51,0
25/12/2019 19:56,0
25/12/2019 20:01,0
25/12/2019 20:06,0
25/12/2019 20:11,0.354355665
25/12/2019 20:16,0
25/12/2019 20:21,0
25/12/2019 20:26,0
25/12/2019 20:31,0
25/12/2019 20:36,0
25/12/2019 20:41,0
25/12/2019 20:46,0
25/12/2019 20:51,0
25/12/2019 20:56,0
25/12/2019 21:01,0
25/12/2019 21:06,0
25/12/2019 21:11,0
25/12/2019 21:16,0
25/12/2019 21:21,0
25/12/2019 21:26,0
25/12/2019 21:31,0
25/12/2019 21:36,0
25/12/2019 21:41,0
25/12/2019 21:46,0
25/12/2019 21:51,0
25/12/2019 21:56,0
25/12/2019 22:01,0
25/12/2019 22:06,0
25/12/2019 22:11,0
25/12/2019 22:16,0
25/12/2019 22:21,0
25/12/2019 22:26,0
25/12/2019 22:31,0
25/12/2019 22:36,0
25/12/2019 22:41,0
25/12/2019 22:46,0
25/12/2019 22:51,0
25/12/2019 22:56,0
25/12/2019 23:01,0
25/12/2019 23:06,0
25/12/2019 23:11,0
25/12/2019 23:16,0
25/12/2019 23:21,0
25/12/2019 23:26,0
25/12/2019 23:31,0
25/12/2019 23:36,0
25/12/2019 23:41,0
25/12/2019 23:46,0
25/12/2019 23:51,0
25/12/2019 23:56,0
26/12/2019 00:01,0
26/12/2019 00:06,0
26/12/2019 00:11,0
26/12/2019 00:16,0
26/12/2019 00:21,0
26/12/2019 00:26,0
26/12/2019 00:31,0
26/12/2019 00:36,0
26/12/2019 00:41,0
26/12/2019 00:46,0
26/12/2019 00:51,0
26/12/2019 00:56,0
26/12/2019 01:01,0
26/12/2019 01:06,0
26/12/2019 01:11,0
26/12/2019 01:16,0
26/12/2019 01:21,0
26/12/2019 01:26,0
26/12/2019 01:31,0
26/12/2019 01:36,0
26/12/2019 01:41,0
26/12/2019 01:46,0
26/12/2019 01:51,0
26/12/2019 01:56,0
26/12/2019 02:01,0
26/12/2019 02:06,0.354355665
26/12/2019 02:11,0.354355665
26/12/2019 02:16,0.354355665
26/12/2019 02:21,0
26/12/2019 02:26,0
26/12/2019 02:31,0
26/12/2019 02:36,0
26/12/2019 02:41,0
26/12/2019 02:46,0
26/12/2019 02:51,0
26/12/2019 02:56,0
26/12/2019 03:01,0
26/12/2019 03:06,0
26/12/2019 03:11,0
26/12/2019 03:16,0
26/12/2019 03:21,0
26/12/2019 03:26,0
26/12/2019 03:31,0
26/12/2019 03:36,0
26/12/2019 03:41,0
26/12/2019 03:46,0
26/12/2019 03:51,0
26/12/2019 03:56,0
26/12/2019 04:01,0
26/12/2019 04:06,0
26/12/2019 04:11,0
26/12/2019 04:16,0
26/12/2019 04:21,0
26/12/2019 04:26,0
26/12/2019 04:31,0
26/12/2019 04:36,0
26/12/2019 04:41,0
26/12/2019 04:46,0
26/12/2019 04:51,0
26/12/2019 04:56,0
26/12/2019 05:01,0
26/12/2019 05:06,0
26/12/2019 05:11,0
26/12/2019 05:16,0
26/12/2019 05:21,0
26/12/2019 05:26,0
26/12/2019 05:31,0
26/12/2019 05:36,0
26/12/2019 05:41,0
26/12/2019 05:46,0
26/12/2019 05:51,0
26/12/2019 05:56,0
26/12/2019 06:01,0
26/12/2019 06:06,0
26/12/2019 06:11,0
26/12/2019 06:16,0
26/12/2019 06:21,0
26/12/2019 06:26,0
26/12/2019 06:31,0
26/12/2019 06:36,0
26/12/2019 06:41,0
26/12/2019 06:46,0
26/12/2019 06:51,0
26/12/2019 06:56,0
26/12/2019 07:01,0
26/12/2019 07:06,0
26/12/2019 07:11,0
26/12/2019 07:16,0
26/12/2019 07:21,0
26/12/2019 07:26,0
26/12/2019 07:31,0
26/12/2019 07:36,0
26/12/2019 07:41,0
26/12/2019 07:46,0
26/12/2019 07:51,0
26/12/2019 07:56,0
26/12/2019 08:01,0
26/12/2019 08:06,0
26/12/2019 08:11,0
26/12/2019 08:16,0
26/12/2019 08:21,0
26/12/2019 08:26,0
26/12/2019 08:31,0
26/12/2019 08:36,0
26/12/2019 08:41,0
26/12/2019 08:46,0
26/12/2019 08:51,0
26/12/2019 08:56,0
26/12/2019 09:01,0
26/12/2019 09:06,0
26/12/2019 09:11,0
26/12/2019 09:16,0
26/12/2019 09:21,0
26/12/2019 09:26,0
26/12/2019 09:31,0
26/12/2019 09:36,0
26/12/2019 09:41,0
26/12/2019 09:46,0
26/12/2019 09:51,0
26/12/2019 09:56,0
26/12/2019 10:01,0
26/12/2019 10:06,0
26/12/2019 10:11,0
26/12/2019 10:16,0
26/12/2019 10:21,0
26/12/2019 10:26,0
26/12/2019 10:31,0
26/12/2019 10:36,0
26/12/2019 10:41,0
26/12/2019 10:46,0
26/12/2019 10:51,0
26/12/2019 10:56,0
26/12/2019 11:01,0
26/12/2019 11:06,0
26/12/2019 11:11,0
26/12/2019 11:16,0
26/12/2019 11:21,0
26/12/2019 11:26,0
26/12/2019 11:31,0
26/12/2019 11:36,0
26/12/2019 11:41,0
26/12/2019 11:46,0
26/12/2019 11:51,0
26/12/2019 11:56,0
26/12/2019 12:01,0
26/12/2019 12:06,0
26/12/2019 12:11,0
26/12/2019 12:16,0
26/12/2019 12:21,0
26/12/2019 12:26,0
26/12/2019 12:31,0
26/12/2019 12:36,0
26/12/2019 12:41,0
26/12/2019 12:46,0
26/12/2019 12:51,0
26/12/2019 12:56,0
26/12/2019 13:01,0
26/12/2019 13:06,0
26/12/2019 13:11,0
26/12/2019 13:16,0
26/12/2019 13:21,0
26/12/2019 13:26,0
26/12/2019 13:31,0
26/12/2019 13:36,0
26/12/2019 13:41,0
26/12/2019 13:46,0
26/12/2019 13:51,0
26/12/2019 13:56,0
26/12/2019 14:01,0
26/12/2019 14:06,0
26/12/2019 14:11,0
26/12/2019 14:16,0
26/12/2019 14:21,0
26/12/2019 14:26,0
26/12/2019 14:31,0
26/12/2019 14:36,0
26/12/2019 14:41,0
26/12/2019 14:46,0
26/12/2019 14:51,0
26/12/2019 14:56,0
26/12/2019 15:01,0
26/12/2019 15:06,0
26/12/2019 15:11,0
26/12/2019 15:16,0
26/12/2019 15:21,0
26/12/2019 15:26,0
26/12/2019 15:31,0
26/12/2019 15:36,0
26/12/2019 15:41,0
26/12/2019 15:46,0
26/12/2019 15:51,0
26/12/2019 15:56,0
26/12/2019 16:01,0
26/12/2019 16:06,0
26/12/2019 16:11,0
26/12/2019 16:16,0
26/12/2019 16:21,0
26/12/2019 16:26,0
26/12/2019 16:31,0
26/12/2019 16:36,0
26/12/2019 16:41,0
26/12/2019 16:46,0
26/12/2019 16:51,0
26/12/2019 16:56,0
26/12/2019 17:01,0
26/12/2019 17:06,0
26/12/2019 17:11,0
26/12/2019 17:16,0
26/12/2019 17:21,0
26/12/2019 17:26,0
26/12/2019 17:31,0
26/12/2019 17:36,0
26/12/2019 17:41,0
26/12/2019 17:46,0
26/12/2019 17:51,0
26/12/2019 17:56,0
26/12/2019 18:01,0
26/12/2019 18:06,0
26/12/2019 18:11,0
26/12/2019 18:16,0
26/12/2019 18:21,0
26/12/2019 18:26,0
26/12/2019 18:31,0
26/12/2019 18:36,0
26/12/2019 18:41,0
26/12/2019 18:46,0
26/12/2019 18:51,0
26/12/2019 18:56,0
26/12/2019 19:01,0
26/12/2019 19:06,0
26/12/2019 19:11,0
26/12/2019 19:16,0
26/12/2019 19:21,0
26/12/2019 19:26,0
26/12/2019 19:31,0
26/12/2019 19:36,0
26/12/2019 19:41,0
26/12/2019 19:46,0
26/12/2019 19:51,0
26/12/2019 19:56,0
26/12/2019 20:01,0
26/12/2019 20:06,0
26/12/2019 20:11,0
26/12/2019 20:16,0
26/12/2019 20:21,0
26/12/2019 20:26,0
26/12/2019 20:31,0
26/12/2019 20:36,0
26/12/2019 20:41,0
26/12/2019 20:46,0
26/12/2019 20:51,0
26/12/2019 20:56,0
26/12/2019 21:01,0
26/12/2019 21:06,0
26/12/2019 21:11,0
26/12/2019 21:16,0
26/12/2019 21:21,0
26/12/2019 21:26,0
26/12/2019 21:31,0
26/12/2019 21:36,0
26/12/2019 21:41,0
26/12/2019 21:46,0
26/12/2019 21:51,0
26/12/2019 21:56,0
26/12/2019 22:01,0
26/12/2019 22:06,0
26/12/2019 22:11,0
26/12/2019 22:16,0
26/12/2019 22:21,0
26/12/2019 22:26,0
26/12/2019 22:31,0
26/12/2019 22:36,0
26/12/2019 22:41,0
26/12/2019 22:46,0
26/12/2019 22:51,0
26/12/2019 22:56,0
26/12/2019 23:01,0
26/12/2019 23:06,0
26/12/2019 23:11,0
26/12/2019 23:16,0
26/12/2019 23:21,0
26/12/2019 23:26,0
26/12/2019 23:31,0
26/12/2019 23:36,0
26/12/2019 23:41,0
26/12/2019 23:46,0
26/12/2019 23:51,0
26/12/2019 23:56,0
27/12/2019 00:01,0
27/12/2019 00:06,0
27/12/2019 00:11,0
27/12/2019 00:16,0
27/12/2019 00:21,0
27/12/2019 00:26,0
27/12/2019 00:31,0
27/12/2019 00:36,0
27/12/2019 00:41,0
27/12/2019 00:46,0
27/12/2019 00:51,0
27/12/2019 00:56,0
27/12/2019 01:01,0
27/12/2019 01:06,0
27/12/2019 01:11,0
27/12/2019 01:16,0
27/12/2019 01:21,0
27/12/2019 01:26,0
27/12/2019 01:31,0
27/12/2019 01:36,0
27/12/2019 01:41,0
27/12/2019 01:46,0
27/12/2019 01:51,0
27/12/2019 01:56,0
27/12/2019 02:01,0
27/12/2019 02:06,0
27/12/2019 02:11,0
27/12/2019 02:16,0
27/12/2019 02:21,0
27/12/2019 02:26,0
27/12/2019 02:31,0
27/12/2019 02:36,0
27/12/2019 02:41,0
27/12/2019 02:46,0
27/12/2019 02:51,0
27/12/2019 02:56,0
27/12/2019 03:01,0
27/12/2019 03:06,0
27/12/2019 03:11,0
27/12/2019 03:16,0
27/12/2019 03:21,0
27/12/2019 03:26,0
27/12/2019 03:31,0
27/12/2019 03:36,0
27/12/2019 03:41,0
27/12/2019 03:46,0
27/12/2019 03:51,0
27/12/2019 03:56,0
27/12/2019 04:01,0
27/12/2019 04:06,0
27/12/2019 04:11,0
27/12/2019 04:16,0
27/12/2019 04:21,0
27/12/2019 04:26,0
27/12/2019 04:31,0
27/12/2019 04:36,0
27/12/2019 04:41,0
27/12/2019 04:46,0
27/12/2019 04:51,0
27/12/2019 04:56,0
27/12/2019 05:01,0
27/12/2019 05:06,0
27/12/2019 05:11,0
27/12/2019 05:16,0
27/12/2019 05:21,0
27/12/2019 05:26,0
27/12/2019 05:31,0
27/12/2019 05:36,0
27/12/2019 05:41,0
27/12/2019 05:46,0
27/12/2019 05:51,0
27/12/2019 05:56,0
27/12/2019 06:01,0
27/12/2019 06:06,0
27/12/2019 06:11,0
27/12/2019 06:16,0
27/12/2019 06:21,0
27/12/2019 06:26,0
27/12/2019 06:31,0
27/12/2019 06:36,0
27/12/2019 06:41,0
27/12/2019 06:46,0
27/12/2019 06:51,0
27/12/2019 06:56,0
27/12/2019 07:01,0
27/12/2019 07:06,0
27/12/2019 07:11,0
27/12/2019 07:16,0
27/12/2019 07:21,0
27/12/2019 07:26,0
27/12/2019 07:31,0
27/12/2019 07:36,0
27/12/2019 07:41,0
27/12/2019 07:46,0
27/12/2019 07:51,0
27/12/2019 07:56,0
27/12/2019 08:01,0
27/12/2019 08:06,0
27/12/2019 08:11,0
27/12/2019 08:16,0
27/12/2019 08:21,0
27/12/2019 08:26,0
27/12/2019 08:31,0
27/12/2019 08:36,0
27/12/2019 08:41,0
27/12/2019 08:46,0
27/12/2019 08:51,0
27/12/2019 08:58,0
27/12/2019 09:03,0
27/12/2019 09:08,0
27/12/2019 09:13,0
27/12/2019 09:18,0
27/12/2019 09:23,0
27/12/2019 09:28,0
27/12/2019 09:33,0
27/12/2019 09:38,0
27/12/2019 09:43,0
27/12/2019 09:48,0
27/12/2019 09:53,0
27/12/2019 09:58,0
27/12/2019 10:03,0
27/12/2019 10:08,0
27/12/2019 10:13,0
27/12/2019 10:18,0
27/12/2019 10:23,0
27/12/2019 10:28,0
27/12/2019 10:33,0
27/12/2019 10:38,0
27/12/2019 10:43,0
27/12/2019 10:48,0
27/12/2019 10:53,0
27/12/2019 10:58,0
27/12/2019 11:03,0
27/12/2019 11:08,0
27/12/2019 11:13,0
27/12/2019 11:18,0
27/12/2019 11:23,0
27/12/2019 11:28,0
27/12/2019 11:33,0
27/12/2019 11:38,0
27/12/2019 11:43,0
27/12/2019 11:48,0
27/12/2019 11:53,0
27/12/2019 11:58,0
27/12/2019 12:03,0
27/12/2019 12:08,0
27/12/2019 12:13,0
27/12/2019 12:18,0
27/12/2019 12:23,0
27/12/2019 12:28,0
27/12/2019 12:33,0
27/12/2019 12:38,0
27/12/2019 12:43,0
27/12/2019 12:48,0
27/12/2019 12:53,0
27/12/2019 12:58,0
27/12/2019 13:03,0
27/12/2019 13:08,0
27/12/2019 13:13,0
27/12/2019 13:18,0
27/12/2019 13:23,0
27/12/2019 13:28,0
27/12/2019 13:33,0
27/12/2019 13:38,0
27/12/2019 13:43,0
27/12/2019 13:48,0
27/12/2019 13:53,0
27/12/2019 13:58,0
27/12/2019 14:03,0
27/12/2019 14:08,0
27/12/2019 14:13,0
27/12/2019 14:18,0
27/12/2019 14:23,0
27/12/2019 14:28,0
27/12/2019 14:33,0
27/12/2019 14:38,0
27/12/2019 14:43,0
27/12/2019 14:48,0
27/12/2019 14:53,0
27/12/2019 14:58,0
27/12/2019 15:03,0
27/12/2019 15:08,0
27/12/2019 15:13,0
27/12/2019 15:18,0
27/12/2019 15:23,0
27/12/2019 15:28,0
27/12/2019 15:33,0
27/12/2019 15:38,0
27/12/2019 15:43,0
27/12/2019 15:48,0
27/12/2019 15:53,0
27/12/2019 15:58,0
27/12/2019 16:03,0
27/12/2019 16:08,0
27/12/2019 16:13,0
27/12/2019 16:18,0
27/12/2019 16:23,0
27/12/2019 16:28,0
27/12/2019 16:33,0
27/12/2019 16:38,0
27/12/2019 16:43,0
27/12/2019 16:48,0
27/12/2019 16:53,0
27/12/2019 16:58,0
27/12/2019 17:03,0
27/12/2019 17:08,0
27/12/2019 17:13,0
27/12/2019 17:18,0
27/12/2019 17:23,0
27/12/2019 17:28,0
27/12/2019 17:33,0
27/12/2019 17:38,0
27/12/2019 17:43,0
27/12/2019 17:48,0
27/12/2019 17:53,0
27/12/2019 17:58,0
27/12/2019 18:03,0
27/12/2019 18:08,0
27/12/2019 18:13,0
27/12/2019 18:18,0
27/12/2019 18:23,0
27/12/2019 18:28,0
27/12/2019 18:33,0
27/12/2019 18:38,0
27/12/2019 18:43,0
27/12/2019 18:48,0
27/12/2019 18:53,0
27/12/2019 18:58,0
27/12/2019 19:03,0
27/12/2019 19:08,0
27/12/2019 19:13,0
27/12/2019 19:18,0
27/12/2019 19:23,0
27/12/2019 19:28,0
27/12/2019 19:33,0
27/12/2019 19:38,0
27/12/2019 19:43,0
27/12/2019 19:48,0
27/12/2019 19:53,0
27/12/2019 19:58,0
27/12/2019 20:03,0
27/12/2019 20:08,0
27/12/2019 20:13,0
27/12/2019 20:18,0
27/12/2019 20:23,0
27/12/2019 20:28,0
27/12/2019 20:33,0
27/12/2019 20:38,0
27/12/2019 20:43,0
27/12/2019 20:48,0
27/12/2019 20:53,0
27/12/2019 20:58,0
27/12/2019 21:03,0
27/12/2019 21:08,0
27/12/2019 21:13,0
27/12/2019 21:18,0
27/12/2019 21:23,0
27/12/2019 21:28,0
27/12/2019 21:33,0
27/12/2019 21:38,0
27/12/2019 21:43,0
27/12/2019 21:48,0
27/12/2019 21:53,0
27/12/2019 21:58,0
27/12/2019 22:03,0
27/12/2019 22:08,0
27/12/2019 22:13,0
27/12/2019 22:18,0
27/12/2019 22:23,0
27/12/2019 22:28,0
27/12/2019 22:33,0
27/12/2019 22:38,0
27/12/2019 22:43,0
27/12/2019 22:48,0
27/12/2019 22:53,0
27/12/2019 22:58,0
27/12/2019 23:03,0
27/12/2019 23:08,0
27/12/2019 23:13,0
27/12/2019 23:18,0
27/12/2019 23:23,0
27/12/2019 23:28,0
27/12/2019 23:33,0
27/12/2019 23:38,0
27/12/2019 23:43,0
27/12/2019 23:48,0
27/12/2019 23:53,0
27/12/2019 23:58,0
28/12/2019 00:03,0
28/12/2019 00:08,0
28/12/2019 00:13,0
28/12/2019 00:18,0
28/12/2019 00:23,0
28/12/2019 00:28,0
28/12/2019 00:33,0
28/12/2019 00:38,0
28/12/2019 00:43,0
28/12/2019 00:48,0
28/12/2019 00:53,0
28/12/2019 00:58,0
28/12/2019 01:03,0
28/12/2019 01:08,0
28/12/2019 01:13,0
28/12/2019 01:18,0
28/12/2019 01:23,0
28/12/2019 01:28,0
28/12/2019 01:33,0
28/12/2019 01:38,0
28/12/2019 01:43,0
28/12/2019 01:48,0
28/12/2019 01:53,0
28/12/2019 01:58,0
28/12/2019 02:03,0
28/12/2019 02:08,0
28/12/2019 02:13,0
28/12/2019 02:18,0
28/12/2019 02:23,0
28/12/2019 02:28,0
28/12/2019 02:33,0
28/12/2019 02:38,0
28/12/2019 02:43,0
28/12/2019 02:48,0
28/12/2019 02:53,0
28/12/2019 02:58,0
28/12/2019 03:03,0
28/12/2019 03:08,0
28/12/2019 03:13,0
28/12/2019 03:18,0
28/12/2019 03:23,0
28/12/2019 03:28,0
28/12/2019 03:33,0
28/12/2019 03:38,0
28/12/2019 03:43,0
28/12/2019 03:48,0
28/12/2019 03:53,0
28/12/2019 03:58,0
28/12/2019 04:03,0
28/12/2019 04:08,0
28/12/2019 04:13,0
28/12/2019 04:18,0
28/12/2019 04:23,0
28/12/2019 04:28,0
28/12/2019 04:33,0
28/12/2019 04:38,0
28/12/2019 04:43,0
28/12/2019 04:48,0
28/12/2019 04:53,0
28/12/2019 04:58,0
28/12/2019 05:03,0
28/12/2019 05:08,0
28/12/2019 05:13,0
28/12/2019 05:18,0
28/12/2019 05:23,0
28/12/2019 05:28,0
28/12/2019 05:33,0
28/12/2019 05:38,0
28/12/2019 05:43,0
28/12/2019 05:48,0
28/12/2019 05:53,0
28/12/2019 05:58,0
28/12/2019 06:03,0
28/12/2019 06:08,0
28/12/2019 06:13,0
28/12/2019 06:18,0
28/12/2019 06:23,0
28/12/2019 06:28,0
28/12/2019 06:33,0
28/12/2019 06:38,0
28/12/2019 06:43,0
28/12/2019 06:48,0
28/12/2019 06:53,0
28/12/2019 06:58,0
28/12/2019 07:03,0
28/12/2019 07:08,0
28/12/2019 07:13,0
28/12/2019 07:18,0
28/12/2019 07:23,0
28/12/2019 07:28,0
28/12/2019 07:33,0
28/12/2019 07:38,0
28/12/2019 07:43,0
28/12/2019 07:48,0
28/12/2019 07:53,0
28/12/2019 07:58,0
28/12/2019 08:03,0
28/12/2019 08:08,0
28/12/2019 08:13,0
28/12/2019 08:18,0
28/12/2019 08:23,0
28/12/2019 08:28,0
28/12/2019 08:33,0
28/12/2019 08:38,0
28/12/2019 08:43,0
28/12/2019 08:48,0
28/12/2019 08:53,0
28/12/2019 08:58,0
28/12/2019 09:03,0
28/12/2019 09:08,0
28/12/2019 09:13,0
28/12/2019 09:18,0
28/12/2019 09:23,0
28/12/2019 09:28,0
28/12/2019 09:33,0
28/12/2019 09:38,0
28/12/2019 09:43,0
28/12/2019 09:48,0
28/12/2019 09:53,0
28/12/2019 09:58,0
28/12/2019 10:03,0
28/12/2019 10:08,0
28/12/2019 10:13,0
28/12/2019 10:18,0
28/12/2019 10:23,0
28/12/2019 10:28,0
28/12/2019 10:33,0
28/12/2019 10:38,0
28/12/2019 10:43,0
28/12/2019 10:48,0
28/12/2019 10:53,0
28/12/2019 10:58,0
28/12/2019 11:03,0
28/12/2019 11:08,0
28/12/2019 11:13,0
28/12/2019 11:18,0
28/12/2019 11:23,0
28/12/2019 11:28,0
28/12/2019 11:33,0
28/12/2019 11:38,0
28/12/2019 11:43,0
28/12/2019 11:48,0
28/12/2019 11:53,0
28/12/2019 11:58,0
28/12/2019 12:03,0
28/12/2019 12:08,0
28/12/2019 12:13,0
28/12/2019 12:18,0
28/12/2019 12:23,0
28/12/2019 12:28,0
28/12/2019 12:33,0
28/12/2019 12:38,0
28/12/2019 12:43,0
28/12/2019 12:48,0
28/12/2019 12:53,0
28/12/2019 12:58,0
28/12/2019 13:03,0
28/12/2019 13:08,0
28/12/2019 13:13,0
28/12/2019 13:18,0
28/12/2019 13:23,0
28/12/2019 13:28,0
28/12/2019 13:33,0
28/12/2019 13:38,0
28/12/2019 13:43,0
28/12/2019 13:48,0
28/12/2019 13:53,0
28/12/2019 13:58,0
28/12/2019 14:03,0
28/12/2019 14:08,0
28/12/2019 14:13,0
28/12/2019 14:18,0
28/12/2019 14:23,0
28/12/2019 14:28,0
28/12/2019 14:33,0
28/12/2019 14:38,0
28/12/2019 14:43,0
28/12/2019 14:48,0
28/12/2019 14:53,0
28/12/2019 14:58,0
28/12/2019 15:03,0
28/12/2019 15:08,0
28/12/2019 15:13,0
28/12/2019 15:18,0
28/12/2019 15:23,0
28/12/2019 15:28,0
28/12/2019 15:33,0
28/12/2019 15:38,0
28/12/2019 15:43,0
28/12/2019 15:48,0
28/12/2019 15:53,0
28/12/2019 15:58,0
28/12/2019 16:03,0
28/12/2019 16:08,0
28/12/2019 16:13,0
28/12/2019 16:18,0
28/12/2019 16:23,0
28/12/2019 16:28,0
28/12/2019 16:33,0
28/12/2019 16:38,0
28/12/2019 16:43,0
28/12/2019 16:48,0
28/12/2019 16:53,0
28/12/2019 16:58,0
28/12/2019 17:03,0
28/12/2019 17:08,0
28/12/2019 17:13,0
28/12/2019 17:18,0
28/12/2019 17:23,0
28/12/2019 17:28,0
28/12/2019 17:33,0
28/12/2019 17:38,0
28/12/2019 17:43,0
28/12/2019 17:48,0
28/12/2019 17:53,0
28/12/2019 17:58,0
28/12/2019 18:03,0
28/12/2019 18:08,0
28/12/2019 18:13,0
28/12/2019 18:18,0
28/12/2019 18:23,0
28/12/2019 18:28,0
28/12/2019 18:33,0
28/12/2019 18:38,0
28/12/2019 18:43,0
28/12/2019 18:48,0
28/12/2019 18:53,0
28/12/2019 18:58,0
28/12/2019 19:03,0
28/12/2019 19:08,0
28/12/2019 19:13,0
28/12/2019 19:18,0
28/12/2019 19:23,0
28/12/2019 19:28,0
28/12/2019 19:33,0
28/12/2019 19:38,0
28/12/2019 19:43,0
28/12/2019 19:48,0
28/12/2019 19:53,0
28/12/2019 19:58,0
28/12/2019 20:03,0
28/12/2019 20:08,0
28/12/2019 20:13,0
28/12/2019 20:18,0
28/12/2019 20:23,0
28/12/2019 20:28,0
28/12/2019 20:33,0
28/12/2019 20:38,0
28/12/2019 20:43,0
28/12/2019 20:48,0
28/12/2019 20:53,0
28/12/2019 20:58,0
28/12/2019 21:03,0
28/12/2019 21:08,0
28/12/2019 21:13,0
28/12/2019 21:18,0
28/12/2019 21:23,0
28/12/2019 21:28,0
28/12/2019 21:33,0
28/12/2019 21:38,0
28/12/2019 21:43,0
28/12/2019 21:48,0
28/12/2019 21:53,0
28/12/2019 21:58,0
28/12/2019 22:03,0
28/12/2019 22:08,0
28/12/2019 22:13,0
28/12/2019 22:18,0
28/12/2019 22:23,0
28/12/2019 22:28,0
28/12/2019 22:33,0
28/12/2019 22:38,0
28/12/2019 22:43,0.354355665
28/12/2019 22:48,0.70871133
28/12/2019 22:53,0.354355665
28/12/2019 22:58,0.354355665
28/12/2019 23:03,0.70871133
28/12/2019 23:08,0.354355665
28/12/2019 23:13,0.354355665
28/12/2019 23:18,0.354355665
28/12/2019 23:23,0
28/12/2019 23:28,0.354355665
28/12/2019 23:33,0.354355665
28/12/2019 23:38,0
28/12/2019 23:43,0.354355665
28/12/2019 23:48,0.354355665
28/12/2019 23:53,0.70871133
28/12/2019 23:58,0.354355665
29/12/2019 00:03,0.70871133
29/12/2019 00:08,0.354355665
29/12/2019 00:13,0.70871133
29/12/2019 00:18,0.354355665
29/12/2019 00:23,0.354355665
29/12/2019 00:28,0.354355665
29/12/2019 00:33,0.354355665
29/12/2019 00:38,0.70871133
29/12/2019 00:43,0
29/12/2019 00:48,0.354355665
29/12/2019 00:53,0.354355665
29/12/2019 00:58,0.70871133
29/12/2019 01:03,0
29/12/2019 01:08,0.354355665
29/12/2019 01:13,0.354355665
29/12/2019 01:18,0.354355665
29/12/2019 01:23,0.354355665
29/12/2019 01:28,0.354355665
29/12/2019 01:33,0.354355665
29/12/2019 01:38,0.70871133
29/12/2019 01:43,0
29/12/2019 01:48,0.354355665
29/12/2019 01:53,0.354355665
29/12/2019 01:58,0
29/12/2019 02:03,0.354355665
29/12/2019 02:08,0.354355665
29/12/2019 02:13,0
29/12/2019 02:18,0.354355665
29/12/2019 02:23,0
29/12/2019 02:28,0
29/12/2019 02:33,0.354355665
29/12/2019 02:38,0
29/12/2019 02:43,0
29/12/2019 02:48,0
29/12/2019 02:53,0.354355665
29/12/2019 02:58,0
29/12/2019 03:03,0
29/12/2019 03:08,0
29/12/2019 03:13,0
29/12/2019 03:18,0
29/12/2019 03:23,0
29/12/2019 03:28,0
29/12/2019 03:33,0.354355665
29/12/2019 03:38,0
29/12/2019 03:43,0
29/12/2019 03:48,0
29/12/2019 03:53,0
29/12/2019 03:58,0
29/12/2019 04:03,0
29/12/2019 04:08,0
29/12/2019 04:13,0
29/12/2019 04:18,0
29/12/2019 04:23,0
29/12/2019 04:28,0
29/12/2019 04:33,0
29/12/2019 04:38,0
29/12/2019 04:43,0
29/12/2019 04:48,0
29/12/2019 04:53,0
29/12/2019 04:58,0
29/12/2019 05:03,0
29/12/2019 05:08,0
29/12/2019 05:13,0
29/12/2019 05:18,0
29/12/2019 05:23,0
29/12/2019 05:28,0
29/12/2019 05:33,0
29/12/2019 05:38,0
29/12/2019 05:43,0
29/12/2019 05:48,0
29/12/2019 05:53,0
29/12/2019 05:58,0
29/12/2019 06:03,0
29/12/2019 06:08,0
29/12/2019 06:13,0
29/12/2019 06:18,0
29/12/2019 06:23,0
29/12/2019 06:28,0
29/12/2019 06:33,0
29/12/2019 06:38,0
29/12/2019 06:43,0
29/12/2019 06:48,0
29/12/2019 06:53,0
29/12/2019 06:58,0
29/12/2019 07:03,0
29/12/2019 07:08,0
29/12/2019 07:13,0
29/12/2019 07:18,0
29/12/2019 07:23,0
29/12/2019 07:28,0
29/12/2019 07:33,0
29/12/2019 07:38,0
29/12/2019 07:43,0
29/12/2019 07:48,0
29/12/2019 07:53,0
29/12/2019 07:58,0
29/12/2019 08:03,0
29/12/2019 08:08,0
29/12/2019 08:13,0
29/12/2019 08:18,0
29/12/2019 08:23,0
29/12/2019 08:28,0
29/12/2019 08:33,0
29/12/2019 08:38,0
29/12/2019 08:43,0
29/12/2019 08:48,0
29/12/2019 08:53,0
29/12/2019 08:58,0
29/12/2019 09:03,0
29/12/2019 09:08,0
29/12/2019 09:13,0
29/12/2019 09:18,0
29/12/2019 09:23,0
29/12/2019 09:28,0
29/12/2019 09:33,0
29/12/2019 09:38,0
29/12/2019 09:43,0
29/12/2019 09:48,0
29/12/2019 09:53,0
29/12/2019 09:58,0
29/12/2019 10:03,0
29/12/2019 10:08,0
29/12/2019 10:13,0
29/12/2019 10:18,0
29/12/2019 10:23,0
29/12/2019 10:28,0
29/12/2019 10:33,0
29/12/2019 10:38,0
29/12/2019 10:43,0
29/12/2019 10:48,0
29/12/2019 10:53,0
29/12/2019 10:58,0
29/12/2019 11:03,0
29/12/2019 11:08,0
29/12/2019 11:13,0
29/12/2019 11:18,0
29/12/2019 11:23,0
29/12/2019 11:28,0
29/12/2019 11:33,0
29/12/2019 11:38,0
29/12/2019 11:43,0
29/12/2019 11:48,0
29/12/2019 11:53,0
29/12/2019 11:58,0
29/12/2019 12:03,0
29/12/2019 12:08,0
29/12/2019 12:13,0
29/12/2019 12:18,0
29/12/2019 12:23,0
29/12/2019 12:28,0
29/12/2019 12:33,0
29/12/2019 12:38,0
29/12/2019 12:43,0
29/12/2019 12:48,0
29/12/2019 12:53,0
29/12/2019 12:58,0
29/12/2019 13:03,0
29/12/2019 13:08,0
29/12/2019 13:13,0
29/12/2019 13:18,0
29/12/2019 13:23,0
29/12/2019 13:28,0
29/12/2019 13:33,0
29/12/2019 13:38,0
29/12/2019 13:43,0
29/12/2019 13:48,0
29/12/2019 13:53,0
29/12/2019 13:58,0
29/12/2019 14:03,0
29/12/2019 14:08,0
29/12/2019 14:13,0
29/12/2019 14:18,0
29/12/2019 14:23,0
29/12/2019 14:28,0
29/12/2019 14:33,0
29/12/2019 14:38,0
29/12/2019 14:43,0
29/12/2019 14:48,0
29/12/2019 14:53,0
29/12/2019 14:58,0
29/12/2019 15:03,0
29/12/2019 15:08,0
29/12/2019 15:13,0
29/12/2019 15:18,0
29/12/2019 15:23,0
29/12/2019 15:28,0
29/12/2019 15:33,0
29/12/2019 15:38,0
29/12/2019 15:43,0
29/12/2019 15:48,0
29/12/2019 15:53,0
29/12/2019 15:58,0
29/12/2019 16:03,0
29/12/2019 16:08,0
29/12/2019 16:13,0
29/12/2019 16:18,0
29/12/2019 16:23,0
29/12/2019 16:28,0
29/12/2019 16:33,0
29/12/2019 16:38,0
29/12/2019 16:43,0
29/12/2019 16:48,0
29/12/2019 16:53,0
29/12/2019 16:58,0
29/12/2019 17:03,0
29/12/2019 17:08,0
29/12/2019 17:13,0
29/12/2019 17:18,0
29/12/2019 17:23,0
29/12/2019 17:28,0
29/12/2019 17:33,0
29/12/2019 17:38,0
29/12/2019 17:43,0
29/12/2019 17:48,0
29/12/2019 17:53,0
29/12/2019 17:58,0
29/12/2019 18:03,0
29/12/2019 18:08,0
29/12/2019 18:13,0
29/12/2019 18:18,0
29/12/2019 18:23,0
29/12/2019 18:28,0
29/12/2019 18:33,0
29/12/2019 18:38,0
29/12/2019 18:43,0
29/12/2019 18:48,0
29/12/2019 18:53,0
29/12/2019 18:58,0
29/12/2019 19:03,0
29/12/2019 19:08,0
29/12/2019 19:13,0
29/12/2019 19:18,0
29/12/2019 19:23,0
29/12/2019 19:28,0
29/12/2019 19:33,0
29/12/2019 19:38,0
29/12/2019 19:43,0
29/12/2019 19:48,0
29/12/2019 19:53,0
29/12/2019 19:58,0
29/12/2019 20:03,0
29/12/2019 20:08,0
29/12/2019 20:13,0
29/12/2019 20:18,0
29/12/2019 20:23,0
29/12/2019 20:28,0
29/12/2019 20:33,0
29/12/2019 20:38,0
29/12/2019 20:43,0
29/12/2019 20:48,0
29/12/2019 20:53,0
29/12/2019 20:58,0
29/12/2019 21:03,0
29/12/2019 21:08,0
29/12/2019 21:13,0
29/12/2019 21:18,0
29/12/2019 21:23,0
29/12/2019 21:28,0
29/12/2019 21:33,0
29/12/2019 21:38,0
29/12/2019 21:43,0
29/12/2019 21:48,0
29/12/2019 21:53,0
29/12/2019 21:58,0
29/12/2019 22:03,0
29/12/2019 22:08,0
29/12/2019 22:13,0
29/12/2019 22:18,0
29/12/2019 22:23,0
29/12/2019 22:28,0
29/12/2019 22:33,0
29/12/2019 22:38,0
29/12/2019 22:43,0
29/12/2019 22:48,0
29/12/2019 22:53,0
29/12/2019 22:58,0
29/12/2019 23:03,0
29/12/2019 23:08,0
29/12/2019 23:13,0
29/12/2019 23:18,0
29/12/2019 23:23,0
29/12/2019 23:28,0
29/12/2019 23:33,0
29/12/2019 23:38,0
29/12/2019 23:43,0
29/12/2019 23:48,0
29/12/2019 23:53,0
29/12/2019 23:58,0
30/12/2019 00:03,0
30/12/2019 00:08,0
30/12/2019 00:13,0
30/12/2019 00:18,0
30/12/2019 00:23,0
30/12/2019 00:28,0
30/12/2019 00:33,0
30/12/2019 00:38,0
30/12/2019 00:43,0
30/12/2019 00:48,0
30/12/2019 00:53,0
30/12/2019 00:58,0
30/12/2019 01:03,0
30/12/2019 01:08,0
30/12/2019 01:13,0
30/12/2019 01:18,0
30/12/2019 01:23,0
30/12/2019 01:28,0
30/12/2019 01:33,0
30/12/2019 01:38,0
30/12/2019 01:43,0
30/12/2019 01:48,0
30/12/2019 01:53,0
30/12/2019 01:58,0
30/12/2019 02:03,0
30/12/2019 02:08,0
30/12/2019 02:13,0
30/12/2019 02:18,0
30/12/2019 02:23,0
30/12/2019 02:28,0
30/12/2019 02:33,0
30/12/2019 02:38,0
30/12/2019 02:43,0
30/12/2019 02:48,0
30/12/2019 02:53,0
30/12/2019 02:58,0
30/12/2019 03:03,0
30/12/2019 03:08,0
30/12/2019 03:13,0
30/12/2019 03:18,0
30/12/2019 03:23,0
30/12/2019 03:28,0
30/12/2019 03:33,0
30/12/2019 03:38,0
30/12/2019 03:43,0
30/12/2019 03:48,0
30/12/2019 03:53,0
30/12/2019 03:58,0
30/12/2019 04:03,0
30/12/2019 04:08,0
30/12/2019 04:13,0
30/12/2019 04:18,0
30/12/2019 04:23,0
30/12/2019 04:28,0
30/12/2019 04:33,0
30/12/2019 04:38,0
30/12/2019 04:43,0
30/12/2019 04:48,0
30/12/2019 04:53,0
30/12/2019 04:58,0
30/12/2019 05:03,0
30/12/2019 05:08,0
30/12/2019 05:13,0
30/12/2019 05:18,0
30/12/2019 05:23,0
30/12/2019 05:28,0
30/12/2019 05:33,0
30/12/2019 05:38,0
30/12/2019 05:43,0
30/12/2019 05:48,0
30/12/2019 05:53,0
30/12/2019 05:58,0
30/12/2019 06:03,0
30/12/2019 06:08,0
30/12/2019 06:13,0
30/12/2019 06:18,0
30/12/2019 06:23,0
30/12/2019 06:28,0
30/12/2019 06:33,0
30/12/2019 06:38,0
30/12/2019 06:43,0
30/12/2019 06:48,0
30/12/2019 06:53,0
30/12/2019 06:58,0
30/12/2019 07:03,0
30/12/2019 07:08,0
30/12/2019 07:13,0
30/12/2019 07:18,0
30/12/2019 07:23,0
30/12/2019 07:28,0
30/12/2019 07:33,0
30/12/2019 07:38,0
30/12/2019 07:43,0
30/12/2019 07:48,0
30/12/2019 07:53,0
30/12/2019 07:58,0
30/12/2019 08:03,0
30/12/2019 08:08,0
30/12/2019 08:13,0
30/12/2019 08:18,0
30/12/2019 08:23,0
30/12/2019 08:28,0
30/12/2019 08:33,0
30/12/2019 08:38,0
30/12/2019 08:43,0
30/12/2019 08:48,0
30/12/2019 08:53,0
30/12/2019 08:58,0
30/12/2019 09:03,0
30/12/2019 09:08,0
30/12/2019 09:13,0
30/12/2019 09:18,0
30/12/2019 09:23,0
30/12/2019 09:28,0
30/12/2019 09:33,0
30/12/2019 09:38,0
30/12/2019 09:43,0
30/12/2019 09:48,0
30/12/2019 09:53,0
30/12/2019 09:58,0
30/12/2019 10:03,0
30/12/2019 10:08,0
30/12/2019 10:13,0
30/12/2019 10:18,0
30/12/2019 10:23,0
30/12/2019 10:28,0
30/12/2019 10:33,0
30/12/2019 10:38,0
30/12/2019 10:43,0
30/12/2019 10:48,0
30/12/2019 10:53,0
30/12/2019 10:58,0
30/12/2019 11:03,0
30/12/2019 11:08,0.354355665
30/12/2019 11:13,0.354355665
30/12/2019 11:18,1.063066996
30/12/2019 11:23,4.252267982
30/12/2019 11:28,2.480489656
30/12/2019 11:33,1.063066996
30/12/2019 11:38,0
30/12/2019 11:43,0.354355665
30/12/2019 11:48,0
30/12/2019 11:53,0.354355665
30/12/2019 11:58,0
30/12/2019 12:03,0
30/12/2019 12:08,0
30/12/2019 12:13,0
30/12/2019 12:18,0
30/12/2019 12:23,0
30/12/2019 12:28,0
30/12/2019 12:33,0
30/12/2019 12:38,0
30/12/2019 12:43,0
30/12/2019 12:48,0
30/12/2019 12:53,0
30/12/2019 12:58,0
30/12/2019 13:03,0
30/12/2019 13:08,0
30/12/2019 13:13,0
30/12/2019 13:18,0
30/12/2019 13:23,0
30/12/2019 13:28,0
30/12/2019 13:33,0
30/12/2019 13:38,0
30/12/2019 13:43,0
30/12/2019 13:48,0
30/12/2019 13:53,0
30/12/2019 13:58,0
30/12/2019 14:03,0
30/12/2019 14:08,0
30/12/2019 14:13,0
30/12/2019 14:18,0
30/12/2019 14:23,0
30/12/2019 14:28,0
30/12/2019 14:33,0
30/12/2019 14:38,0
30/12/2019 14:43,0
30/12/2019 14:48,0
30/12/2019 14:53,0
30/12/2019 14:58,0
30/12/2019 15:03,0
30/12/2019 15:08,0
30/12/2019 15:13,0
30/12/2019 15:18,0
30/12/2019 15:23,0
30/12/2019 15:28,0
30/12/2019 15:33,0
30/12/2019 15:38,0
30/12/2019 15:43,0
30/12/2019 15:48,0
30/12/2019 15:53,0
30/12/2019 15:58,0
30/12/2019 16:03,0
30/12/2019 16:08,0
30/12/2019 16:13,0
30/12/2019 16:18,0
30/12/2019 16:23,0
30/12/2019 16:28,0
30/12/2019 16:33,0
30/12/2019 16:38,0
30/12/2019 16:43,0
30/12/2019 16:48,0
30/12/2019 16:53,0
30/12/2019 16:58,0
30/12/2019 17:03,0
30/12/2019 17:08,0
30/12/2019 17:13,0
30/12/2019 17:18,0
30/12/2019 17:23,0
30/12/2019 17:28,0
30/12/2019 17:33,0
30/12/2019 17:38,0
30/12/2019 17:43,0
30/12/2019 17:48,0
30/12/2019 17:53,0
30/12/2019 17:58,0
30/12/2019 18:03,0
30/12/2019 18:08,0
30/12/2019 18:13,0
30/12/2019 18:18,0
30/12/2019 18:23,0
30/12/2019 18:28,0
30/12/2019 18:33,0
30/12/2019 18:38,0
30/12/2019 18:43,0
30/12/2019 18:48,0
30/12/2019 18:53,0
30/12/2019 18:58,0
30/12/2019 19:03,0
30/12/2019 19:08,0
30/12/2019 19:13,0
30/12/2019 19:18,0
30/12/2019 19:23,0
30/12/2019 19:28,0
30/12/2019 19:33,0
30/12/2019 19:38,0
30/12/2019 19:43,0
30/12/2019 19:48,0
30/12/2019 19:53,0
30/12/2019 19:58,0
30/12/2019 20:03,0
30/12/2019 20:08,0
30/12/2019 20:13,0
30/12/2019 20:18,0
30/12/2019 20:23,0
30/12/2019 20:28,0
30/12/2019 20:33,0
30/12/2019 20:38,0
30/12/2019 20:43,0
30/12/2019 20:48,0
30/12/2019 20:53,0
30/12/2019 20:58,0
30/12/2019 21:03,0
30/12/2019 21:08,0
30/12/2019 21:13,0
30/12/2019 21:18,0
30/12/2019 21:23,0
30/12/2019 21:28,0
30/12/2019 21:33,0
30/12/2019 21:38,0
30/12/2019 21:43,0
30/12/2019 21:48,0
30/12/2019 21:53,0
30/12/2019 21:58,0
30/12/2019 22:03,0
30/12/2019 22:08,0
30/12/2019 22:13,0
30/12/2019 22:18,0
30/12/2019 22:23,0
30/12/2019 22:28,0
30/12/2019 22:33,0
30/12/2019 22:38,0
30/12/2019 22:43,0
30/12/2019 22:48,0
30/12/2019 22:53,0
30/12/2019 22:58,0
30/12/2019 23:03,0
30/12/2019 23:08,0
30/12/2019 23:13,0
30/12/2019 23:18,0
30/12/2019 23:23,0
30/12/2019 23:28,0
30/12/2019 23:33,0
30/12/2019 23:38,0
30/12/2019 23:43,0
30/12/2019 23:48,0
30/12/2019 23:53,0
30/12/2019 23:58,0
31/12/2019 00:03,0
31/12/2019 00:08,0
31/12/2019 00:13,0
31/12/2019 00:18,0
31/12/2019 00:23,0
31/12/2019 00:28,0
31/12/2019 00:33,0
31/12/2019 00:38,0
31/12/2019 00:43,0
31/12/2019 00:48,0
31/12/2019 00:53,0
31/12/2019 00:58,0
31/12/2019 01:03,0
31/12/2019 01:08,0
31/12/2019 01:13,0
31/12/2019 01:18,0
31/12/2019 01:23,0
31/12/2019 01:28,0
31/12/2019 01:33,0
31/12/2019 01:38,0
31/12/2019 01:43,0
31/12/2019 01:48,0
31/12/2019 01:53,0
31/12/2019 01:58,0
31/12/2019 02:03,0
31/12/2019 02:08,0
31/12/2019 02:13,0
31/12/2019 02:18,0
31/12/2019 02:23,0
31/12/2019 02:28,0
31/12/2019 02:33,0
31/12/2019 02:38,0
31/12/2019 02:43,0
31/12/2019 02:48,0
31/12/2019 02:53,0
31/12/2019 02:58,0
31/12/2019 03:03,0
31/12/2019 03:08,0
31/12/2019 03:13,0
31/12/2019 03:18,0
31/12/2019 03:23,0
31/12/2019 03:28,0
31/12/2019 03:33,0
31/12/2019 03:38,0
31/12/2019 03:43,0
31/12/2019 03:48,0
31/12/2019 03:53,0
31/12/2019 03:58,0
31/12/2019 04:03,0
31/12/2019 04:08,0
31/12/2019 04:13,0
31/12/2019 04:18,0
31/12/2019 04:23,0
31/12/2019 04:28,0
31/12/2019 04:33,0
31/12/2019 04:38,0
31/12/2019 04:43,0
31/12/2019 04:48,0
31/12/2019 04:53,0
31/12/2019 04:58,0
31/12/2019 05:03,0
31/12/2019 05:08,0
31/12/2019 05:13,0
31/12/2019 05:18,0
31/12/2019 05:23,0
31/12/2019 05:28,0
31/12/2019 05:33,0
31/12/2019 05:38,0
31/12/2019 05:43,0
31/12/2019 05:48,0
31/12/2019 05:53,0
31/12/2019 05:58,0
31/12/2019 06:03,0
31/12/2019 06:08,0
31/12/2019 06:13,0
31/12/2019 06:18,0
31/12/2019 06:23,0
31/12/2019 06:28,0
31/12/2019 06:33,0
31/12/2019 06:38,0
31/12/2019 06:43,0
31/12/2019 06:48,0
31/12/2019 06:53,0
31/12/2019 06:58,0
31/12/2019 07:03,0
31/12/2019 07:08,0
31/12/2019 07:13,0
31/12/2019 07:18,0
31/12/2019 07:23,0
31/12/2019 07:28,0
31/12/2019 07:33,0
31/12/2019 07:38,0
31/12/2019 07:43,0
31/12/2019 07:48,0
31/12/2019 07:53,0
31/12/2019 07:58,0
31/12/2019 08:03,0
31/12/2019 08:08,0
31/12/2019 08:13,0
31/12/2019 08:18,0
31/12/2019 08:23,0
31/12/2019 08:28,0
31/12/2019 08:33,0
31/12/2019 08:38,0
31/12/2019 08:43,0
31/12/2019 08:48,0
31/12/2019 08:53,0
31/12/2019 08:58,0
31/12/2019 09:03,0
31/12/2019 09:08,0
31/12/2019 09:13,0
31/12/2019 09:18,0
31/12/2019 09:23,0
31/12/2019 09:28,0
31/12/2019 09:33,0
31/12/2019 09:38,0
31/12/2019 09:43,0
31/12/2019 09:48,0
31/12/2019 09:53,0
31/12/2019 09:58,0
31/12/2019 10:03,0
31/12/2019 10:08,0
31/12/2019 10:13,0
31/12/2019 10:18,0
31/12/2019 10:23,0
31/12/2019 10:28,0
31/12/2019 10:33,0
31/12/2019 10:38,0
31/12/2019 10:43,0
31/12/2019 10:48,0
31/12/2019 10:53,0
31/12/2019 10:58,0
31/12/2019 11:03,0
31/12/2019 11:08,0
31/12/2019 11:13,0
31/12/2019 11:18,0
31/12/2019 11:23,0
31/12/2019 11:28,0
31/12/2019 11:33,0
31/12/2019 11:38,0
31/12/2019 11:43,0
31/12/2019 11:48,0
31/12/2019 11:53,0
31/12/2019 11:58,0
31/12/2019 12:03,0
31/12/2019 12:08,0
31/12/2019 12:13,0
31/12/2019 12:18,0
31/12/2019 12:23,0
31/12/2019 12:28,0
31/12/2019 12:33,0
31/12/2019 12:38,0
31/12/2019 12:43,0
31/12/2019 12:48,0
31/12/2019 12:53,0
31/12/2019 12:58,0
31/12/2019 13:03,0
31/12/2019 13:08,0
31/12/2019 13:13,0
31/12/2019 13:18,0
31/12/2019 13:23,0
31/12/2019 13:28,0
31/12/2019 13:33,0
31/12/2019 13:38,0
31/12/2019 13:43,0
31/12/2019 13:48,0
31/12/2019 13:53,0
31/12/2019 13:58,0
31/12/2019 14:03,0
31/12/2019 14:08,0
31/12/2019 14:13,0
31/12/2019 14:18,0
31/12/2019 14:23,0
31/12/2019 14:28,0
31/12/2019 14:33,0
31/12/2019 14:38,0
31/12/2019 14:43,0
31/12/2019 14:48,0
31/12/2019 14:53,0
31/12/2019 14:58,0
31/12/2019 15:03,0
31/12/2019 15:08,0
31/12/2019 15:13,0
31/12/2019 15:18,0
31/12/2019 15:23,0
31/12/2019 15:28,0
31/12/2019 15:33,0
31/12/2019 15:38,0
31/12/2019 15:43,0
31/12/2019 15:48,0
31/12/2019 15:53,0
31/12/2019 15:58,0
31/12/2019 16:03,0
31/12/2019 16:08,0
31/12/2019 16:13,0
31/12/2019 16:18,0
31/12/2019 16:23,0
31/12/2019 16:28,0
31/12/2019 16:33,0
31/12/2019 16:38,0
31/12/2019 16:43,0
31/12/2019 16:48,0
31/12/2019 16:53,0
31/12/2019 16:58,0
31/12/2019 17:03,0
31/12/2019 17:08,0
31/12/2019 17:13,0
31/12/2019 17:18,0
31/12/2019 17:23,0
31/12/2019 17:28,0
31/12/2019 17:33,0
31/12/2019 17:38,0
31/12/2019 17:43,0
31/12/2019 17:48,0
31/12/2019 17:53,0
31/12/2019 17:58,0
31/12/2019 18:03,0
31/12/2019 18:08,0
31/12/2019 18:13,0
31/12/2019 18:18,0
31/12/2019 18:23,0
31/12/2019 18:28,0
31/12/2019 18:33,0
31/12/2019 18:38,0
31/12/2019 18:43,0
31/12/2019 18:48,0
31/12/2019 18:53,0
31/12/2019 18:58,0
31/12/2019 19:03,0
31/12/2019 19:08,0
31/12/2019 19:13,0
31/12/2019 19:18,0
31/12/2019 19:23,0
31/12/2019 19:28,0
31/12/2019 19:33,0
31/12/2019 19:38,0
31/12/2019 19:43,0
31/12/2019 19:48,0
31/12/2019 19:53,0
31/12/2019 19:58,0
31/12/2019 20:03,0
31/12/2019 20:08,0
31/12/2019 20:13,0
31/12/2019 20:18,0
31/12/2019 20:23,0
31/12/2019 20:28,0
31/12/2019 20:33,0
31/12/2019 20:38,0
31/12/2019 20:43,0
31/12/2019 20:48,0
31/12/2019 20:53,0
31/12/2019 20:58,0
31/12/2019 21:03,0
31/12/2019 21:08,0
31/12/2019 21:13,0
31/12/2019 21:18,0
31/12/2019 21:23,0
31/12/2019 21:28,0
31/12/2019 21:33,0
31/12/2019 21:38,0
31/12/2019 21:43,0
31/12/2019 21:48,0
31/12/2019 21:53,0
31/12/2019 21:58,0
31/12/2019 22:03,0
31/12/2019 22:08,0
31/12/2019 22:13,0
31/12/2019 22:18,0
31/12/2019 22:23,0
31/12/2019 22:28,0
31/12/2019 22:33,0
31/12/2019 22:38,0
31/12/2019 22:43,0
31/12/2019 22:48,0
31/12/2019 22:53,0
31/12/2019 22:58,0
31/12/2019 23:03,0
31/12/2019 23:08,0
31/12/2019 23:13,0
31/12/2019 23:18,0
31/12/2019 23:23,0
31/12/2019 23:28,0
31/12/2019 23:33,0
31/12/2019 23:38,0
31/12/2019 23:43,0
31/12/2019 23:48,0
31/12/2019 23:53,0
31/12/2019 23:58,0
01/01/2020 00:03,0
01/01/2020 00:08,0
01/01/2020 00:13,0
01/01/2020 00:18,0
01/01/2020 00:23,0
01/01/2020 00:28,0
01/01/2020 00:33,0
01/01/2020 00:38,0
01/01/2020 00:43,0
01/01/2020 00:48,0
01/01/2020 00:53,0
01/01/2020 00:58,0
01/01/2020 01:03,0
01/01/2020 01:08,0
01/01/2020 01:13,0
01/01/2020 01:18,0
01/01/2020 01:23,0
01/01/2020 01:28,0
01/01/2020 01:33,0
01/01/2020 01:38,0
01/01/2020 01:43,0
01/01/2020 01:48,0
01/01/2020 01:53,0
01/01/2020 01:58,0
01/01/2020 02:03,0
01/01/2020 02:08,0
01/01/2020 02:13,0
01/01/2020 02:18,0
01/01/2020 02:23,0
01/01/2020 02:28,0
01/01/2020 02:33,0
01/01/2020 02:38,0
01/01/2020 02:43,0
01/01/2020 02:48,0
01/01/2020 02:53,0
01/01/2020 02:58,0
01/01/2020 03:03,0
01/01/2020 03:08,0
01/01/2020 03:13,0
01/01/2020 03:18,0
01/01/2020 03:23,0
01/01/2020 03:28,0
01/01/2020 03:33,0
01/01/2020 03:38,0
01/01/2020 03:43,0
01/01/2020 03:48,0
01/01/2020 03:53,0
01/01/2020 03:58,0
01/01/2020 04:03,0
01/01/2020 04:08,0
01/01/2020 04:13,0
01/01/2020 04:18,0
01/01/2020 04:23,0
01/01/2020 04:28,0
01/01/2020 04:33,0
01/01/2020 04:38,0
01/01/2020 04:43,0
01/01/2020 04:48,0
01/01/2020 04:53,0
01/01/2020 04:58,0
01/01/2020 05:03,0
01/01/2020 05:08,0
01/01/2020 05:13,0
01/01/2020 05:18,0
01/01/2020 05:23,0
01/01/2020 05:28,0
01/01/2020 05:33,0
01/01/2020 05:38,0
01/01/2020 05:43,0
01/01/2020 05:48,0
01/01/2020 05:53,0
01/01/2020 05:58,0
01/01/2020 06:03,0
01/01/2020 06:08,0
01/01/2020 06:13,0
01/01/2020 06:18,0
01/01/2020 06:23,0
01/01/2020 06:28,0
01/01/2020 06:33,0
01/01/2020 06:38,0
01/01/2020 06:43,0
01/01/2020 06:48,0
01/01/2020 06:53,0
01/01/2020 06:58,0
01/01/2020 07:03,0
01/01/2020 07:08,0
01/01/2020 07:13,0
01/01/2020 07:18,0
01/01/2020 07:23,0
01/01/2020 07:28,0
01/01/2020 07:33,0
01/01/2020 07:38,0
01/01/2020 07:43,0
01/01/2020 07:48,0
01/01/2020 07:53,0
01/01/2020 07:58,0
01/01/2020 08:03,0
01/01/2020 08:08,0
01/01/2020 08:13,0
01/01/2020 08:18,0
01/01/2020 08:23,0
01/01/2020 08:28,0
01/01/2020 08:33,0
01/01/2020 08:38,0
01/01/2020 08:43,0
01/01/2020 08:48,0
01/01/2020 08:53,0
01/01/2020 08:58,0
01/01/2020 09:03,0
01/01/2020 09:08,0
01/01/2020 09:13,0
01/01/2020 09:18,0
01/01/2020 09:23,0
01/01/2020 09:28,0
01/01/2020 09:33,0
01/01/2020 09:38,0
01/01/2020 09:43,0
01/01/2020 09:48,0
01/01/2020 09:53,0
01/01/2020 09:58,0
01/01/2020 10:03,0
01/01/2020 10:08,0
01/01/2020 10:13,0
01/01/2020 10:18,0
01/01/2020 10:23,0
01/01/2020 10:28,0
01/01/2020 10:33,0
01/01/2020 10:38,0
01/01/2020 10:43,0
01/01/2020 10:48,0
01/01/2020 10:53,0
01/01/2020 10:58,0
01/01/2020 11:03,0
01/01/2020 11:08,0
01/01/2020 11:13,0
01/01/2020 11:18,0
01/01/2020 11:23,0
01/01/2020 11:28,0
01/01/2020 11:33,0
01/01/2020 11:38,0
01/01/2020 11:43,0
01/01/2020 11:48,0
01/01/2020 11:53,0
01/01/2020 11:58,0
01/01/2020 12:03,0
01/01/2020 12:08,0
01/01/2020 12:13,0
01/01/2020 12:18,0
01/01/2020 12:23,0
01/01/2020 12:28,0
01/01/2020 12:33,0
01/01/2020 12:38,0
01/01/2020 12:43,0
01/01/2020 12:48,0
01/01/2020 12:53,0
01/01/2020 12:58,0
01/01/2020 13:03,0
01/01/2020 13:08,0
01/01/2020 13:13,0
01/01/2020 13:18,0
01/01/2020 13:23,0
01/01/2020 13:28,0
01/01/2020 13:33,0
01/01/2020 13:38,0
01/01/2020 13:43,0
01/01/2020 13:48,0
01/01/2020 13:53,0
01/01/2020 13:58,0
01/01/2020 14:03,0
01/01/2020 14:08,0
01/01/2020 14:13,0
01/01/2020 14:18,0
01/01/2020 14:23,0
01/01/2020 14:28,0
01/01/2020 14:33,0
01/01/2020 14:38,0
01/01/2020 14:43,0
01/01/2020 14:48,0
01/01/2020 14:53,0
01/01/2020 14:58,0
01/01/2020 15:03,0
01/01/2020 15:08,0
01/01/2020 15:13,0
01/01/2020 15:18,0
01/01/2020 15:23,0
01/01/2020 15:28,0
01/01/2020 15:33,0
01/01/2020 15:38,0
01/01/2020 15:43,0
01/01/2020 15:48,0
01/01/2020 15:53,0
01/01/2020 15:58,0
01/01/2020 16:03,0
01/01/2020 16:08,0
01/01/2020 16:13,0
01/01/2020 16:18,0
01/01/2020 16:23,0
01/01/2020 16:28,0
01/01/2020 16:33,0
01/01/2020 16:38,0
01/01/2020 16:43,0
01/01/2020 16:48,0
01/01/2020 16:53,0
01/01/2020 16:58,0
01/01/2020 17:03,0
01/01/2020 17:08,0
01/01/2020 17:13,0
01/01/2020 17:18,0
01/01/2020 17:23,0
01/01/2020 17:28,0
01/01/2020 17:33,0
01/01/2020 17:38,0
01/01/2020 17:43,0
01/01/2020 17:48,0
01/01/2020 17:53,0
01/01/2020 17:58,0
01/01/2020 18:03,0
01/01/2020 18:08,0
01/01/2020 18:13,0
01/01/2020 18:18,0
01/01/2020 18:23,0
01/01/2020 18:28,0
01/01/2020 18:33,0
01/01/2020 18:38,0
01/01/2020 18:43,0
01/01/2020 18:48,0
01/01/2020 18:53,0
01/01/2020 18:58,0
01/01/2020 19:03,0
01/01/2020 19:08,0
01/01/2020 19:13,0
01/01/2020 19:18,0
01/01/2020 19:23,0
01/01/2020 19:28,0
01/01/2020 19:33,0
01/01/2020 19:38,0
01/01/2020 19:43,0
01/01/2020 19:48,0
01/01/2020 19:53,0
01/01/2020 19:58,0
01/01/2020 20:03,0
01/01/2020 20:08,0
01/01/2020 20:13,0
01/01/2020 20:18,0
01/01/2020 20:23,0
01/01/2020 20:28,0
01/01/2020 20:33,0
01/01/2020 20:38,0
01/01/2020 20:43,0
01/01/2020 20:48,0
01/01/2020 20:53,0
01/01/2020 20:58,0
01/01/2020 21:03,0
01/01/2020 21:08,0
01/01/2020 21:13,0
01/01/2020 21:18,0
01/01/2020 21:23,0
01/01/2020 21:28,0
01/01/2020 21:33,0
01/01/2020 21:38,0
01/01/2020 21:43,0
01/01/2020 21:48,0
01/01/2020 21:53,0
01/01/2020 21:58,0
01/01/2020 22:03,0
01/01/2020 22:08,0
01/01/2020 22:13,0
01/01/2020 22:18,0
01/01/2020 22:23,0
01/01/2020 22:28,0
01/01/2020 22:33,0
01/01/2020 22:38,0
01/01/2020 22:43,0
01/01/2020 22:48,0
01/01/2020 22:53,0
01/01/2020 22:58,0
01/01/2020 23:03,0
01/01/2020 23:08,0
01/01/2020 23:13,0
01/01/2020 23:18,0
01/01/2020 23:23,0
01/01/2020 23:28,0
01/01/2020 23:33,0
01/01/2020 23:38,0
01/01/2020 23:43,0
01/01/2020 23:48,0
01/01/2020 23:53,0
01/01/2020 23:58,0
02/01/2020 00:03,0
02/01/2020 00:08,0
02/01/2020 00:13,0
02/01/2020 00:18,0
02/01/2020 00:23,0
02/01/2020 00:28,0
02/01/2020 00:33,0
02/01/2020 00:38,0
02/01/2020 00:43,0
02/01/2020 00:48,0
02/01/2020 00:53,0
02/01/2020 00:58,0
02/01/2020 01:03,0
02/01/2020 01:08,0
02/01/2020 01:13,0
02/01/2020 01:18,0
02/01/2020 01:23,0
02/01/2020 01:28,0
02/01/2020 01:33,0
02/01/2020 01:38,0
02/01/2020 01:43,0
02/01/2020 01:48,0
02/01/2020 01:53,0
02/01/2020 01:58,0
02/01/2020 02:03,0
02/01/2020 02:08,0
02/01/2020 02:13,0
02/01/2020 02:18,0
02/01/2020 02:23,0
02/01/2020 02:28,0
02/01/2020 02:33,0
02/01/2020 02:38,0
02/01/2020 02:43,0
02/01/2020 02:48,0
02/01/2020 02:53,0
02/01/2020 02:58,0
02/01/2020 03:03,0
02/01/2020 03:08,0
02/01/2020 03:13,0
02/01/2020 03:18,0
02/01/2020 03:23,0
02/01/2020 03:28,0
02/01/2020 03:33,0
02/01/2020 03:38,0
02/01/2020 03:43,0
02/01/2020 03:48,0
02/01/2020 03:53,0
02/01/2020 03:58,0
02/01/2020 04:03,0
02/01/2020 04:08,0
02/01/2020 04:13,0
02/01/2020 04:18,0
02/01/2020 04:23,0
02/01/2020 04:28,0
02/01/2020 04:33,0
02/01/2020 04:38,0
02/01/2020 04:43,0
02/01/2020 04:48,0
02/01/2020 04:53,0
02/01/2020 04:58,0
02/01/2020 05:03,0
02/01/2020 05:08,0
02/01/2020 05:13,0
02/01/2020 05:18,0
02/01/2020 05:23,0
02/01/2020 05:28,0
02/01/2020 05:33,0
02/01/2020 05:38,0
02/01/2020 05:43,0
02/01/2020 05:48,0
02/01/2020 05:53,0
02/01/2020 05:58,0
02/01/2020 06:03,0
02/01/2020 06:08,0
02/01/2020 06:13,0
02/01/2020 06:18,0
02/01/2020 06:23,0
02/01/2020 06:28,0
02/01/2020 06:33,0
02/01/2020 06:38,0
02/01/2020 06:43,0
02/01/2020 06:48,0
02/01/2020 06:53,0
02/01/2020 06:58,0
02/01/2020 07:03,0
02/01/2020 07:08,0
02/01/2020 07:13,0
02/01/2020 07:18,0
02/01/2020 07:23,0
02/01/2020 07:28,0
02/01/2020 07:33,0
02/01/2020 07:38,0
02/01/2020 07:43,0
02/01/2020 07:48,0
02/01/2020 07:53,0
02/01/2020 07:58,0
02/01/2020 08:03,0
02/01/2020 08:08,0
02/01/2020 08:13,0
02/01/2020 08:18,0
02/01/2020 08:23,0
02/01/2020 08:28,0
02/01/2020 08:33,0
02/01/2020 08:38,0
02/01/2020 08:43,0
02/01/2020 08:48,0
02/01/2020 08:53,0
02/01/2020 08:58,0
02/01/2020 09:03,0
02/01/2020 09:08,0
02/01/2020 09:13,0
02/01/2020 09:18,0
02/01/2020 09:23,0
02/01/2020 09:28,0
02/01/2020 09:33,0
02/01/2020 09:38,0
02/01/2020 09:43,0
02/01/2020 09:48,0
02/01/2020 09:53,0
02/01/2020 09:58,0
02/01/2020 10:03,0
02/01/2020 10:08,0
02/01/2020 10:13,0
02/01/2020 10:18,0
02/01/2020 10:23,0
02/01/2020 10:28,0
02/01/2020 10:33,0
02/01/2020 10:38,0
02/01/2020 10:43,0
02/01/2020 10:48,0
02/01/2020 10:53,0
02/01/2020 10:58,0
02/01/2020 11:03,0
02/01/2020 11:08,0
02/01/2020 11:13,0
02/01/2020 11:18,0
02/01/2020 11:23,0
02/01/2020 11:28,0
02/01/2020 11:33,0
02/01/2020 11:38,0
02/01/2020 11:43,0
02/01/2020 11:48,0
02/01/2020 11:53,0
02/01/2020 11:58,0
02/01/2020 12:03,0
02/01/2020 12:08,0
02/01/2020 12:13,0
02/01/2020 12:18,0
02/01/2020 12:23,0
02/01/2020 12:28,0
02/01/2020 12:33,0
02/01/2020 12:38,0
02/01/2020 12:43,0
02/01/2020 12:48,0
02/01/2020 12:53,0
02/01/2020 12:58,0
02/01/2020 13:03,0
02/01/2020 13:08,0
02/01/2020 13:13,0
02/01/2020 13:18,0
02/01/2020 13:23,0
02/01/2020 13:28,0
02/01/2020 13:33,0
02/01/2020 13:38,0
02/01/2020 13:43,0
02/01/2020 13:48,0
02/01/2020 13:53,0
02/01/2020 13:58,0
02/01/2020 14:03,0
02/01/2020 14:08,0
02/01/2020 14:13,0
02/01/2020 14:18,0
02/01/2020 14:23,0.70871133
02/01/2020 14:28,0.354355665
02/01/2020 14:33,0
02/01/2020 14:38,0.354355665
02/01/2020 14:43,0
02/01/2020 14:48,0
02/01/2020 14:53,0.354355665
02/01/2020 14:58,0
02/01/2020 15:03,0
02/01/2020 15:08,0
02/01/2020 15:13,0
02/01/2020 15:18,0.354355665
02/01/2020 15:23,0
02/01/2020 15:28,0
02/01/2020 15:33,0
02/01/2020 15:38,0
02/01/2020 15:43,0
02/01/2020 15:48,0
02/01/2020 15:53,0
02/01/2020 15:58,0
02/01/2020 16:03,0
02/01/2020 16:08,0
02/01/2020 16:13,0
02/01/2020 16:18,0
02/01/2020 16:23,0
02/01/2020 16:28,0
02/01/2020 16:33,0
02/01/2020 16:38,0
02/01/2020 16:43,0
02/01/2020 16:48,0
02/01/2020 16:53,0
02/01/2020 16:58,0
02/01/2020 17:03,0
02/01/2020 17:08,0
02/01/2020 17:13,0
02/01/2020 17:18,0
02/01/2020 17:23,0
02/01/2020 17:28,0
02/01/2020 17:33,0
02/01/2020 17:38,0
02/01/2020 17:43,0
02/01/2020 17:48,0
02/01/2020 17:53,0
02/01/2020 17:58,0
02/01/2020 18:03,0
02/01/2020 18:08,1.417422661
02/01/2020 18:13,5.669690643
02/01/2020 18:18,3.543556652
02/01/2020 18:23,4.252267982
02/01/2020 18:28,5.315334978
02/01/2020 18:33,8.150180299
02/01/2020 18:38,8.858891629
02/01/2020 18:43,8.150180299
02/01/2020 18:48,7.441468969
02/01/2020 18:53,4.252267982
02/01/2020 18:58,1.063066996
02/01/2020 19:03,2.834845321
02/01/2020 19:08,7.441468969
02/01/2020 19:13,8.504535964
02/01/2020 19:18,2.480489656
02/01/2020 19:23,0.354355665
02/01/2020 19:28,0.354355665
02/01/2020 19:33,0.70871133
02/01/2020 19:38,1.063066996
02/01/2020 19:43,0.70871133
02/01/2020 19:48,0
02/01/2020 19:53,0
02/01/2020 19:58,0.354355665
02/01/2020 20:03,0
02/01/2020 20:08,0
02/01/2020 20:13,0
02/01/2020 20:18,0
02/01/2020 20:23,0
02/01/2020 20:28,0
02/01/2020 20:33,0
02/01/2020 20:38,0
02/01/2020 20:43,0
02/01/2020 20:48,0
02/01/2020 20:53,0
02/01/2020 20:58,0
02/01/2020 21:03,0
02/01/2020 21:08,0
02/01/2020 21:13,0
02/01/2020 21:18,0
02/01/2020 21:23,0
02/01/2020 21:28,0
02/01/2020 21:33,0
02/01/2020 21:38,0
02/01/2020 21:43,0
02/01/2020 21:48,0
02/01/2020 21:53,0
02/01/2020 21:58,0
02/01/2020 22:03,0
02/01/2020 22:08,0
02/01/2020 22:13,0
02/01/2020 22:18,0
02/01/2020 22:23,0
02/01/2020 22:28,0
02/01/2020 22:33,0
02/01/2020 22:38,0
02/01/2020 22:43,0
02/01/2020 22:48,0
02/01/2020 22:53,0
02/01/2020 22:58,0
02/01/2020 23:03,0
02/01/2020 23:08,0
02/01/2020 23:13,0
02/01/2020 23:18,0
02/01/2020 23:23,0
02/01/2020 23:28,0
02/01/2020 23:33,0
02/01/2020 23:38,0
02/01/2020 23:43,0.354355665
02/01/2020 23:48,0
02/01/2020 23:53,0
02/01/2020 23:58,0
03/01/2020 00:03,0
03/01/2020 00:08,0
03/01/2020 00:13,0
03/01/2020 00:18,0
03/01/2020 00:23,0
03/01/2020 00:28,0
03/01/2020 00:33,0
03/01/2020 00:38,0
03/01/2020 00:43,0.354355665
03/01/2020 00:48,0
03/01/2020 00:53,0
03/01/2020 00:58,0
03/01/2020 01:03,0
03/01/2020 01:08,0
03/01/2020 01:13,0
03/01/2020 01:18,0
03/01/2020 01:23,0
03/01/2020 01:28,0
03/01/2020 01:33,0
03/01/2020 01:38,0
03/01/2020 01:43,0
03/01/2020 01:48,0
03/01/2020 01:53,0
03/01/2020 01:58,0
03/01/2020 02:03,0
03/01/2020 02:08,0
03/01/2020 02:13,0
03/01/2020 02:18,0
03/01/2020 02:23,0
03/01/2020 02:28,0
03/01/2020 02:33,0
03/01/2020 02:38,0
03/01/2020 02:43,0
03/01/2020 02:48,0
03/01/2020 02:53,0
03/01/2020 02:58,0
03/01/2020 03:03,0
03/01/2020 03:08,0
03/01/2020 03:13,0
03/01/2020 03:18,0
03/01/2020 03:23,0
03/01/2020 03:28,0
03/01/2020 03:33,0
03/01/2020 03:38,0
03/01/2020 03:43,0
03/01/2020 03:48,0
03/01/2020 03:53,0
03/01/2020 03:58,0
03/01/2020 04:03,0
03/01/2020 04:08,0
03/01/2020 04:13,0
03/01/2020 04:18,0
03/01/2020 04:23,0
03/01/2020 04:28,0
03/01/2020 04:33,0
03/01/2020 04:38,0
03/01/2020 04:43,0
03/01/2020 04:48,0
03/01/2020 04:53,0
03/01/2020 04:58,0
03/01/2020 05:03,0
03/01/2020 05:08,0
03/01/2020 05:13,0
03/01/2020 05:18,0
03/01/2020 05:23,0
03/01/2020 05:28,0
03/01/2020 05:33,0
03/01/2020 05:38,0
03/01/2020 05:43,0
03/01/2020 05:48,0
03/01/2020 05:53,0
03/01/2020 05:58,0
03/01/2020 06:03,0
03/01/2020 06:08,0
03/01/2020 06:13,0
03/01/2020 06:18,0
03/01/2020 06:23,0
03/01/2020 06:28,0
03/01/2020 06:33,0
03/01/2020 06:38,0
03/01/2020 06:43,0
03/01/2020 06:48,0
03/01/2020 06:53,0
03/01/2020 06:58,0
03/01/2020 07:03,0
03/01/2020 07:08,0
03/01/2020 07:13,0
03/01/2020 07:18,0
03/01/2020 07:23,0
03/01/2020 07:28,0
03/01/2020 07:33,0
03/01/2020 07:38,0
03/01/2020 07:43,0
03/01/2020 07:48,0
03/01/2020 07:53,0
03/01/2020 07:58,0
03/01/2020 08:03,0
03/01/2020 08:08,0
03/01/2020 08:13,0
03/01/2020 08:18,0
03/01/2020 08:23,0
03/01/2020 08:28,0
03/01/2020 08:33,0
03/01/2020 08:38,0
03/01/2020 08:43,0
03/01/2020 08:48,0
03/01/2020 08:53,0
03/01/2020 08:58,0
03/01/2020 09:03,0
03/01/2020 09:08,0
03/01/2020 09:13,0
03/01/2020 09:18,0
03/01/2020 09:23,0
03/01/2020 09:28,0
03/01/2020 09:33,0
03/01/2020 09:38,0
03/01/2020 09:43,0
03/01/2020 09:48,0
03/01/2020 09:53,0
03/01/2020 09:58,0
03/01/2020 10:03,0
03/01/2020 10:08,0
03/01/2020 10:13,0
03/01/2020 10:18,0
03/01/2020 10:23,0
03/01/2020 10:28,0
03/01/2020 10:33,0
03/01/2020 10:38,0
03/01/2020 10:43,0
03/01/2020 10:48,0
03/01/2020 10:53,0
03/01/2020 10:58,0
03/01/2020 11:03,0
03/01/2020 11:08,0
03/01/2020 11:13,0
03/01/2020 11:18,0
03/01/2020 11:23,0
03/01/2020 11:28,0
03/01/2020 11:33,0
03/01/2020 11:38,0
03/01/2020 11:43,0
03/01/2020 11:48,0
03/01/2020 11:53,0
03/01/2020 11:58,0
03/01/2020 12:03,0
03/01/2020 12:08,0
03/01/2020 12:13,0
03/01/2020 12:18,0
03/01/2020 12:23,0
03/01/2020 12:28,0
03/01/2020 12:33,0
03/01/2020 12:38,0
03/01/2020 12:43,0
03/01/2020 12:48,0
03/01/2020 12:53,0
03/01/2020 12:58,0
03/01/2020 13:03,0
03/01/2020 13:08,0
03/01/2020 13:13,0
03/01/2020 13:18,0
03/01/2020 13:23,0
03/01/2020 13:28,0
03/01/2020 13:33,0
03/01/2020 13:38,0
03/01/2020 13:43,0
03/01/2020 13:48,0
03/01/2020 13:53,0
03/01/2020 13:58,0
03/01/2020 14:03,0
03/01/2020 14:08,0
03/01/2020 14:13,0
03/01/2020 14:18,0
03/01/2020 14:23,0
03/01/2020 14:28,0
03/01/2020 14:33,0
03/01/2020 14:38,0
03/01/2020 14:43,0
03/01/2020 14:48,0
03/01/2020 14:53,0
03/01/2020 14:58,0
03/01/2020 15:03,0
03/01/2020 15:08,0
03/01/2020 15:13,0
03/01/2020 15:18,0
03/01/2020 15:23,0
03/01/2020 15:28,0
03/01/2020 15:33,0
03/01/2020 15:38,0
03/01/2020 15:43,0
03/01/2020 15:48,0
03/01/2020 15:53,0
03/01/2020 15:58,0
03/01/2020 16:03,0
03/01/2020 16:08,0
03/01/2020 16:13,0.70871133
03/01/2020 16:18,0
03/01/2020 16:23,0
03/01/2020 16:28,0
03/01/2020 16:33,0
03/01/2020 16:38,0
03/01/2020 16:43,0.354355665
03/01/2020 16:48,0
03/01/2020 16:53,0.354355665
03/01/2020 16:58,0
03/01/2020 17:03,0
03/01/2020 17:08,0
03/01/2020 17:13,0
03/01/2020 17:18,0
03/01/2020 17:23,0
03/01/2020 17:28,0
03/01/2020 17:33,0
03/01/2020 17:38,0
03/01/2020 17:43,0
03/01/2020 17:48,0
03/01/2020 17:53,0
03/01/2020 17:58,0.354355665
03/01/2020 18:03,0
03/01/2020 18:08,0
03/01/2020 18:13,0
03/01/2020 18:18,0
03/01/2020 18:23,0
03/01/2020 18:28,0
03/01/2020 18:33,0
03/01/2020 18:38,0
03/01/2020 18:43,0
03/01/2020 18:48,0
03/01/2020 18:53,0.354355665
03/01/2020 18:58,0
03/01/2020 19:03,0
03/01/2020 19:08,0
03/01/2020 19:13,0
03/01/2020 19:18,0
03/01/2020 19:23,0
03/01/2020 19:28,0
03/01/2020 19:33,0
03/01/2020 19:38,0
03/01/2020 19:43,0
03/01/2020 19:48,0
03/01/2020 19:53,0
03/01/2020 19:58,0
03/01/2020 20:03,0.354355665
03/01/2020 20:08,0
03/01/2020 20:13,0
03/01/2020 20:18,0
03/01/2020 20:23,0
03/01/2020 20:28,0
03/01/2020 20:33,0
03/01/2020 20:38,0
03/01/2020 20:43,0
03/01/2020 20:48,0
03/01/2020 20:53,0.354355665
03/01/2020 20:58,0
03/01/2020 21:03,0
03/01/2020 21:08,0
03/01/2020 21:13,0
03/01/2020 21:18,0
03/01/2020 21:23,0
03/01/2020 21:28,0
03/01/2020 21:33,0
03/01/2020 21:38,0
03/01/2020 21:43,0.354355665
03/01/2020 21:48,0
03/01/2020 21:53,0
03/01/2020 21:58,0
03/01/2020 22:03,0.354355665
03/01/2020 22:08,0
03/01/2020 22:13,0
03/01/2020 22:18,0
03/01/2020 22:23,0
03/01/2020 22:28,0
03/01/2020 22:33,0
03/01/2020 22:38,0
03/01/2020 22:43,0
03/01/2020 22:48,0
03/01/2020 22:53,0
03/01/2020 22:58,0
03/01/2020 23:03,0
03/01/2020 23:08,0
03/01/2020 23:13,0
03/01/2020 23:18,0
03/01/2020 23:23,0
03/01/2020 23:28,0
03/01/2020 23:33,0
03/01/2020 23:38,0
03/01/2020 23:43,0
03/01/2020 23:48,0
03/01/2020 23:53,0
03/01/2020 23:58,0
04/01/2020 00:03,0
04/01/2020 00:08,0
04/01/2020 00:13,0
04/01/2020 00:18,0
04/01/2020 00:23,0
04/01/2020 00:28,0
04/01/2020 00:33,0
04/01/2020 00:38,0
04/01/2020 00:43,0
04/01/2020 00:48,0
04/01/2020 00:53,0
04/01/2020 00:58,0
04/01/2020 01:03,0
04/01/2020 01:08,0
04/01/2020 01:13,0
04/01/2020 01:18,0
04/01/2020 01:23,0
04/01/2020 01:28,0
04/01/2020 01:33,0
04/01/2020 01:38,0
04/01/2020 01:43,0
04/01/2020 01:48,0
04/01/2020 01:53,0
04/01/2020 01:58,0
04/01/2020 02:03,0
04/01/2020 02:08,0
04/01/2020 02:13,0
04/01/2020 02:18,0
04/01/2020 02:23,0
04/01/2020 02:28,0
04/01/2020 02:33,0
04/01/2020 02:38,0
04/01/2020 02:43,0
04/01/2020 02:48,0
04/01/2020 02:53,0
04/01/2020 02:58,0
04/01/2020 03:03,0
04/01/2020 03:08,0
04/01/2020 03:13,0
04/01/2020 03:18,0
04/01/2020 03:23,0
04/01/2020 03:28,0
04/01/2020 03:33,0
04/01/2020 03:38,0
04/01/2020 03:43,0
04/01/2020 03:48,0
04/01/2020 03:53,0
04/01/2020 03:58,0
04/01/2020 04:03,0
04/01/2020 04:08,0
04/01/2020 04:13,0
04/01/2020 04:18,0
04/01/2020 04:23,0
04/01/2020 04:28,0
04/01/2020 04:33,0
04/01/2020 04:38,0
04/01/2020 04:43,0
04/01/2020 04:48,0
04/01/2020 04:53,0
04/01/2020 04:58,0
04/01/2020 05:03,0
04/01/2020 05:08,0
04/01/2020 05:13,0
04/01/2020 05:18,0
04/01/2020 05:23,0
04/01/2020 05:28,0
04/01/2020 05:33,0
04/01/2020 05:38,0
04/01/2020 05:43,0
04/01/2020 05:48,0
04/01/2020 05:53,0
04/01/2020 05:58,0
04/01/2020 06:03,0
04/01/2020 06:08,0
04/01/2020 06:13,0
04/01/2020 06:18,0
04/01/2020 06:23,0
04/01/2020 06:28,0
04/01/2020 06:33,0
04/01/2020 06:38,0
04/01/2020 06:43,0
04/01/2020 06:48,0
04/01/2020 06:53,0
04/01/2020 06:58,0
04/01/2020 07:03,0
04/01/2020 07:08,0
04/01/2020 07:13,0
04/01/2020 07:18,0
04/01/2020 07:23,0
04/01/2020 07:28,0
04/01/2020 07:33,0
04/01/2020 07:38,0
04/01/2020 07:43,0
04/01/2020 07:48,0
04/01/2020 07:53,0
04/01/2020 07:58,0
04/01/2020 08:03,0
04/01/2020 08:08,0
04/01/2020 08:13,0
04/01/2020 08:18,0
04/01/2020 08:23,0
04/01/2020 08:28,0
04/01/2020 08:33,0
04/01/2020 08:38,0
04/01/2020 08:43,0
04/01/2020 08:48,0
04/01/2020 08:53,0
04/01/2020 08:58,0
04/01/2020 09:03,0
04/01/2020 09:08,0
04/01/2020 09:13,0
04/01/2020 09:18,0
04/01/2020 09:23,0
04/01/2020 09:28,0
04/01/2020 09:33,0
04/01/2020 09:38,0
04/01/2020 09:43,0
04/01/2020 09:48,0
04/01/2020 09:53,0
04/01/2020 09:58,0
04/01/2020 10:03,0
04/01/2020 10:08,0
04/01/2020 10:13,0
04/01/2020 10:18,0
04/01/2020 10:23,0
04/01/2020 10:28,0
04/01/2020 10:33,0
04/01/2020 10:38,0
04/01/2020 10:43,0
04/01/2020 10:48,0
04/01/2020 10:53,0
04/01/2020 10:58,0
04/01/2020 11:03,0
04/01/2020 11:08,0
04/01/2020 11:13,0
04/01/2020 11:18,0
04/01/2020 11:23,0
04/01/2020 11:28,0
04/01/2020 11:33,0
04/01/2020 11:38,0
04/01/2020 11:43,0
04/01/2020 11:48,0
04/01/2020 11:53,0
04/01/2020 11:58,0
04/01/2020 12:03,0
04/01/2020 12:08,0
04/01/2020 12:13,0
04/01/2020 12:18,0
04/01/2020 12:23,0
04/01/2020 12:28,0
04/01/2020 12:33,0
04/01/2020 12:38,0
04/01/2020 12:43,0
04/01/2020 12:48,0
04/01/2020 12:53,0
04/01/2020 12:58,0
04/01/2020 13:03,0
04/01/2020 13:08,0
04/01/2020 13:13,0
04/01/2020 13:18,0
04/01/2020 13:23,0
04/01/2020 13:28,0
04/01/2020 13:33,0
04/01/2020 13:38,0
04/01/2020 13:43,0
04/01/2020 13:48,0
04/01/2020 13:53,0
04/01/2020 13:58,0
04/01/2020 14:03,0
04/01/2020 14:08,0
04/01/2020 14:13,0
04/01/2020 14:18,0
04/01/2020 14:23,0
04/01/2020 14:28,0
04/01/2020 14:33,0
04/01/2020 14:38,0
04/01/2020 14:43,0
04/01/2020 14:48,0
04/01/2020 14:53,0
04/01/2020 14:58,0
04/01/2020 15:03,0
04/01/2020 15:08,0
04/01/2020 15:13,0
04/01/2020 15:18,0
04/01/2020 15:23,0
04/01/2020 15:28,0
04/01/2020 15:33,0
04/01/2020 15:38,0
04/01/2020 15:43,0
04/01/2020 15:48,0
04/01/2020 15:53,0
04/01/2020 15:58,0
04/01/2020 16:03,0
04/01/2020 16:08,0
04/01/2020 16:13,0
04/01/2020 16:18,0
04/01/2020 16:23,0
04/01/2020 16:28,0
04/01/2020 16:33,0
04/01/2020 16:38,0
04/01/2020 16:43,0
04/01/2020 16:48,0
04/01/2020 16:53,0
04/01/2020 16:58,0
04/01/2020 17:03,0
04/01/2020 17:08,0
04/01/2020 17:13,0
04/01/2020 17:18,0
04/01/2020 17:23,0
04/01/2020 17:28,0
04/01/2020 17:33,0
04/01/2020 17:38,0
04/01/2020 17:43,0
04/01/2020 17:48,0
04/01/2020 17:53,0
04/01/2020 17:58,0
04/01/2020 18:03,0
04/01/2020 18:08,0
04/01/2020 18:13,0
04/01/2020 18:18,0
04/01/2020 18:23,0
04/01/2020 18:28,0
04/01/2020 18:33,0
04/01/2020 18:38,0
04/01/2020 18:43,0
04/01/2020 18:48,0
04/01/2020 18:53,0
04/01/2020 18:58,0
04/01/2020 19:03,0
04/01/2020 19:08,0
04/01/2020 19:13,0
04/01/2020 19:18,0
04/01/2020 19:23,0
04/01/2020 19:28,0
04/01/2020 19:33,0
04/01/2020 19:38,0
04/01/2020 19:43,0
04/01/2020 19:48,0
04/01/2020 19:53,0
04/01/2020 19:58,0
04/01/2020 20:03,0
04/01/2020 20:08,0
04/01/2020 20:13,0.354355665
04/01/2020 20:18,0.354355665
04/01/2020 20:23,2.126133991
04/01/2020 20:28,2.126133991
04/01/2020 20:33,0.354355665
04/01/2020 20:38,0
04/01/2020 20:43,0
04/01/2020 20:48,0
04/01/2020 20:53,0
04/01/2020 20:58,0
04/01/2020 21:03,0
04/01/2020 21:08,0
04/01/2020 21:13,2.480489656
04/01/2020 21:18,1.063066996
04/01/2020 21:23,4.960979312
04/01/2020 21:28,3.897912317
04/01/2020 21:33,2.126133991
04/01/2020 21:38,0.354355665
04/01/2020 21:43,0.354355665
04/01/2020 21:48,0.354355665
04/01/2020 21:53,0
04/01/2020 21:58,0
04/01/2020 22:03,0
04/01/2020 22:08,0.354355665
04/01/2020 22:13,0
04/01/2020 22:18,0
04/01/2020 22:23,0
04/01/2020 22:28,0
04/01/2020 22:33,0
04/01/2020 22:38,0
04/01/2020 22:43,0
04/01/2020 22:48,0
04/01/2020 22:53,0
04/01/2020 22:58,0
04/01/2020 23:03,0
04/01/2020 23:08,0.354355665
04/01/2020 23:13,0
04/01/2020 23:18,0
04/01/2020 23:23,0.354355665
04/01/2020 23:28,0
04/01/2020 23:33,0
04/01/2020 23:38,0
04/01/2020 23:43,0
04/01/2020 23:48,0
04/01/2020 23:53,0
04/01/2020 23:58,0.354355665
05/01/2020 00:03,0
05/01/2020 00:08,0.354355665
05/01/2020 00:13,0
05/01/2020 00:18,0
05/01/2020 00:23,0
05/01/2020 00:28,0
05/01/2020 00:33,0
05/01/2020 00:38,0
05/01/2020 00:43,0.354355665
05/01/2020 00:48,0
05/01/2020 00:53,0
05/01/2020 00:58,0.354355665
05/01/2020 01:03,0
05/01/2020 01:08,0.354355665
05/01/2020 01:13,0
05/01/2020 01:18,0
05/01/2020 01:23,0.354355665
05/01/2020 01:28,0
05/01/2020 01:33,0.354355665
05/01/2020 01:38,0
05/01/2020 01:43,0
05/01/2020 01:48,0.354355665
05/01/2020 01:53,2.126133991
05/01/2020 01:58,8.150180299
05/01/2020 02:03,2.834845321
05/01/2020 02:08,0.70871133
05/01/2020 02:13,1.063066996
05/01/2020 02:18,0.354355665
05/01/2020 02:23,0.354355665
05/01/2020 02:28,1.063066996
05/01/2020 02:33,1.063066996
05/01/2020 02:38,0
05/01/2020 02:43,0
05/01/2020 02:48,0.354355665
05/01/2020 02:53,0
05/01/2020 02:58,0.354355665
05/01/2020 03:03,0
05/01/2020 03:08,0.354355665
05/01/2020 03:13,0
05/01/2020 03:18,0.354355665
05/01/2020 03:23,0
05/01/2020 03:28,0.354355665
05/01/2020 03:33,0
05/01/2020 03:38,0
05/01/2020 03:43,0.354355665
05/01/2020 03:48,0
05/01/2020 03:53,0
05/01/2020 03:58,0
05/01/2020 04:03,0.354355665
05/01/2020 04:08,0
05/01/2020 04:13,0
05/01/2020 04:18,0
05/01/2020 04:23,0
05/01/2020 04:28,0
05/01/2020 04:33,0
05/01/2020 04:38,0
05/01/2020 04:43,0
05/01/2020 04:48,0
05/01/2020 04:53,0
05/01/2020 04:58,0
05/01/2020 05:03,0
05/01/2020 05:08,0
05/01/2020 05:13,0
05/01/2020 05:18,0
05/01/2020 05:23,0
05/01/2020 05:28,0
05/01/2020 05:33,0
05/01/2020 05:38,0
05/01/2020 05:43,0
05/01/2020 05:48,0
05/01/2020 05:53,0
05/01/2020 05:58,0
05/01/2020 06:03,0
05/01/2020 06:08,0
05/01/2020 06:13,0
05/01/2020 06:18,0
05/01/2020 06:23,0
05/01/2020 06:28,0
05/01/2020 06:33,0
05/01/2020 06:38,0
05/01/2020 06:43,0
05/01/2020 06:48,0
05/01/2020 06:53,0
05/01/2020 06:58,0
05/01/2020 07:03,0
05/01/2020 07:08,0
05/01/2020 07:13,0
05/01/2020 07:18,0
05/01/2020 07:23,0
05/01/2020 07:28,0
05/01/2020 07:33,0
05/01/2020 07:38,0
05/01/2020 07:43,0
05/01/2020 07:48,0
05/01/2020 07:53,0
05/01/2020 07:58,0
05/01/2020 08:03,0
05/01/2020 08:08,0
05/01/2020 08:13,0
05/01/2020 08:18,0
05/01/2020 08:23,0
05/01/2020 08:28,0
05/01/2020 08:33,0
05/01/2020 08:38,0
05/01/2020 08:43,0
05/01/2020 08:48,0
05/01/2020 08:53,0
05/01/2020 08:58,0
05/01/2020 09:03,0
05/01/2020 09:08,0
05/01/2020 09:13,0
05/01/2020 09:18,0
05/01/2020 09:23,0
05/01/2020 09:28,0
05/01/2020 09:33,0
05/01/2020 09:38,0
05/01/2020 09:43,0
05/01/2020 09:48,0
05/01/2020 09:53,0
05/01/2020 09:58,0
05/01/2020 10:03,0
05/01/2020 10:08,0
05/01/2020 10:13,0
05/01/2020 10:18,0
05/01/2020 10:23,0
05/01/2020 10:28,0
05/01/2020 10:33,0
05/01/2020 10:38,0
05/01/2020 10:43,0
05/01/2020 10:48,0
05/01/2020 10:53,0
05/01/2020 10:58,0
05/01/2020 11:03,0
05/01/2020 11:08,0
05/01/2020 11:13,0
05/01/2020 11:18,0
05/01/2020 11:23,0
05/01/2020 11:28,0
05/01/2020 11:33,0
05/01/2020 11:38,0
05/01/2020 11:43,0
05/01/2020 11:48,0.70871133
05/01/2020 11:53,0
05/01/2020 11:58,0
05/01/2020 12:03,0
05/01/2020 12:08,0
05/01/2020 12:13,0
05/01/2020 12:18,0
05/01/2020 12:23,0
05/01/2020 12:28,0
05/01/2020 12:33,0
05/01/2020 12:38,0
05/01/2020 12:43,0
05/01/2020 12:48,0
05/01/2020 12:53,0
05/01/2020 12:58,0
05/01/2020 13:03,0
05/01/2020 13:08,0
05/01/2020 13:13,0
05/01/2020 13:18,0
05/01/2020 13:23,0
05/01/2020 13:28,0
05/01/2020 13:33,0
05/01/2020 13:38,0
05/01/2020 13:43,0
05/01/2020 13:48,0
05/01/2020 13:53,0
05/01/2020 13:58,0
05/01/2020 14:03,0
05/01/2020 14:08,0
05/01/2020 14:13,1.417422661
05/01/2020 14:18,2.480489656
05/01/2020 14:23,0.70871133
05/01/2020 14:28,0.70871133
05/01/2020 14:33,0.354355665
05/01/2020 14:38,0.70871133
05/01/2020 14:43,1.063066996
05/01/2020 14:48,0.354355665
05/01/2020 14:53,0
05/01/2020 14:58,0
05/01/2020 15:03,0
05/01/2020 15:08,0
05/01/2020 15:13,0.70871133
05/01/2020 15:18,0.354355665
05/01/2020 15:23,0
05/01/2020 15:28,0
05/01/2020 15:33,0
05/01/2020 15:38,0
05/01/2020 15:43,0
05/01/2020 15:48,0
05/01/2020 15:53,0
05/01/2020 15:58,0
05/01/2020 16:03,0
05/01/2020 16:08,0
05/01/2020 16:13,0
05/01/2020 16:18,0
05/01/2020 16:23,0
05/01/2020 16:28,0
05/01/2020 16:33,0
05/01/2020 16:38,0
05/01/2020 16:43,0
05/01/2020 16:48,0
05/01/2020 16:53,0
05/01/2020 16:58,0
05/01/2020 17:03,0
05/01/2020 17:08,0
05/01/2020 17:13,0
05/01/2020 17:18,0
05/01/2020 17:23,0
05/01/2020 17:28,0
05/01/2020 17:33,0
05/01/2020 17:38,0
05/01/2020 17:43,0
05/01/2020 17:48,0
05/01/2020 17:53,0
05/01/2020 17:58,0
05/01/2020 18:03,0
05/01/2020 18:08,0
05/01/2020 18:13,0
05/01/2020 18:18,0
05/01/2020 18:23,0
05/01/2020 18:28,0
05/01/2020 18:33,0
05/01/2020 18:38,0
05/01/2020 18:43,0
05/01/2020 18:48,0
05/01/2020 18:53,0
05/01/2020 18:58,0
05/01/2020 19:03,0
05/01/2020 19:08,0
05/01/2020 19:13,0
05/01/2020 19:18,0
05/01/2020 19:23,0
05/01/2020 19:28,0
05/01/2020 19:33,0
05/01/2020 19:38,0
05/01/2020 19:43,0
05/01/2020 19:48,0
05/01/2020 19:53,0
05/01/2020 19:58,0
05/01/2020 20:03,0
05/01/2020 20:08,0
05/01/2020 20:13,0
05/01/2020 20:18,0
05/01/2020 20:23,0
05/01/2020 20:28,0
05/01/2020 20:33,0
05/01/2020 20:38,0
05/01/2020 20:43,0
05/01/2020 20:48,0
05/01/2020 20:53,0
05/01/2020 20:58,0
05/01/2020 21:03,0
05/01/2020 21:08,0
05/01/2020 21:13,0
05/01/2020 21:18,0
05/01/2020 21:23,0
05/01/2020 21:28,0
05/01/2020 21:33,0
05/01/2020 21:38,0
05/01/2020 21:43,0
05/01/2020 21:48,0
05/01/2020 21:53,0
05/01/2020 21:58,0
05/01/2020 22:03,0
05/01/2020 22:08,0
05/01/2020 22:13,0
05/01/2020 22:18,0
05/01/2020 22:23,0
05/01/2020 22:28,0
05/01/2020 22:33,0
05/01/2020 22:38,0
05/01/2020 22:43,0
05/01/2020 22:48,0
05/01/2020 22:53,0
05/01/2020 22:58,0
05/01/2020 23:03,0
05/01/2020 23:08,0
05/01/2020 23:13,0
05/01/2020 23:18,0
05/01/2020 23:23,0
05/01/2020 23:28,0
05/01/2020 23:33,0
05/01/2020 23:38,0
05/01/2020 23:43,0
05/01/2020 23:48,0
05/01/2020 23:53,0
05/01/2020 23:58,0
06/01/2020 00:03,0
06/01/2020 00:08,0
06/01/2020 00:13,0
06/01/2020 00:18,0
06/01/2020 00:23,0
06/01/2020 00:28,0
06/01/2020 00:33,0
06/01/2020 00:38,0
06/01/2020 00:43,0
06/01/2020 00:48,0
06/01/2020 00:53,0
06/01/2020 00:58,0
06/01/2020 01:03,0
06/01/2020 01:08,0
06/01/2020 01:13,0
06/01/2020 01:18,0
06/01/2020 01:23,0
06/01/2020 01:28,0
06/01/2020 01:33,0
06/01/2020 01:38,0
06/01/2020 01:43,0
06/01/2020 01:48,0
06/01/2020 01:53,0
06/01/2020 01:58,0
06/01/2020 02:03,0
06/01/2020 02:08,0
06/01/2020 02:13,0
06/01/2020 02:18,0
06/01/2020 02:23,0
06/01/2020 02:28,0
06/01/2020 02:33,0
06/01/2020 02:38,0
06/01/2020 02:43,0
06/01/2020 02:48,0
06/01/2020 02:53,0
06/01/2020 02:58,0
06/01/2020 03:03,0
06/01/2020 03:08,0
06/01/2020 03:13,0
06/01/2020 03:18,0
06/01/2020 03:23,0
06/01/2020 03:28,0
06/01/2020 03:33,0
06/01/2020 03:38,0
06/01/2020 03:43,0
06/01/2020 03:48,0
06/01/2020 03:53,0
06/01/2020 03:58,0
06/01/2020 04:03,0
06/01/2020 04:08,0
06/01/2020 04:13,0
06/01/2020 04:18,0
06/01/2020 04:23,0
06/01/2020 04:28,0
06/01/2020 04:33,0
06/01/2020 04:38,0
06/01/2020 04:43,0
06/01/2020 04:48,0
06/01/2020 04:53,0
06/01/2020 04:58,0
06/01/2020 05:03,0
06/01/2020 05:08,0
06/01/2020 05:13,0
06/01/2020 05:18,0
06/01/2020 05:23,0
06/01/2020 05:28,0
06/01/2020 05:33,0
06/01/2020 05:38,0
06/01/2020 05:43,0
06/01/2020 05:48,0
06/01/2020 05:53,0
06/01/2020 05:58,0
06/01/2020 06:03,0
06/01/2020 06:08,0
06/01/2020 06:13,0
06/01/2020 06:18,0
06/01/2020 06:23,0
06/01/2020 06:28,0
06/01/2020 06:33,0
06/01/2020 06:38,0
06/01/2020 06:43,0
06/01/2020 06:48,0
06/01/2020 06:53,0
06/01/2020 06:58,0
06/01/2020 07:03,0
06/01/2020 07:08,0
06/01/2020 07:13,0
06/01/2020 07:18,0
06/01/2020 07:23,0
06/01/2020 07:28,0
06/01/2020 07:33,0
06/01/2020 07:38,0
06/01/2020 07:43,0
06/01/2020 07:48,0
06/01/2020 07:53,0
06/01/2020 07:58,0
06/01/2020 08:03,0
06/01/2020 08:08,0
06/01/2020 08:13,0
06/01/2020 08:18,0
06/01/2020 08:23,0
06/01/2020 08:28,0
06/01/2020 08:33,0
06/01/2020 08:38,0
06/01/2020 08:43,0
06/01/2020 08:48,0
06/01/2020 08:53,0
06/01/2020 08:58,0
06/01/2020 09:03,0
06/01/2020 09:08,0
06/01/2020 09:13,0
06/01/2020 09:18,0
06/01/2020 09:23,0
06/01/2020 09:28,0
06/01/2020 09:33,0
06/01/2020 09:38,0
06/01/2020 09:43,0
06/01/2020 09:48,0
06/01/2020 09:53,0
06/01/2020 09:58,0
06/01/2020 10:03,0
06/01/2020 10:08,0
06/01/2020 10:13,0
06/01/2020 10:18,0
06/01/2020 10:23,0
06/01/2020 10:28,0
06/01/2020 10:33,0
06/01/2020 10:38,0
06/01/2020 10:43,0
06/01/2020 10:48,0
06/01/2020 10:53,0
06/01/2020 10:58,0
06/01/2020 11:03,0
06/01/2020 11:08,0
06/01/2020 11:13,0
06/01/2020 11:18,0
06/01/2020 11:23,0
06/01/2020 11:28,0
06/01/2020 11:33,0
06/01/2020 11:38,0
06/01/2020 11:43,0
06/01/2020 11:48,0
06/01/2020 11:53,0
06/01/2020 11:58,0
06/01/2020 12:03,0
06/01/2020 12:08,0
06/01/2020 12:13,0
06/01/2020 12:18,0
06/01/2020 12:23,0
06/01/2020 12:28,0
06/01/2020 12:33,0
06/01/2020 12:38,0
06/01/2020 12:43,0
06/01/2020 12:48,0
06/01/2020 12:53,0
06/01/2020 12:58,0
06/01/2020 13:03,0
06/01/2020 13:08,0
06/01/2020 13:13,0
06/01/2020 13:18,0
06/01/2020 13:23,0
06/01/2020 13:28,0
06/01/2020 13:33,0
06/01/2020 13:38,0
06/01/2020 13:43,0
06/01/2020 13:48,0
06/01/2020 13:53,0
06/01/2020 13:58,0
06/01/2020 14:03,0
06/01/2020 14:08,0
06/01/2020 14:13,0
06/01/2020 14:18,0
06/01/2020 14:23,0
06/01/2020 14:28,0
06/01/2020 14:33,0
06/01/2020 14:38,0
06/01/2020 14:43,0
06/01/2020 14:48,0
06/01/2020 14:53,0
06/01/2020 14:58,0
06/01/2020 15:03,0
06/01/2020 15:08,0
06/01/2020 15:13,0
06/01/2020 15:18,0
06/01/2020 15:23,0
06/01/2020 15:28,0
06/01/2020 15:33,0
06/01/2020 15:38,0
06/01/2020 15:43,0
06/01/2020 15:48,0
06/01/2020 15:53,0
06/01/2020 15:58,0
06/01/2020 16:03,0
06/01/2020 16:08,0
06/01/2020 16:13,0
06/01/2020 16:18,0
06/01/2020 16:23,0
06/01/2020 16:28,0
06/01/2020 16:33,0
06/01/2020 16:38,0
06/01/2020 16:43,0
06/01/2020 16:48,0
06/01/2020 16:53,0
06/01/2020 16:58,0
06/01/2020 17:03,0
06/01/2020 17:08,0
06/01/2020 17:13,0
06/01/2020 17:18,0
06/01/2020 17:23,0
06/01/2020 17:28,0
06/01/2020 17:33,0
06/01/2020 17:38,0
06/01/2020 17:43,0
06/01/2020 17:48,0
06/01/2020 17:53,0
06/01/2020 17:58,0
06/01/2020 18:03,0
06/01/2020 18:08,0
06/01/2020 18:13,0
06/01/2020 18:18,0
06/01/2020 18:23,0
06/01/2020 18:28,0
06/01/2020 18:33,0
06/01/2020 18:38,0
06/01/2020 18:43,0
06/01/2020 18:48,0
06/01/2020 18:53,0
06/01/2020 18:58,0
06/01/2020 19:03,0
06/01/2020 19:08,0
06/01/2020 19:13,0
06/01/2020 19:18,0
06/01/2020 19:23,0
06/01/2020 19:28,0
06/01/2020 19:33,0
06/01/2020 19:38,0
06/01/2020 19:43,0
06/01/2020 19:48,0
06/01/2020 19:53,0
06/01/2020 19:58,0
06/01/2020 20:03,0
06/01/2020 20:08,0
06/01/2020 20:13,0
06/01/2020 20:18,0
06/01/2020 20:23,0
06/01/2020 20:28,0
06/01/2020 20:33,0
06/01/2020 20:38,0
06/01/2020 20:43,0
06/01/2020 20:48,0
06/01/2020 20:53,0
06/01/2020 20:58,0
06/01/2020 21:03,0
06/01/2020 21:08,0
06/01/2020 21:13,0
06/01/2020 21:18,0
06/01/2020 21:23,0
06/01/2020 21:28,0
06/01/2020 21:33,0
06/01/2020 21:38,0
06/01/2020 21:43,0
06/01/2020 21:48,0
06/01/2020 21:53,0
06/01/2020 21:58,0
06/01/2020 22:03,0
06/01/2020 22:08,0
06/01/2020 22:13,0
06/01/2020 22:18,0
06/01/2020 22:23,0
06/01/2020 22:28,0
06/01/2020 22:33,0
06/01/2020 22:38,0
06/01/2020 22:43,0
06/01/2020 22:48,0
06/01/2020 22:53,0
06/01/2020 22:58,0
06/01/2020 23:03,0
06/01/2020 23:08,0
06/01/2020 23:13,0
06/01/2020 23:18,0
06/01/2020 23:23,0
06/01/2020 23:28,0
06/01/2020 23:33,0
06/01/2020 23:38,0
06/01/2020 23:43,0
06/01/2020 23:48,0
06/01/2020 23:53,0
06/01/2020 23:58,0
07/01/2020 00:03,0
07/01/2020 00:08,0
07/01/2020 00:13,0
07/01/2020 00:18,0
07/01/2020 00:23,0
07/01/2020 00:28,0
07/01/2020 00:33,0
07/01/2020 00:38,0
07/01/2020 00:43,0
07/01/2020 00:48,0
07/01/2020 00:53,0
07/01/2020 00:58,0
07/01/2020 01:03,0
07/01/2020 01:08,0
07/01/2020 01:13,0
07/01/2020 01:18,0
07/01/2020 01:23,0
07/01/2020 01:28,0
07/01/2020 01:33,0
07/01/2020 01:38,0
07/01/2020 01:43,0
07/01/2020 01:48,0
07/01/2020 01:53,0
07/01/2020 01:58,0
07/01/2020 02:03,0
07/01/2020 02:08,0
07/01/2020 02:13,0
07/01/2020 02:18,0
07/01/2020 02:23,0
07/01/2020 02:28,0
07/01/2020 02:33,0
07/01/2020 02:38,0
07/01/2020 02:43,0
07/01/2020 02:48,0
07/01/2020 02:53,0
07/01/2020 02:58,0
07/01/2020 03:03,0
07/01/2020 03:08,0
07/01/2020 03:13,0
07/01/2020 03:18,0
07/01/2020 03:23,0
07/01/2020 03:28,0
07/01/2020 03:33,0
07/01/2020 03:38,0
07/01/2020 03:43,0
07/01/2020 03:48,0
07/01/2020 03:53,0
07/01/2020 03:58,0
07/01/2020 04:03,0
07/01/2020 04:08,0
07/01/2020 04:13,0
07/01/2020 04:18,0
07/01/2020 04:23,0
07/01/2020 04:28,0
07/01/2020 04:33,0
07/01/2020 04:38,0
07/01/2020 04:43,0
07/01/2020 04:48,0
07/01/2020 04:53,0
07/01/2020 04:58,0
07/01/2020 05:03,0
07/01/2020 05:08,0
07/01/2020 05:13,0
07/01/2020 05:18,0
07/01/2020 05:23,0
07/01/2020 05:28,0
07/01/2020 05:33,0
07/01/2020 05:38,0
07/01/2020 05:43,0
07/01/2020 05:48,0
07/01/2020 05:53,0
07/01/2020 05:58,0
07/01/2020 06:03,0
07/01/2020 06:08,0
07/01/2020 06:13,0
07/01/2020 06:18,0
07/01/2020 06:23,0
07/01/2020 06:28,0
07/01/2020 06:33,0
07/01/2020 06:38,0
07/01/2020 06:43,0
07/01/2020 06:48,0
07/01/2020 06:53,0
07/01/2020 06:58,0
07/01/2020 07:03,0
07/01/2020 07:08,0
07/01/2020 07:13,0
07/01/2020 07:18,0
07/01/2020 07:23,0
07/01/2020 07:28,0
07/01/2020 07:33,0
07/01/2020 07:38,0
07/01/2020 07:43,0
07/01/2020 07:48,0
07/01/2020 07:53,0
07/01/2020 07:58,0
07/01/2020 08:03,0
07/01/2020 08:08,0
07/01/2020 08:13,0
07/01/2020 08:18,0
07/01/2020 08:23,0
07/01/2020 08:28,0
07/01/2020 08:33,0
07/01/2020 08:38,0
07/01/2020 08:43,0
07/01/2020 08:48,0
07/01/2020 08:53,0
07/01/2020 08:58,0
07/01/2020 09:03,0
07/01/2020 09:08,0
07/01/2020 09:13,0
07/01/2020 09:18,0
07/01/2020 09:23,0
07/01/2020 09:28,0
07/01/2020 09:33,0
07/01/2020 09:38,0
07/01/2020 09:43,0
07/01/2020 09:48,0
07/01/2020 09:53,0
07/01/2020 09:58,0
07/01/2020 10:03,0
07/01/2020 10:08,0
07/01/2020 10:13,0
07/01/2020 10:18,0
07/01/2020 10:23,0
07/01/2020 10:28,0
07/01/2020 10:33,0
07/01/2020 10:38,0
07/01/2020 10:43,0
07/01/2020 10:48,0
07/01/2020 10:53,0
07/01/2020 10:58,0
07/01/2020 11:03,0
07/01/2020 11:08,0
07/01/2020 11:13,0
07/01/2020 11:18,0
07/01/2020 11:23,0
07/01/2020 11:28,0
07/01/2020 11:33,0
07/01/2020 11:38,0
07/01/2020 11:43,0
07/01/2020 11:48,0
07/01/2020 11:53,0
07/01/2020 11:58,0
07/01/2020 12:03,0
07/01/2020 12:08,0
07/01/2020 12:13,0
07/01/2020 12:18,0
07/01/2020 12:23,0
07/01/2020 12:28,0
07/01/2020 12:33,0
07/01/2020 12:38,0
07/01/2020 12:43,0
07/01/2020 12:48,0
07/01/2020 12:53,0
07/01/2020 12:58,0
07/01/2020 13:03,0
07/01/2020 13:08,0
07/01/2020 13:13,0
07/01/2020 13:18,0
07/01/2020 13:23,0
07/01/2020 13:28,0
07/01/2020 13:33,0
07/01/2020 13:38,0
07/01/2020 13:43,0
07/01/2020 13:48,0
07/01/2020 13:53,0
07/01/2020 13:58,0
07/01/2020 14:03,0
07/01/2020 14:08,0
07/01/2020 14:13,0
07/01/2020 14:18,0
07/01/2020 14:23,0
07/01/2020 14:28,0
07/01/2020 14:33,0
07/01/2020 14:38,0
07/01/2020 14:43,0
07/01/2020 14:48,0
07/01/2020 14:53,0
07/01/2020 14:58,0
07/01/2020 15:03,0
07/01/2020 15:08,0
07/01/2020 15:13,0
07/01/2020 15:18,0
07/01/2020 15:23,0
07/01/2020 15:28,0
07/01/2020 15:33,0
07/01/2020 15:38,0
07/01/2020 15:43,0
07/01/2020 15:48,0
07/01/2020 15:53,0
07/01/2020 15:58,0
07/01/2020 16:03,0
07/01/2020 16:08,0
07/01/2020 16:13,0
07/01/2020 16:18,0
07/01/2020 16:23,0
07/01/2020 16:28,0
07/01/2020 16:33,0
07/01/2020 16:38,0
07/01/2020 16:43,0
07/01/2020 16:48,0
07/01/2020 16:53,0
07/01/2020 16:58,0
07/01/2020 17:03,0
07/01/2020 17:08,0
07/01/2020 17:13,0
07/01/2020 17:18,0
07/01/2020 17:23,0
07/01/2020 17:28,0
07/01/2020 17:33,0
07/01/2020 17:38,0
07/01/2020 17:43,0
07/01/2020 17:48,0
07/01/2020 17:53,0
07/01/2020 17:58,0
07/01/2020 18:03,0
07/01/2020 18:08,0
07/01/2020 18:13,0
07/01/2020 18:18,0
07/01/2020 18:23,0
07/01/2020 18:28,0
07/01/2020 18:33,0
07/01/2020 18:38,0
07/01/2020 18:43,0
07/01/2020 18:48,0
07/01/2020 18:53,0
07/01/2020 18:58,0
07/01/2020 19:03,0
07/01/2020 19:08,0
07/01/2020 19:13,0
07/01/2020 19:18,0
07/01/2020 19:23,0
07/01/2020 19:28,0
07/01/2020 19:33,0
07/01/2020 19:38,0
07/01/2020 19:43,0
07/01/2020 19:48,0
07/01/2020 19:53,0
07/01/2020 19:58,0
07/01/2020 20:03,0
07/01/2020 20:08,0
07/01/2020 20:13,0
07/01/2020 20:18,0
07/01/2020 20:23,0.70871133
07/01/2020 20:28,0.354355665
07/01/2020 20:33,0.354355665
07/01/2020 20:38,0
07/01/2020 20:43,0
07/01/2020 20:48,0
07/01/2020 20:53,0
07/01/2020 20:58,0
07/01/2020 21:03,0
07/01/2020 21:08,0
07/01/2020 21:13,0
07/01/2020 21:18,0.354355665
07/01/2020 21:23,0
07/01/2020 21:28,0
07/01/2020 21:33,0
07/01/2020 21:38,0
07/01/2020 21:43,0
07/01/2020 21:48,0
07/01/2020 21:53,0
07/01/2020 21:58,0
07/01/2020 22:03,0
07/01/2020 22:08,0
07/01/2020 22:13,0
07/01/2020 22:18,0
07/01/2020 22:23,0
07/01/2020 22:28,0
07/01/2020 22:33,0
07/01/2020 22:38,0
07/01/2020 22:43,0
07/01/2020 22:48,0
07/01/2020 22:53,0
07/01/2020 22:58,0
07/01/2020 23:03,0
07/01/2020 23:08,0
07/01/2020 23:13,0
07/01/2020 23:18,0
07/01/2020 23:23,0
07/01/2020 23:28,0
07/01/2020 23:33,0
07/01/2020 23:38,0
07/01/2020 23:43,0
07/01/2020 23:48,0
07/01/2020 23:53,0
07/01/2020 23:58,0
08/01/2020 00:03,0
08/01/2020 00:08,0
08/01/2020 00:13,0
08/01/2020 00:18,0
08/01/2020 00:23,0
08/01/2020 00:28,0
08/01/2020 00:33,0
08/01/2020 00:38,0
08/01/2020 00:43,0
08/01/2020 00:48,0
08/01/2020 00:53,0
08/01/2020 00:58,0
08/01/2020 01:03,0
08/01/2020 01:08,0
08/01/2020 01:13,0
08/01/2020 01:18,0
08/01/2020 01:23,0
08/01/2020 01:28,0
08/01/2020 01:33,0
08/01/2020 01:38,0
08/01/2020 01:43,0
08/01/2020 01:48,0
08/01/2020 01:53,0
08/01/2020 01:58,0
08/01/2020 02:03,0
08/01/2020 02:08,0
08/01/2020 02:13,0
08/01/2020 02:18,0
08/01/2020 02:23,0
08/01/2020 02:28,0
08/01/2020 02:33,0
08/01/2020 02:38,0
08/01/2020 02:43,0
08/01/2020 02:48,0
08/01/2020 02:53,0
08/01/2020 02:58,0
08/01/2020 03:03,0
08/01/2020 03:08,0
08/01/2020 03:13,0
08/01/2020 03:18,0
08/01/2020 03:23,0
08/01/2020 03:28,0
08/01/2020 03:33,0
08/01/2020 03:38,0
08/01/2020 03:43,0
08/01/2020 03:48,0
08/01/2020 03:53,0
08/01/2020 03:58,0
08/01/2020 04:03,0
08/01/2020 04:08,0
08/01/2020 04:13,0
08/01/2020 04:18,0
08/01/2020 04:23,0
08/01/2020 04:28,0
08/01/2020 04:33,0
08/01/2020 04:38,0
08/01/2020 04:43,0
08/01/2020 04:48,0
08/01/2020 04:53,0
08/01/2020 04:58,0
08/01/2020 05:03,0
08/01/2020 05:08,0
08/01/2020 05:13,0
08/01/2020 05:18,0
08/01/2020 05:23,0
08/01/2020 05:28,0
08/01/2020 05:33,0
08/01/2020 05:38,0
08/01/2020 05:43,0
08/01/2020 05:48,0
08/01/2020 05:53,0
08/01/2020 05:58,0
08/01/2020 06:03,0
08/01/2020 06:08,0
08/01/2020 06:13,0
08/01/2020 06:18,0
08/01/2020 06:23,0
08/01/2020 06:28,0
08/01/2020 06:33,0
08/01/2020 06:38,0
08/01/2020 06:43,0
08/01/2020 06:48,0
08/01/2020 06:53,0
08/01/2020 06:58,0
08/01/2020 07:03,0
08/01/2020 07:08,0
08/01/2020 07:13,0
08/01/2020 07:18,0
08/01/2020 07:23,0
08/01/2020 07:28,0
08/01/2020 07:33,0
08/01/2020 07:38,0
08/01/2020 07:43,0
08/01/2020 07:48,0
08/01/2020 07:53,0
08/01/2020 07:58,0
08/01/2020 08:03,0
08/01/2020 08:08,0
08/01/2020 08:13,0
08/01/2020 08:18,0
08/01/2020 08:23,0
08/01/2020 08:28,0
08/01/2020 08:33,0
08/01/2020 08:38,0
08/01/2020 08:43,0
08/01/2020 08:48,0
08/01/2020 08:53,0
08/01/2020 08:58,0
08/01/2020 09:03,0
08/01/2020 09:08,0
08/01/2020 09:13,0
08/01/2020 09:18,0
08/01/2020 09:23,0
08/01/2020 09:28,0
08/01/2020 09:33,0
08/01/2020 09:38,0
08/01/2020 09:43,0
08/01/2020 09:48,0
08/01/2020 09:53,0
08/01/2020 09:58,0
08/01/2020 10:03,0
08/01/2020 10:08,0
08/01/2020 10:13,0
08/01/2020 10:18,0
08/01/2020 10:23,0
08/01/2020 10:28,0
08/01/2020 10:33,0
08/01/2020 10:38,0
08/01/2020 10:43,0
08/01/2020 10:48,0
08/01/2020 10:53,0
08/01/2020 10:58,0
08/01/2020 11:03,0
08/01/2020 11:08,0
08/01/2020 11:13,0
08/01/2020 11:18,0
08/01/2020 11:23,0
08/01/2020 11:28,0
08/01/2020 11:33,0
08/01/2020 11:38,0
08/01/2020 11:43,0
08/01/2020 11:48,0
08/01/2020 11:53,0
08/01/2020 11:58,0
08/01/2020 12:03,0
08/01/2020 12:08,0
08/01/2020 12:13,0
08/01/2020 12:18,0
08/01/2020 12:23,0
08/01/2020 12:28,0
08/01/2020 12:33,0
08/01/2020 12:38,0
08/01/2020 12:43,0
08/01/2020 12:48,0
08/01/2020 12:53,0
08/01/2020 12:58,0
08/01/2020 13:03,0
08/01/2020 13:08,0
08/01/2020 13:13,0
08/01/2020 13:18,0
08/01/2020 13:23,0
08/01/2020 13:28,0
08/01/2020 13:33,0
08/01/2020 13:38,0
08/01/2020 13:43,0
08/01/2020 13:48,0
08/01/2020 13:53,0
08/01/2020 13:58,0
08/01/2020 14:03,0
08/01/2020 14:08,0
08/01/2020 14:13,0
08/01/2020 14:18,0
08/01/2020 14:23,0
08/01/2020 14:28,0
08/01/2020 14:33,0
08/01/2020 14:38,0
08/01/2020 14:43,0
08/01/2020 14:48,0
08/01/2020 14:53,0
08/01/2020 14:58,0
08/01/2020 15:03,0
08/01/2020 15:08,0
08/01/2020 15:13,0
08/01/2020 15:18,0
08/01/2020 15:23,0
08/01/2020 15:28,0
08/01/2020 15:33,0
08/01/2020 15:38,0
08/01/2020 15:43,0
08/01/2020 15:48,0
08/01/2020 15:53,0
08/01/2020 15:58,0
08/01/2020 16:03,0
08/01/2020 16:08,0
08/01/2020 16:13,0
08/01/2020 16:18,0
08/01/2020 16:23,0
08/01/2020 16:28,0
08/01/2020 16:33,0
08/01/2020 16:38,0
08/01/2020 16:43,0
08/01/2020 16:48,0
08/01/2020 16:53,0
08/01/2020 16:58,0
08/01/2020 17:03,0
08/01/2020 17:08,0
08/01/2020 17:13,0
08/01/2020 17:18,0
08/01/2020 17:23,0
08/01/2020 17:28,0
08/01/2020 17:33,0
08/01/2020 17:38,0
08/01/2020 17:43,0
08/01/2020 17:48,0
08/01/2020 17:53,0
08/01/2020 17:58,0
08/01/2020 18:03,0
08/01/2020 18:08,0
08/01/2020 18:13,0
08/01/2020 18:18,0
08/01/2020 18:23,0
08/01/2020 18:28,0
08/01/2020 18:33,0
08/01/2020 18:38,0
08/01/2020 18:43,0
08/01/2020 18:48,0
08/01/2020 18:53,0
08/01/2020 18:58,0
08/01/2020 19:03,0
08/01/2020 19:08,0
08/01/2020 19:13,0
08/01/2020 19:18,0
08/01/2020 19:23,0
08/01/2020 19:28,0
08/01/2020 19:33,0
08/01/2020 19:38,0
08/01/2020 19:43,0
08/01/2020 19:48,0
08/01/2020 19:53,0
08/01/2020 19:58,0
08/01/2020 20:03,0
08/01/2020 20:08,0
08/01/2020 20:13,0
08/01/2020 20:18,0
08/01/2020 20:23,0
08/01/2020 20:28,0
08/01/2020 20:33,0
08/01/2020 20:38,0
08/01/2020 20:43,0
08/01/2020 20:48,0
08/01/2020 20:53,0
08/01/2020 20:58,0
08/01/2020 21:03,0
08/01/2020 21:08,0
08/01/2020 21:13,0
08/01/2020 21:18,0
08/01/2020 21:23,0
08/01/2020 21:28,0
08/01/2020 21:33,0
08/01/2020 21:38,0
08/01/2020 21:43,0
08/01/2020 21:48,0
08/01/2020 21:53,0
08/01/2020 21:58,0
08/01/2020 22:03,0
08/01/2020 22:08,0
08/01/2020 22:13,0
08/01/2020 22:18,0
08/01/2020 22:23,0
08/01/2020 22:28,0
08/01/2020 22:33,0
08/01/2020 22:38,0
08/01/2020 22:43,0
08/01/2020 22:48,0
08/01/2020 22:53,0
08/01/2020 22:58,0
08/01/2020 23:03,0
08/01/2020 23:08,0
08/01/2020 23:13,0
08/01/2020 23:18,0
08/01/2020 23:23,0
08/01/2020 23:28,0
08/01/2020 23:33,0
08/01/2020 23:38,0
08/01/2020 23:43,0
08/01/2020 23:48,0
08/01/2020 23:53,0
08/01/2020 23:58,0
09/01/2020 00:03,0
09/01/2020 00:08,0
09/01/2020 00:13,0
09/01/2020 00:18,0
09/01/2020 00:23,0
09/01/2020 00:28,0
09/01/2020 00:33,0
09/01/2020 00:38,0
09/01/2020 00:43,0
09/01/2020 00:48,0
09/01/2020 00:53,0
09/01/2020 00:58,0
09/01/2020 01:03,0
09/01/2020 01:08,0
09/01/2020 01:13,0
09/01/2020 01:18,0
09/01/2020 01:23,0
09/01/2020 01:28,0
09/01/2020 01:33,0
09/01/2020 01:38,0
09/01/2020 01:43,0
09/01/2020 01:48,0
09/01/2020 01:53,0
09/01/2020 01:58,0
09/01/2020 02:03,0
09/01/2020 02:08,0
09/01/2020 02:13,0
09/01/2020 02:18,0
09/01/2020 02:23,0
09/01/2020 02:28,0
09/01/2020 02:33,0
09/01/2020 02:38,0
09/01/2020 02:43,0
09/01/2020 02:48,0
09/01/2020 02:53,0
09/01/2020 02:58,0
09/01/2020 03:03,0
09/01/2020 03:08,0
09/01/2020 03:13,0
09/01/2020 03:18,0
09/01/2020 03:23,0
09/01/2020 03:28,0
09/01/2020 03:33,0
09/01/2020 03:38,0
09/01/2020 03:43,0
09/01/2020 03:48,0
09/01/2020 03:53,0
09/01/2020 03:58,0
09/01/2020 04:03,0
09/01/2020 04:08,0
09/01/2020 04:13,0
09/01/2020 04:18,0
09/01/2020 04:23,0
09/01/2020 04:28,0
09/01/2020 04:33,0
09/01/2020 04:38,0
09/01/2020 04:43,0
09/01/2020 04:48,0
09/01/2020 04:53,0
09/01/2020 04:58,0
09/01/2020 05:03,0
09/01/2020 05:08,0
09/01/2020 05:13,0
09/01/2020 05:18,0
09/01/2020 05:23,0
09/01/2020 05:28,0
09/01/2020 05:33,0
09/01/2020 05:38,0
09/01/2020 05:43,0
09/01/2020 05:48,0
09/01/2020 05:53,0
09/01/2020 05:58,0
09/01/2020 06:03,0
09/01/2020 06:08,0
09/01/2020 06:13,0
09/01/2020 06:18,0
09/01/2020 06:23,0
09/01/2020 06:28,0
09/01/2020 06:33,0
09/01/2020 06:38,0
09/01/2020 06:43,0
09/01/2020 06:48,0
09/01/2020 06:53,0
09/01/2020 06:58,0
09/01/2020 07:03,0
09/01/2020 07:08,0
09/01/2020 07:13,0
09/01/2020 07:18,0
09/01/2020 07:23,0
09/01/2020 07:28,0
09/01/2020 07:33,0
09/01/2020 07:38,0
09/01/2020 07:43,0
09/01/2020 07:48,0
09/01/2020 07:53,0
09/01/2020 07:58,0
09/01/2020 08:03,0
09/01/2020 08:08,0
09/01/2020 08:13,0
09/01/2020 08:18,0
09/01/2020 08:23,0
09/01/2020 08:28,0
09/01/2020 08:33,0
09/01/2020 08:38,0
09/01/2020 08:43,0
09/01/2020 08:48,0
09/01/2020 08:53,0
09/01/2020 08:58,0
09/01/2020 09:03,0
09/01/2020 09:08,0
09/01/2020 09:13,0
09/01/2020 09:18,0
09/01/2020 09:23,0
09/01/2020 09:28,0
09/01/2020 09:33,0
09/01/2020 09:38,0
09/01/2020 09:43,0
09/01/2020 09:48,0
09/01/2020 09:53,0
09/01/2020 09:58,0
09/01/2020 10:03,0
09/01/2020 10:08,0
09/01/2020 10:13,0
09/01/2020 10:18,0
09/01/2020 10:23,0
09/01/2020 10:28,0
09/01/2020 10:33,0
09/01/2020 10:38,0
09/01/2020 10:43,0
09/01/2020 10:48,0
09/01/2020 10:53,0
09/01/2020 10:58,0
09/01/2020 11:03,0
09/01/2020 11:08,0
09/01/2020 11:13,0
09/01/2020 11:18,0
09/01/2020 11:23,0
09/01/2020 11:28,0
09/01/2020 11:33,0
09/01/2020 11:38,0
09/01/2020 11:43,0
09/01/2020 11:48,0
09/01/2020 11:53,0
09/01/2020 11:58,0
09/01/2020 12:03,0
09/01/2020 12:08,0
09/01/2020 12:13,0
09/01/2020 12:18,0
09/01/2020 12:23,0
09/01/2020 12:28,0
09/01/2020 12:33,0
09/01/2020 12:38,0
09/01/2020 12:43,0
09/01/2020 12:48,0
09/01/2020 12:53,0
09/01/2020 12:58,0
09/01/2020 13:03,0
09/01/2020 13:08,0
09/01/2020 13:13,0
09/01/2020 13:18,0
09/01/2020 13:23,0
09/01/2020 13:28,0
09/01/2020 13:33,0
09/01/2020 13:38,0
09/01/2020 13:43,0
09/01/2020 13:48,0
09/01/2020 13:53,0
09/01/2020 13:58,0
09/01/2020 14:03,0
09/01/2020 14:08,0
09/01/2020 14:13,0
09/01/2020 14:18,0
09/01/2020 14:23,0
09/01/2020 14:28,0
09/01/2020 14:33,0
09/01/2020 14:38,0
09/01/2020 14:43,0
09/01/2020 14:48,0
09/01/2020 14:53,0
09/01/2020 14:58,0
09/01/2020 15:03,0
09/01/2020 15:08,0
09/01/2020 15:13,0
09/01/2020 15:18,0
09/01/2020 15:23,0
09/01/2020 15:28,0
09/01/2020 15:33,0
09/01/2020 15:38,0
09/01/2020 15:43,0
09/01/2020 15:48,0
09/01/2020 15:53,0
09/01/2020 15:58,0
09/01/2020 16:03,0
09/01/2020 16:08,0
09/01/2020 16:13,0
09/01/2020 16:18,0
09/01/2020 16:23,0
09/01/2020 16:28,0
09/01/2020 16:33,0
09/01/2020 16:38,0
09/01/2020 16:43,0
09/01/2020 16:48,0
09/01/2020 16:53,0
09/01/2020 16:58,0
09/01/2020 17:03,0
09/01/2020 17:08,0
09/01/2020 17:13,0
09/01/2020 17:18,0
09/01/2020 17:23,0
09/01/2020 17:28,0
09/01/2020 17:33,0
09/01/2020 17:38,0
09/01/2020 17:43,0
09/01/2020 17:48,0
09/01/2020 17:53,0
09/01/2020 17:58,0
09/01/2020 18:03,0
09/01/2020 18:08,0
09/01/2020 18:13,0
09/01/2020 18:18,0
09/01/2020 18:23,0
09/01/2020 18:28,0
09/01/2020 18:33,0
09/01/2020 18:38,0
09/01/2020 18:43,0
09/01/2020 18:48,0
09/01/2020 18:53,0
09/01/2020 18:58,0
09/01/2020 19:03,0
09/01/2020 19:08,0
09/01/2020 19:13,0
09/01/2020 19:18,0
09/01/2020 19:23,0
09/01/2020 19:28,0
09/01/2020 19:33,0
09/01/2020 19:38,0
09/01/2020 19:43,0
09/01/2020 19:48,0
09/01/2020 19:53,0
09/01/2020 19:58,0
09/01/2020 20:03,0
09/01/2020 20:08,0
09/01/2020 20:13,0
09/01/2020 20:18,0
09/01/2020 20:23,0
09/01/2020 20:28,0
09/01/2020 20:33,0
09/01/2020 20:38,0
09/01/2020 20:43,0
09/01/2020 20:48,0
09/01/2020 20:53,0
09/01/2020 20:58,0
09/01/2020 21:03,0
09/01/2020 21:08,0
09/01/2020 21:13,0
09/01/2020 21:18,0
09/01/2020 21:23,0
09/01/2020 21:28,0
09/01/2020 21:33,0
09/01/2020 21:38,0
09/01/2020 21:43,0
09/01/2020 21:48,0
09/01/2020 21:53,0
09/01/2020 21:58,0
09/01/2020 22:03,0
09/01/2020 22:08,0
09/01/2020 22:13,0
09/01/2020 22:18,0
09/01/2020 22:23,0
09/01/2020 22:28,0
09/01/2020 22:33,0
09/01/2020 22:38,0
09/01/2020 22:43,0
09/01/2020 22:48,0
09/01/2020 22:53,0
09/01/2020 22:58,0
09/01/2020 23:03,0
09/01/2020 23:08,0
09/01/2020 23:13,0
09/01/2020 23:18,0
09/01/2020 23:23,0
09/01/2020 23:28,0
09/01/2020 23:33,0
09/01/2020 23:38,0
09/01/2020 23:43,0
09/01/2020 23:48,0
09/01/2020 23:53,0
09/01/2020 23:58,0
10/01/2020 00:03,0
10/01/2020 00:08,0
10/01/2020 00:13,0
10/01/2020 00:18,0
10/01/2020 00:23,0
10/01/2020 00:28,0
10/01/2020 00:33,0
10/01/2020 00:38,0
10/01/2020 00:43,0
10/01/2020 00:48,0
10/01/2020 00:53,0
10/01/2020 00:58,0
10/01/2020 01:03,0
10/01/2020 01:08,0
10/01/2020 01:13,0
10/01/2020 01:18,0
10/01/2020 01:23,0
10/01/2020 01:28,0
10/01/2020 01:33,0
10/01/2020 01:38,0
10/01/2020 01:43,0
10/01/2020 01:48,0
10/01/2020 01:53,0
10/01/2020 01:58,0
10/01/2020 02:03,0
10/01/2020 02:08,0
10/01/2020 02:13,0
10/01/2020 02:18,0
10/01/2020 02:23,0
10/01/2020 02:28,0
10/01/2020 02:33,0
10/01/2020 02:38,0
10/01/2020 02:43,0
10/01/2020 02:48,0
10/01/2020 02:53,0
10/01/2020 02:58,0
10/01/2020 03:03,0
10/01/2020 03:08,0
10/01/2020 03:13,0
10/01/2020 03:18,0
10/01/2020 03:23,0
10/01/2020 03:28,0
10/01/2020 03:33,0
10/01/2020 03:38,0
10/01/2020 03:43,0
10/01/2020 03:48,0
10/01/2020 03:53,0
10/01/2020 03:58,0
10/01/2020 04:03,0
10/01/2020 04:08,0
10/01/2020 04:13,0
10/01/2020 04:18,0
10/01/2020 04:23,0
10/01/2020 04:28,0
10/01/2020 04:33,0
10/01/2020 04:38,0
10/01/2020 04:43,0
10/01/2020 04:48,0
10/01/2020 04:53,0
10/01/2020 04:58,0
10/01/2020 05:03,0
10/01/2020 05:08,0
10/01/2020 05:13,0
10/01/2020 05:18,0
10/01/2020 05:23,0
10/01/2020 05:28,0
10/01/2020 05:33,0
10/01/2020 05:38,0
10/01/2020 05:43,0
10/01/2020 05:48,0
10/01/2020 05:53,0
10/01/2020 05:58,0
10/01/2020 06:03,0
10/01/2020 06:08,0
10/01/2020 06:13,0
10/01/2020 06:18,0
10/01/2020 06:23,0
10/01/2020 06:28,0
10/01/2020 06:33,0
10/01/2020 06:38,0
10/01/2020 06:43,0
10/01/2020 06:48,0
10/01/2020 06:53,0
10/01/2020 06:58,0
10/01/2020 07:03,0
10/01/2020 07:08,0
10/01/2020 07:13,0
10/01/2020 07:18,0
10/01/2020 07:23,0
10/01/2020 07:28,0
10/01/2020 07:33,0
10/01/2020 07:38,0
10/01/2020 07:43,0
10/01/2020 07:48,0
10/01/2020 07:53,0
10/01/2020 07:58,0
10/01/2020 08:03,0
10/01/2020 08:08,0
10/01/2020 08:13,0
10/01/2020 08:18,0
10/01/2020 08:23,0
10/01/2020 08:28,0
10/01/2020 08:33,0
10/01/2020 08:38,0
10/01/2020 08:43,0
10/01/2020 08:48,0
10/01/2020 08:53,0
10/01/2020 08:58,0
10/01/2020 09:03,0
10/01/2020 09:08,0
10/01/2020 09:13,0
10/01/2020 09:18,0
10/01/2020 09:23,0
10/01/2020 09:28,0
10/01/2020 09:33,0
10/01/2020 09:38,0
10/01/2020 09:43,0
10/01/2020 09:48,0
10/01/2020 09:53,0
10/01/2020 09:58,0
10/01/2020 10:03,0
10/01/2020 10:08,0
10/01/2020 10:13,0
10/01/2020 10:18,0
10/01/2020 10:23,0
10/01/2020 10:28,0
10/01/2020 10:33,0
10/01/2020 10:38,0
10/01/2020 10:43,0
10/01/2020 10:48,0
10/01/2020 10:53,0
10/01/2020 10:58,0
10/01/2020 11:03,0
10/01/2020 11:08,0
10/01/2020 11:13,0
10/01/2020 11:18,0
10/01/2020 11:23,0
10/01/2020 11:28,0
10/01/2020 11:33,0
10/01/2020 11:38,0
10/01/2020 11:43,0
10/01/2020 11:48,0
10/01/2020 11:53,0
10/01/2020 11:58,0
10/01/2020 12:03,0
10/01/2020 12:08,0
10/01/2020 12:13,0
10/01/2020 12:18,0
10/01/2020 12:23,0
10/01/2020 12:28,0
10/01/2020 12:33,0
10/01/2020 12:38,0
10/01/2020 12:43,0
10/01/2020 12:48,0
10/01/2020 12:53,0
10/01/2020 12:58,0
10/01/2020 13:03,0
10/01/2020 13:08,0
10/01/2020 13:13,0
10/01/2020 13:18,0
10/01/2020 13:23,0
10/01/2020 13:28,0
10/01/2020 13:33,0
10/01/2020 13:38,0
10/01/2020 13:43,0
10/01/2020 13:48,0
10/01/2020 13:53,0
10/01/2020 13:58,0
10/01/2020 14:03,0
10/01/2020 14:08,0
10/01/2020 14:13,0
10/01/2020 14:18,0.354355665
10/01/2020 14:23,0.354355665
10/01/2020 14:28,0
10/01/2020 14:33,0.354355665
10/01/2020 14:38,0
10/01/2020 14:43,0
10/01/2020 14:48,0
10/01/2020 14:53,0.354355665
10/01/2020 14:58,0
10/01/2020 15:03,0
10/01/2020 15:08,0.354355665
10/01/2020 15:13,0
10/01/2020 15:18,0.354355665
10/01/2020 15:23,0
10/01/2020 15:28,0
10/01/2020 15:33,0.354355665
10/01/2020 15:38,0.354355665
10/01/2020 15:43,0
10/01/2020 15:48,0.354355665
10/01/2020 15:53,0.354355665
10/01/2020 15:58,0
10/01/2020 16:03,0.70871133
10/01/2020 16:08,0.70871133
10/01/2020 16:13,1.063066996
10/01/2020 16:18,0.70871133
10/01/2020 16:23,0.354355665
10/01/2020 16:28,0.354355665
10/01/2020 16:33,0.354355665
10/01/2020 16:38,0.354355665
10/01/2020 16:43,0.354355665
10/01/2020 16:48,0.354355665
10/01/2020 16:53,0.354355665
10/01/2020 16:58,0.70871133
10/01/2020 17:03,0.354355665
10/01/2020 17:08,0.354355665
10/01/2020 17:13,0.354355665
10/01/2020 17:18,0.354355665
10/01/2020 17:23,0
10/01/2020 17:28,0
10/01/2020 17:33,0.354355665
10/01/2020 17:38,0
10/01/2020 17:43,0
10/01/2020 17:48,0
10/01/2020 17:53,0
10/01/2020 17:58,0
10/01/2020 18:03,0
10/01/2020 18:08,0
10/01/2020 18:13,0
10/01/2020 18:18,0
10/01/2020 18:23,0
10/01/2020 18:28,0
10/01/2020 18:33,0
10/01/2020 18:38,0.354355665
10/01/2020 18:43,0
10/01/2020 18:48,0
10/01/2020 18:53,0
10/01/2020 18:58,0
10/01/2020 19:03,0
10/01/2020 19:08,0
10/01/2020 19:13,0
10/01/2020 19:18,0
10/01/2020 19:23,0
10/01/2020 19:28,0
10/01/2020 19:33,0
10/01/2020 19:38,0
10/01/2020 19:43,0
10/01/2020 19:48,0
10/01/2020 19:53,0
10/01/2020 19:58,0
10/01/2020 20:03,0
10/01/2020 20:08,0.354355665
10/01/2020 20:13,0
10/01/2020 20:18,0
10/01/2020 20:23,0
10/01/2020 20:28,0
10/01/2020 20:33,0
10/01/2020 20:38,0
10/01/2020 20:43,0
10/01/2020 20:48,0
10/01/2020 20:53,0
10/01/2020 20:58,0
10/01/2020 21:03,0
10/01/2020 21:08,0
10/01/2020 21:13,0
10/01/2020 21:18,0
10/01/2020 21:23,0
10/01/2020 21:28,0
10/01/2020 21:33,0
10/01/2020 21:38,0
10/01/2020 21:43,0
10/01/2020 21:48,0
10/01/2020 21:53,0
10/01/2020 21:58,0
10/01/2020 22:03,0
10/01/2020 22:08,0
10/01/2020 22:13,0
10/01/2020 22:18,0
10/01/2020 22:23,0
10/01/2020 22:28,0
10/01/2020 22:33,0
10/01/2020 22:38,0
10/01/2020 22:43,0
10/01/2020 22:48,0.354355665
10/01/2020 22:53,0
10/01/2020 22:58,0
10/01/2020 23:03,0
10/01/2020 23:08,0
10/01/2020 23:13,0
10/01/2020 23:18,0
10/01/2020 23:23,0
10/01/2020 23:28,0
10/01/2020 23:33,0
10/01/2020 23:38,0
10/01/2020 23:43,0
10/01/2020 23:48,0
10/01/2020 23:53,0
10/01/2020 23:58,0
11/01/2020 00:03,0
11/01/2020 00:08,0
11/01/2020 00:13,0
11/01/2020 00:18,0
11/01/2020 00:23,0
11/01/2020 00:28,0
11/01/2020 00:33,0
11/01/2020 00:38,0
11/01/2020 00:43,0
11/01/2020 00:48,0
11/01/2020 00:53,0
11/01/2020 00:58,0
11/01/2020 01:03,0
11/01/2020 01:08,0
11/01/2020 01:13,0
11/01/2020 01:18,0
11/01/2020 01:23,0
11/01/2020 01:28,0
11/01/2020 01:33,0
11/01/2020 01:38,0
11/01/2020 01:43,0
11/01/2020 01:48,0
11/01/2020 01:53,0
11/01/2020 01:58,0
11/01/2020 02:03,0
11/01/2020 02:08,0
11/01/2020 02:13,0
11/01/2020 02:18,0
11/01/2020 02:23,0
11/01/2020 02:28,0
11/01/2020 02:33,0
11/01/2020 02:38,0
11/01/2020 02:43,0
11/01/2020 02:48,0
11/01/2020 02:53,0
11/01/2020 02:58,0
11/01/2020 03:03,0
11/01/2020 03:08,0
11/01/2020 03:13,0
11/01/2020 03:18,0
11/01/2020 03:23,0
11/01/2020 03:28,0
11/01/2020 03:33,0
11/01/2020 03:38,0
11/01/2020 03:43,0
11/01/2020 03:48,0
11/01/2020 03:53,0
11/01/2020 03:58,0
11/01/2020 04:03,0
11/01/2020 04:08,0
11/01/2020 04:13,0
11/01/2020 04:18,0
11/01/2020 04:23,0
11/01/2020 04:28,0
11/01/2020 04:33,0
11/01/2020 04:38,0
11/01/2020 04:43,0
11/01/2020 04:48,0
11/01/2020 04:53,0
11/01/2020 04:58,0
11/01/2020 05:03,0
11/01/2020 05:08,0
11/01/2020 05:13,0
11/01/2020 05:18,0
11/01/2020 05:23,0
11/01/2020 05:28,0
11/01/2020 05:33,0
11/01/2020 05:38,0
11/01/2020 05:43,0
11/01/2020 05:48,0
11/01/2020 05:53,0
11/01/2020 05:58,0
11/01/2020 06:03,0
11/01/2020 06:08,0
11/01/2020 06:13,0
11/01/2020 06:18,0
11/01/2020 06:23,0
11/01/2020 06:28,0
11/01/2020 06:33,0
11/01/2020 06:38,0
11/01/2020 06:43,0
11/01/2020 06:48,0
11/01/2020 06:53,0
11/01/2020 06:58,0
11/01/2020 07:03,0
11/01/2020 07:08,0
11/01/2020 07:13,0
11/01/2020 07:18,0
11/01/2020 07:23,0
11/01/2020 07:28,0
11/01/2020 07:33,0
11/01/2020 07:38,0
11/01/2020 07:43,0
11/01/2020 07:48,0
11/01/2020 07:53,0
11/01/2020 07:58,0
11/01/2020 08:03,0
11/01/2020 08:08,0
11/01/2020 08:13,0
11/01/2020 08:18,0
11/01/2020 08:23,0
11/01/2020 08:28,0
11/01/2020 08:33,0
11/01/2020 08:38,0
11/01/2020 08:43,0
11/01/2020 08:48,0
11/01/2020 08:53,0
11/01/2020 08:58,0
11/01/2020 09:03,0.354355665
11/01/2020 09:08,0
11/01/2020 09:13,0
11/01/2020 09:18,0
11/01/2020 09:23,0
11/01/2020 09:28,0
11/01/2020 09:33,0
11/01/2020 09:38,0
11/01/2020 09:43,0
11/01/2020 09:48,0
11/01/2020 09:53,0
11/01/2020 09:58,0
11/01/2020 10:03,0
11/01/2020 10:08,0
11/01/2020 10:13,0
11/01/2020 10:18,0
11/01/2020 10:23,0
11/01/2020 10:28,0
11/01/2020 10:33,0
11/01/2020 10:38,0
11/01/2020 10:43,0
11/01/2020 10:48,0
11/01/2020 10:53,0
11/01/2020 10:58,0
11/01/2020 11:03,0
11/01/2020 11:08,0
11/01/2020 11:13,0
11/01/2020 11:18,0
11/01/2020 11:23,0
11/01/2020 11:28,0
11/01/2020 11:33,0
11/01/2020 11:38,0
11/01/2020 11:43,0
11/01/2020 11:48,0
11/01/2020 11:53,0
11/01/2020 11:58,0
11/01/2020 12:03,0
11/01/2020 12:08,0
11/01/2020 12:13,0
11/01/2020 12:18,0
11/01/2020 12:23,0
11/01/2020 12:28,0
11/01/2020 12:33,0
11/01/2020 12:38,0
11/01/2020 12:43,0
11/01/2020 12:48,0
11/01/2020 12:53,0
11/01/2020 12:58,0
11/01/2020 13:03,0
11/01/2020 13:08,0
11/01/2020 13:13,0
11/01/2020 13:18,0
11/01/2020 13:23,0
11/01/2020 13:28,0
11/01/2020 13:33,0
11/01/2020 13:38,0
11/01/2020 13:43,0
11/01/2020 13:48,0
11/01/2020 13:53,0
11/01/2020 13:58,0
11/01/2020 14:03,0
11/01/2020 14:08,0
11/01/2020 14:13,0
11/01/2020 14:18,0
11/01/2020 14:23,0
11/01/2020 14:28,0
11/01/2020 14:33,5.315334978
11/01/2020 14:38,0
11/01/2020 14:43,0
11/01/2020 14:48,0
11/01/2020 14:53,0
11/01/2020 14:58,0
11/01/2020 15:03,0
11/01/2020 15:08,0
11/01/2020 15:13,0
11/01/2020 15:18,0.354355665
11/01/2020 15:23,0
11/01/2020 15:28,0
11/01/2020 15:33,0
11/01/2020 15:38,0
11/01/2020 15:43,0
11/01/2020 15:48,0
11/01/2020 15:53,0
11/01/2020 15:58,0
11/01/2020 16:03,0
11/01/2020 16:08,0
11/01/2020 16:13,0.354355665
11/01/2020 16:18,0
11/01/2020 16:23,0
11/01/2020 16:28,0
11/01/2020 16:33,0
11/01/2020 16:38,0
11/01/2020 16:43,0
11/01/2020 16:48,0
11/01/2020 16:53,0
11/01/2020 16:58,0
11/01/2020 17:03,0
11/01/2020 17:08,0
11/01/2020 17:13,0
11/01/2020 17:18,0
11/01/2020 17:23,0
11/01/2020 17:28,0
11/01/2020 17:33,0
11/01/2020 17:38,0
11/01/2020 17:43,0
11/01/2020 17:48,0
11/01/2020 17:53,0
11/01/2020 17:58,0
11/01/2020 18:03,0
11/01/2020 18:08,0
11/01/2020 18:13,0
11/01/2020 18:18,0
11/01/2020 18:23,0
11/01/2020 18:28,0
11/01/2020 18:33,0
11/01/2020 18:38,0
11/01/2020 18:43,0
11/01/2020 18:48,0
11/01/2020 18:53,0
11/01/2020 18:58,0
11/01/2020 19:03,0
11/01/2020 19:08,0
11/01/2020 19:13,0
11/01/2020 19:18,0
11/01/2020 19:23,0
11/01/2020 19:28,0
11/01/2020 19:33,0
11/01/2020 19:38,0
11/01/2020 19:43,0
11/01/2020 19:48,0
11/01/2020 19:53,0
11/01/2020 19:58,0
11/01/2020 20:03,0
11/01/2020 20:08,0
11/01/2020 20:13,0
11/01/2020 20:18,0
11/01/2020 20:23,0
11/01/2020 20:28,0
11/01/2020 20:33,0
11/01/2020 20:38,0
11/01/2020 20:43,0
11/01/2020 20:48,0
11/01/2020 20:53,0
11/01/2020 20:58,0
11/01/2020 21:03,0
11/01/2020 21:08,0
11/01/2020 21:13,0
11/01/2020 21:18,0
11/01/2020 21:23,0
11/01/2020 21:28,0
11/01/2020 21:33,0
11/01/2020 21:38,0
11/01/2020 21:43,0
11/01/2020 21:48,0
11/01/2020 21:53,0
11/01/2020 21:58,0
11/01/2020 22:03,0
11/01/2020 22:08,0
11/01/2020 22:13,0
11/01/2020 22:18,0
11/01/2020 22:23,0
11/01/2020 22:28,0
11/01/2020 22:33,0
11/01/2020 22:38,0
11/01/2020 22:43,0
11/01/2020 22:48,0
11/01/2020 22:53,0
11/01/2020 22:58,0
11/01/2020 23:03,0
11/01/2020 23:08,0
11/01/2020 23:13,0
11/01/2020 23:18,0
11/01/2020 23:23,0
11/01/2020 23:28,0
11/01/2020 23:33,0
11/01/2020 23:38,0
11/01/2020 23:43,0
11/01/2020 23:48,0
11/01/2020 23:53,0
11/01/2020 23:58,0
12/01/2020 00:03,0
12/01/2020 00:08,0
12/01/2020 00:13,0
12/01/2020 00:18,0
12/01/2020 00:23,0
12/01/2020 00:28,0
12/01/2020 00:33,0
12/01/2020 00:38,0
12/01/2020 00:43,0
12/01/2020 00:48,0
12/01/2020 00:53,0
12/01/2020 06:07,0
12/01/2020 06:12,0
12/01/2020 06:17,0
12/01/2020 06:22,0
12/01/2020 06:27,0
12/01/2020 06:32,0
12/01/2020 06:37,0
12/01/2020 06:42,0
12/01/2020 06:47,0
12/01/2020 06:52,0
12/01/2020 06:57,0
12/01/2020 07:02,0
12/01/2020 07:07,0
12/01/2020 07:12,0
12/01/2020 07:17,0
12/01/2020 07:22,0
12/01/2020 07:27,0
12/01/2020 07:32,0
12/01/2020 07:37,0
12/01/2020 07:42,0
12/01/2020 07:47,0
12/01/2020 07:52,0
12/01/2020 07:57,0
12/01/2020 08:02,0
12/01/2020 08:07,0
12/01/2020 08:12,0
12/01/2020 08:17,0
12/01/2020 08:22,0
12/01/2020 08:27,0
12/01/2020 08:32,0
12/01/2020 08:37,0
12/01/2020 08:42,0
12/01/2020 08:47,0
12/01/2020 08:52,0
12/01/2020 08:57,0
12/01/2020 09:02,0
12/01/2020 09:07,0
12/01/2020 09:12,0
12/01/2020 09:17,0
12/01/2020 09:22,0
12/01/2020 09:27,0
12/01/2020 09:32,0
12/01/2020 09:37,0
12/01/2020 09:42,0
12/01/2020 09:47,0
12/01/2020 09:52,0
12/01/2020 09:57,0
12/01/2020 10:02,0
12/01/2020 10:07,0
12/01/2020 10:12,0
12/01/2020 10:17,0
12/01/2020 10:22,0
12/01/2020 10:27,0
12/01/2020 10:32,0
12/01/2020 10:37,0
12/01/2020 10:42,0
12/01/2020 10:47,0
12/01/2020 10:52,0
12/01/2020 10:57,0
12/01/2020 11:02,0
12/01/2020 11:07,0
12/01/2020 11:12,0
12/01/2020 11:17,0
12/01/2020 11:22,0
12/01/2020 11:27,0
12/01/2020 11:32,0
12/01/2020 11:37,0
12/01/2020 11:42,0
12/01/2020 11:47,0
12/01/2020 11:52,0
12/01/2020 11:57,0
12/01/2020 12:02,0
12/01/2020 12:07,0
12/01/2020 12:12,0
12/01/2020 12:17,0
12/01/2020 12:22,0
12/01/2020 12:27,0
12/01/2020 12:32,0
12/01/2020 12:37,0
12/01/2020 12:42,0
12/01/2020 12:47,0
12/01/2020 12:52,0
12/01/2020 12:57,0
12/01/2020 13:02,0
12/01/2020 13:07,0
12/01/2020 13:12,0
12/01/2020 13:17,0
12/01/2020 13:22,0
12/01/2020 13:27,0
12/01/2020 13:32,0
12/01/2020 13:37,0
12/01/2020 13:42,0
12/01/2020 13:47,0
12/01/2020 13:52,0
12/01/2020 13:57,0
12/01/2020 14:02,0
12/01/2020 14:07,0
12/01/2020 14:12,0
12/01/2020 14:17,0
12/01/2020 14:22,0
12/01/2020 14:27,0
12/01/2020 14:32,0
12/01/2020 14:37,0
12/01/2020 14:42,0
12/01/2020 14:47,0
12/01/2020 14:52,0
12/01/2020 14:57,0
12/01/2020 15:02,0
12/01/2020 15:07,0
12/01/2020 15:12,0
12/01/2020 15:17,0
12/01/2020 15:22,0
12/01/2020 15:27,0
12/01/2020 15:32,0
12/01/2020 15:37,0
12/01/2020 15:42,0
12/01/2020 15:47,0
12/01/2020 15:52,0
12/01/2020 15:57,0
12/01/2020 16:02,0
12/01/2020 16:07,0
12/01/2020 16:12,0
12/01/2020 16:17,0
12/01/2020 16:22,0
12/01/2020 16:27,0
12/01/2020 16:32,0
12/01/2020 16:37,0
12/01/2020 16:42,0
12/01/2020 16:47,0
12/01/2020 16:52,0
12/01/2020 16:57,0
12/01/2020 17:02,0
12/01/2020 17:07,0
12/01/2020 17:12,0
12/01/2020 17:17,0
12/01/2020 17:22,0
12/01/2020 17:27,0
12/01/2020 17:32,0
12/01/2020 17:37,0
12/01/2020 17:42,0
12/01/2020 17:47,0
12/01/2020 17:52,0
12/01/2020 17:57,0
12/01/2020 18:02,0
12/01/2020 18:07,0
12/01/2020 18:12,0
12/01/2020 18:17,0
12/01/2020 18:22,0
12/01/2020 18:27,0
12/01/2020 18:32,0
12/01/2020 18:37,0
12/01/2020 18:42,0
12/01/2020 18:47,0
12/01/2020 18:52,0
12/01/2020 18:57,0
12/01/2020 19:02,0
12/01/2020 19:07,0
12/01/2020 19:12,0
12/01/2020 19:17,0
12/01/2020 19:22,0
12/01/2020 19:27,0
12/01/2020 19:32,0
12/01/2020 19:37,0
12/01/2020 19:42,0
12/01/2020 19:47,0
12/01/2020 19:52,0
12/01/2020 19:57,0
12/01/2020 20:02,0
12/01/2020 20:07,0
12/01/2020 20:12,0
12/01/2020 20:17,0
12/01/2020 20:22,0
12/01/2020 20:27,0
12/01/2020 20:32,0
12/01/2020 20:37,0
12/01/2020 20:42,0
12/01/2020 20:47,0
12/01/2020 20:52,0
12/01/2020 20:57,0
12/01/2020 21:02,0
12/01/2020 21:07,0
12/01/2020 21:12,0
12/01/2020 21:17,0
12/01/2020 21:22,0
12/01/2020 21:27,0
12/01/2020 21:32,0
12/01/2020 21:37,0
12/01/2020 21:42,0
12/01/2020 21:47,0
12/01/2020 21:52,0
12/01/2020 21:57,0
12/01/2020 22:02,0
12/01/2020 22:07,0
12/01/2020 22:12,0
12/01/2020 22:17,0
12/01/2020 22:22,0
12/01/2020 22:27,0
12/01/2020 22:32,0
12/01/2020 22:37,0
12/01/2020 22:42,0
12/01/2020 22:47,0
12/01/2020 22:52,0
12/01/2020 22:57,0
12/01/2020 23:02,0
12/01/2020 23:07,0
12/01/2020 23:12,0
12/01/2020 23:17,0
12/01/2020 23:22,0
12/01/2020 23:27,0
12/01/2020 23:32,0
12/01/2020 23:37,0
12/01/2020 23:42,0
12/01/2020 23:47,0
12/01/2020 23:52,0
12/01/2020 23:57,0
13/01/2020 00:02,0
13/01/2020 00:07,0
13/01/2020 00:12,0
13/01/2020 00:17,0
13/01/2020 00:22,0
13/01/2020 00:27,0
13/01/2020 00:32,0
13/01/2020 00:37,0
13/01/2020 00:42,0
13/01/2020 00:47,0
13/01/2020 00:52,0
13/01/2020 00:57,0
13/01/2020 01:02,0
13/01/2020 01:07,0
13/01/2020 01:12,0
13/01/2020 01:17,0
13/01/2020 01:22,0
13/01/2020 01:27,0
13/01/2020 01:32,0
13/01/2020 01:37,0
13/01/2020 01:42,0
13/01/2020 01:47,0
13/01/2020 01:52,0
13/01/2020 01:57,0
13/01/2020 02:02,0
13/01/2020 02:07,0
13/01/2020 02:12,0
13/01/2020 02:17,0
13/01/2020 02:22,0
13/01/2020 02:27,0
13/01/2020 02:32,0
13/01/2020 02:37,0
13/01/2020 02:42,0
13/01/2020 02:47,0
13/01/2020 02:52,0
13/01/2020 02:57,0
13/01/2020 03:02,0
13/01/2020 03:07,0
13/01/2020 03:12,0
13/01/2020 03:17,0
13/01/2020 03:22,0
13/01/2020 03:27,0
13/01/2020 03:32,0
13/01/2020 03:37,0
13/01/2020 03:42,0
13/01/2020 03:47,0
13/01/2020 03:52,0
13/01/2020 03:57,0
13/01/2020 04:02,0
13/01/2020 04:07,0
13/01/2020 04:12,0
13/01/2020 04:17,0
13/01/2020 04:22,0
13/01/2020 04:27,0
13/01/2020 04:32,0
13/01/2020 04:37,0
13/01/2020 04:42,0
13/01/2020 04:47,0
13/01/2020 04:52,0
13/01/2020 04:57,0
13/01/2020 05:02,0
13/01/2020 05:07,0
13/01/2020 05:12,0
13/01/2020 05:17,0
13/01/2020 05:22,0
13/01/2020 05:27,0
13/01/2020 05:32,0
13/01/2020 05:37,0
13/01/2020 05:42,0
13/01/2020 05:47,0
13/01/2020 05:52,0
13/01/2020 05:57,0
13/01/2020 06:02,0
13/01/2020 06:07,0
13/01/2020 06:12,0
13/01/2020 06:17,0
13/01/2020 06:22,0
13/01/2020 06:27,0
13/01/2020 06:32,0
13/01/2020 06:37,0
13/01/2020 06:42,0
13/01/2020 06:47,0
13/01/2020 06:52,0
13/01/2020 06:57,0
13/01/2020 07:02,0
13/01/2020 07:07,0
13/01/2020 07:12,0
13/01/2020 07:17,0
13/01/2020 07:22,0
13/01/2020 07:27,0
13/01/2020 07:32,0
13/01/2020 07:37,0
13/01/2020 07:42,0
13/01/2020 07:47,0
13/01/2020 07:52,0
13/01/2020 07:57,0
13/01/2020 08:02,0
13/01/2020 08:07,0
13/01/2020 08:12,0
13/01/2020 08:17,0
13/01/2020 08:22,0
13/01/2020 08:27,0
13/01/2020 08:32,0
13/01/2020 08:37,0
13/01/2020 08:42,0
13/01/2020 08:47,0
13/01/2020 08:52,0
13/01/2020 08:57,0
13/01/2020 09:02,0
13/01/2020 09:07,0
13/01/2020 09:12,0
13/01/2020 09:17,0
13/01/2020 09:22,0
13/01/2020 09:27,0
13/01/2020 09:32,0
13/01/2020 09:37,0
13/01/2020 09:42,0
13/01/2020 09:47,0
13/01/2020 09:52,0
13/01/2020 09:57,0
13/01/2020 10:02,0
13/01/2020 10:07,0
13/01/2020 10:12,0
13/01/2020 10:17,0
13/01/2020 10:22,0
13/01/2020 10:27,0
13/01/2020 10:32,0
13/01/2020 10:37,0
13/01/2020 10:42,0
13/01/2020 10:47,0
13/01/2020 10:52,0
13/01/2020 10:57,0
13/01/2020 11:02,0
13/01/2020 11:07,0
13/01/2020 11:12,0
13/01/2020 11:17,0
13/01/2020 11:22,0
13/01/2020 11:27,0
13/01/2020 11:32,0
13/01/2020 11:37,0
13/01/2020 11:42,0
13/01/2020 11:47,0
13/01/2020 11:52,0
13/01/2020 11:57,0
13/01/2020 12:02,0
13/01/2020 12:07,0
13/01/2020 12:12,0
13/01/2020 12:17,0
13/01/2020 12:22,0
13/01/2020 12:27,0
13/01/2020 12:32,0
13/01/2020 12:37,0
13/01/2020 12:42,0
13/01/2020 12:47,0
13/01/2020 12:52,0
13/01/2020 12:57,0
13/01/2020 13:02,0
13/01/2020 13:07,0
13/01/2020 13:12,0
13/01/2020 13:17,0
13/01/2020 13:22,0
13/01/2020 13:27,0
13/01/2020 13:32,0
13/01/2020 13:37,0
13/01/2020 13:42,0
13/01/2020 13:47,0
13/01/2020 13:52,0
13/01/2020 13:57,0
13/01/2020 14:02,0
13/01/2020 14:07,0
13/01/2020 14:12,0
13/01/2020 14:17,0
13/01/2020 14:22,0
13/01/2020 14:27,0
13/01/2020 14:32,0
13/01/2020 14:37,0
13/01/2020 14:42,0
13/01/2020 14:47,0
13/01/2020 14:52,0
13/01/2020 14:57,0
13/01/2020 15:02,0
13/01/2020 15:07,0
13/01/2020 15:12,0
13/01/2020 15:17,0
13/01/2020 15:22,0
13/01/2020 15:27,0
13/01/2020 15:32,0
13/01/2020 15:37,0
13/01/2020 15:42,0
13/01/2020 15:47,0
13/01/2020 15:52,0
13/01/2020 15:57,0
13/01/2020 16:02,0
13/01/2020 16:07,0
13/01/2020 16:12,0
13/01/2020 16:17,0
13/01/2020 16:22,0
13/01/2020 16:27,0
13/01/2020 16:32,0
13/01/2020 16:37,0
13/01/2020 16:42,0
13/01/2020 16:47,0
13/01/2020 16:52,0
13/01/2020 16:57,0
13/01/2020 17:02,0
13/01/2020 17:07,0
13/01/2020 17:12,0
13/01/2020 17:17,0
13/01/2020 17:22,0
13/01/2020 17:27,0
13/01/2020 17:32,0
13/01/2020 17:37,0
13/01/2020 17:42,0
13/01/2020 17:47,0
13/01/2020 17:52,0
13/01/2020 17:57,0
13/01/2020 18:02,0
13/01/2020 18:07,0
13/01/2020 18:12,0
13/01/2020 18:17,0
13/01/2020 18:22,0
13/01/2020 18:27,0
13/01/2020 18:32,0
13/01/2020 18:37,0
13/01/2020 18:42,0
13/01/2020 18:47,0
13/01/2020 18:52,0
13/01/2020 18:57,0
13/01/2020 19:02,0
13/01/2020 19:07,0
13/01/2020 19:12,0
13/01/2020 19:17,0
13/01/2020 19:22,0
13/01/2020 19:27,0
13/01/2020 19:32,0
13/01/2020 19:37,0
13/01/2020 19:42,0
13/01/2020 19:47,0
13/01/2020 19:52,0
13/01/2020 19:57,0
13/01/2020 20:02,0
13/01/2020 20:07,0
13/01/2020 20:12,0
13/01/2020 20:17,0
13/01/2020 20:22,0
13/01/2020 20:27,0
13/01/2020 20:32,0
13/01/2020 20:37,0
13/01/2020 20:42,0
13/01/2020 20:47,0
13/01/2020 20:52,0
13/01/2020 20:57,0
13/01/2020 21:02,0
13/01/2020 21:07,0
13/01/2020 21:12,0
13/01/2020 21:17,0
13/01/2020 21:22,0
13/01/2020 21:27,0
13/01/2020 21:32,0
13/01/2020 21:37,0
13/01/2020 21:42,0
13/01/2020 21:47,0
13/01/2020 21:52,0
13/01/2020 21:57,0
13/01/2020 22:02,0
13/01/2020 22:07,0
13/01/2020 22:12,0
13/01/2020 22:17,0
13/01/2020 22:22,0
13/01/2020 22:27,0
13/01/2020 22:32,0
13/01/2020 22:37,0
13/01/2020 22:42,0
13/01/2020 22:47,0
13/01/2020 22:52,0
13/01/2020 22:57,0
13/01/2020 23:02,0
13/01/2020 23:07,0
13/01/2020 23:12,0
13/01/2020 23:17,0
13/01/2020 23:22,0
13/01/2020 23:27,0
13/01/2020 23:32,0
13/01/2020 23:37,0
13/01/2020 23:42,0
13/01/2020 23:47,0
13/01/2020 23:52,0
13/01/2020 23:57,0
14/01/2020 00:02,0
14/01/2020 00:07,0
14/01/2020 00:12,0
14/01/2020 00:17,0
14/01/2020 00:22,0
14/01/2020 00:27,0
14/01/2020 00:32,0
14/01/2020 00:37,0
14/01/2020 00:42,0
14/01/2020 00:47,0
14/01/2020 00:52,0
14/01/2020 00:57,0
14/01/2020 01:02,0
14/01/2020 01:07,0
14/01/2020 01:12,0
14/01/2020 01:17,0
14/01/2020 01:22,0
14/01/2020 01:27,0
14/01/2020 01:32,0
14/01/2020 01:37,0
14/01/2020 01:42,0
14/01/2020 01:47,0
14/01/2020 01:52,0
14/01/2020 01:57,0
14/01/2020 02:02,0
14/01/2020 02:07,0
14/01/2020 02:12,0
14/01/2020 02:17,0
14/01/2020 02:22,0
14/01/2020 02:27,0
14/01/2020 02:32,0
14/01/2020 02:37,0
14/01/2020 02:42,0
14/01/2020 02:47,0
14/01/2020 02:52,0
14/01/2020 02:57,0
14/01/2020 03:02,0
14/01/2020 03:07,0
14/01/2020 03:12,0
14/01/2020 03:17,0
14/01/2020 03:22,0
14/01/2020 03:27,0
14/01/2020 03:32,0
14/01/2020 03:37,0
14/01/2020 03:42,0
14/01/2020 03:47,0
14/01/2020 03:52,0
14/01/2020 03:57,0
14/01/2020 04:02,0
14/01/2020 04:07,0
14/01/2020 04:12,0
14/01/2020 04:17,0
14/01/2020 04:22,0
14/01/2020 04:27,0
14/01/2020 04:32,0
14/01/2020 04:37,0
14/01/2020 04:42,0
14/01/2020 04:47,0
14/01/2020 04:52,0
14/01/2020 04:57,0
14/01/2020 05:02,0
14/01/2020 05:07,0
14/01/2020 05:12,0
14/01/2020 05:17,0
14/01/2020 05:22,0
14/01/2020 05:27,0
14/01/2020 05:32,0
14/01/2020 05:37,0
14/01/2020 05:42,0
14/01/2020 05:47,0
14/01/2020 05:52,0
14/01/2020 05:57,0
14/01/2020 06:02,0
14/01/2020 06:07,0
14/01/2020 06:12,0
14/01/2020 06:17,0
14/01/2020 06:22,0
14/01/2020 06:27,0
14/01/2020 06:32,0
14/01/2020 06:37,0
14/01/2020 06:42,0
14/01/2020 06:47,0
14/01/2020 06:52,0
14/01/2020 06:57,0
14/01/2020 07:02,0
14/01/2020 07:07,0
14/01/2020 07:12,0
14/01/2020 07:17,0
14/01/2020 07:22,0
14/01/2020 07:27,0
14/01/2020 07:32,0
14/01/2020 07:37,0
14/01/2020 07:42,0
14/01/2020 07:47,0
14/01/2020 07:52,0
14/01/2020 07:57,0
14/01/2020 08:02,0
14/01/2020 08:07,0
14/01/2020 08:12,0
14/01/2020 08:17,0
14/01/2020 08:22,0
14/01/2020 08:27,0
14/01/2020 08:32,0
14/01/2020 08:37,0
14/01/2020 08:42,0
14/01/2020 08:47,0
14/01/2020 08:52,0
14/01/2020 08:57,0
14/01/2020 09:02,0
14/01/2020 09:07,0
14/01/2020 09:12,0
14/01/2020 09:17,0
14/01/2020 09:22,0
14/01/2020 09:27,0
14/01/2020 09:32,0
14/01/2020 09:37,0
14/01/2020 09:42,0
14/01/2020 09:47,0
14/01/2020 09:52,0
14/01/2020 09:57,0
14/01/2020 10:02,0
14/01/2020 10:07,0
14/01/2020 10:12,0
14/01/2020 10:17,0
14/01/2020 10:22,0
14/01/2020 10:27,0
14/01/2020 10:32,0
14/01/2020 10:37,0
14/01/2020 10:42,0
14/01/2020 10:47,0
14/01/2020 10:52,0
14/01/2020 10:57,0
14/01/2020 11:02,0
14/01/2020 11:07,0
14/01/2020 11:12,0
14/01/2020 11:17,0
14/01/2020 11:22,0
14/01/2020 11:27,0
14/01/2020 11:32,0
14/01/2020 11:37,0
14/01/2020 11:42,0
14/01/2020 11:47,0
14/01/2020 11:52,0
14/01/2020 11:57,0
14/01/2020 12:02,0
14/01/2020 12:07,0
14/01/2020 12:12,0
14/01/2020 12:17,0
14/01/2020 12:22,0
14/01/2020 12:27,0
14/01/2020 12:32,0
14/01/2020 12:37,0
14/01/2020 12:42,0
14/01/2020 12:47,0
14/01/2020 12:52,0
14/01/2020 12:57,0
14/01/2020 13:02,0
14/01/2020 13:07,0
14/01/2020 13:12,0
14/01/2020 13:17,0
14/01/2020 13:22,0
14/01/2020 13:27,0
14/01/2020 13:32,0
14/01/2020 13:37,0
14/01/2020 13:42,0
14/01/2020 13:47,0
14/01/2020 13:52,0
14/01/2020 13:57,0
14/01/2020 14:02,0
14/01/2020 14:07,0
14/01/2020 14:12,0
14/01/2020 14:17,0
14/01/2020 14:22,0
14/01/2020 14:27,0
14/01/2020 14:32,0
14/01/2020 14:37,0
14/01/2020 14:42,0
14/01/2020 14:47,0
14/01/2020 14:52,0
14/01/2020 14:57,0
14/01/2020 15:02,0
14/01/2020 15:07,0
14/01/2020 15:12,0
14/01/2020 15:17,0
14/01/2020 15:22,0
14/01/2020 15:27,0
14/01/2020 15:32,0
14/01/2020 15:37,0
14/01/2020 15:42,0
14/01/2020 15:47,0
14/01/2020 15:52,0
14/01/2020 15:57,0
14/01/2020 16:02,0
14/01/2020 16:07,0
14/01/2020 16:12,0
14/01/2020 16:17,0
14/01/2020 16:22,0
14/01/2020 16:27,0
14/01/2020 16:32,0
14/01/2020 16:37,0
14/01/2020 16:42,0
14/01/2020 16:47,0
14/01/2020 16:52,0
14/01/2020 16:57,0
14/01/2020 17:02,0
14/01/2020 17:07,0
14/01/2020 17:12,0
14/01/2020 17:17,0
14/01/2020 17:22,0
14/01/2020 17:27,0
14/01/2020 17:32,0
14/01/2020 17:37,0
14/01/2020 17:42,0
14/01/2020 17:47,0
14/01/2020 17:52,0
14/01/2020 17:57,0
14/01/2020 18:02,0
14/01/2020 18:07,0
14/01/2020 18:12,0
14/01/2020 18:17,0
14/01/2020 18:22,0
14/01/2020 18:27,0
14/01/2020 18:32,0
14/01/2020 18:37,0
14/01/2020 18:42,0
14/01/2020 18:47,0
14/01/2020 18:52,0
14/01/2020 18:57,0
14/01/2020 19:02,0
14/01/2020 19:07,0
14/01/2020 19:12,0
14/01/2020 19:17,0
14/01/2020 19:22,0
14/01/2020 19:27,0
14/01/2020 19:32,0
14/01/2020 19:37,0
14/01/2020 19:42,1.063066996
14/01/2020 19:47,3.543556652
14/01/2020 19:52,3.189200987
14/01/2020 19:57,0.354355665
14/01/2020 20:02,0
14/01/2020 20:07,0.354355665
14/01/2020 20:12,0
14/01/2020 20:17,0
14/01/2020 20:22,0
14/01/2020 20:27,0
14/01/2020 20:32,0
14/01/2020 20:37,0
14/01/2020 20:42,0
14/01/2020 20:47,0
14/01/2020 20:52,0
14/01/2020 20:57,0
14/01/2020 21:02,0
14/01/2020 21:07,0
14/01/2020 21:12,0
14/01/2020 21:17,0
14/01/2020 21:22,0
14/01/2020 21:27,0
14/01/2020 21:32,0
14/01/2020 21:37,0
14/01/2020 21:42,0
14/01/2020 21:47,0
14/01/2020 21:52,0
14/01/2020 21:57,0
14/01/2020 22:02,0
14/01/2020 22:07,0
14/01/2020 22:12,0
14/01/2020 22:17,0
14/01/2020 22:22,0
14/01/2020 22:27,0
14/01/2020 22:32,0
14/01/2020 22:37,0
14/01/2020 22:42,0
14/01/2020 22:47,1.771778326
14/01/2020 22:52,4.960979312
14/01/2020 22:57,0.70871133
14/01/2020 23:02,0.70871133
14/01/2020 23:07,0
14/01/2020 23:12,0
14/01/2020 23:17,0
14/01/2020 23:22,0
14/01/2020 23:27,0.354355665
14/01/2020 23:32,0
14/01/2020 23:37,0
14/01/2020 23:42,0
14/01/2020 23:47,0
14/01/2020 23:52,0
14/01/2020 23:57,0
15/01/2020 00:02,0
15/01/2020 00:07,0
15/01/2020 00:12,0
15/01/2020 00:17,0
15/01/2020 00:22,0
15/01/2020 00:27,0
15/01/2020 00:32,0
15/01/2020 00:37,0
15/01/2020 00:42,0
15/01/2020 00:47,0
15/01/2020 00:52,0
15/01/2020 00:57,0
15/01/2020 01:02,0
15/01/2020 01:07,0
15/01/2020 01:12,0
15/01/2020 01:17,0
15/01/2020 01:22,0
15/01/2020 01:27,0
15/01/2020 01:32,0
15/01/2020 01:37,0
15/01/2020 01:42,0
15/01/2020 01:47,0
15/01/2020 01:52,0
15/01/2020 01:57,0
15/01/2020 02:02,0.354355665
15/01/2020 02:07,0
15/01/2020 02:12,0
15/01/2020 02:17,0
15/01/2020 02:22,0
15/01/2020 02:27,0
15/01/2020 02:32,0
15/01/2020 02:37,0
15/01/2020 02:42,0
15/01/2020 02:47,0
15/01/2020 02:52,0
15/01/2020 02:57,0
15/01/2020 03:02,0
15/01/2020 03:07,0
15/01/2020 03:12,0
15/01/2020 03:17,0
15/01/2020 03:22,0
15/01/2020 03:27,0
15/01/2020 03:32,0
15/01/2020 03:37,0
15/01/2020 03:42,0
15/01/2020 03:47,0
15/01/2020 03:52,0
15/01/2020 03:57,0
15/01/2020 04:02,0
15/01/2020 04:07,0
15/01/2020 04:12,0
15/01/2020 04:17,0
15/01/2020 04:22,0
15/01/2020 04:27,0
15/01/2020 04:32,0
15/01/2020 04:37,0
15/01/2020 04:42,0
15/01/2020 04:47,0
15/01/2020 04:52,0
15/01/2020 04:57,0
15/01/2020 05:02,0
15/01/2020 05:07,0
15/01/2020 05:12,0
15/01/2020 05:17,0
15/01/2020 05:22,0
15/01/2020 05:27,0
15/01/2020 05:32,0
15/01/2020 05:37,0
15/01/2020 05:42,0
15/01/2020 05:47,0
15/01/2020 05:52,0
15/01/2020 05:57,0
15/01/2020 06:02,0
15/01/2020 06:07,0
15/01/2020 06:12,0
15/01/2020 06:17,0
15/01/2020 06:22,0
15/01/2020 06:27,0
15/01/2020 06:32,0
15/01/2020 06:37,0
15/01/2020 06:42,0
15/01/2020 06:47,0
15/01/2020 06:52,0
15/01/2020 06:57,0
15/01/2020 07:02,0
15/01/2020 07:07,0
15/01/2020 07:12,0
15/01/2020 07:17,0
15/01/2020 07:22,0
15/01/2020 07:27,0
15/01/2020 07:32,0
15/01/2020 07:37,0
15/01/2020 07:42,0
15/01/2020 07:47,0
15/01/2020 07:52,0
15/01/2020 07:57,0
15/01/2020 08:02,0
15/01/2020 08:07,0
15/01/2020 08:12,0
15/01/2020 08:17,0
15/01/2020 08:22,0
15/01/2020 08:27,0
15/01/2020 08:32,0
15/01/2020 08:37,0
15/01/2020 08:42,0
15/01/2020 08:47,0
15/01/2020 08:52,0
15/01/2020 08:57,0
15/01/2020 09:02,0
15/01/2020 09:07,0
15/01/2020 09:12,0
15/01/2020 09:17,0
15/01/2020 09:22,0
15/01/2020 09:27,0
15/01/2020 09:32,0
15/01/2020 09:37,0
15/01/2020 09:42,0
15/01/2020 09:47,0
15/01/2020 09:52,0
15/01/2020 09:57,0
15/01/2020 10:02,0
15/01/2020 10:07,0
15/01/2020 10:12,0
15/01/2020 10:17,0
15/01/2020 10:22,0
15/01/2020 10:27,0
15/01/2020 10:32,0
15/01/2020 10:37,0
15/01/2020 10:42,0
15/01/2020 10:47,0
15/01/2020 10:52,0
15/01/2020 10:57,0
15/01/2020 11:02,0
15/01/2020 11:07,0
15/01/2020 11:12,0
15/01/2020 11:17,0
15/01/2020 11:22,0
15/01/2020 11:27,0
15/01/2020 11:32,0
15/01/2020 11:37,0
15/01/2020 11:42,0
15/01/2020 11:47,0
15/01/2020 11:52,0
15/01/2020 11:57,0
15/01/2020 12:02,0
15/01/2020 12:07,0
15/01/2020 12:12,0
15/01/2020 12:17,0
15/01/2020 12:22,0
15/01/2020 12:27,0
15/01/2020 12:32,0
15/01/2020 12:37,0
15/01/2020 12:42,0
15/01/2020 12:47,0
15/01/2020 12:52,0
15/01/2020 12:57,0
15/01/2020 13:02,0
15/01/2020 13:07,0
15/01/2020 13:12,0
15/01/2020 13:17,0
15/01/2020 13:22,0
15/01/2020 13:27,1.771778326
15/01/2020 13:32,1.771778326
15/01/2020 13:37,0.70871133
15/01/2020 13:42,0
15/01/2020 13:47,1.063066996
15/01/2020 13:52,1.063066996
15/01/2020 13:57,0
15/01/2020 14:02,0
15/01/2020 14:07,0
15/01/2020 14:12,0
15/01/2020 14:17,0
15/01/2020 14:22,0
15/01/2020 14:27,0
15/01/2020 14:32,0
15/01/2020 14:37,0
15/01/2020 14:42,0
15/01/2020 14:47,0
15/01/2020 14:52,0
15/01/2020 14:57,0
15/01/2020 15:02,0
15/01/2020 15:07,0
15/01/2020 15:12,0
15/01/2020 15:17,0
15/01/2020 15:22,0
15/01/2020 15:27,0
15/01/2020 15:32,0
15/01/2020 15:37,0
15/01/2020 15:42,0
15/01/2020 15:47,0
15/01/2020 15:52,0
15/01/2020 15:57,0
15/01/2020 16:02,0
15/01/2020 16:07,0
15/01/2020 16:12,0
15/01/2020 16:17,0
15/01/2020 16:22,0
15/01/2020 16:27,0
15/01/2020 16:32,0
15/01/2020 16:37,0
15/01/2020 16:42,0
15/01/2020 16:47,0
15/01/2020 16:52,0
15/01/2020 16:57,0
15/01/2020 17:02,0
15/01/2020 17:07,0
15/01/2020 17:12,0
15/01/2020 17:17,0
15/01/2020 17:22,0
15/01/2020 17:27,0
15/01/2020 17:32,0
15/01/2020 17:37,0
15/01/2020 17:42,0
15/01/2020 17:47,0
15/01/2020 17:52,0
15/01/2020 17:57,0
15/01/2020 18:02,0
15/01/2020 18:07,0
15/01/2020 18:12,0
15/01/2020 18:17,0
15/01/2020 18:22,0
15/01/2020 18:27,0
15/01/2020 18:32,0
15/01/2020 18:37,0
15/01/2020 18:42,0
15/01/2020 18:47,0
15/01/2020 18:52,0
15/01/2020 18:57,0
15/01/2020 19:02,0
15/01/2020 19:07,0
15/01/2020 19:12,0
15/01/2020 19:17,0
15/01/2020 19:22,0
15/01/2020 19:27,0
15/01/2020 19:32,0
15/01/2020 19:37,0
15/01/2020 19:42,0
15/01/2020 19:47,0
15/01/2020 19:52,0
15/01/2020 19:57,0
15/01/2020 20:02,0
15/01/2020 20:07,0
15/01/2020 20:12,0
15/01/2020 20:17,0
15/01/2020 20:22,0
15/01/2020 20:27,0
15/01/2020 20:32,0
15/01/2020 20:37,0
15/01/2020 20:42,0
15/01/2020 20:47,0
15/01/2020 20:52,0
15/01/2020 20:57,0
15/01/2020 21:02,0
15/01/2020 21:07,0
15/01/2020 21:12,0
15/01/2020 21:17,0
15/01/2020 21:22,0
15/01/2020 21:27,0
15/01/2020 21:32,0
15/01/2020 21:37,0
15/01/2020 21:42,0
15/01/2020 21:47,0
15/01/2020 21:52,0
15/01/2020 21:57,0
15/01/2020 22:02,0
15/01/2020 22:07,0
15/01/2020 22:12,0
15/01/2020 22:17,0
15/01/2020 22:22,0
15/01/2020 22:27,0
15/01/2020 22:32,0
15/01/2020 22:37,0
15/01/2020 22:42,0
15/01/2020 22:47,0
15/01/2020 22:52,0
15/01/2020 22:57,0
15/01/2020 23:02,0
15/01/2020 23:07,0
15/01/2020 23:12,0
15/01/2020 23:17,0
15/01/2020 23:22,0
15/01/2020 23:27,0
15/01/2020 23:32,0
15/01/2020 23:37,0
15/01/2020 23:42,0
15/01/2020 23:47,0
15/01/2020 23:52,0
15/01/2020 23:57,0
16/01/2020 00:02,0
16/01/2020 00:07,0
16/01/2020 00:12,0
16/01/2020 00:17,0
16/01/2020 00:22,0
16/01/2020 00:27,0
16/01/2020 00:32,0
16/01/2020 00:37,0
16/01/2020 00:42,0
16/01/2020 00:47,0
16/01/2020 00:52,0
16/01/2020 00:57,0
16/01/2020 01:02,0
16/01/2020 01:07,0
16/01/2020 01:12,0
16/01/2020 01:17,0
16/01/2020 01:22,0
16/01/2020 01:27,0
16/01/2020 01:32,0
16/01/2020 01:37,0
16/01/2020 01:42,0
16/01/2020 01:47,0
16/01/2020 01:52,0
16/01/2020 01:57,0
16/01/2020 02:02,0
16/01/2020 02:07,0
16/01/2020 02:12,0
16/01/2020 02:17,0
16/01/2020 02:22,0
16/01/2020 02:27,0
16/01/2020 02:32,0
16/01/2020 02:37,0
16/01/2020 02:42,0
16/01/2020 02:47,0
16/01/2020 02:52,0
16/01/2020 02:57,0
16/01/2020 03:02,0
16/01/2020 03:07,0
16/01/2020 03:12,0
16/01/2020 03:17,0
16/01/2020 03:22,0
16/01/2020 03:27,0
16/01/2020 03:32,0
16/01/2020 03:37,0
16/01/2020 03:42,0
16/01/2020 03:47,0
16/01/2020 03:52,0
16/01/2020 03:57,0
16/01/2020 04:02,0
16/01/2020 04:07,0
16/01/2020 04:12,0
16/01/2020 04:17,0
16/01/2020 04:22,0
16/01/2020 04:27,0
16/01/2020 04:32,0
16/01/2020 04:37,0
16/01/2020 04:42,0
16/01/2020 04:47,0
16/01/2020 04:52,0
16/01/2020 04:57,0
16/01/2020 05:02,0
16/01/2020 05:07,0
16/01/2020 05:12,0
16/01/2020 05:17,0
16/01/2020 05:22,0
16/01/2020 05:27,0
16/01/2020 05:32,0
16/01/2020 05:37,0
16/01/2020 05:42,0
16/01/2020 05:47,0
16/01/2020 05:52,0
16/01/2020 05:57,0
16/01/2020 06:02,0
16/01/2020 06:07,0
16/01/2020 06:12,0
16/01/2020 06:17,0
16/01/2020 06:22,0
16/01/2020 06:27,0
16/01/2020 06:32,0
16/01/2020 06:37,0
16/01/2020 06:42,0
16/01/2020 06:47,0
16/01/2020 06:52,0
16/01/2020 06:57,0
16/01/2020 07:02,0
16/01/2020 07:07,0
16/01/2020 07:12,0
16/01/2020 07:17,0
16/01/2020 07:22,0
16/01/2020 07:27,0
16/01/2020 07:32,0
16/01/2020 07:37,0
16/01/2020 07:42,0
16/01/2020 07:47,0
16/01/2020 07:52,0
16/01/2020 07:57,0
16/01/2020 08:02,0
16/01/2020 08:07,0
16/01/2020 08:12,0
16/01/2020 08:17,0
16/01/2020 08:22,0
16/01/2020 08:27,0
16/01/2020 08:32,0
16/01/2020 08:37,0
16/01/2020 08:42,0
16/01/2020 08:47,0
16/01/2020 08:52,0
16/01/2020 08:57,0
16/01/2020 09:02,0
16/01/2020 09:07,0
16/01/2020 09:12,0
16/01/2020 09:17,0
16/01/2020 09:22,0
16/01/2020 09:27,0
16/01/2020 09:32,0
16/01/2020 09:37,0
16/01/2020 09:42,0
16/01/2020 09:47,0
16/01/2020 09:52,0
16/01/2020 09:57,0
16/01/2020 10:02,0
16/01/2020 10:07,0
16/01/2020 10:12,0
16/01/2020 10:17,0
16/01/2020 10:22,0
16/01/2020 10:27,0
16/01/2020 10:32,0
16/01/2020 10:37,0
16/01/2020 10:42,0
16/01/2020 10:47,0
16/01/2020 10:52,0
16/01/2020 10:57,0
16/01/2020 11:02,0
16/01/2020 11:07,0
16/01/2020 11:12,0
16/01/2020 11:17,0
16/01/2020 11:22,0
16/01/2020 11:27,0
16/01/2020 11:32,0
16/01/2020 11:37,0
16/01/2020 11:42,0
16/01/2020 11:47,0
16/01/2020 11:52,0
16/01/2020 11:57,0
16/01/2020 12:02,0
16/01/2020 12:07,0
16/01/2020 12:12,0
16/01/2020 12:17,0
16/01/2020 12:22,0
16/01/2020 12:27,0
16/01/2020 12:32,0
16/01/2020 12:37,0
16/01/2020 12:42,0
16/01/2020 12:47,0
16/01/2020 12:52,0
16/01/2020 12:57,0
16/01/2020 13:02,0
16/01/2020 13:07,0
16/01/2020 13:12,0
16/01/2020 13:17,0
16/01/2020 13:22,0
16/01/2020 13:27,0
16/01/2020 13:32,0
16/01/2020 13:37,0
16/01/2020 13:42,0
16/01/2020 13:47,0
16/01/2020 13:52,0
16/01/2020 13:57,0
16/01/2020 14:02,0
16/01/2020 14:07,0
16/01/2020 14:12,0
16/01/2020 14:17,0
16/01/2020 14:22,0
16/01/2020 14:27,0
16/01/2020 14:32,0
16/01/2020 14:37,0
16/01/2020 14:42,0
16/01/2020 14:47,0
16/01/2020 14:52,0
16/01/2020 14:57,0
16/01/2020 15:02,0
16/01/2020 15:07,0
16/01/2020 15:12,0
16/01/2020 15:17,0
16/01/2020 15:22,0
16/01/2020 15:27,0
16/01/2020 15:32,0
16/01/2020 15:37,0
16/01/2020 15:42,0
16/01/2020 15:47,0
16/01/2020 15:52,0
16/01/2020 15:57,0
16/01/2020 16:02,0
16/01/2020 16:07,0
16/01/2020 16:12,0
16/01/2020 16:17,0
16/01/2020 16:22,0
16/01/2020 16:27,0
16/01/2020 16:32,0
16/01/2020 16:37,0
16/01/2020 16:42,0
16/01/2020 16:47,0
16/01/2020 16:52,0
16/01/2020 16:57,0
16/01/2020 17:02,0
16/01/2020 17:07,0
16/01/2020 17:12,0
16/01/2020 17:17,0
16/01/2020 17:22,0
16/01/2020 17:27,0
16/01/2020 17:32,0
16/01/2020 17:37,0
16/01/2020 17:42,0
16/01/2020 17:47,0
16/01/2020 17:52,0
16/01/2020 17:57,0
16/01/2020 18:02,0
16/01/2020 18:07,0
16/01/2020 18:12,0
16/01/2020 18:17,0
16/01/2020 18:22,0
16/01/2020 18:27,0
16/01/2020 18:32,0
16/01/2020 18:37,0
16/01/2020 18:42,0
16/01/2020 18:47,0
16/01/2020 18:52,0
16/01/2020 18:57,0
16/01/2020 19:02,0
16/01/2020 19:07,0
16/01/2020 19:12,0
16/01/2020 19:17,0
16/01/2020 19:22,0
16/01/2020 19:27,0
16/01/2020 19:32,0
16/01/2020 19:37,0
16/01/2020 19:42,0
16/01/2020 19:47,0
16/01/2020 19:52,0
16/01/2020 19:57,0
16/01/2020 20:02,0
16/01/2020 20:07,0
16/01/2020 20:12,0
16/01/2020 20:17,0
16/01/2020 20:22,0
16/01/2020 20:27,0
16/01/2020 20:32,0
16/01/2020 20:37,0
16/01/2020 20:42,0
16/01/2020 20:47,0
16/01/2020 20:52,0
16/01/2020 20:57,0
16/01/2020 21:02,0
16/01/2020 21:07,0
16/01/2020 21:12,0
16/01/2020 21:17,0
16/01/2020 21:22,0
16/01/2020 21:27,0
16/01/2020 21:32,0
16/01/2020 21:37,0
16/01/2020 21:42,0
16/01/2020 21:47,0
16/01/2020 21:52,0
16/01/2020 21:57,0
16/01/2020 22:02,0
16/01/2020 22:07,0
16/01/2020 22:12,0
16/01/2020 22:17,0
16/01/2020 22:22,0
16/01/2020 22:27,0
16/01/2020 22:32,0
16/01/2020 22:37,0
16/01/2020 22:42,0
16/01/2020 22:47,0
16/01/2020 22:52,0
16/01/2020 22:57,0
16/01/2020 23:02,0
16/01/2020 23:07,0
16/01/2020 23:12,0
16/01/2020 23:17,0
16/01/2020 23:22,0
16/01/2020 23:27,0
16/01/2020 23:32,0
16/01/2020 23:37,0
16/01/2020 23:42,0
16/01/2020 23:47,0
16/01/2020 23:52,0
16/01/2020 23:57,0
17/01/2020 00:02,0
17/01/2020 00:07,0
17/01/2020 00:12,0
17/01/2020 00:17,0
17/01/2020 00:22,0
17/01/2020 00:27,0
17/01/2020 00:32,0
17/01/2020 00:37,0
17/01/2020 00:42,0
17/01/2020 00:47,0
17/01/2020 00:52,0
17/01/2020 00:57,0
17/01/2020 01:02,0
17/01/2020 01:07,0
17/01/2020 01:12,0
17/01/2020 01:17,0
17/01/2020 01:22,0
17/01/2020 01:27,0
17/01/2020 01:32,0
17/01/2020 01:37,0
17/01/2020 01:42,0
17/01/2020 01:47,0
17/01/2020 01:52,0
17/01/2020 01:57,0
17/01/2020 02:02,0
17/01/2020 02:07,0
17/01/2020 02:12,0
17/01/2020 02:17,0
17/01/2020 02:22,0
17/01/2020 02:27,0
17/01/2020 02:32,0
17/01/2020 02:37,0
17/01/2020 02:42,0
17/01/2020 02:47,0
17/01/2020 02:52,0
17/01/2020 02:57,0
17/01/2020 03:02,0
17/01/2020 03:07,0
17/01/2020 03:12,0
17/01/2020 03:17,0
17/01/2020 03:22,0
17/01/2020 03:27,0
17/01/2020 03:32,0
17/01/2020 03:37,0
17/01/2020 03:42,0
17/01/2020 03:47,0
17/01/2020 03:52,0
17/01/2020 03:57,0
17/01/2020 04:02,0
17/01/2020 04:07,0
17/01/2020 04:12,0
17/01/2020 04:17,0
17/01/2020 04:22,0
17/01/2020 04:27,0
17/01/2020 04:32,0
17/01/2020 04:37,0
17/01/2020 04:42,0
17/01/2020 04:47,0
17/01/2020 04:52,0
17/01/2020 04:57,0
17/01/2020 05:02,0
17/01/2020 05:07,0
17/01/2020 05:12,0
17/01/2020 05:17,0
17/01/2020 05:22,0
17/01/2020 05:27,0
17/01/2020 05:32,0
17/01/2020 05:37,0
17/01/2020 05:42,0
17/01/2020 05:47,0
17/01/2020 05:52,0
17/01/2020 05:57,0
17/01/2020 06:02,0
17/01/2020 06:07,0
17/01/2020 06:12,0
17/01/2020 06:17,0
17/01/2020 06:22,0
17/01/2020 06:27,0
17/01/2020 06:32,0
17/01/2020 06:37,0
17/01/2020 06:42,0
17/01/2020 06:47,0
17/01/2020 06:52,0
17/01/2020 06:57,0
17/01/2020 07:02,0
17/01/2020 07:07,0
17/01/2020 07:12,0
17/01/2020 07:17,0
17/01/2020 07:22,0
17/01/2020 07:27,0
17/01/2020 07:32,0
17/01/2020 07:37,0
17/01/2020 07:42,0
17/01/2020 07:47,0
17/01/2020 07:52,0
17/01/2020 07:57,0
17/01/2020 08:02,0
17/01/2020 08:07,0
17/01/2020 08:12,0
17/01/2020 08:17,0
17/01/2020 08:22,0
17/01/2020 08:27,0
17/01/2020 08:32,0
17/01/2020 08:37,0
17/01/2020 08:42,0
17/01/2020 08:47,0
17/01/2020 08:52,0
17/01/2020 08:57,0
17/01/2020 09:02,0
17/01/2020 09:07,0
17/01/2020 09:12,0
17/01/2020 09:17,0
17/01/2020 09:22,0
17/01/2020 09:27,0
17/01/2020 09:32,0
17/01/2020 09:37,0
17/01/2020 09:42,0
17/01/2020 09:47,0
17/01/2020 09:52,0
17/01/2020 09:57,0
17/01/2020 10:02,0
17/01/2020 10:07,0
17/01/2020 10:12,0
17/01/2020 10:17,0
17/01/2020 10:22,0
17/01/2020 10:27,0
17/01/2020 10:32,0
17/01/2020 10:37,0
17/01/2020 10:42,0
17/01/2020 10:47,0
17/01/2020 10:52,0
17/01/2020 10:57,0
17/01/2020 11:02,0
17/01/2020 11:07,0
17/01/2020 11:12,0
17/01/2020 11:17,0
17/01/2020 11:22,0
17/01/2020 11:27,0
17/01/2020 11:32,0
17/01/2020 11:37,0
17/01/2020 11:42,0
17/01/2020 11:47,0
17/01/2020 11:52,0
17/01/2020 11:57,0
17/01/2020 12:02,0
17/01/2020 12:07,0
17/01/2020 12:12,0
17/01/2020 12:17,0
17/01/2020 12:22,0
17/01/2020 12:27,0
17/01/2020 12:32,0
17/01/2020 12:37,0
17/01/2020 12:42,0
17/01/2020 12:47,0
17/01/2020 12:52,0
17/01/2020 12:57,0
17/01/2020 13:02,0
17/01/2020 13:07,0
17/01/2020 13:12,0
17/01/2020 13:17,0
17/01/2020 13:22,0
17/01/2020 13:27,0
17/01/2020 13:32,0
17/01/2020 13:37,0
17/01/2020 13:42,0
17/01/2020 13:47,0
17/01/2020 13:52,0
17/01/2020 13:57,0
17/01/2020 14:02,0
17/01/2020 14:07,0
17/01/2020 14:12,0
17/01/2020 14:17,0
17/01/2020 14:22,0
17/01/2020 14:27,0
17/01/2020 14:32,0
17/01/2020 14:37,0
17/01/2020 14:42,0
17/01/2020 14:47,0
17/01/2020 14:52,0
17/01/2020 14:57,0
17/01/2020 15:02,0
17/01/2020 15:07,0
17/01/2020 15:12,0
17/01/2020 15:17,0
17/01/2020 15:22,0
17/01/2020 15:27,0
17/01/2020 15:32,0
17/01/2020 15:37,0
17/01/2020 15:42,0
17/01/2020 15:47,0
17/01/2020 15:52,0
17/01/2020 15:57,0
17/01/2020 16:02,0
17/01/2020 16:07,0
17/01/2020 16:12,0
17/01/2020 16:17,0
17/01/2020 16:22,0
17/01/2020 16:27,0
17/01/2020 16:32,0
17/01/2020 16:37,0
17/01/2020 16:42,0
17/01/2020 16:47,0
17/01/2020 16:52,0
17/01/2020 16:57,0
17/01/2020 17:02,0
17/01/2020 17:07,0
17/01/2020 17:12,0
17/01/2020 17:17,0
17/01/2020 17:22,0
17/01/2020 17:27,0
17/01/2020 17:32,0
17/01/2020 17:37,0
17/01/2020 17:42,0
17/01/2020 17:47,0
17/01/2020 17:52,0
17/01/2020 17:57,0
17/01/2020 18:02,0
17/01/2020 18:07,0
17/01/2020 18:12,0
17/01/2020 18:17,0
17/01/2020 18:22,0
17/01/2020 18:27,0
17/01/2020 18:32,0
17/01/2020 18:37,0
17/01/2020 18:42,0
17/01/2020 18:47,0
17/01/2020 18:52,0
17/01/2020 18:57,0
17/01/2020 19:02,0
17/01/2020 19:07,0
17/01/2020 19:12,0
17/01/2020 19:17,0
17/01/2020 19:22,0
17/01/2020 19:27,0
17/01/2020 19:32,0
17/01/2020 19:37,0
17/01/2020 19:42,0
17/01/2020 19:47,0
17/01/2020 19:52,0
17/01/2020 19:57,0
17/01/2020 20:02,0
17/01/2020 20:07,0
17/01/2020 20:12,0
17/01/2020 20:17,0
17/01/2020 20:22,0
17/01/2020 20:27,0
17/01/2020 20:32,0
17/01/2020 20:37,0
17/01/2020 20:42,0
17/01/2020 20:47,0
17/01/2020 20:52,0
17/01/2020 20:57,0
17/01/2020 21:02,0
17/01/2020 21:07,0
17/01/2020 21:12,0
17/01/2020 21:17,0
17/01/2020 21:22,0
17/01/2020 21:27,0
17/01/2020 21:32,0
17/01/2020 21:37,0.354355665
17/01/2020 21:42,0
17/01/2020 21:47,0
17/01/2020 21:52,0
17/01/2020 21:57,0
17/01/2020 22:02,0
17/01/2020 22:07,0
17/01/2020 22:12,0
17/01/2020 22:17,0
17/01/2020 22:22,0
17/01/2020 22:27,0
17/01/2020 22:32,0
17/01/2020 22:37,0.354355665
17/01/2020 22:42,0
17/01/2020 22:47,0
17/01/2020 22:52,0
17/01/2020 22:57,0
17/01/2020 23:02,0
17/01/2020 23:07,0
17/01/2020 23:12,0
17/01/2020 23:17,0
17/01/2020 23:22,0
17/01/2020 23:27,0
17/01/2020 23:32,0
17/01/2020 23:37,0
17/01/2020 23:42,0
17/01/2020 23:47,0
17/01/2020 23:52,0
17/01/2020 23:57,0
18/01/2020 00:02,0
18/01/2020 00:07,0
18/01/2020 00:12,0
18/01/2020 00:17,0
18/01/2020 00:22,0
18/01/2020 00:27,0
18/01/2020 00:32,0
18/01/2020 00:37,0
18/01/2020 00:42,0
18/01/2020 00:47,0
18/01/2020 00:52,0
18/01/2020 00:57,0
18/01/2020 01:02,0
18/01/2020 01:07,0
18/01/2020 01:12,0
18/01/2020 01:17,0
18/01/2020 01:22,0
18/01/2020 01:27,0
18/01/2020 01:32,0
18/01/2020 01:37,0
18/01/2020 01:42,0
18/01/2020 01:47,0
18/01/2020 01:52,0
18/01/2020 01:57,0
18/01/2020 02:02,0
18/01/2020 02:07,0
18/01/2020 02:12,0
18/01/2020 02:17,0
18/01/2020 02:22,0
18/01/2020 02:27,0
18/01/2020 02:32,0
18/01/2020 02:37,0
18/01/2020 02:42,0
18/01/2020 02:47,0
18/01/2020 02:52,0
18/01/2020 02:57,0
18/01/2020 03:02,0
18/01/2020 03:07,0
18/01/2020 03:12,0
18/01/2020 03:17,0
18/01/2020 03:22,0
18/01/2020 03:27,0
18/01/2020 03:32,0
18/01/2020 03:37,0
18/01/2020 03:42,0
18/01/2020 03:47,0
18/01/2020 03:52,0
18/01/2020 03:57,0
18/01/2020 04:02,0
18/01/2020 04:07,0
18/01/2020 04:12,0
18/01/2020 04:17,0
18/01/2020 04:22,0
18/01/2020 04:27,0
18/01/2020 04:32,0
18/01/2020 04:37,0
18/01/2020 04:42,0
18/01/2020 04:47,0
18/01/2020 04:52,0
18/01/2020 04:57,0
18/01/2020 05:02,0
18/01/2020 05:07,0
18/01/2020 05:12,0
18/01/2020 05:17,0
18/01/2020 05:22,0
18/01/2020 05:27,0
18/01/2020 05:32,0
18/01/2020 05:37,0
18/01/2020 05:42,0
18/01/2020 05:47,0
18/01/2020 05:52,0
18/01/2020 05:57,0
18/01/2020 06:02,0
18/01/2020 06:07,0
18/01/2020 06:12,0
18/01/2020 06:17,0
18/01/2020 06:22,0
18/01/2020 06:27,0
18/01/2020 06:32,0
18/01/2020 06:37,0
18/01/2020 06:42,0
18/01/2020 06:47,0
18/01/2020 06:52,0
18/01/2020 06:57,0
18/01/2020 07:02,0
18/01/2020 07:07,0
18/01/2020 07:12,0
18/01/2020 07:17,0
18/01/2020 07:22,0
18/01/2020 07:27,0
18/01/2020 07:32,0
18/01/2020 07:37,0
18/01/2020 07:42,0
18/01/2020 07:47,0
18/01/2020 07:52,0
18/01/2020 07:57,0
18/01/2020 08:02,0
18/01/2020 08:07,0
18/01/2020 08:12,0
18/01/2020 08:17,0
18/01/2020 08:22,0
18/01/2020 08:27,0
18/01/2020 08:32,0
18/01/2020 08:37,0
18/01/2020 08:42,0
18/01/2020 08:47,0
18/01/2020 08:52,0
18/01/2020 08:57,0
18/01/2020 09:02,0
18/01/2020 09:07,0
18/01/2020 09:12,0
18/01/2020 09:17,0
18/01/2020 09:22,0
18/01/2020 09:27,0
18/01/2020 09:32,0
18/01/2020 09:37,0
18/01/2020 09:42,0
18/01/2020 09:47,0
18/01/2020 09:52,0
18/01/2020 09:57,0
18/01/2020 10:02,0
18/01/2020 10:07,0
18/01/2020 10:12,0
18/01/2020 10:17,0
18/01/2020 10:22,0
18/01/2020 10:27,0
18/01/2020 10:32,0
18/01/2020 10:37,0
18/01/2020 10:42,0
18/01/2020 10:47,0
18/01/2020 10:52,0
18/01/2020 10:57,0
18/01/2020 11:02,0
18/01/2020 11:07,0
18/01/2020 11:12,0
18/01/2020 11:17,0
18/01/2020 11:22,0
18/01/2020 11:27,0
18/01/2020 11:32,0
18/01/2020 11:37,0
18/01/2020 11:42,0
18/01/2020 11:47,0
18/01/2020 11:52,0
18/01/2020 11:57,0
18/01/2020 12:02,0
18/01/2020 12:07,0
18/01/2020 12:12,0
18/01/2020 12:17,0
18/01/2020 12:22,0
18/01/2020 12:27,0
18/01/2020 12:32,0
18/01/2020 12:37,0
18/01/2020 12:42,0
18/01/2020 12:47,0
18/01/2020 12:52,0
18/01/2020 12:57,0
18/01/2020 13:02,0
18/01/2020 13:07,0
18/01/2020 13:12,0
18/01/2020 13:17,0
18/01/2020 13:22,0
18/01/2020 13:27,0
18/01/2020 13:32,0
18/01/2020 13:37,0
18/01/2020 13:42,0
18/01/2020 13:47,0
18/01/2020 13:52,0
18/01/2020 13:57,0
18/01/2020 14:02,0
18/01/2020 14:07,0
18/01/2020 14:12,0
18/01/2020 14:17,0
18/01/2020 14:22,0
18/01/2020 14:27,0
18/01/2020 14:32,0
18/01/2020 14:37,0
18/01/2020 14:42,0
18/01/2020 14:47,0
18/01/2020 14:52,0
18/01/2020 14:57,0
18/01/2020 15:02,0
18/01/2020 15:07,0
18/01/2020 15:12,0
18/01/2020 15:17,0
18/01/2020 15:22,0
18/01/2020 15:27,0
18/01/2020 15:32,0
18/01/2020 15:37,0
18/01/2020 15:42,0
18/01/2020 15:47,0
18/01/2020 15:52,0
18/01/2020 15:57,0
18/01/2020 16:02,0
18/01/2020 16:07,0
18/01/2020 16:12,0
18/01/2020 16:17,0
18/01/2020 16:22,0
18/01/2020 16:27,0
18/01/2020 16:32,0
18/01/2020 16:37,0
18/01/2020 16:42,0
18/01/2020 16:47,0
18/01/2020 16:52,0
18/01/2020 16:57,0
18/01/2020 17:02,0
18/01/2020 17:07,0
18/01/2020 17:12,0
18/01/2020 17:17,0
18/01/2020 17:22,0
18/01/2020 17:27,0
18/01/2020 17:32,0
18/01/2020 17:37,0
18/01/2020 17:42,0
18/01/2020 17:47,0
18/01/2020 17:52,0
18/01/2020 17:57,0
18/01/2020 18:02,0
18/01/2020 18:07,0
18/01/2020 18:12,0
18/01/2020 18:17,0
18/01/2020 18:22,0
18/01/2020 18:27,0
18/01/2020 18:32,0
18/01/2020 18:37,0
18/01/2020 18:42,0
18/01/2020 18:47,0
18/01/2020 18:52,0
18/01/2020 18:57,0
18/01/2020 19:02,0
18/01/2020 19:07,0
18/01/2020 19:12,0
